Run,Assay Type,AvgSpotLen,Bases,BIOMATERIAL_PROVIDER,BioProject,BioSample,BioSampleModel,Bytes,Center Name,collected_by,Collection_Date,Consent,DATASTORE filetype,DATASTORE provider,DATASTORE region,disease,Experiment,geo_loc_name_country,geo_loc_name_country_continent,geo_loc_name,host_age,HOST,host_tissue_sampled,Instrument,isolate,isolation_source,Library Name,LibraryLayout,LibrarySelection,LibrarySource,Organism,passage_history,Platform,ReleaseDate,create_date,version,Sample_IAV_matrix_qRT-PCR_Ct_value,Sample Name,sample_vial_ID,SRA Study,host_breed,genotype,host_sex
SRR27180902,WGS,300,179621400,"Andrew S. Bowman\, The Ohio State University",PRJNA1051292,SAMN38768236,Viral,76340655,EMORY UNIVERSITY,"Bowman Lab\, OSU",2014-07-15,public,"fastq,run.zq,sra","gs,ncbi,s3","gs.us-east1,ncbi.public,s3.us-east-1",Influenza A infection,SRX22861509,USA,North America,USA: Indiana,Sub_adult,Sus scrofa domesticus,snout,Illumina MiSeq,pigID-37291,nasal wipe,3030938038_ZZYV8WIF_v1_S231,PAIRED,RT-PCR,VIRAL RNA,Influenza A virus,No passages prior to sequencing,ILLUMINA,2023-12-12T00:00:00Z,2023-12-12T01:09:00Z,1,23.8,pig37291_day4,14SW5601,SRP477429,Berk,H1N1,male
SRR27180903,WGS,300,169734900,"Andrew S. Bowman\, The Ohio State University",PRJNA1051292,SAMN38768239,Viral,72614058,EMORY UNIVERSITY,"Bowman Lab\, OSU",2014-07-15,public,"fastq,run.zq,sra","gs,ncbi,s3","gs.us-east1,ncbi.public,s3.us-east-1",Influenza A infection,SRX22861738,USA,North America,USA: Indiana,Sub_adult,Sus scrofa domesticus,snout,Illumina MiSeq,pigID-20401,nasal wipe,3030938204_ZZYV8WN1_v1_S7,PAIRED,RT-PCR,VIRAL RNA,Influenza A virus,No passages prior to sequencing,ILLUMINA,2023-12-12T00:00:00Z,2023-12-12T01:08:00Z,1,27.6,pig20401_day4,14SW5625,SRP477429,York,H1N1/H3N2 double infection,male
SRR27180904,WGS,300,2180700,"Andrew S. Bowman\, The Ohio State University",PRJNA1051292,SAMN38768235,Viral,1017037,EMORY UNIVERSITY,"Bowman Lab\, OSU",2014-07-15,public,"fastq,run.zq,sra","gs,ncbi,s3","gs.us-east1,ncbi.public,s3.us-east-1",Influenza A infection,SRX22861508,USA,North America,USA: Indiana,Sub_adult,Sus scrofa domesticus,snout,Illumina MiSeq,pigID-37128,nasal wipe,3030938261_ZZYV8WOM_v1_S343,PAIRED,RT-PCR,VIRAL RNA,Influenza A virus,No passages prior to sequencing,ILLUMINA,2023-12-12T00:00:00Z,2023-12-12T01:08:00Z,1,28.7,pig37128_day4,14SW5593,SRP477429,mix,H1N1,female
SRR27180905,WGS,238,2027085929,"Andrew S. Bowman\, The Ohio State University",PRJNA1051292,SAMN38768546,Viral,722372703,EMORY UNIVERSITY,"Bowman Lab\, OSU",2014-07-17,public,"fastq,run.zq,sra","gs,ncbi,s3","gs.us-east1,ncbi.public,s3.us-east-1",Influenza A infection,SRX22861507,USA,North America,USA: Indiana,Sub_adult,Sus scrofa domesticus,snout,Illumina NovaSeq 6000,pigID-37157,nasal wipe,3030938294_ZZYV1QT6_v2_S7,PAIRED,RT-PCR,VIRAL RNA,Influenza A virus,No passages prior to sequencing,ILLUMINA,2023-12-12T00:00:00Z,2023-12-12T01:12:00Z,1,29.5,pig37157_day6,14SW6296,SRP477429,mix,H1N1,male
SRR27180906,WGS,238,1341297552,"Andrew S. Bowman\, The Ohio State University",PRJNA1051292,SAMN38768549,Viral,478659616,EMORY UNIVERSITY,"Bowman Lab\, OSU",2014-07-17,public,"fastq,run.zq,sra","gs,ncbi,s3","gs.us-east1,ncbi.public,s3.us-east-1",Influenza A infection,SRX22861927,USA,North America,USA: Indiana,Sub_adult,Sus scrofa domesticus,snout,Illumina NovaSeq 6000,pigID-37337,nasal wipe,3030938025_ZZYV1QN9_v2_S46,PAIRED,RT-PCR,VIRAL RNA,Influenza A virus,No passages prior to sequencing,ILLUMINA,2023-12-12T00:00:00Z,2023-12-12T01:11:00Z,1,23.3,pig37337_day6,14SW6299,SRP477429,Duroc,H3N2,female
SRR27180907,WGS,300,165042300,"Andrew S. Bowman\, The Ohio State University",PRJNA1051292,SAMN38768234,Viral,70551573,EMORY UNIVERSITY,"Bowman Lab\, OSU",2014-07-15,public,"fastq,run.zq,sra","gs,ncbi,s3","gs.us-east1,ncbi.public,s3.us-east-1",Influenza A infection,SRX22861316,USA,North America,USA: Indiana,Sub_adult,Sus scrofa domesticus,snout,Illumina MiSeq,pigID-37195,nasal wipe,3030938290_ZZYV8WPF_v1_S63,PAIRED,RT-PCR,VIRAL RNA,Influenza A virus,No passages prior to sequencing,ILLUMINA,2023-12-12T00:00:00Z,2023-12-12T01:09:00Z,1,29.4,pig37195_day4,14SW5587,SRP477429,Berk,H1N1,female
SRR27180908,WGS,251,1093842499,"Andrew S. Bowman\, The Ohio State University",PRJNA1051292,SAMN38768545,Viral,393663273,EMORY UNIVERSITY,"Bowman Lab\, OSU",2014-07-17,public,"fastq,run.zq,sra","gs,ncbi,s3","gs.us-east1,ncbi.public,s3.us-east-1",Influenza A infection,SRX22861506,USA,North America,USA: Indiana,Sub_adult,Sus scrofa domesticus,snout,Illumina NovaSeq 6000,pigID-37260,nasal wipe,3030938052_ZZYV1QNX_v2_S89,PAIRED,RT-PCR,VIRAL RNA,Influenza A virus,No passages prior to sequencing,ILLUMINA,2023-12-12T00:00:00Z,2023-12-12T01:12:00Z,1,24.1,pig37260_day6,14SW6288,SRP477429,York,H3N2,male
SRR27180909,WGS,243,1586389533,"Andrew S. Bowman\, The Ohio State University",PRJNA1051292,SAMN38768544,Viral,566569878,EMORY UNIVERSITY,"Bowman Lab\, OSU",2014-07-17,public,"fastq,run.zq,sra","gs,ncbi,s3","gs.us-east1,ncbi.public,s3.us-east-1",Influenza A infection,SRX22861505,USA,North America,USA: Indiana,Sub_adult,Sus scrofa domesticus,snout,Illumina NovaSeq 6000,pigID-37216,nasal wipe,3030937931_ZZYV1QL5_v2_S64,PAIRED,RT-PCR,VIRAL RNA,Influenza A virus,No passages prior to sequencing,ILLUMINA,2023-12-12T00:00:00Z,2023-12-12T01:11:00Z,1,21.3,pig37216_day6,14SW6287,SRP477429,York,H3N2,male
SRR27180910,WGS,242,1424902741,"Andrew S. Bowman\, The Ohio State University",PRJNA1051292,SAMN38768543,Viral,511540439,EMORY UNIVERSITY,"Bowman Lab\, OSU",2014-07-17,public,"fastq,run.zq,sra","gs,ncbi,s3","gs.us-east1,ncbi.public,s3.us-east-1",Influenza A infection,SRX22861504,USA,North America,USA: Indiana,Sub_adult,Sus scrofa domesticus,snout,Illumina NovaSeq 6000,pigID-37328,nasal wipe,3030938144_ZZYV1QQ0_v2_S14,PAIRED,RT-PCR,VIRAL RNA,Influenza A virus,No passages prior to sequencing,ILLUMINA,2023-12-12T00:00:00Z,2023-12-12T01:11:00Z,1,26.1,pig37328_day6,14SW6285,SRP477429,mix,H1N1/H3N2 double infection,male
SRR27180911,WGS,246,813245460,"Andrew S. Bowman\, The Ohio State University",PRJNA1051292,SAMN38768542,Viral,287281853,EMORY UNIVERSITY,"Bowman Lab\, OSU",2014-07-17,public,"fastq,run.zq,sra","gs,ncbi,s3","gs.us-east1,ncbi.public,s3.us-east-1",Influenza A infection,SRX22861503,USA,North America,USA: Indiana,Sub_adult,Sus scrofa domesticus,snout,Illumina NovaSeq 6000,pigID-37164,nasal wipe,3030938309_ZZYV1QTF_v2_S2,PAIRED,RT-PCR,VIRAL RNA,Influenza A virus,No passages prior to sequencing,ILLUMINA,2023-12-12T00:00:00Z,2023-12-12T01:09:00Z,1,29.8,pig37164_day6,14SW6284,SRP477429,mix,H1N1/H3N2 double infection,male
SRR27180912,WGS,240,1330342111,"Andrew S. Bowman\, The Ohio State University",PRJNA1051292,SAMN38768541,Viral,478726291,EMORY UNIVERSITY,"Bowman Lab\, OSU",2014-07-17,public,"fastq,run.zq,sra","gs,ncbi,s3","gs.us-east1,ncbi.public,s3.us-east-1",Influenza A infection,SRX22861501,USA,North America,USA: Indiana,Sub_adult,Sus scrofa domesticus,snout,Illumina NovaSeq 6000,pigID-37101,nasal wipe,3030938183_ZZYV1QQZ_v2_S85,PAIRED,RT-PCR,VIRAL RNA,Influenza A virus,No passages prior to sequencing,ILLUMINA,2023-12-12T00:00:00Z,2023-12-12T01:09:00Z,1,27.1,pig37101_day6,14SW6283,SRP477429,mix,H1N1/H3N2 double infection,female
SRR27180913,WGS,234,1260637161,"Andrew S. Bowman\, The Ohio State University",PRJNA1051292,SAMN38768540,Viral,458330033,EMORY UNIVERSITY,"Bowman Lab\, OSU",2014-07-17,public,"fastq,run.zq,sra","gs,ncbi,s3","gs.us-east1,ncbi.public,s3.us-east-1",Influenza A infection,SRX22861500,USA,North America,USA: Indiana,Sub_adult,Sus scrofa domesticus,snout,Illumina NovaSeq 6000,pigID-37102,nasal wipe,3030937944_ZZYV1QLE_v2_S73,PAIRED,RT-PCR,VIRAL RNA,Influenza A virus,No passages prior to sequencing,ILLUMINA,2023-12-12T00:00:00Z,2023-12-12T01:10:00Z,1,21.7,pig37102_day6,14SW6282,SRP477429,mix,H1N1/H3N2 double infection,male
SRR27180914,WGS,240,1222988762,"Andrew S. Bowman\, The Ohio State University",PRJNA1051292,SAMN38768539,Viral,437299178,EMORY UNIVERSITY,"Bowman Lab\, OSU",2014-07-17,public,"fastq,run.zq,sra","gs,ncbi,s3","gs.us-east1,ncbi.public,s3.us-east-1",Influenza A infection,SRX22861499,USA,North America,USA: Indiana,Sub_adult,Sus scrofa domesticus,snout,Illumina NovaSeq 6000,pigID-20650,nasal wipe,3030938308_ZZYV1QTE_v2_S61,PAIRED,RT-PCR,VIRAL RNA,Influenza A virus,No passages prior to sequencing,ILLUMINA,2023-12-12T00:00:00Z,2023-12-12T01:12:00Z,1,29.7,pig20650_day6,14SW6279,SRP477429,Hamp,H3N2,male
SRR27180915,WGS,300,108111900,"Andrew S. Bowman\, The Ohio State University",PRJNA1051292,SAMN38768164,Viral,46155462,EMORY UNIVERSITY,"Bowman Lab\, OSU",2014-07-14,public,"fastq,run.zq,sra","gs,ncbi,s3","gs.us-east1,ncbi.public,s3.us-east-1",Influenza A infection,SRX22861502,USA,North America,USA: Indiana,Sub_adult,Sus scrofa domesticus,snout,Illumina MiSeq,pigID-37268,nasal wipe,3030938163_ZZYV8WLW_v1_S118,PAIRED,RT-PCR,VIRAL RNA,Influenza A virus,No passages prior to sequencing,ILLUMINA,2023-12-12T00:00:00Z,2023-12-12T01:08:00Z,1,26.6,pig37268_day3,14SW5323,SRP477429,Hamp,H3N2,female
SRR27180916,WGS,242,1315850346,"Andrew S. Bowman\, The Ohio State University",PRJNA1051292,SAMN38768538,Viral,469146904,EMORY UNIVERSITY,"Bowman Lab\, OSU",2014-07-17,public,"fastq,run.zq,sra","gs,ncbi,s3","gs.us-east1,ncbi.public,s3.us-east-1",Influenza A infection,SRX22861498,USA,North America,USA: Indiana,Sub_adult,Sus scrofa domesticus,snout,Illumina NovaSeq 6000,pigID-37338,nasal wipe,3030938196_ZZYV1QRA_v2_S49,PAIRED,RT-PCR,VIRAL RNA,Influenza A virus,No passages prior to sequencing,ILLUMINA,2023-12-12T00:00:00Z,2023-12-12T01:11:00Z,1,27.4,pig37338_day6,14SW6277,SRP477429,York,H3N2,male
SRR27180917,WGS,226,1655497360,"Andrew S. Bowman\, The Ohio State University",PRJNA1051292,SAMN38768536,Viral,590622577,EMORY UNIVERSITY,"Bowman Lab\, OSU",2014-07-17,public,"fastq,run.zq,sra","gs,ncbi,s3","gs.us-east1,ncbi.public,s3.us-east-1",Influenza A infection,SRX22861497,USA,North America,USA: Indiana,Sub_adult,Sus scrofa domesticus,snout,Illumina NovaSeq 6000,pigID-37296,nasal wipe,3030938184_ZZYV1QR0_v2_S37,PAIRED,RT-PCR,VIRAL RNA,Influenza A virus,No passages prior to sequencing,ILLUMINA,2023-12-12T00:00:00Z,2023-12-12T01:10:00Z,1,27.1,pig37296_day6,14SW6274,SRP477429,Duroc,H3N2,male
SRR27180918,WGS,244,965000145,"Andrew S. Bowman\, The Ohio State University",PRJNA1051292,SAMN38768535,Viral,346736703,EMORY UNIVERSITY,"Bowman Lab\, OSU",2014-07-17,public,"fastq,run.zq,sra","gs,ncbi,s3","gs.us-east1,ncbi.public,s3.us-east-1",Influenza A infection,SRX22861496,USA,North America,USA: Indiana,Sub_adult,Sus scrofa domesticus,snout,Illumina NovaSeq 6000,pigID-37284,nasal wipe,3030938048_ZZYV1QNU_v2_S25,PAIRED,RT-PCR,VIRAL RNA,Influenza A virus,No passages prior to sequencing,ILLUMINA,2023-12-12T00:00:00Z,2023-12-12T01:09:00Z,1,23.9,pig37284_day6,14SW6273,SRP477429,mix,H3N2,female
SRR27180919,WGS,236,1531417923,"Andrew S. Bowman\, The Ohio State University",PRJNA1051292,SAMN38768534,Viral,544497890,EMORY UNIVERSITY,"Bowman Lab\, OSU",2014-07-17,public,"fastq,run.zq,sra","gs,ncbi,s3","gs.us-east1,ncbi.public,s3.us-east-1",Influenza A infection,SRX22861495,USA,North America,USA: Indiana,Sub_adult,Sus scrofa domesticus,snout,Illumina NovaSeq 6000,pigID-37302,nasal wipe,3030938307_ZZYV1QTD_v2_S13,PAIRED,RT-PCR,VIRAL RNA,Influenza A virus,No passages prior to sequencing,ILLUMINA,2023-12-12T00:00:00Z,2023-12-12T01:10:00Z,1,29.7,pig37302_day6,14SW6271,SRP477429,Hamp,H3N2,male
SRR27180920,WGS,225,1895544967,"Andrew S. Bowman\, The Ohio State University",PRJNA1051292,SAMN38768532,Viral,672021101,EMORY UNIVERSITY,"Bowman Lab\, OSU",2014-07-17,public,"fastq,run.zq,sra","gs,ncbi,s3","gs.us-east1,ncbi.public,s3.us-east-1",Influenza A infection,SRX22861493,USA,North America,USA: Indiana,Sub_adult,Sus scrofa domesticus,snout,Illumina NovaSeq 6000,pigID-37116,nasal wipe,3030938252_ZZYV1QSF_v2_S60,PAIRED,RT-PCR,VIRAL RNA,Influenza A virus,No passages prior to sequencing,ILLUMINA,2023-12-12T00:00:00Z,2023-12-12T01:10:00Z,1,28.5,pig37116_day6,14SW6267,SRP477429,mix,H3N2,male
SRR27180921,WGS,240,1205212012,"Andrew S. Bowman\, The Ohio State University",PRJNA1051292,SAMN38768531,Viral,438569181,EMORY UNIVERSITY,"Bowman Lab\, OSU",2014-07-17,public,"fastq,run.zq,sra","gs,ncbi,s3","gs.us-east1,ncbi.public,s3.us-east-1",Influenza A infection,SRX22861492,USA,North America,USA: Indiana,Sub_adult,Sus scrofa domesticus,snout,Illumina NovaSeq 6000,pigID-20368,nasal wipe,3030938305_ZZYV1QTB_v2_S15,PAIRED,RT-PCR,VIRAL RNA,Influenza A virus,No passages prior to sequencing,ILLUMINA,2023-12-12T00:00:00Z,2023-12-12T01:10:00Z,1,29.7,pig20368_day6,14SW6264,SRP477429,Duroc,H1N1,male
SRR27180922,WGS,300,172136700,"Andrew S. Bowman\, The Ohio State University",PRJNA1051292,SAMN38768163,Viral,73997874,EMORY UNIVERSITY,"Bowman Lab\, OSU",2014-07-14,public,"fastq,run.zq,sra","gs,ncbi,s3","gs.us-east1,ncbi.public,s3.us-east-1",Influenza A infection,SRX22861491,USA,North America,USA: Indiana,Sub_adult,Sus scrofa domesticus,snout,Illumina MiSeq,pigID-37183,nasal wipe,3030938182_ZZYV8WMF_v1_S350,PAIRED,RT-PCR,VIRAL RNA,Influenza A virus,No passages prior to sequencing,ILLUMINA,2023-12-12T00:00:00Z,2023-12-12T01:09:00Z,1,27.1,pig37183_day3,14SW5306,SRP477429,mix,H1N1,male
SRR27180923,WGS,263,781636096,"Andrew S. Bowman\, The Ohio State University",PRJNA1051292,SAMN38768533,Viral,303736434,EMORY UNIVERSITY,"Bowman Lab\, OSU",2014-07-17,public,"fastq,run.zq,sra","gs,ncbi,s3","gs.us-east1,ncbi.public,s3.us-east-1",Influenza A infection,SRX22861494,USA,North America,USA: Indiana,Sub_adult,Sus scrofa domesticus,snout,Illumina NovaSeq 6000,pigID-37301,nasal wipe,3030938288_ZZYV1QT2_v2_S39,PAIRED,RT-PCR,VIRAL RNA,Influenza A virus,No passages prior to sequencing,ILLUMINA,2023-12-12T00:00:00Z,2023-12-12T01:11:00Z,1,29.3,pig37301_day6,14SW6270,SRP477429,York,H1N1,male
SRR27180924,WGS,227,1738662495,"Andrew S. Bowman\, The Ohio State University",PRJNA1051292,SAMN38768530,Viral,620072332,EMORY UNIVERSITY,"Bowman Lab\, OSU",2014-07-17,public,"fastq,run.zq,sra","gs,ncbi,s3","gs.us-east1,ncbi.public,s3.us-east-1",Influenza A infection,SRX22861490,USA,North America,USA: Indiana,Sub_adult,Sus scrofa domesticus,snout,Illumina NovaSeq 6000,pigID-37310,nasal wipe,3030938284_ZZYV1QSY_v2_S3,PAIRED,RT-PCR,VIRAL RNA,Influenza A virus,No passages prior to sequencing,ILLUMINA,2023-12-12T00:00:00Z,2023-12-12T01:12:00Z,1,29.1,pig37310_day6,14SW6261,SRP477429,Berk,H3N2,male
SRR27180925,WGS,247,1251887795,"Andrew S. Bowman\, The Ohio State University",PRJNA1051292,SAMN38768529,Viral,451398712,EMORY UNIVERSITY,"Bowman Lab\, OSU",2014-07-17,public,"fastq,run.zq,sra","gs,ncbi,s3","gs.us-east1,ncbi.public,s3.us-east-1",Influenza A infection,SRX22861489,USA,North America,USA: Indiana,Sub_adult,Sus scrofa domesticus,snout,Illumina NovaSeq 6000,pigID-37135,nasal wipe,3030937975_ZZYV1QM6_v2_S86,PAIRED,RT-PCR,VIRAL RNA,Influenza A virus,No passages prior to sequencing,ILLUMINA,2023-12-12T00:00:00Z,2023-12-12T01:10:00Z,1,22.4,pig37135_day6,14SW6260,SRP477429,mix,H3N2,male
SRR27180926,WGS,230,1673943403,"Andrew S. Bowman\, The Ohio State University",PRJNA1051292,SAMN38768528,Viral,593465315,EMORY UNIVERSITY,"Bowman Lab\, OSU",2014-07-17,public,"fastq,run.zq,sra","gs,ncbi,s3","gs.us-east1,ncbi.public,s3.us-east-1",Influenza A infection,SRX22861488,USA,North America,USA: Indiana,Sub_adult,Sus scrofa domesticus,snout,Illumina NovaSeq 6000,pigID-37134,nasal wipe,3030937983_ZZYV1QMD_v2_S74,PAIRED,RT-PCR,VIRAL RNA,Influenza A virus,No passages prior to sequencing,ILLUMINA,2023-12-12T00:00:00Z,2023-12-12T01:10:00Z,1,22.5,pig37134_day6,14SW6259,SRP477429,mix,H1N1/H3N2 double infection,male
SRR27180927,WGS,242,1483111634,"Andrew S. Bowman\, The Ohio State University",PRJNA1051292,SAMN38768527,Viral,527493459,EMORY UNIVERSITY,"Bowman Lab\, OSU",2014-07-17,public,"fastq,run.zq,sra","gs,ncbi,s3","gs.us-east1,ncbi.public,s3.us-east-1",Influenza A infection,SRX22861487,USA,North America,USA: Indiana,Sub_adult,Sus scrofa domesticus,snout,Illumina NovaSeq 6000,pigID-37291,nasal wipe,3030938087_ZZYV1QOO_v2_S62,PAIRED,RT-PCR,VIRAL RNA,Influenza A virus,No passages prior to sequencing,ILLUMINA,2023-12-12T00:00:00Z,2023-12-12T01:10:00Z,1,24.8,pig37291_day6,14SW6258,SRP477429,Berk,H3N2,male
SRR27180928,WGS,238,3287024714,"Andrew S. Bowman\, The Ohio State University",PRJNA1051292,SAMN38768450,Viral,1183314150,EMORY UNIVERSITY,"Bowman Lab\, OSU",2014-07-16,public,"fastq,run.zq,sra","gs,ncbi,s3","gs.us-east1,ncbi.public,s3.us-east-1",Influenza A infection,SRX22861485,USA,North America,USA: Indiana,Sub_adult,Sus scrofa domesticus,snout,Illumina NovaSeq 6000,pigID-37299,nasal wipe,3030938235_ZZYV1QS0_v2_S102,PAIRED,RT-PCR,VIRAL RNA,Influenza A virus,No passages prior to sequencing,ILLUMINA,2023-12-12T00:00:00Z,2023-12-12T01:15:00Z,1,28.2,pig37299_day5,14SW6126,SRP477429,mix,H1N1/H3N2 double infection,female
SRR27180929,WGS,267,1074950050,"Andrew S. Bowman\, The Ohio State University",PRJNA1051292,SAMN38768449,Viral,383873536,EMORY UNIVERSITY,"Bowman Lab\, OSU",2014-07-16,public,"fastq,run.zq,sra","gs,ncbi,s3","gs.us-east1,ncbi.public,s3.us-east-1",Influenza A infection,SRX22861484,USA,North America,USA: Indiana,Sub_adult,Sus scrofa domesticus,snout,Illumina NovaSeq 6000,pigID-37122,nasal wipe,3030938241_ZZYV1QS5_v2_S127,PAIRED,RT-PCR,VIRAL RNA,Influenza A virus,No passages prior to sequencing,ILLUMINA,2023-12-12T00:00:00Z,2023-12-12T01:10:00Z,1,28.4,pig37122_day5,14SW6124,SRP477429,Spot,H3N2,female
SRR27180930,WGS,269,962602974,"Andrew S. Bowman\, The Ohio State University",PRJNA1051292,SAMN38768447,Viral,343891697,EMORY UNIVERSITY,"Bowman Lab\, OSU",2014-07-16,public,"fastq,run.zq,sra","gs,ncbi,s3","gs.us-east1,ncbi.public,s3.us-east-1",Influenza A infection,SRX22861483,USA,North America,USA: Indiana,Sub_adult,Sus scrofa domesticus,snout,Illumina NovaSeq 6000,pigID-37282,nasal wipe,3030937895_ZZYV1QKA_v2_S115,PAIRED,RT-PCR,VIRAL RNA,Influenza A virus,No passages prior to sequencing,ILLUMINA,2023-12-12T00:00:00Z,2023-12-12T01:09:00Z,1,19.8,pig37282_day5,14SW6117,SRP477429,Duroc,H1N1/H3N2 double infection,female
SRR27180931,WGS,274,1675149605,"Andrew S. Bowman\, The Ohio State University",PRJNA1051292,SAMN38768452,Viral,601694860,EMORY UNIVERSITY,"Bowman Lab\, OSU",2014-07-16,public,"fastq,run.zq,sra","gs,ncbi,s3","gs.us-east1,ncbi.public,s3.us-east-1",Influenza A infection,SRX22861486,USA,North America,USA: Indiana,Sub_adult,Sus scrofa domesticus,snout,Illumina NovaSeq 6000,pigID-37318,nasal wipe,3030937884_ZZYV1QJZ_v2_S139,PAIRED,RT-PCR,VIRAL RNA,Influenza A virus,No passages prior to sequencing,ILLUMINA,2023-12-12T00:00:00Z,2023-12-12T01:09:00Z,1,19.3,pig37318_day5,14SW6129,SRP477429,mix,H3N2,male
SRR27180932,WGS,270,1085905332,"Andrew S. Bowman\, The Ohio State University",PRJNA1051292,SAMN38768446,Viral,387649588,EMORY UNIVERSITY,"Bowman Lab\, OSU",2014-07-16,public,"fastq,run.zq,sra","gs,ncbi,s3","gs.us-east1,ncbi.public,s3.us-east-1",Influenza A infection,SRX22861482,USA,North America,USA: Indiana,Sub_adult,Sus scrofa domesticus,snout,Illumina NovaSeq 6000,pigID-37281,nasal wipe,3030938269_ZZYV1QSQ_v2_S103,PAIRED,RT-PCR,VIRAL RNA,Influenza A virus,No passages prior to sequencing,ILLUMINA,2023-12-12T00:00:00Z,2023-12-12T01:08:00Z,1,28.9,pig37281_day5,14SW6116,SRP477429,mix,H3N2,male
SRR27180933,WGS,264,1220437532,"Andrew S. Bowman\, The Ohio State University",PRJNA1051292,SAMN38768445,Viral,434088413,EMORY UNIVERSITY,"Bowman Lab\, OSU",2014-07-16,public,"fastq,run.zq,sra","gs,ncbi,s3","gs.us-east1,ncbi.public,s3.us-east-1",Influenza A infection,SRX22861481,USA,North America,USA: Indiana,Sub_adult,Sus scrofa domesticus,snout,Illumina NovaSeq 6000,pigID-37280,nasal wipe,3030938078_ZZYV1QOI_v2_S186,PAIRED,RT-PCR,VIRAL RNA,Influenza A virus,No passages prior to sequencing,ILLUMINA,2023-12-12T00:00:00Z,2023-12-12T01:09:00Z,1,24.7,pig37280_day5,14SW6115,SRP477429,mix,H3N2,male
SRR27180934,WGS,248,4183001949,"Andrew S. Bowman\, The Ohio State University",PRJNA1051292,SAMN38768444,Viral,1500652753,EMORY UNIVERSITY,"Bowman Lab\, OSU",2014-07-16,public,"fastq,run.zq,sra","gs,ncbi,s3","gs.us-east1,ncbi.public,s3.us-east-1",Influenza A infection,SRX22861480,USA,North America,USA: Indiana,Sub_adult,Sus scrofa domesticus,snout,Illumina NovaSeq 6000,pigID-37181,nasal wipe,3030938027_ZZYV1QNA_v2_S101,PAIRED,RT-PCR,VIRAL RNA,Influenza A virus,No passages prior to sequencing,ILLUMINA,2023-12-12T00:00:00Z,2023-12-12T01:14:00Z,1,23.4,pig37181_day5,14SW6110,SRP477429,mix,H1N1/H3N2 double infection,male
SRR27180935,WGS,269,1065729512,"Andrew S. Bowman\, The Ohio State University",PRJNA1051292,SAMN38768443,Viral,385051163,EMORY UNIVERSITY,"Bowman Lab\, OSU",2014-07-16,public,"fastq,run.zq,sra","gs,ncbi,s3","gs.us-east1,ncbi.public,s3.us-east-1",Influenza A infection,SRX22861479,USA,North America,USA: Indiana,Sub_adult,Sus scrofa domesticus,snout,Illumina NovaSeq 6000,pigID-37182,nasal wipe,3030938099_ZZYV1QOY_v2_S174,PAIRED,RT-PCR,VIRAL RNA,Influenza A virus,No passages prior to sequencing,ILLUMINA,2023-12-12T00:00:00Z,2023-12-12T01:10:00Z,1,25,pig37182_day5,14SW6109,SRP477429,mix,H1N1,female
SRR27180936,WGS,300,101122500,"Andrew S. Bowman\, The Ohio State University",PRJNA1051292,SAMN38768156,Viral,45532888,EMORY UNIVERSITY,"Bowman Lab\, OSU",2014-07-14,public,"fastq,run.zq,sra","gs,ncbi,s3","gs.us-east1,ncbi.public,s3.us-east-1",Influenza A infection,SRX22861477,USA,North America,USA: Indiana,Sub_adult,Sus scrofa domesticus,snout,Illumina MiSeq,pigID-20652,nasal wipe,3030938314_ZZYV8WQ3_v1_S368,PAIRED,RT-PCR,VIRAL RNA,Influenza A virus,No passages prior to sequencing,ILLUMINA,2023-12-12T00:00:00Z,2023-12-12T01:08:00Z,1,30,pig20652_day3,14SW5234,SRP477429,mix,H1N1/H3N2 double infection,female
SRR27180937,WGS,255,768557,"Andrew S. Bowman\, The Ohio State University",PRJNA1051292,SAMN38768441,Viral,389874,EMORY UNIVERSITY,"Bowman Lab\, OSU",2014-07-16,public,"fastq,run.zq,sra","gs,ncbi,s3","gs.us-east1,ncbi.public,s3.us-east-1",Influenza A infection,SRX22861476,USA,North America,USA: Indiana,Sub_adult,Sus scrofa domesticus,snout,Illumina NovaSeq 6000,pigID-37336,nasal wipe,3030937905_ZZYV1QKI_v2_S162,PAIRED,RT-PCR,VIRAL RNA,Influenza A virus,No passages prior to sequencing,ILLUMINA,2023-12-12T00:00:00Z,2023-12-12T01:08:00Z,1,20.1,pig37336_day5,14SW6105,SRP477429,Hamp,H3N2,male
SRR27180938,WGS,274,641538309,"Andrew S. Bowman\, The Ohio State University",PRJNA1051292,SAMN38768440,Viral,232096823,EMORY UNIVERSITY,"Bowman Lab\, OSU",2014-07-16,public,"fastq,run.zq,sra","gs,ncbi,s3","gs.us-east1,ncbi.public,s3.us-east-1",Influenza A infection,SRX22861475,USA,North America,USA: Indiana,Sub_adult,Sus scrofa domesticus,snout,Illumina NovaSeq 6000,pigID-37337,nasal wipe,3030937919_ZZYV1QKV_v2_S150,PAIRED,RT-PCR,VIRAL RNA,Influenza A virus,No passages prior to sequencing,ILLUMINA,2023-12-12T00:00:00Z,2023-12-12T01:08:00Z,1,20.7,pig37337_day5,14SW6104,SRP477429,Duroc,H3N2,female
SRR27180939,WGS,227,1405009496,"Andrew S. Bowman\, The Ohio State University",PRJNA1051292,SAMN38768442,Viral,499819700,EMORY UNIVERSITY,"Bowman Lab\, OSU",2014-07-16,public,"fastq,run.zq,sra","gs,ncbi,s3","gs.us-east1,ncbi.public,s3.us-east-1",Influenza A infection,SRX22861478,USA,North America,USA: Indiana,Sub_adult,Sus scrofa domesticus,snout,Illumina NovaSeq 6000,pigID-37243,nasal wipe,3030937986_ZZYV1QMF_v2_S48,PAIRED,RT-PCR,VIRAL RNA,Influenza A virus,No passages prior to sequencing,ILLUMINA,2023-12-12T00:00:00Z,2023-12-12T01:10:00Z,1,22.5,pig37243_day5,14SW6107,SRP477429,mix,H1N1/H3N2 double infection,male
SRR27180940,WGS,271,1090920351,"Andrew S. Bowman\, The Ohio State University",PRJNA1051292,SAMN38768438,Viral,390525298,EMORY UNIVERSITY,"Bowman Lab\, OSU",2014-07-16,public,"fastq,run.zq,sra","gs,ncbi,s3","gs.us-east1,ncbi.public,s3.us-east-1",Influenza A infection,SRX22861474,USA,North America,USA: Indiana,Sub_adult,Sus scrofa domesticus,snout,Illumina NovaSeq 6000,pigID-20605,nasal wipe,3030937964_ZZYV1QLX_v2_S126,PAIRED,RT-PCR,VIRAL RNA,Influenza A virus,No passages prior to sequencing,ILLUMINA,2023-12-12T00:00:00Z,2023-12-12T01:09:00Z,1,22.2,pig20605_day5,14SW6102,SRP477429,mix,H3N2,female
SRR27180941,WGS,269,1008830044,"Andrew S. Bowman\, The Ohio State University",PRJNA1051292,SAMN38768437,Viral,361833228,EMORY UNIVERSITY,"Bowman Lab\, OSU",2014-07-16,public,"fastq,run.zq,sra","gs,ncbi,s3","gs.us-east1,ncbi.public,s3.us-east-1",Influenza A infection,SRX22861473,USA,North America,USA: Indiana,Sub_adult,Sus scrofa domesticus,snout,Illumina NovaSeq 6000,pigID-20608,nasal wipe,3030937922_ZZYV1QKY_v2_S114,PAIRED,RT-PCR,VIRAL RNA,Influenza A virus,No passages prior to sequencing,ILLUMINA,2023-12-12T00:00:00Z,2023-12-12T01:09:00Z,1,20.8,pig20608_day5,14SW6101,SRP477429,Hamp,H3N2,female
SRR27180942,WGS,268,962753701,"Andrew S. Bowman\, The Ohio State University",PRJNA1051292,SAMN38768436,Viral,345791235,EMORY UNIVERSITY,"Bowman Lab\, OSU",2014-07-16,public,"fastq,run.zq,sra","gs,ncbi,s3","gs.us-east1,ncbi.public,s3.us-east-1",Influenza A infection,SRX22861472,USA,North America,USA: Indiana,Sub_adult,Sus scrofa domesticus,snout,Illumina NovaSeq 6000,pigID-20610,nasal wipe,3030938095_ZZYV1QOU_v2_S102,PAIRED,RT-PCR,VIRAL RNA,Influenza A virus,No passages prior to sequencing,ILLUMINA,2023-12-12T00:00:00Z,2023-12-12T01:08:00Z,1,25,pig20610_day5,14SW6100,SRP477429,Landrace,H3N2,male
SRR27180943,WGS,264,1208289859,"Andrew S. Bowman\, The Ohio State University",PRJNA1051292,SAMN38768435,Viral,433652832,EMORY UNIVERSITY,"Bowman Lab\, OSU",2014-07-16,public,"fastq,run.zq,sra","gs,ncbi,s3","gs.us-east1,ncbi.public,s3.us-east-1",Influenza A infection,SRX22861471,USA,North America,USA: Indiana,Sub_adult,Sus scrofa domesticus,snout,Illumina NovaSeq 6000,pigID-20606,nasal wipe,3030937994_ZZYV1QMM_v2_S185,PAIRED,RT-PCR,VIRAL RNA,Influenza A virus,No passages prior to sequencing,ILLUMINA,2023-12-12T00:00:00Z,2023-12-12T01:10:00Z,1,22.7,pig20606_day5,14SW6099,SRP477429,mix,H3N2,female
SRR27180944,WGS,274,207850958,"Andrew S. Bowman\, The Ohio State University",PRJNA1051292,SAMN38768433,Viral,74274565,EMORY UNIVERSITY,"Bowman Lab\, OSU",2014-07-16,public,"fastq,run.zq,sra","gs,ncbi,s3","gs.us-east1,ncbi.public,s3.us-east-1",Influenza A infection,SRX22861469,USA,North America,USA: Indiana,Sub_adult,Sus scrofa domesticus,snout,Illumina NovaSeq 6000,pigID-20456,nasal wipe,3030938012_ZZYV1QN0_v2_S161,PAIRED,RT-PCR,VIRAL RNA,Influenza A virus,No passages prior to sequencing,ILLUMINA,2023-12-12T00:00:00Z,2023-12-12T01:08:00Z,1,23.1,pig20456_day5,14SW6097,SRP477429,Duroc,H3N2,female
SRR27180945,WGS,270,542564629,"Andrew S. Bowman\, The Ohio State University",PRJNA1051292,SAMN38768432,Viral,194150309,EMORY UNIVERSITY,"Bowman Lab\, OSU",2014-07-16,public,"fastq,run.zq,sra","gs,ncbi,s3","gs.us-east1,ncbi.public,s3.us-east-1",Influenza A infection,SRX22861468,USA,North America,USA: Indiana,Sub_adult,Sus scrofa domesticus,snout,Illumina NovaSeq 6000,pigID-20592,nasal wipe,3030938119_ZZYV1QPF_v2_S149,PAIRED,RT-PCR,VIRAL RNA,Influenza A virus,No passages prior to sequencing,ILLUMINA,2023-12-12T00:00:00Z,2023-12-12T01:09:00Z,1,25.6,pig20592_day5,14SW6095,SRP477429,Duroc,H3N2,male
SRR27180946,WGS,268,2374318163,"Andrew S. Bowman\, The Ohio State University",PRJNA1051292,SAMN38768430,Viral,837996758,EMORY UNIVERSITY,"Bowman Lab\, OSU",2014-07-16,public,"fastq,run.zq,sra","gs,ncbi,s3","gs.us-east1,ncbi.public,s3.us-east-1",Influenza A infection,SRX22861467,USA,North America,USA: Indiana,Sub_adult,Sus scrofa domesticus,snout,Illumina NovaSeq 6000,pigID-20453,nasal wipe,3030937876_ZZYV1QJT_v2_S137,PAIRED,RT-PCR,VIRAL RNA,Influenza A virus,No passages prior to sequencing,ILLUMINA,2023-12-12T00:00:00Z,2023-12-12T01:13:00Z,1,18.5,pig20453_day5,14SW6092,SRP477429,mix,H3N2,male
SRR27180947,WGS,271,992271953,"Andrew S. Bowman\, The Ohio State University",PRJNA1051292,SAMN38768434,Viral,362726568,EMORY UNIVERSITY,"Bowman Lab\, OSU",2014-07-16,public,"fastq,run.zq,sra","gs,ncbi,s3","gs.us-east1,ncbi.public,s3.us-east-1",Influenza A infection,SRX22861470,USA,North America,USA: Indiana,Sub_adult,Sus scrofa domesticus,snout,Illumina NovaSeq 6000,pigID-20607,nasal wipe,3030937889_ZZYV1QK4_v2_S173,PAIRED,RT-PCR,VIRAL RNA,Influenza A virus,No passages prior to sequencing,ILLUMINA,2023-12-12T00:00:00Z,2023-12-12T01:10:00Z,1,19.5,pig20607_day5,14SW6098,SRP477429,Hamp,H3N2,female
SRR27180948,WGS,300,197824500,"Andrew S. Bowman\, The Ohio State University",PRJNA1051292,SAMN38768155,Viral,84236181,EMORY UNIVERSITY,"Bowman Lab\, OSU",2014-07-14,public,"fastq,run.zq,sra","gs,ncbi,s3","gs.us-east1,ncbi.public,s3.us-east-1",Influenza A infection,SRX22861466,USA,North America,USA: Indiana,Sub_adult,Sus scrofa domesticus,snout,Illumina MiSeq,pigID-20467,nasal wipe,3030937901_ZZYV8WEM_v1_S270,PAIRED,RT-PCR,VIRAL RNA,Influenza A virus,No passages prior to sequencing,ILLUMINA,2023-12-12T00:00:00Z,2023-12-12T01:09:00Z,1,19.9,pig20467_day3,14SW5205,SRP477429,mix,H1N1,male
SRR27180949,WGS,268,1360339395,"Andrew S. Bowman\, The Ohio State University",PRJNA1051292,SAMN38768429,Viral,486562612,EMORY UNIVERSITY,"Bowman Lab\, OSU",2014-07-16,public,"fastq,run.zq,sra","gs,ncbi,s3","gs.us-east1,ncbi.public,s3.us-east-1",Influenza A infection,SRX22861709,USA,North America,USA: Indiana,Sub_adult,Sus scrofa domesticus,snout,Illumina NovaSeq 6000,pigID-20591,nasal wipe,3030937883_ZZYV1QJY_v2_S125,PAIRED,RT-PCR,VIRAL RNA,Influenza A virus,No passages prior to sequencing,ILLUMINA,2023-12-12T00:00:00Z,2023-12-12T01:09:00Z,1,19.1,pig20591_day5,14SW6091,SRP477429,Hamp,H1N1/H3N2 double infection,female
SRR27180950,WGS,284,701072199,"Andrew S. Bowman\, The Ohio State University",PRJNA1051292,SAMN38768348,Viral,256318267,EMORY UNIVERSITY,"Bowman Lab\, OSU",2014-07-16,public,"fastq,run.zq,sra","gs,ncbi,s3","gs.us-east1,ncbi.public,s3.us-east-1",Influenza A infection,SRX22861464,USA,North America,USA: Indiana,Sub_adult,Sus scrofa domesticus,snout,Illumina NovaSeq 6000,pigID-37204,nasal wipe,3030938192_ZZYV1QR7_v2_S173,PAIRED,RT-PCR,VIRAL RNA,Influenza A virus,No passages prior to sequencing,ILLUMINA,2023-12-12T00:00:00Z,2023-12-12T01:10:00Z,1,27.3,pig37204_day5,14SW5931,SRP477429,mix,H1N1/H3N2 double infection,male
SRR27180951,WGS,300,142917900,"Andrew S. Bowman\, The Ohio State University",PRJNA1051292,SAMN38768149,Viral,61784134,EMORY UNIVERSITY,"Bowman Lab\, OSU",2014-07-14,public,"fastq,run.zq,sra","gs,ncbi,s3","gs.us-east1,ncbi.public,s3.us-east-1",Influenza A infection,SRX22861463,USA,North America,USA: Indiana,Sub_adult,Sus scrofa domesticus,snout,Illumina MiSeq,pigID-20429,nasal wipe,3030938170_ZZYV8WM3_v1_S102,PAIRED,RT-PCR,VIRAL RNA,Influenza A virus,No passages prior to sequencing,ILLUMINA,2023-12-12T00:00:00Z,2023-12-12T01:08:00Z,1,26.8,pig20429_day3,14SW5142,SRP477429,Hamp,H1N1,
SRR27180952,WGS,280,890690704,"Andrew S. Bowman\, The Ohio State University",PRJNA1051292,SAMN38768346,Viral,323398530,EMORY UNIVERSITY,"Bowman Lab\, OSU",2014-07-16,public,"fastq,run.zq,sra","gs,ncbi,s3","gs.us-east1,ncbi.public,s3.us-east-1",Influenza A infection,SRX22861461,USA,North America,USA: Indiana,Sub_adult,Sus scrofa domesticus,snout,Illumina NovaSeq 6000,pigID-37355,nasal wipe,3030938171_ZZYV1QQO_v2_S149,PAIRED,RT-PCR,VIRAL RNA,Influenza A virus,No passages prior to sequencing,ILLUMINA,2023-12-12T00:00:00Z,2023-12-12T01:10:00Z,1,26.8,pig37355_day5,14SW5929,SRP477429,Duroc,H3N2,male
SRR27180953,WGS,280,1080358154,"Andrew S. Bowman\, The Ohio State University",PRJNA1051292,SAMN38768345,Viral,393004361,EMORY UNIVERSITY,"Bowman Lab\, OSU",2014-07-16,public,"fastq,run.zq,sra","gs,ncbi,s3","gs.us-east1,ncbi.public,s3.us-east-1",Influenza A infection,SRX22861460,USA,North America,USA: Indiana,Sub_adult,Sus scrofa domesticus,snout,Illumina NovaSeq 6000,pigID-37354,nasal wipe,3030938130_ZZYV1QPN_v2_S137,PAIRED,RT-PCR,VIRAL RNA,Influenza A virus,No passages prior to sequencing,ILLUMINA,2023-12-12T00:00:00Z,2023-12-12T01:10:00Z,1,25.8,pig37354_day5,14SW5928,SRP477429,Hamp,H1N1/H3N2 double infection,male
SRR27180954,WGS,282,641857151,"Andrew S. Bowman\, The Ohio State University",PRJNA1051292,SAMN38768344,Viral,233684473,EMORY UNIVERSITY,"Bowman Lab\, OSU",2014-07-16,public,"fastq,run.zq,sra","gs,ncbi,s3","gs.us-east1,ncbi.public,s3.us-east-1",Influenza A infection,SRX22861459,USA,North America,USA: Indiana,Sub_adult,Sus scrofa domesticus,snout,Illumina NovaSeq 6000,pigID-37352,nasal wipe,3030938293_ZZYV1QT5_v2_S125,PAIRED,RT-PCR,VIRAL RNA,Influenza A virus,No passages prior to sequencing,ILLUMINA,2023-12-12T00:00:00Z,2023-12-12T01:10:00Z,1,29.4,pig37352_day5,14SW5927,SRP477429,Hamp,H3N2,female
SRR27180955,WGS,276,1084426508,"Andrew S. Bowman\, The Ohio State University",PRJNA1051292,SAMN38768347,Viral,391435351,EMORY UNIVERSITY,"Bowman Lab\, OSU",2014-07-16,public,"fastq,run.zq,sra","gs,ncbi,s3","gs.us-east1,ncbi.public,s3.us-east-1",Influenza A infection,SRX22861462,USA,North America,USA: Indiana,Sub_adult,Sus scrofa domesticus,snout,Illumina NovaSeq 6000,pigID-37353,nasal wipe,3030938096_ZZYV1QOV_v2_S127,PAIRED,RT-PCR,VIRAL RNA,Influenza A virus,No passages prior to sequencing,ILLUMINA,2023-12-12T00:00:00Z,2023-12-12T01:09:00Z,1,25,pig37353_day5,14SW5930,SRP477429,Hamp,H3N2,male
SRR27180956,WGS,279,837624127,"Andrew S. Bowman\, The Ohio State University",PRJNA1051292,SAMN38768343,Viral,304278105,EMORY UNIVERSITY,"Bowman Lab\, OSU",2014-07-16,public,"fastq,run.zq,sra","gs,ncbi,s3","gs.us-east1,ncbi.public,s3.us-east-1",Influenza A infection,SRX22861458,USA,North America,USA: Indiana,Sub_adult,Sus scrofa domesticus,snout,Illumina NovaSeq 6000,pigID-37351,nasal wipe,3030938179_ZZYV1QQV_v2_S208,PAIRED,RT-PCR,VIRAL RNA,Influenza A virus,No passages prior to sequencing,ILLUMINA,2023-12-12T00:00:00Z,2023-12-12T01:10:00Z,1,27.1,pig37351_day5,14SW5926,SRP477429,Hamp,H3N2,female
SRR27180957,WGS,277,597182871,"Andrew S. Bowman\, The Ohio State University",PRJNA1051292,SAMN38768342,Viral,216876645,EMORY UNIVERSITY,"Bowman Lab\, OSU",2014-07-16,public,"fastq,run.zq,sra","gs,ncbi,s3","gs.us-east1,ncbi.public,s3.us-east-1",Influenza A infection,SRX22861457,USA,North America,USA: Indiana,Sub_adult,Sus scrofa domesticus,snout,Illumina NovaSeq 6000,pigID-37350,nasal wipe,3030938267_ZZYV1QSO_v2_S196,PAIRED,RT-PCR,VIRAL RNA,Influenza A virus,No passages prior to sequencing,ILLUMINA,2023-12-12T00:00:00Z,2023-12-12T01:09:00Z,1,28.8,pig37350_day5,14SW5925,SRP477429,Duroc,H1N1/H3N2 double infection,female
SRR27180958,WGS,276,970525085,"Andrew S. Bowman\, The Ohio State University",PRJNA1051292,SAMN38768341,Viral,349582286,EMORY UNIVERSITY,"Bowman Lab\, OSU",2014-07-16,public,"fastq,run.zq,sra","gs,ncbi,s3","gs.us-east1,ncbi.public,s3.us-east-1",Influenza A infection,SRX22861456,USA,North America,USA: Indiana,Sub_adult,Sus scrofa domesticus,snout,Illumina NovaSeq 6000,pigID-37192,nasal wipe,3030938057_ZZYV1QO2_v2_S184,PAIRED,RT-PCR,VIRAL RNA,Influenza A virus,No passages prior to sequencing,ILLUMINA,2023-12-12T00:00:00Z,2023-12-12T01:10:00Z,1,24.2,pig37192_day5,14SW5924,SRP477429,York,H3N2,male
SRR27180959,WGS,227,1736820082,"Andrew S. Bowman\, The Ohio State University",PRJNA1051292,SAMN38768339,Viral,621033045,EMORY UNIVERSITY,"Bowman Lab\, OSU",2014-07-16,public,"fastq,run.zq,sra","gs,ncbi,s3","gs.us-east1,ncbi.public,s3.us-east-1",Influenza A infection,SRX22861455,USA,North America,USA: Indiana,Sub_adult,Sus scrofa domesticus,snout,Illumina NovaSeq 6000,pigID-37166,nasal wipe,3030938101_ZZYV1QP0_v2_S92,PAIRED,RT-PCR,VIRAL RNA,Influenza A virus,No passages prior to sequencing,ILLUMINA,2023-12-12T00:00:00Z,2023-12-12T01:12:00Z,1,25,pig37166_day5,14SW5921,SRP477429,Duroc,H1N1/H3N2 double infection,female
SRR27180960,WGS,244,1350107390,"Andrew S. Bowman\, The Ohio State University",PRJNA1051292,SAMN38768336,Viral,485422259,EMORY UNIVERSITY,"Bowman Lab\, OSU",2014-07-16,public,"fastq,run.zq,sra","gs,ncbi,s3","gs.us-east1,ncbi.public,s3.us-east-1",Influenza A infection,SRX22861453,USA,North America,USA: Indiana,Sub_adult,Sus scrofa domesticus,snout,Illumina NovaSeq 6000,pigID-37170,nasal wipe,3030938010_ZZYV1QMY_v2_S66,PAIRED,RT-PCR,VIRAL RNA,Influenza A virus,No passages prior to sequencing,ILLUMINA,2023-12-12T00:00:00Z,2023-12-12T01:09:00Z,1,23,pig37170_day5,14SW5917,SRP477429,Hamp,H1N1/H3N2 double infection,female
SRR27180961,WGS,300,155387400,"Andrew S. Bowman\, The Ohio State University",PRJNA1051292,SAMN38768148,Viral,66866501,EMORY UNIVERSITY,"Bowman Lab\, OSU",2014-07-14,public,"fastq,run.zq,sra","gs,ncbi,s3","gs.us-east1,ncbi.public,s3.us-east-1",Influenza A infection,SRX22861452,USA,North America,USA: Indiana,Sub_adult,Sus scrofa domesticus,snout,Illumina MiSeq,pigID-20422,nasal wipe,3030938147_ZZYV8WLG_v1_S334,PAIRED,RT-PCR,VIRAL RNA,Influenza A virus,No passages prior to sequencing,ILLUMINA,2023-12-12T00:00:00Z,2023-12-12T01:09:00Z,1,26.2,pig20422_day3,14SW5141,SRP477429,Hamp,H1N1,male
SRR27180962,WGS,283,727320890,"Andrew S. Bowman\, The Ohio State University",PRJNA1051292,SAMN38768334,Viral,267155248,EMORY UNIVERSITY,"Bowman Lab\, OSU",2014-07-16,public,"fastq,run.zq,sra","gs,ncbi,s3","gs.us-east1,ncbi.public,s3.us-east-1",Influenza A infection,SRX22861451,USA,North America,USA: Indiana,Sub_adult,Sus scrofa domesticus,snout,Illumina NovaSeq 6000,pigID-37193,nasal wipe,3030938046_ZZYV1QNS_v2_S160,PAIRED,RT-PCR,VIRAL RNA,Influenza A virus,No passages prior to sequencing,ILLUMINA,2023-12-12T00:00:00Z,2023-12-12T01:10:00Z,1,23.9,pig37193_day5,14SW5915,SRP477429,Spot,H3N2,male
SRR27180963,WGS,233,1428422375,"Andrew S. Bowman\, The Ohio State University",PRJNA1051292,SAMN38768337,Viral,507326540,EMORY UNIVERSITY,"Bowman Lab\, OSU",2014-07-16,public,"fastq,run.zq,sra","gs,ncbi,s3","gs.us-east1,ncbi.public,s3.us-east-1",Influenza A infection,SRX22861454,USA,North America,USA: Indiana,Sub_adult,Sus scrofa domesticus,snout,Illumina NovaSeq 6000,pigID-37171,nasal wipe,3030938116_ZZYV1QPC_v2_S79,PAIRED,RT-PCR,VIRAL RNA,Influenza A virus,No passages prior to sequencing,ILLUMINA,2023-12-12T00:00:00Z,2023-12-12T01:10:00Z,1,25.6,pig37171_day5,14SW5918,SRP477429,Duroc,H3N2,male
SRR27180964,WGS,271,1135708393,"Andrew S. Bowman\, The Ohio State University",PRJNA1051292,SAMN38768333,Viral,410154100,EMORY UNIVERSITY,"Bowman Lab\, OSU",2014-07-16,public,"fastq,run.zq,sra","gs,ncbi,s3","gs.us-east1,ncbi.public,s3.us-east-1",Influenza A infection,SRX22861450,USA,North America,USA: Indiana,Sub_adult,Sus scrofa domesticus,snout,Illumina NovaSeq 6000,pigID-37162,nasal wipe,3030938177_ZZYV1QQU_v2_S148,PAIRED,RT-PCR,VIRAL RNA,Influenza A virus,No passages prior to sequencing,ILLUMINA,2023-12-12T00:00:00Z,2023-12-12T01:10:00Z,1,26.9,pig37162_day5,14SW5914,SRP477429,York,H3N2,male
SRR27180965,WGS,273,992638098,"Andrew S. Bowman\, The Ohio State University",PRJNA1051292,SAMN38768332,Viral,361763424,EMORY UNIVERSITY,"Bowman Lab\, OSU",2014-07-16,public,"fastq,run.zq,sra","gs,ncbi,s3","gs.us-east1,ncbi.public,s3.us-east-1",Influenza A infection,SRX22861449,USA,North America,USA: Indiana,Sub_adult,Sus scrofa domesticus,snout,Illumina NovaSeq 6000,pigID-37163,nasal wipe,3030938209_ZZYV1QRG_v2_S136,PAIRED,RT-PCR,VIRAL RNA,Influenza A virus,No passages prior to sequencing,ILLUMINA,2023-12-12T00:00:00Z,2023-12-12T01:09:00Z,1,27.7,pig37163_day5,14SW5913,SRP477429,York,H3N2,male
SRR27180966,WGS,242,1373978653,"Andrew S. Bowman\, The Ohio State University",PRJNA1051292,SAMN38768331,Viral,506558805,EMORY UNIVERSITY,"Bowman Lab\, OSU",2014-07-16,public,"fastq,run.zq,sra","gs,ncbi,s3","gs.us-east1,ncbi.public,s3.us-east-1",Influenza A infection,SRX22861448,USA,North America,USA: Indiana,Sub_adult,Sus scrofa domesticus,snout,Illumina NovaSeq 6000,pigID-37231,nasal wipe,3030938299_ZZYV1QT9_v2_S41,PAIRED,RT-PCR,VIRAL RNA,Influenza A virus,No passages prior to sequencing,ILLUMINA,2023-12-12T00:00:00Z,2023-12-12T01:11:00Z,1,29.5,pig37231_day5,14SW5902,SRP477429,York,H1N1/H3N2 double infection,female
SRR27180967,WGS,277,859967378,"Andrew S. Bowman\, The Ohio State University",PRJNA1051292,SAMN38768330,Viral,311646048,EMORY UNIVERSITY,"Bowman Lab\, OSU",2014-07-16,public,"fastq,run.zq,sra","gs,ncbi,s3","gs.us-east1,ncbi.public,s3.us-east-1",Influenza A infection,SRX22861447,USA,North America,USA: Indiana,Sub_adult,Sus scrofa domesticus,snout,Illumina NovaSeq 6000,pigID-37206,nasal wipe,3030938064_ZZYV1QO8_v2_S70,PAIRED,RT-PCR,VIRAL RNA,Influenza A virus,No passages prior to sequencing,ILLUMINA,2023-12-12T00:00:00Z,2023-12-12T01:09:00Z,1,24.3,pig37206_day5,14SW5899,SRP477429,Poland,H1N1/H3N2 double infection,male
SRR27180968,WGS,272,1088915254,"Andrew S. Bowman\, The Ohio State University",PRJNA1051292,SAMN38768328,Viral,390774183,EMORY UNIVERSITY,"Bowman Lab\, OSU",2014-07-16,public,"fastq,run.zq,sra","gs,ncbi,s3","gs.us-east1,ncbi.public,s3.us-east-1",Influenza A infection,SRX22861445,USA,North America,USA: Indiana,Sub_adult,Sus scrofa domesticus,snout,Illumina NovaSeq 6000,pigID-20594,nasal wipe,3030938360_ZZYUQM9U_v2_S94,PAIRED,RT-PCR,VIRAL RNA,Influenza A virus,No passages prior to sequencing,ILLUMINA,2023-12-12T00:00:00Z,2023-12-12T01:11:00Z,1,30.9,pig20594_day5,14SW5897,SRP477429,Spot,H3N2,male
SRR27180969,WGS,276,1010307871,"Andrew S. Bowman\, The Ohio State University",PRJNA1051292,SAMN38768327,Viral,361948915,EMORY UNIVERSITY,"Bowman Lab\, OSU",2014-07-16,public,"fastq,run.zq,sra","gs,ncbi,s3","gs.us-east1,ncbi.public,s3.us-east-1",Influenza A infection,SRX22861444,USA,North America,USA: Indiana,Sub_adult,Sus scrofa domesticus,snout,Illumina NovaSeq 6000,pigID-37200,nasal wipe,3030938318_ZZYV1QTJ_v2_S11,PAIRED,RT-PCR,VIRAL RNA,Influenza A virus,No passages prior to sequencing,ILLUMINA,2023-12-12T00:00:00Z,2023-12-12T01:08:00Z,1,30.1,pig37200_day5,14SW5896,SRP477429,Poland,H3N2,female
SRR27180970,WGS,272,1057667576,"Andrew S. Bowman\, The Ohio State University",PRJNA1051292,SAMN38768239,Viral,389766403,EMORY UNIVERSITY,"Bowman Lab\, OSU",2014-07-15,public,"fastq,run.zq,sra","gs,ncbi,s3","gs.us-east1,ncbi.public,s3.us-east-1",Influenza A infection,SRX22861443,USA,North America,USA: Indiana,Sub_adult,Sus scrofa domesticus,snout,Illumina NovaSeq 6000,pigID-20401,nasal wipe,3030938204_ZZYV1QRF_v2_S190,PAIRED,RT-PCR,VIRAL RNA,Influenza A virus,No passages prior to sequencing,ILLUMINA,2023-12-12T00:00:00Z,2023-12-12T01:09:00Z,1,27.6,pig20401_day4,14SW5625,SRP477429,York,H1N1/H3N2 double infection,male
SRR27180971,WGS,276,1015332995,"Andrew S. Bowman\, The Ohio State University",PRJNA1051292,SAMN38768245,Viral,367240048,EMORY UNIVERSITY,"Bowman Lab\, OSU",2014-07-15,public,"fastq,run.zq,sra","gs,ncbi,s3","gs.us-east1,ncbi.public,s3.us-east-1",Influenza A infection,SRX22861863,USA,North America,USA: Indiana,Sub_adult,Sus scrofa domesticus,snout,Illumina NovaSeq 6000,pigID-37184,nasal wipe,3030937946_ZZYV1QLG_v2_S131,PAIRED,RT-PCR,VIRAL RNA,Influenza A virus,No passages prior to sequencing,ILLUMINA,2023-12-12T00:00:00Z,2023-12-12T01:11:00Z,1,21.8,pig37184_day4,14SW5650,SRP477429,mix,H1N1,male
SRR27180972,WGS,273,1076089429,"Andrew S. Bowman\, The Ohio State University",PRJNA1051292,SAMN38768238,Viral,388516152,EMORY UNIVERSITY,"Bowman Lab\, OSU",2014-07-15,public,"fastq,run.zq,sra","gs,ncbi,s3","gs.us-east1,ncbi.public,s3.us-east-1",Influenza A infection,SRX22861442,USA,North America,USA: Indiana,Sub_adult,Sus scrofa domesticus,snout,Illumina NovaSeq 6000,pigID-20368,nasal wipe,3030938319_ZZYV1QTK_v2_S178,PAIRED,RT-PCR,VIRAL RNA,Influenza A virus,No passages prior to sequencing,ILLUMINA,2023-12-12T00:00:00Z,2023-12-12T01:09:00Z,1,30.1,pig20368_day4,14SW5612,SRP477429,Duroc,H1N1,male
SRR27180973,WGS,277,766371430,"Andrew S. Bowman\, The Ohio State University",PRJNA1051292,SAMN38768237,Viral,279977728,EMORY UNIVERSITY,"Bowman Lab\, OSU",2014-07-15,public,"fastq,run.zq,sra","gs,ncbi,s3","gs.us-east1,ncbi.public,s3.us-east-1",Influenza A infection,SRX22861441,USA,North America,USA: Indiana,Sub_adult,Sus scrofa domesticus,snout,Illumina NovaSeq 6000,pigID-20367,nasal wipe,3030938148_ZZYV1QQ4_v2_S166,PAIRED,RT-PCR,VIRAL RNA,Influenza A virus,No passages prior to sequencing,ILLUMINA,2023-12-12T00:00:00Z,2023-12-12T01:10:00Z,1,26.2,pig20367_day4,14SW5611,SRP477429,York,H1N1,male
SRR27180974,WGS,280,899023003,"Andrew S. Bowman\, The Ohio State University",PRJNA1051292,SAMN38768236,Viral,329076368,EMORY UNIVERSITY,"Bowman Lab\, OSU",2014-07-15,public,"fastq,run.zq,sra","gs,ncbi,s3","gs.us-east1,ncbi.public,s3.us-east-1",Influenza A infection,SRX22861440,USA,North America,USA: Indiana,Sub_adult,Sus scrofa domesticus,snout,Illumina NovaSeq 6000,pigID-37291,nasal wipe,3030938038_ZZYV1QNK_v2_S154,PAIRED,RT-PCR,VIRAL RNA,Influenza A virus,No passages prior to sequencing,ILLUMINA,2023-12-12T00:00:00Z,2023-12-12T01:11:00Z,1,23.8,pig37291_day4,14SW5601,SRP477429,Berk,H1N1,male
SRR27180975,WGS,300,176250000,"Andrew S. Bowman\, The Ohio State University",PRJNA1051292,SAMN38768141,Viral,74957822,EMORY UNIVERSITY,"Bowman Lab\, OSU",2014-07-14,public,"fastq,run.zq,sra","gs,ncbi,s3","gs.us-east1,ncbi.public,s3.us-east-1",Influenza A infection,SRX22861439,USA,North America,USA: Indiana,Sub_adult,Sus scrofa domesticus,snout,Illumina MiSeq,pigID-20561,nasal wipe,3030938198_ZZYV8WMV_v1_S23,PAIRED,RT-PCR,VIRAL RNA,Influenza A virus,No passages prior to sequencing,ILLUMINA,2023-12-12T00:00:00Z,2023-12-12T01:09:00Z,1,27.4,pig20561_day3,14SW5109,SRP477429,Berk,H3N2,female
SRR27180976,WGS,274,1121570815,"Andrew S. Bowman\, The Ohio State University",PRJNA1051292,SAMN38768233,Viral,406971965,EMORY UNIVERSITY,"Bowman Lab\, OSU",2014-07-15,public,"fastq,run.zq,sra","gs,ncbi,s3","gs.us-east1,ncbi.public,s3.us-east-1",Influenza A infection,SRX22861437,USA,North America,USA: Indiana,Sub_adult,Sus scrofa domesticus,snout,Illumina NovaSeq 6000,pigID-20429,nasal wipe,3030938034_ZZYV1QNG_v2_S130,PAIRED,RT-PCR,VIRAL RNA,Influenza A virus,No passages prior to sequencing,ILLUMINA,2023-12-12T00:00:00Z,2023-12-12T01:09:00Z,1,23.7,pig20429_day4,14SW5573,SRP477429,Hamp,H1N1,
SRR27180977,WGS,274,876439405,"Andrew S. Bowman\, The Ohio State University",PRJNA1051292,SAMN38768232,Viral,315798789,EMORY UNIVERSITY,"Bowman Lab\, OSU",2014-07-15,public,"fastq,run.zq,sra","gs,ncbi,s3","gs.us-east1,ncbi.public,s3.us-east-1",Influenza A infection,SRX22861436,USA,North America,USA: Indiana,Sub_adult,Sus scrofa domesticus,snout,Illumina NovaSeq 6000,pigID-20426,nasal wipe,3030938333_ZZYUQM9G_v2_S118,PAIRED,RT-PCR,VIRAL RNA,Influenza A virus,No passages prior to sequencing,ILLUMINA,2023-12-12T00:00:00Z,2023-12-12T01:10:00Z,1,30.4,pig20426_day4,14SW5572,SRP477429,Hamp,H1N1,male
SRR27180978,WGS,270,1010041027,"Andrew S. Bowman\, The Ohio State University",PRJNA1051292,SAMN38768231,Viral,363584567,EMORY UNIVERSITY,"Bowman Lab\, OSU",2014-07-15,public,"fastq,run.zq,sra","gs,ncbi,s3","gs.us-east1,ncbi.public,s3.us-east-1",Influenza A infection,SRX22861435,USA,North America,USA: Indiana,Sub_adult,Sus scrofa domesticus,snout,Illumina NovaSeq 6000,pigID-20422,nasal wipe,3030938225_ZZYV1QRV_v2_S201,PAIRED,RT-PCR,VIRAL RNA,Influenza A virus,No passages prior to sequencing,ILLUMINA,2023-12-12T00:00:00Z,2023-12-12T01:11:00Z,1,28,pig20422_day4,14SW5571,SRP477429,Hamp,H1N1,male
SRR27180979,WGS,268,1368344496,"Andrew S. Bowman\, The Ohio State University",PRJNA1051292,SAMN38768234,Viral,489419595,EMORY UNIVERSITY,"Bowman Lab\, OSU",2014-07-15,public,"fastq,run.zq,sra","gs,ncbi,s3","gs.us-east1,ncbi.public,s3.us-east-1",Influenza A infection,SRX22861438,USA,North America,USA: Indiana,Sub_adult,Sus scrofa domesticus,snout,Illumina NovaSeq 6000,pigID-37195,nasal wipe,3030938290_ZZYV1QT3_v2_S142,PAIRED,RT-PCR,VIRAL RNA,Influenza A virus,No passages prior to sequencing,ILLUMINA,2023-12-12T00:00:00Z,2023-12-12T01:10:00Z,1,29.4,pig37195_day4,14SW5587,SRP477429,Berk,H1N1,female
SRR27180980,WGS,259,846576142,"Andrew S. Bowman\, The Ohio State University",PRJNA1051292,SAMN38768230,Viral,305468566,EMORY UNIVERSITY,"Bowman Lab\, OSU",2014-07-15,public,"fastq,run.zq,sra","gs,ncbi,s3","gs.us-east1,ncbi.public,s3.us-east-1",Influenza A infection,SRX22861434,USA,North America,USA: Indiana,Sub_adult,Sus scrofa domesticus,snout,Illumina NovaSeq 6000,pigID-20506,nasal wipe,3030938058_ZZYV1QO3_v2_S189,PAIRED,RT-PCR,VIRAL RNA,Influenza A virus,No passages prior to sequencing,ILLUMINA,2023-12-12T00:00:00Z,2023-12-12T01:10:00Z,1,24.2,pig20506_day4,14SW5570,SRP477429,mix,H1N1/H3N2 double infection,male
SRR27180981,WGS,268,881959993,"Andrew S. Bowman\, The Ohio State University",PRJNA1051292,SAMN38768229,Viral,319083751,EMORY UNIVERSITY,"Bowman Lab\, OSU",2014-07-15,public,"fastq,run.zq,sra","gs,ncbi,s3","gs.us-east1,ncbi.public,s3.us-east-1",Influenza A infection,SRX22861433,USA,North America,USA: Indiana,Sub_adult,Sus scrofa domesticus,snout,Illumina NovaSeq 6000,pigID-20570,nasal wipe,3030938018_ZZYV1QN5_v2_S177,PAIRED,RT-PCR,VIRAL RNA,Influenza A virus,No passages prior to sequencing,ILLUMINA,2023-12-12T00:00:00Z,2023-12-12T01:10:00Z,1,23.1,pig20570_day4,14SW5559,SRP477429,mix,H3N2,female
SRR27180982,WGS,269,855323234,"Andrew S. Bowman\, The Ohio State University",PRJNA1051292,SAMN38768228,Viral,307555208,EMORY UNIVERSITY,"Bowman Lab\, OSU",2014-07-15,public,"fastq,run.zq,sra","gs,ncbi,s3","gs.us-east1,ncbi.public,s3.us-east-1",Influenza A infection,SRX22861432,USA,North America,USA: Indiana,Sub_adult,Sus scrofa domesticus,snout,Illumina NovaSeq 6000,pigID-20567,nasal wipe,3030938168_ZZYV1QQL_v2_S165,PAIRED,RT-PCR,VIRAL RNA,Influenza A virus,No passages prior to sequencing,ILLUMINA,2023-12-12T00:00:00Z,2023-12-12T01:10:00Z,1,26.7,pig20567_day4,14SW5557,SRP477429,Berk,H1N1/H3N2 reassortant,female
SRR27180983,WGS,272,992652517,"Andrew S. Bowman\, The Ohio State University",PRJNA1051292,SAMN38768225,Viral,360293130,EMORY UNIVERSITY,"Bowman Lab\, OSU",2014-07-15,public,"fastq,run.zq,sra","gs,ncbi,s3","gs.us-east1,ncbi.public,s3.us-east-1",Influenza A infection,SRX22861431,USA,North America,USA: Indiana,Sub_adult,Sus scrofa domesticus,snout,Illumina NovaSeq 6000,pigID-20565,nasal wipe,3030938169_ZZYV1QQM_v2_S153,PAIRED,RT-PCR,VIRAL RNA,Influenza A virus,No passages prior to sequencing,ILLUMINA,2023-12-12T00:00:00Z,2023-12-12T01:09:00Z,1,26.8,pig20565_day4,14SW5553,SRP477429,Hamp,H1N1/H3N2 double infection,male
SRR27180984,WGS,272,712247276,"Andrew S. Bowman\, The Ohio State University",PRJNA1051292,SAMN38768222,Viral,255667368,EMORY UNIVERSITY,"Bowman Lab\, OSU",2014-07-15,public,"fastq,run.zq,sra","gs,ncbi,s3","gs.us-east1,ncbi.public,s3.us-east-1",Influenza A infection,SRX22861429,USA,North America,USA: Indiana,Sub_adult,Sus scrofa domesticus,snout,Illumina NovaSeq 6000,pigID-37360,nasal wipe,3030937997_ZZYV1QMP_v2_S117,PAIRED,RT-PCR,VIRAL RNA,Influenza A virus,No passages prior to sequencing,ILLUMINA,2023-12-12T00:00:00Z,2023-12-12T01:09:00Z,1,22.7,pig37360_day4,14SW5550,SRP477429,Duroc,H3N2,female
SRR27180985,WGS,300,152615100,"Andrew S. Bowman\, The Ohio State University",PRJNA1051292,SAMN38768140,Viral,64733074,EMORY UNIVERSITY,"Bowman Lab\, OSU",2014-07-14,public,"fastq,run.zq,sra","gs,ncbi,s3","gs.us-east1,ncbi.public,s3.us-east-1",Influenza A infection,SRX22861428,USA,North America,USA: Indiana,Sub_adult,Sus scrofa domesticus,snout,Illumina MiSeq,pigID-37170,nasal wipe,3030938086_ZZYV8WJR_v1_S122,PAIRED,RT-PCR,VIRAL RNA,Influenza A virus,No passages prior to sequencing,ILLUMINA,2023-12-12T00:00:00Z,2023-12-12T01:09:00Z,1,24.8,pig37170_day3,14SW5096,SRP477429,Hamp,H1N1,female
SRR27180986,WGS,260,2160341676,"Andrew S. Bowman\, The Ohio State University",PRJNA1051292,SAMN38768472,Viral,771847507,EMORY UNIVERSITY,"Bowman Lab\, OSU",2014-07-16,public,"fastq,run.zq,sra","gs,ncbi,s3","gs.us-east1,ncbi.public,s3.us-east-1",Influenza A infection,SRX22861427,USA,North America,USA: Indiana,Sub_adult,Sus scrofa domesticus,snout,Illumina NovaSeq 6000,pigID-37340,nasal wipe,3030937971_ZZYV1QM2_v2_S141,PAIRED,RT-PCR,VIRAL RNA,Influenza A virus,No passages prior to sequencing,ILLUMINA,2023-12-12T00:00:00Z,2023-12-12T01:13:00Z,1,22.3,pig37340_day5,14SW6159,SRP477429,mix,H3N2,male
SRR27180987,WGS,271,933504348,"Andrew S. Bowman\, The Ohio State University",PRJNA1051292,SAMN38768223,Viral,337336997,EMORY UNIVERSITY,"Bowman Lab\, OSU",2014-07-15,public,"fastq,run.zq,sra","gs,ncbi,s3","gs.us-east1,ncbi.public,s3.us-east-1",Influenza A infection,SRX22861430,USA,North America,USA: Indiana,Sub_adult,Sus scrofa domesticus,snout,Illumina NovaSeq 6000,pigID-37361,nasal wipe,3030937921_ZZYV1QKX_v2_S141,PAIRED,RT-PCR,VIRAL RNA,Influenza A virus,No passages prior to sequencing,ILLUMINA,2023-12-12T00:00:00Z,2023-12-12T01:09:00Z,1,20.7,pig37361_day4,14SW5551,SRP477429,Spot,H3N2,female
SRR27180988,WGS,267,1238004830,"Andrew S. Bowman\, The Ohio State University",PRJNA1051292,SAMN38768219,Viral,447552799,EMORY UNIVERSITY,"Bowman Lab\, OSU",2014-07-15,public,"fastq,run.zq,sra","gs,ncbi,s3","gs.us-east1,ncbi.public,s3.us-east-1",Influenza A infection,SRX22861426,USA,North America,USA: Indiana,Sub_adult,Sus scrofa domesticus,snout,Illumina NovaSeq 6000,pigID-37150,nasal wipe,3030938059_ZZYV1QO4_v2_S200,PAIRED,RT-PCR,VIRAL RNA,Influenza A virus,No passages prior to sequencing,ILLUMINA,2023-12-12T00:00:00Z,2023-12-12T01:11:00Z,1,24.2,pig37150_day4,14SW5545,SRP477429,York,H3N2,male
SRR27180989,WGS,280,1030463666,"Andrew S. Bowman\, The Ohio State University",PRJNA1051292,SAMN38768218,Viral,370449487,EMORY UNIVERSITY,"Bowman Lab\, OSU",2014-07-15,public,"fastq,run.zq,sra","gs,ncbi,s3","gs.us-east1,ncbi.public,s3.us-east-1",Influenza A infection,SRX22861425,USA,North America,USA: Indiana,Sub_adult,Sus scrofa domesticus,snout,Illumina NovaSeq 6000,pigID-20464,nasal wipe,3030938175_ZZYV1QQS_v2_S176,PAIRED,RT-PCR,VIRAL RNA,Influenza A virus,No passages prior to sequencing,ILLUMINA,2023-12-12T00:00:00Z,2023-12-12T01:11:00Z,1,26.8,pig20464_day4,14SW5537,SRP477429,Spot,H3N2,male
SRR27180990,WGS,276,876223940,"Andrew S. Bowman\, The Ohio State University",PRJNA1051292,SAMN38768217,Viral,317316988,EMORY UNIVERSITY,"Bowman Lab\, OSU",2014-07-15,public,"fastq,run.zq,sra","gs,ncbi,s3","gs.us-east1,ncbi.public,s3.us-east-1",Influenza A infection,SRX22861424,USA,North America,USA: Indiana,Sub_adult,Sus scrofa domesticus,snout,Illumina NovaSeq 6000,pigID-37271,nasal wipe,3030938239_ZZYV1QS4_v2_S164,PAIRED,RT-PCR,VIRAL RNA,Influenza A virus,No passages prior to sequencing,ILLUMINA,2023-12-12T00:00:00Z,2023-12-12T01:10:00Z,1,28.4,pig37271_day4,14SW5536,SRP477429,Poland,H3N2,female
SRR27180991,WGS,286,801714632,"Andrew S. Bowman\, The Ohio State University",PRJNA1051292,SAMN38768214,Viral,292068360,EMORY UNIVERSITY,"Bowman Lab\, OSU",2014-07-15,public,"fastq,run.zq,sra","gs,ncbi,s3","gs.us-east1,ncbi.public,s3.us-east-1",Influenza A infection,SRX22861423,USA,North America,USA: Indiana,Sub_adult,Sus scrofa domesticus,snout,Illumina NovaSeq 6000,pigID-37339,nasal wipe,3030937870_ZZYV1QJP_v2_S152,PAIRED,RT-PCR,VIRAL RNA,Influenza A virus,No passages prior to sequencing,ILLUMINA,2023-12-12T00:00:00Z,2023-12-12T01:10:00Z,1,17.7,pig37339_day4,14SW5531,SRP477429,Poland,H3N2,male
SRR27180992,WGS,250,1315364611,"Andrew S. Bowman\, The Ohio State University",PRJNA1051292,SAMN38768123,Viral,468224174,EMORY UNIVERSITY,"Bowman Lab\, OSU",2014-07-14,public,"fastq,run.zq,sra","gs,ncbi,s3","gs.us-east1,ncbi.public,s3.us-east-1",Influenza A infection,SRX22861421,USA,North America,USA: Indiana,Sub_adult,Sus scrofa domesticus,snout,Illumina NovaSeq 6000,pigID-37344,nasal wipe,3030938021_ZZYV1QN6_v2_S67,PAIRED,RT-PCR,VIRAL RNA,Influenza A virus,No passages prior to sequencing,ILLUMINA,2023-12-12T00:00:00Z,2023-12-12T01:11:00Z,1,23.2,pig37344_day3,14SW5020,SRP477429,York,H3N2,male
SRR27180993,WGS,281,1034046995,"Andrew S. Bowman\, The Ohio State University",PRJNA1051292,SAMN38768121,Viral,378097679,EMORY UNIVERSITY,"Bowman Lab\, OSU",2014-07-14,public,"fastq,run.zq,sra","gs,ncbi,s3","gs.us-east1,ncbi.public,s3.us-east-1",Influenza A infection,SRX22861420,USA,North America,USA: Indiana,Sub_adult,Sus scrofa domesticus,snout,Illumina NovaSeq 6000,pigID-37330,nasal wipe,3030938301_ZZYV1QTA_v2_S63,PAIRED,RT-PCR,VIRAL RNA,Influenza A virus,No passages prior to sequencing,ILLUMINA,2023-12-12T00:00:00Z,2023-12-12T01:09:00Z,1,29.5,pig37330_day3,14SW5017,SRP477429,Duroc,H3N2,male
SRR27180994,WGS,283,1043160821,"Andrew S. Bowman\, The Ohio State University",PRJNA1051292,SAMN38768120,Viral,378934463,EMORY UNIVERSITY,"Bowman Lab\, OSU",2014-07-13,public,"fastq,run.zq,sra","gs,ncbi,s3","gs.us-east1,ncbi.public,s3.us-east-1",Influenza A infection,SRX22861419,USA,North America,USA: Indiana,Sub_adult,Sus scrofa domesticus,snout,Illumina NovaSeq 6000,pigID-37349,nasal wipe,3030938242_ZZYV1QS6_v2_S51,PAIRED,RT-PCR,VIRAL RNA,Influenza A virus,No passages prior to sequencing,ILLUMINA,2023-12-12T00:00:00Z,2023-12-12T01:10:00Z,1,28.4,pig37349_day2,14SW4953,SRP477429,Spot,H3N2,female
SRR27180995,WGS,254,1153299320,"Andrew S. Bowman\, The Ohio State University",PRJNA1051292,SAMN38768125,Viral,414139413,EMORY UNIVERSITY,"Bowman Lab\, OSU",2014-07-14,public,"fastq,run.zq,sra","gs,ncbi,s3","gs.us-east1,ncbi.public,s3.us-east-1",Influenza A infection,SRX22861422,USA,North America,USA: Indiana,Sub_adult,Sus scrofa domesticus,snout,Illumina NovaSeq 6000,pigID-20632,nasal wipe,3030938138_ZZYV1QPV_v2_S80,PAIRED,RT-PCR,VIRAL RNA,Influenza A virus,No passages prior to sequencing,ILLUMINA,2023-12-12T00:00:00Z,2023-12-12T01:09:00Z,1,26,pig20632_day3,14SW5023,SRP477429,Hamp,H3N2,male
SRR27180996,WGS,282,781789926,"Andrew S. Bowman\, The Ohio State University",PRJNA1051292,SAMN38768119,Viral,290610418,EMORY UNIVERSITY,"Bowman Lab\, OSU",2014-07-13,public,"fastq,run.zq,sra","gs,ncbi,s3","gs.us-east1,ncbi.public,s3.us-east-1",Influenza A infection,SRX22861418,USA,North America,USA: Indiana,Sub_adult,Sus scrofa domesticus,snout,Illumina NovaSeq 6000,pigID-20578,nasal wipe,3030937960_ZZYV1QLT_v2_S39,PAIRED,RT-PCR,VIRAL RNA,Influenza A virus,No passages prior to sequencing,ILLUMINA,2023-12-12T00:00:00Z,2023-12-12T01:10:00Z,1,22.1,pig20578_day2,14SW4921,SRP477429,mix,H3N2,
SRR27180997,WGS,281,1040855894,"Andrew S. Bowman\, The Ohio State University",PRJNA1051292,SAMN38768118,Viral,379806981,EMORY UNIVERSITY,"Bowman Lab\, OSU",2014-07-13,public,"fastq,run.zq,sra","gs,ncbi,s3","gs.us-east1,ncbi.public,s3.us-east-1",Influenza A infection,SRX22861417,USA,North America,USA: Indiana,Sub_adult,Sus scrofa domesticus,snout,Illumina NovaSeq 6000,pigID-20579,nasal wipe,3030938009_ZZYV1QMX_v2_S27,PAIRED,RT-PCR,VIRAL RNA,Influenza A virus,No passages prior to sequencing,ILLUMINA,2023-12-12T00:00:00Z,2023-12-12T01:11:00Z,1,22.9,pig20579_day2,14SW4920,SRP477429,mix,H3N2,female
SRR27180998,WGS,280,908396315,"Andrew S. Bowman\, The Ohio State University",PRJNA1051292,SAMN38768116,Viral,334560667,EMORY UNIVERSITY,"Bowman Lab\, OSU",2014-07-13,public,"fastq,run.zq,sra","gs,ncbi,s3","gs.us-east1,ncbi.public,s3.us-east-1",Influenza A infection,SRX22861416,USA,North America,USA: Indiana,Sub_adult,Sus scrofa domesticus,snout,Illumina NovaSeq 6000,pigID-20609,nasal wipe,3030937995_ZZYV1QMN_v2_S15,PAIRED,RT-PCR,VIRAL RNA,Influenza A virus,No passages prior to sequencing,ILLUMINA,2023-12-12T00:00:00Z,2023-12-12T01:11:00Z,1,22.7,pig20609_day2,14SW4878,SRP477429,mix,H3N2,male
SRR27180999,WGS,285,859070807,"Andrew S. Bowman\, The Ohio State University",PRJNA1051292,SAMN38768115,Viral,311551912,EMORY UNIVERSITY,"Bowman Lab\, OSU",2014-07-13,public,"fastq,run.zq,sra","gs,ncbi,s3","gs.us-east1,ncbi.public,s3.us-east-1",Influenza A infection,SRX22861415,USA,North America,USA: Indiana,Sub_adult,Sus scrofa domesticus,snout,Illumina NovaSeq 6000,pigID-37158,nasal wipe,3030937923_ZZYV1QKZ_v2_S3,PAIRED,RT-PCR,VIRAL RNA,Influenza A virus,No passages prior to sequencing,ILLUMINA,2023-12-12T00:00:00Z,2023-12-12T01:10:00Z,1,20.9,pig37158_day2,14SW4862,SRP477429,York,H1N1,male
SRR27181000,WGS,290,599457561,"Andrew S. Bowman\, The Ohio State University",PRJNA1051292,SAMN38768114,Viral,245729899,EMORY UNIVERSITY,"Bowman Lab\, OSU",2014-07-13,public,"fastq,run.zq,sra","gs,ncbi,s3","gs.us-east1,ncbi.public,s3.us-east-1",Influenza A infection,SRX22861413,USA,North America,USA: Indiana,Sub_adult,Sus scrofa domesticus,snout,Illumina NovaSeq 6000,pigID-37159,nasal wipe,3030938129_ZZYV1QPM_v2_S86,PAIRED,RT-PCR,VIRAL RNA,Influenza A virus,No passages prior to sequencing,ILLUMINA,2023-12-12T00:00:00Z,2023-12-12T01:10:00Z,1,25.8,pig37159_day2,14SW4861,SRP477429,Hamp,H1N1,female
SRR27181001,WGS,280,992778908,"Andrew S. Bowman\, The Ohio State University",PRJNA1051292,SAMN38768113,Viral,370262716,EMORY UNIVERSITY,"Bowman Lab\, OSU",2014-07-13,public,"fastq,run.zq,sra","gs,ncbi,s3","gs.us-east1,ncbi.public,s3.us-east-1",Influenza A infection,SRX22861412,USA,North America,USA: Indiana,Sub_adult,Sus scrofa domesticus,snout,Illumina NovaSeq 6000,pigID-37355,nasal wipe,3030938157_ZZYV1QQC_v2_S74,PAIRED,RT-PCR,VIRAL RNA,Influenza A virus,No passages prior to sequencing,ILLUMINA,2023-12-12T00:00:00Z,2023-12-12T01:10:00Z,1,26.5,pig37355_day2,14SW4632,SRP477429,Duroc,H3N2,male
SRR27181002,WGS,234,1436031026,"Andrew S. Bowman\, The Ohio State University",PRJNA1051292,SAMN38768111,Viral,509737261,EMORY UNIVERSITY,"Bowman Lab\, OSU",2014-07-13,public,"fastq,run.zq,sra","gs,ncbi,s3","gs.us-east1,ncbi.public,s3.us-east-1",Influenza A infection,SRX22861411,USA,North America,USA: Indiana,Sub_adult,Sus scrofa domesticus,snout,Illumina NovaSeq 6000,pigID-37170,nasal wipe,3030938248_ZZYV1QSC_v2_S54,PAIRED,RT-PCR,VIRAL RNA,Influenza A virus,No passages prior to sequencing,ILLUMINA,2023-12-12T00:00:00Z,2023-12-12T01:11:00Z,1,28.5,pig37170_day2,14SW4621,SRP477429,Hamp,H1N1,female
SRR27181003,WGS,300,187143600,"Andrew S. Bowman\, The Ohio State University",PRJNA1051292,SAMN38768133,Viral,79248840,EMORY UNIVERSITY,"Bowman Lab\, OSU",2014-07-14,public,"fastq,run.zq,sra","gs,ncbi,s3","gs.us-east1,ncbi.public,s3.us-east-1",Influenza A infection,SRX22861414,USA,North America,USA: Indiana,Sub_adult,Sus scrofa domesticus,snout,Illumina MiSeq,pigID-37326,nasal wipe,3030938072_ZZYV8WJD_v1_S174,PAIRED,RT-PCR,VIRAL RNA,Influenza A virus,No passages prior to sequencing,ILLUMINA,2023-12-12T00:00:00Z,2023-12-12T01:08:00Z,1,24.5,pig37326_day3,14SW5045,SRP477429,York,H3N2,male
SRR27181004,WGS,282,1170320996,"Andrew S. Bowman\, The Ohio State University",PRJNA1051292,SAMN38768110,Viral,421973756,EMORY UNIVERSITY,"Bowman Lab\, OSU",2014-07-13,public,"fastq,run.zq,sra","gs,ncbi,s3","gs.us-east1,ncbi.public,s3.us-east-1",Influenza A infection,SRX22861410,USA,North America,USA: Indiana,Sub_adult,Sus scrofa domesticus,snout,Illumina NovaSeq 6000,pigID-20430,nasal wipe,3030938103_ZZYV1QP1_v2_S62,PAIRED,RT-PCR,VIRAL RNA,Influenza A virus,No passages prior to sequencing,ILLUMINA,2023-12-12T00:00:00Z,2023-12-12T01:10:00Z,1,25.1,pig20430_day2,14SW4597,SRP477429,mix,H1N1,female
SRR27181005,WGS,287,1062688717,"Andrew S. Bowman\, The Ohio State University",PRJNA1051292,SAMN38768108,Viral,383257585,EMORY UNIVERSITY,"Bowman Lab\, OSU",2014-07-13,public,"fastq,run.zq,sra","gs,ncbi,s3","gs.us-east1,ncbi.public,s3.us-east-1",Influenza A infection,SRX22861409,USA,North America,USA: Indiana,Sub_adult,Sus scrofa domesticus,snout,Illumina NovaSeq 6000,pigID-20426,nasal wipe,3030938136_ZZYV1QPT_v2_S50,PAIRED,RT-PCR,VIRAL RNA,Influenza A virus,No passages prior to sequencing,ILLUMINA,2023-12-12T00:00:00Z,2023-12-12T01:09:00Z,1,25.9,pig20426_day2,14SW4595,SRP477429,Hamp,H1N1,male
SRR27181006,WGS,290,855074024,"Andrew S. Bowman\, The Ohio State University",PRJNA1051292,SAMN38768107,Viral,308460251,EMORY UNIVERSITY,"Bowman Lab\, OSU",2014-07-13,public,"fastq,run.zq,sra","gs,ncbi,s3","gs.us-east1,ncbi.public,s3.us-east-1",Influenza A infection,SRX22861408,USA,North America,USA: Indiana,Sub_adult,Sus scrofa domesticus,snout,Illumina NovaSeq 6000,pigID-20429,nasal wipe,3030938068_ZZYV1QOA_v2_S38,PAIRED,RT-PCR,VIRAL RNA,Influenza A virus,No passages prior to sequencing,ILLUMINA,2023-12-12T00:00:00Z,2023-12-12T01:10:00Z,1,24.4,pig20429_day2,14SW4594,SRP477429,Hamp,H1N1,
SRR27181007,WGS,279,987945230,"Andrew S. Bowman\, The Ohio State University",PRJNA1051292,SAMN38768106,Viral,355519388,EMORY UNIVERSITY,"Bowman Lab\, OSU",2014-07-13,public,"fastq,run.zq,sra","gs,ncbi,s3","gs.us-east1,ncbi.public,s3.us-east-1",Influenza A infection,SRX22861407,USA,North America,USA: Indiana,Sub_adult,Sus scrofa domesticus,snout,Illumina NovaSeq 6000,pigID-20422,nasal wipe,3030937962_ZZYV1QLV_v2_S1,PAIRED,RT-PCR,VIRAL RNA,Influenza A virus,No passages prior to sequencing,ILLUMINA,2023-12-12T00:00:00Z,2023-12-12T01:11:00Z,1,22.1,pig20422_day2,14SW4593,SRP477429,Hamp,H1N1,male
SRR27181008,WGS,272,1221003382,"Andrew S. Bowman\, The Ohio State University",PRJNA1051292,SAMN38768101,Viral,438344605,EMORY UNIVERSITY,"Bowman Lab\, OSU",2014-07-13,public,"fastq,run.zq,sra","gs,ncbi,s3","gs.us-east1,ncbi.public,s3.us-east-1",Influenza A infection,SRX22861405,USA,North America,USA: Indiana,Sub_adult,Sus scrofa domesticus,snout,Illumina NovaSeq 6000,pigID-20617,nasal wipe,3030938266_ZZYV1QSN_v2_S85,PAIRED,RT-PCR,VIRAL RNA,Influenza A virus,No passages prior to sequencing,ILLUMINA,2023-12-12T00:00:00Z,2023-12-12T01:11:00Z,1,28.8,pig20617_day2,14SW4570,SRP477429,York,H3N2,male
SRR27181009,WGS,281,914747399,"Andrew S. Bowman\, The Ohio State University",PRJNA1051292,SAMN38768097,Viral,331146414,EMORY UNIVERSITY,"Bowman Lab\, OSU",2014-07-12,public,"fastq,run.zq,sra","gs,ncbi,s3","gs.us-east1,ncbi.public,s3.us-east-1",Influenza A infection,SRX22861404,USA,North America,USA: Indiana,Sub_adult,Sus scrofa domesticus,snout,Illumina NovaSeq 6000,pigID-37279,nasal wipe,3030937887_ZZYV1QK2_v2_S73,PAIRED,RT-PCR,VIRAL RNA,Influenza A virus,No passages prior to sequencing,ILLUMINA,2023-12-12T00:00:00Z,2023-12-12T01:10:00Z,1,19.4,pig37279_day1,14SW4482,SRP477429,,H3N2,
SRR27181010,WGS,300,174581400,"Andrew S. Bowman\, The Ohio State University",PRJNA1051292,SAMN38768132,Viral,74587047,EMORY UNIVERSITY,"Bowman Lab\, OSU",2014-07-14,public,"fastq,run.zq,sra","gs,ncbi,s3","gs.us-east1,ncbi.public,s3.us-east-1",Influenza A infection,SRX22861403,USA,North America,USA: Indiana,Sub_adult,Sus scrofa domesticus,snout,Illumina MiSeq,pigID-37365,nasal wipe,3030938227_ZZYV8WNO_v1_S2,PAIRED,RT-PCR,VIRAL RNA,Influenza A virus,No passages prior to sequencing,ILLUMINA,2023-12-12T00:00:00Z,2023-12-12T01:09:00Z,1,28,pig37365_day3,14SW5044,SRP477429,York,H3N2,male
SRR27181011,WGS,283,1022391882,"Andrew S. Bowman\, The Ohio State University",PRJNA1051292,SAMN38768102,Viral,366752172,EMORY UNIVERSITY,"Bowman Lab\, OSU",2014-07-13,public,"fastq,run.zq,sra","gs,ncbi,s3","gs.us-east1,ncbi.public,s3.us-east-1",Influenza A infection,SRX22861406,USA,North America,USA: Indiana,Sub_adult,Sus scrofa domesticus,snout,Illumina NovaSeq 6000,pigID-37364,nasal wipe,3030938166_ZZYV1QQK_v2_S2,PAIRED,RT-PCR,VIRAL RNA,Influenza A virus,No passages prior to sequencing,ILLUMINA,2023-12-12T00:00:00Z,2023-12-12T01:10:00Z,1,26.7,pig37364_day2,14SW4572,SRP477429,Hamp,H3N2,male
SRR27181012,WGS,279,1212521001,"Andrew S. Bowman\, The Ohio State University",PRJNA1051292,SAMN38768096,Viral,437728809,EMORY UNIVERSITY,"Bowman Lab\, OSU",2014-07-12,public,"fastq,run.zq,sra","gs,ncbi,s3","gs.us-east1,ncbi.public,s3.us-east-1",Influenza A infection,SRX22861402,USA,North America,USA: Indiana,Sub_adult,Sus scrofa domesticus,snout,Illumina NovaSeq 6000,pigID-20644,nasal wipe,3030937906_ZZYV1QKJ_v2_S61,PAIRED,RT-PCR,VIRAL RNA,Influenza A virus,No passages prior to sequencing,ILLUMINA,2023-12-12T00:00:00Z,2023-12-12T01:10:00Z,1,20.1,pig20644_day1,14SW4481,SRP477429,mix,H3N2,female
SRR27181013,WGS,280,1142833268,"Andrew S. Bowman\, The Ohio State University",PRJNA1051292,SAMN38768094,Viral,413804624,EMORY UNIVERSITY,"Bowman Lab\, OSU",2014-07-12,public,"fastq,run.zq,sra","gs,ncbi,s3","gs.us-east1,ncbi.public,s3.us-east-1",Influenza A infection,SRX22861645,USA,North America,USA: Indiana,Sub_adult,Sus scrofa domesticus,snout,Illumina NovaSeq 6000,pigID-20425,nasal wipe,3030938145_ZZYV1QQ1_v2_S49,PAIRED,RT-PCR,VIRAL RNA,Influenza A virus,No passages prior to sequencing,ILLUMINA,2023-12-12T00:00:00Z,2023-12-12T01:10:00Z,1,26.1,pig20425_day1,14SW4083,SRP477429,mix,H1N1,male
SRR27181014,WGS,300,119202300,"Andrew S. Bowman\, The Ohio State University",PRJNA1051292,SAMN38768126,Viral,51108076,EMORY UNIVERSITY,"Bowman Lab\, OSU",2014-07-14,public,"fastq,run.zq,sra","gs,ncbi,s3","gs.us-east1,ncbi.public,s3.us-east-1",Influenza A infection,SRX22861400,USA,North America,USA: Indiana,Sub_adult,Sus scrofa domesticus,snout,Illumina MiSeq,pigID-20644,nasal wipe,3030938280_ZZYV8WP5_v1_S126,PAIRED,RT-PCR,VIRAL RNA,Influenza A virus,No passages prior to sequencing,ILLUMINA,2023-12-12T00:00:00Z,2023-12-12T01:09:00Z,1,29.1,pig20644_day3,14SW5024,SRP477429,mix,H3N2,female
SRR27181015,WGS,300,57638400,"Andrew S. Bowman\, The Ohio State University",PRJNA1051292,SAMN38768539,Viral,33141113,EMORY UNIVERSITY,"Bowman Lab\, OSU",2014-07-17,public,"fastq,run.zq,sra","gs,ncbi,s3","gs.us-east1,ncbi.public,s3.us-east-1",Influenza A infection,SRX22861399,USA,North America,USA: Indiana,Sub_adult,Sus scrofa domesticus,snout,Illumina MiSeq,pigID-20650,nasal wipe,3030938308_ZZYV8WPX_v1_S51,PAIRED,RT-PCR,VIRAL RNA,Influenza A virus,No passages prior to sequencing,ILLUMINA,2023-12-12T00:00:00Z,2023-12-12T01:09:00Z,1,29.7,pig20650_day6,14SW6279,SRP477429,Hamp,H3N2,male
SRR27181016,WGS,300,14529600,"Andrew S. Bowman\, The Ohio State University",PRJNA1051292,SAMN38768537,Viral,6282249,EMORY UNIVERSITY,"Bowman Lab\, OSU",2014-07-17,public,"fastq,run.zq,sra","gs,ncbi,s3","gs.us-east1,ncbi.public,s3.us-east-1",Influenza A infection,SRX22861397,USA,North America,USA: Indiana,Sub_adult,Sus scrofa domesticus,snout,Illumina MiSeq,pigID-37321,nasal wipe,3030938321_ZZYV8WQA_v1_S328,PAIRED,RT-PCR,VIRAL RNA,Influenza A virus,No passages prior to sequencing,ILLUMINA,2023-12-12T00:00:00Z,2023-12-12T01:08:00Z,1,30.1,pig37321_day6,14SW6275,SRP477429,Spot,H3N2,female
SRR27181017,WGS,300,59231700,"Andrew S. Bowman\, The Ohio State University",PRJNA1051292,SAMN38768536,Viral,25306419,EMORY UNIVERSITY,"Bowman Lab\, OSU",2014-07-17,public,"fastq,run.zq,sra","gs,ncbi,s3","gs.us-east1,ncbi.public,s3.us-east-1",Influenza A infection,SRX22861396,USA,North America,USA: Indiana,Sub_adult,Sus scrofa domesticus,snout,Illumina MiSeq,pigID-37296,nasal wipe,3030938184_ZZYV8WMH_v1_S276,PAIRED,RT-PCR,VIRAL RNA,Influenza A virus,No passages prior to sequencing,ILLUMINA,2023-12-12T00:00:00Z,2023-12-12T01:08:00Z,1,27.1,pig37296_day6,14SW6274,SRP477429,Duroc,H3N2,male
SRR27181018,WGS,300,167777400,"Andrew S. Bowman\, The Ohio State University",PRJNA1051292,SAMN38768535,Viral,70689171,EMORY UNIVERSITY,"Bowman Lab\, OSU",2014-07-17,public,"fastq,run.zq,sra","gs,ncbi,s3","gs.us-east1,ncbi.public,s3.us-east-1",Influenza A infection,SRX22861395,USA,North America,USA: Indiana,Sub_adult,Sus scrofa domesticus,snout,Illumina MiSeq,pigID-37284,nasal wipe,3030938048_ZZYV8WIP_v1_S308,PAIRED,RT-PCR,VIRAL RNA,Influenza A virus,No passages prior to sequencing,ILLUMINA,2023-12-12T00:00:00Z,2023-12-12T01:09:00Z,1,23.9,pig37284_day6,14SW6273,SRP477429,mix,H3N2,female
SRR27181019,WGS,300,99806400,"Andrew S. Bowman\, The Ohio State University",PRJNA1051292,SAMN38768538,Viral,42366925,EMORY UNIVERSITY,"Bowman Lab\, OSU",2014-07-17,public,"fastq,run.zq,sra","gs,ncbi,s3","gs.us-east1,ncbi.public,s3.us-east-1",Influenza A infection,SRX22861398,USA,North America,USA: Indiana,Sub_adult,Sus scrofa domesticus,snout,Illumina MiSeq,pigID-37338,nasal wipe,3030938196_ZZYV8WMT_v1_S324,PAIRED,RT-PCR,VIRAL RNA,Influenza A virus,No passages prior to sequencing,ILLUMINA,2023-12-12T00:00:00Z,2023-12-12T01:08:00Z,1,27.4,pig37338_day6,14SW6277,SRP477429,York,H3N2,male
SRR27181020,WGS,300,43574400,"Andrew S. Bowman\, The Ohio State University",PRJNA1051292,SAMN38768534,Viral,18559229,EMORY UNIVERSITY,"Bowman Lab\, OSU",2014-07-17,public,"fastq,run.zq,sra","gs,ncbi,s3","gs.us-east1,ncbi.public,s3.us-east-1",Influenza A infection,SRX22861394,USA,North America,USA: Indiana,Sub_adult,Sus scrofa domesticus,snout,Illumina MiSeq,pigID-37302,nasal wipe,3030938307_ZZYV8WPW_v1_S228,PAIRED,RT-PCR,VIRAL RNA,Influenza A virus,No passages prior to sequencing,ILLUMINA,2023-12-12T00:00:00Z,2023-12-12T01:09:00Z,1,29.7,pig37302_day6,14SW6271,SRP477429,Hamp,H3N2,male
SRR27181021,WGS,300,71376000,"Andrew S. Bowman\, The Ohio State University",PRJNA1051292,SAMN38768533,Viral,30558401,EMORY UNIVERSITY,"Bowman Lab\, OSU",2014-07-17,public,"fastq,run.zq,sra","gs,ncbi,s3","gs.us-east1,ncbi.public,s3.us-east-1",Influenza A infection,SRX22861393,USA,North America,USA: Indiana,Sub_adult,Sus scrofa domesticus,snout,Illumina MiSeq,pigID-37301,nasal wipe,3030938288_ZZYV8WPD_v1_S61,PAIRED,RT-PCR,VIRAL RNA,Influenza A virus,No passages prior to sequencing,ILLUMINA,2023-12-12T00:00:00Z,2023-12-12T01:09:00Z,1,29.3,pig37301_day6,14SW6270,SRP477429,York,H1N1,male
SRR27181022,WGS,300,72600900,"Andrew S. Bowman\, The Ohio State University",PRJNA1051292,SAMN38768532,Viral,31497503,EMORY UNIVERSITY,"Bowman Lab\, OSU",2014-07-17,public,"fastq,run.zq,sra","gs,ncbi,s3","gs.us-east1,ncbi.public,s3.us-east-1",Influenza A infection,SRX22861392,USA,North America,USA: Indiana,Sub_adult,Sus scrofa domesticus,snout,Illumina MiSeq,pigID-37116,nasal wipe,3030938252_ZZYV8WOD_v1_S359,PAIRED,RT-PCR,VIRAL RNA,Influenza A virus,No passages prior to sequencing,ILLUMINA,2023-12-12T00:00:00Z,2023-12-12T01:09:00Z,1,28.5,pig37116_day6,14SW6267,SRP477429,mix,H3N2,male
SRR27181023,WGS,300,76599600,"Andrew S. Bowman\, The Ohio State University",PRJNA1051292,SAMN38768531,Viral,32825467,EMORY UNIVERSITY,"Bowman Lab\, OSU",2014-07-17,public,"fastq,run.zq,sra","gs,ncbi,s3","gs.us-east1,ncbi.public,s3.us-east-1",Influenza A infection,SRX22861391,USA,North America,USA: Indiana,Sub_adult,Sus scrofa domesticus,snout,Illumina MiSeq,pigID-20368,nasal wipe,3030938305_ZZYV8WPU_v1_S129,PAIRED,RT-PCR,VIRAL RNA,Influenza A virus,No passages prior to sequencing,ILLUMINA,2023-12-12T00:00:00Z,2023-12-12T01:09:00Z,1,29.7,pig20368_day6,14SW6264,SRP477429,Duroc,H1N1,male
SRR27181024,WGS,300,152452500,"Andrew S. Bowman\, The Ohio State University",PRJNA1051292,SAMN38768125,Viral,64758553,EMORY UNIVERSITY,"Bowman Lab\, OSU",2014-07-14,public,"fastq,run.zq,sra","gs,ncbi,s3","gs.us-east1,ncbi.public,s3.us-east-1",Influenza A infection,SRX22861389,USA,North America,USA: Indiana,Sub_adult,Sus scrofa domesticus,snout,Illumina MiSeq,pigID-20632,nasal wipe,3030938138_ZZYV8WL7_v1_S74,PAIRED,RT-PCR,VIRAL RNA,Influenza A virus,No passages prior to sequencing,ILLUMINA,2023-12-12T00:00:00Z,2023-12-12T01:09:00Z,1,26,pig20632_day3,14SW5023,SRP477429,Hamp,H3N2,male
SRR27181025,WGS,300,64986600,"Andrew S. Bowman\, The Ohio State University",PRJNA1051292,SAMN38768529,Viral,37506446,EMORY UNIVERSITY,"Bowman Lab\, OSU",2014-07-17,public,"fastq,run.zq,sra","gs,ncbi,s3","gs.us-east1,ncbi.public,s3.us-east-1",Influenza A infection,SRX22861388,USA,North America,USA: Indiana,Sub_adult,Sus scrofa domesticus,snout,Illumina MiSeq,pigID-37135,nasal wipe,3030937975_ZZYV8WGO_v1_S70,PAIRED,RT-PCR,VIRAL RNA,Influenza A virus,No passages prior to sequencing,ILLUMINA,2023-12-12T00:00:00Z,2023-12-12T01:09:00Z,1,22.4,pig37135_day6,14SW6260,SRP477429,mix,H3N2,male
SRR27181026,WGS,300,160100700,"Andrew S. Bowman\, The Ohio State University",PRJNA1051292,SAMN38768528,Viral,67866925,EMORY UNIVERSITY,"Bowman Lab\, OSU",2014-07-17,public,"fastq,run.zq,sra","gs,ncbi,s3","gs.us-east1,ncbi.public,s3.us-east-1",Influenza A infection,SRX22861387,USA,North America,USA: Indiana,Sub_adult,Sus scrofa domesticus,snout,Illumina MiSeq,pigID-37134,nasal wipe,3030937983_ZZYV8WGW_v1_S208,PAIRED,RT-PCR,VIRAL RNA,Influenza A virus,No passages prior to sequencing,ILLUMINA,2023-12-12T00:00:00Z,2023-12-12T01:10:00Z,1,22.5,pig37134_day6,14SW6259,SRP477429,mix,H1N1/H3N2 double infection,male
SRR27181027,WGS,300,51651300,"Andrew S. Bowman\, The Ohio State University",PRJNA1051292,SAMN38768530,Viral,29848525,EMORY UNIVERSITY,"Bowman Lab\, OSU",2014-07-17,public,"fastq,run.zq,sra","gs,ncbi,s3","gs.us-east1,ncbi.public,s3.us-east-1",Influenza A infection,SRX22861390,USA,North America,USA: Indiana,Sub_adult,Sus scrofa domesticus,snout,Illumina MiSeq,pigID-37310,nasal wipe,3030938284_ZZYV8WP9_v1_S42,PAIRED,RT-PCR,VIRAL RNA,Influenza A virus,No passages prior to sequencing,ILLUMINA,2023-12-12T00:00:00Z,2023-12-12T01:09:00Z,1,29.1,pig37310_day6,14SW6261,SRP477429,Berk,H3N2,male
SRR27181028,WGS,300,133868100,"Andrew S. Bowman\, The Ohio State University",PRJNA1051292,SAMN38768527,Viral,56890992,EMORY UNIVERSITY,"Bowman Lab\, OSU",2014-07-17,public,"fastq,run.zq,sra","gs,ncbi,s3","gs.us-east1,ncbi.public,s3.us-east-1",Influenza A infection,SRX22861386,USA,North America,USA: Indiana,Sub_adult,Sus scrofa domesticus,snout,Illumina MiSeq,pigID-37291,nasal wipe,3030938087_ZZYV8WJS_v1_S77,PAIRED,RT-PCR,VIRAL RNA,Influenza A virus,No passages prior to sequencing,ILLUMINA,2023-12-12T00:00:00Z,2023-12-12T01:09:00Z,1,24.8,pig37291_day6,14SW6258,SRP477429,Berk,H3N2,male
SRR27181029,WGS,300,78990000,"Andrew S. Bowman\, The Ohio State University",PRJNA1051292,SAMN38768526,Viral,43482652,EMORY UNIVERSITY,"Bowman Lab\, OSU",2014-07-17,public,"fastq,run.zq,sra","gs,ncbi,s3","gs.us-east1,ncbi.public,s3.us-east-1",Influenza A infection,SRX22861385,USA,North America,USA: Indiana,Sub_adult,Sus scrofa domesticus,snout,Illumina MiSeq,pigID-37290,nasal wipe,3030938223_ZZYV8WNK_v1_S21,PAIRED,RT-PCR,VIRAL RNA,Influenza A virus,No passages prior to sequencing,ILLUMINA,2023-12-12T00:00:00Z,2023-12-12T01:09:00Z,1,28,pig37290_day6,14SW6257,SRP477429,Berk,H1N1/H3N2 double infection,female
SRR27181030,WGS,300,123154200,"Andrew S. Bowman\, The Ohio State University",PRJNA1051292,SAMN38768525,Viral,52312530,EMORY UNIVERSITY,"Bowman Lab\, OSU",2014-07-17,public,"fastq,run.zq,sra","gs,ncbi,s3","gs.us-east1,ncbi.public,s3.us-east-1",Influenza A infection,SRX22861384,USA,North America,USA: Indiana,Sub_adult,Sus scrofa domesticus,snout,Illumina MiSeq,pigID-37293,nasal wipe,3030938244_ZZYV8WO5_v1_S161,PAIRED,RT-PCR,VIRAL RNA,Influenza A virus,No passages prior to sequencing,ILLUMINA,2023-12-12T00:00:00Z,2023-12-12T01:09:00Z,1,28.4,pig37293_day6,14SW6256,SRP477429,mix,H1N1/H3N2 double infection,male
SRR27181031,WGS,300,19620900,"Andrew S. Bowman\, The Ohio State University",PRJNA1051292,SAMN38768524,Viral,8434019,EMORY UNIVERSITY,"Bowman Lab\, OSU",2014-07-17,public,"fastq,run.zq,sra","gs,ncbi,s3","gs.us-east1,ncbi.public,s3.us-east-1",Influenza A infection,SRX22861383,USA,North America,USA: Indiana,Sub_adult,Sus scrofa domesticus,snout,Illumina MiSeq,pigID-37241,nasal wipe,3030938221_ZZYV8WNI_v1_S374,PAIRED,RT-PCR,VIRAL RNA,Influenza A virus,No passages prior to sequencing,ILLUMINA,2023-12-12T00:00:00Z,2023-12-12T01:08:00Z,1,27.9,pig37241_day6,14SW6255,SRP477429,Berk,H1N1/H3N2 double infection,male
SRR27181032,WGS,300,160791300,"Andrew S. Bowman\, The Ohio State University",PRJNA1051292,SAMN38768522,Viral,67988121,EMORY UNIVERSITY,"Bowman Lab\, OSU",2014-07-17,public,"fastq,run.zq,sra","gs,ncbi,s3","gs.us-east1,ncbi.public,s3.us-east-1",Influenza A infection,SRX22861381,USA,North America,USA: Indiana,Sub_adult,Sus scrofa domesticus,snout,Illumina MiSeq,pigID-37128,nasal wipe,3030938152_ZZYV8WLL_v1_S177,PAIRED,RT-PCR,VIRAL RNA,Influenza A virus,No passages prior to sequencing,ILLUMINA,2023-12-12T00:00:00Z,2023-12-12T01:09:00Z,1,26.3,pig37128_day6,14SW6253,SRP477429,mix,H1N1/H3N2 double infection,female
SRR27181033,WGS,300,179673300,"Andrew S. Bowman\, The Ohio State University",PRJNA1051292,SAMN38768521,Viral,75899355,EMORY UNIVERSITY,"Bowman Lab\, OSU",2014-07-17,public,"fastq,run.zq,sra","gs,ncbi,s3","gs.us-east1,ncbi.public,s3.us-east-1",Influenza A infection,SRX22861380,USA,North America,USA: Indiana,Sub_adult,Sus scrofa domesticus,snout,Illumina MiSeq,pigID-37196,nasal wipe,3030938255_ZZYV8WOG_v1_S260,PAIRED,RT-PCR,VIRAL RNA,Influenza A virus,No passages prior to sequencing,ILLUMINA,2023-12-12T00:00:00Z,2023-12-12T01:09:00Z,1,28.6,pig37196_day6,14SW6252,SRP477429,mix,H1N1/H3N2 double infection,male
SRR27181034,WGS,300,127343400,"Andrew S. Bowman\, The Ohio State University",PRJNA1051292,SAMN38768463,Viral,53456994,EMORY UNIVERSITY,"Bowman Lab\, OSU",2014-07-16,public,"fastq,run.zq,sra","gs,ncbi,s3","gs.us-east1,ncbi.public,s3.us-east-1",Influenza A infection,SRX22861379,USA,North America,USA: Indiana,Sub_adult,Sus scrofa domesticus,snout,Illumina MiSeq,pigID-20581,nasal wipe,3030937879_ZZYV8WE0_v1_S49,PAIRED,RT-PCR,VIRAL RNA,Influenza A virus,No passages prior to sequencing,ILLUMINA,2023-12-12T00:00:00Z,2023-12-12T01:09:00Z,1,18.8,pig20581_day5,14SW6142,SRP477429,mix,H3N2,male
SRR27181035,WGS,300,124461000,"Andrew S. Bowman\, The Ohio State University",PRJNA1051292,SAMN38768466,Viral,52750481,EMORY UNIVERSITY,"Bowman Lab\, OSU",2014-07-16,public,"fastq,run.zq,sra","gs,ncbi,s3","gs.us-east1,ncbi.public,s3.us-east-1",Influenza A infection,SRX22861799,USA,North America,USA: Indiana,Sub_adult,Sus scrofa domesticus,snout,Illumina MiSeq,pigID-37178,nasal wipe,3030937937_ZZYV8WFM_v1_S141,PAIRED,RT-PCR,VIRAL RNA,Influenza A virus,No passages prior to sequencing,ILLUMINA,2023-12-12T00:00:00Z,2023-12-12T01:08:00Z,1,21.4,pig37178_day5,14SW6147,SRP477429,Duroc,H3N2,male
SRR27181036,WGS,300,192179100,"Andrew S. Bowman\, The Ohio State University",PRJNA1051292,SAMN38768462,Viral,81943831,EMORY UNIVERSITY,"Bowman Lab\, OSU",2014-07-16,public,"fastq,run.zq,sra","gs,ncbi,s3","gs.us-east1,ncbi.public,s3.us-east-1",Influenza A infection,SRX22861378,USA,North America,USA: Indiana,Sub_adult,Sus scrofa domesticus,snout,Illumina MiSeq,pigID-37331,nasal wipe,3030938173_ZZYV8WM6_v1_S189,PAIRED,RT-PCR,VIRAL RNA,Influenza A virus,No passages prior to sequencing,ILLUMINA,2023-12-12T00:00:00Z,2023-12-12T01:09:00Z,1,26.8,pig37331_day5,14SW6141,SRP477429,mix,H3N2,male
SRR27181037,WGS,300,58691700,"Andrew S. Bowman\, The Ohio State University",PRJNA1051292,SAMN38768461,Viral,25171593,EMORY UNIVERSITY,"Bowman Lab\, OSU",2014-07-16,public,"fastq,run.zq,sra","gs,ncbi,s3","gs.us-east1,ncbi.public,s3.us-east-1",Influenza A infection,SRX22861377,USA,North America,USA: Indiana,Sub_adult,Sus scrofa domesticus,snout,Illumina MiSeq,pigID-37333,nasal wipe,3030938262_ZZYV8WON_v1_S93,PAIRED,RT-PCR,VIRAL RNA,Influenza A virus,No passages prior to sequencing,ILLUMINA,2023-12-12T00:00:00Z,2023-12-12T01:08:00Z,1,28.8,pig37333_day5,14SW6140,SRP477429,mix,H3N2,male
SRR27181038,WGS,300,151025700,"Andrew S. Bowman\, The Ohio State University",PRJNA1051292,SAMN38768460,Viral,64326163,EMORY UNIVERSITY,"Bowman Lab\, OSU",2014-07-16,public,"fastq,run.zq,sra","gs,ncbi,s3","gs.us-east1,ncbi.public,s3.us-east-1",Influenza A infection,SRX22861376,USA,North America,USA: Indiana,Sub_adult,Sus scrofa domesticus,snout,Illumina MiSeq,pigID-20578,nasal wipe,3030938088_ZZYV8WJT_v1_S333,PAIRED,RT-PCR,VIRAL RNA,Influenza A virus,No passages prior to sequencing,ILLUMINA,2023-12-12T00:00:00Z,2023-12-12T01:09:00Z,1,24.8,pig20578_day5,14SW6139,SRP477429,mix,H3N2,
SRR27181039,WGS,300,170250600,"Andrew S. Bowman\, The Ohio State University",PRJNA1051292,SAMN38768118,Viral,72908241,EMORY UNIVERSITY,"Bowman Lab\, OSU",2014-07-13,public,"fastq,run.zq,sra","gs,ncbi,s3","gs.us-east1,ncbi.public,s3.us-east-1",Influenza A infection,SRX22861375,USA,North America,USA: Indiana,Sub_adult,Sus scrofa domesticus,snout,Illumina MiSeq,pigID-20579,nasal wipe,3030938009_ZZYV8WHM_v1_S142,PAIRED,RT-PCR,VIRAL RNA,Influenza A virus,No passages prior to sequencing,ILLUMINA,2023-12-12T00:00:00Z,2023-12-12T01:09:00Z,1,22.9,pig20579_day2,14SW4920,SRP477429,mix,H3N2,female
SRR27181040,WGS,300,230751300,"Andrew S. Bowman\, The Ohio State University",PRJNA1051292,SAMN38768458,Viral,97961439,EMORY UNIVERSITY,"Bowman Lab\, OSU",2014-07-16,public,"fastq,run.zq,sra","gs,ncbi,s3","gs.us-east1,ncbi.public,s3.us-east-1",Influenza A infection,SRX22861373,USA,North America,USA: Indiana,Sub_adult,Sus scrofa domesticus,snout,Illumina MiSeq,pigID-37139,nasal wipe,3030938050_ZZYV8WIR_v1_S377,PAIRED,RT-PCR,VIRAL RNA,Influenza A virus,No passages prior to sequencing,ILLUMINA,2023-12-12T00:00:00Z,2023-12-12T01:09:00Z,1,24,pig37139_day5,14SW6136,SRP477429,York,H3N2,male
SRR27181041,WGS,300,108823200,"Andrew S. Bowman\, The Ohio State University",PRJNA1051292,SAMN38768457,Viral,45820382,EMORY UNIVERSITY,"Bowman Lab\, OSU",2014-07-16,public,"fastq,run.zq,sra","gs,ncbi,s3","gs.us-east1,ncbi.public,s3.us-east-1",Influenza A infection,SRX22861372,USA,North America,USA: Indiana,Sub_adult,Sus scrofa domesticus,snout,Illumina MiSeq,pigID-20602,nasal wipe,3030937877_ZZYV8WDY_v1_S5,PAIRED,RT-PCR,VIRAL RNA,Influenza A virus,No passages prior to sequencing,ILLUMINA,2023-12-12T00:00:00Z,2023-12-12T01:09:00Z,1,18.5,pig20602_day5,14SW6135,SRP477429,Spot,H3N2,female
SRR27181042,WGS,300,67479900,"Andrew S. Bowman\, The Ohio State University",PRJNA1051292,SAMN38768456,Viral,28635304,EMORY UNIVERSITY,"Bowman Lab\, OSU",2014-07-16,public,"fastq,run.zq,sra","gs,ncbi,s3","gs.us-east1,ncbi.public,s3.us-east-1",Influenza A infection,SRX22861371,USA,North America,USA: Indiana,Sub_adult,Sus scrofa domesticus,snout,Illumina MiSeq,pigID-37104,nasal wipe,3030938026_ZZYV8WI3_v1_S1,PAIRED,RT-PCR,VIRAL RNA,Influenza A virus,No passages prior to sequencing,ILLUMINA,2023-12-12T00:00:00Z,2023-12-12T01:08:00Z,1,23.4,pig37104_day5,14SW6134,SRP477429,mix,H3N2,male
SRR27181043,WGS,300,89537400,"Andrew S. Bowman\, The Ohio State University",PRJNA1051292,SAMN38768459,Viral,37663873,EMORY UNIVERSITY,"Bowman Lab\, OSU",2014-07-16,public,"fastq,run.zq,sra","gs,ncbi,s3","gs.us-east1,ncbi.public,s3.us-east-1",Influenza A infection,SRX22861374,USA,North America,USA: Indiana,Sub_adult,Sus scrofa domesticus,snout,Illumina MiSeq,pigID-20579,nasal wipe,3030937892_ZZYV8WED_v1_S145,PAIRED,RT-PCR,VIRAL RNA,Influenza A virus,No passages prior to sequencing,ILLUMINA,2023-12-12T00:00:00Z,2023-12-12T01:08:00Z,1,19.7,pig20579_day5,14SW6138,SRP477429,mix,H3N2,female
SRR27181044,WGS,300,184365300,"Andrew S. Bowman\, The Ohio State University",PRJNA1051292,SAMN38768455,Viral,78674799,EMORY UNIVERSITY,"Bowman Lab\, OSU",2014-07-16,public,"fastq,run.zq,sra","gs,ncbi,s3","gs.us-east1,ncbi.public,s3.us-east-1",Influenza A infection,SRX22861370,USA,North America,USA: Indiana,Sub_adult,Sus scrofa domesticus,snout,Illumina MiSeq,pigID-37141,nasal wipe,3030938300_ZZYV8WPP_v1_S45,PAIRED,RT-PCR,VIRAL RNA,Influenza A virus,No passages prior to sequencing,ILLUMINA,2023-12-12T00:00:00Z,2023-12-12T01:09:00Z,1,29.5,pig37141_day5,14SW6133,SRP477429,mix,H3N2,male
SRR27181045,WGS,300,127298400,"Andrew S. Bowman\, The Ohio State University",PRJNA1051292,SAMN38768454,Viral,54909159,EMORY UNIVERSITY,"Bowman Lab\, OSU",2014-07-16,public,"fastq,run.zq,sra","gs,ncbi,s3","gs.us-east1,ncbi.public,s3.us-east-1",Influenza A infection,SRX22861369,USA,North America,USA: Indiana,Sub_adult,Sus scrofa domesticus,snout,Illumina MiSeq,pigID-20601,nasal wipe,3030938199_ZZYV8WMW_v1_S141,PAIRED,RT-PCR,VIRAL RNA,Influenza A virus,No passages prior to sequencing,ILLUMINA,2023-12-12T00:00:00Z,2023-12-12T01:09:00Z,1,27.5,pig20601_day5,14SW6131,SRP477429,Hamp,H3N2,male
SRR27181046,WGS,300,103612500,"Andrew S. Bowman\, The Ohio State University",PRJNA1051292,SAMN38768453,Viral,43700355,EMORY UNIVERSITY,"Bowman Lab\, OSU",2014-07-16,public,"fastq,run.zq,sra","gs,ncbi,s3","gs.us-east1,ncbi.public,s3.us-east-1",Influenza A infection,SRX22861368,USA,North America,USA: Indiana,Sub_adult,Sus scrofa domesticus,snout,Illumina MiSeq,pigID-37319,nasal wipe,3030937880_ZZYV8WE1_v1_S97,PAIRED,RT-PCR,VIRAL RNA,Influenza A virus,No passages prior to sequencing,ILLUMINA,2023-12-12T00:00:00Z,2023-12-12T01:09:00Z,1,18.8,pig37319_day5,14SW6130,SRP477429,mix,H3N2,male
SRR27181047,WGS,300,176442600,"Andrew S. Bowman\, The Ohio State University",PRJNA1051292,SAMN38768452,Viral,75165736,EMORY UNIVERSITY,"Bowman Lab\, OSU",2014-07-16,public,"fastq,run.zq,sra","gs,ncbi,s3","gs.us-east1,ncbi.public,s3.us-east-1",Influenza A infection,SRX22861367,USA,North America,USA: Indiana,Sub_adult,Sus scrofa domesticus,snout,Illumina MiSeq,pigID-37318,nasal wipe,3030937884_ZZYV8WE5_v1_S332,PAIRED,RT-PCR,VIRAL RNA,Influenza A virus,No passages prior to sequencing,ILLUMINA,2023-12-12T00:00:00Z,2023-12-12T01:09:00Z,1,19.3,pig37318_day5,14SW6129,SRP477429,mix,H3N2,male
SRR27181048,WGS,300,185981100,"Andrew S. Bowman\, The Ohio State University",PRJNA1051292,SAMN38768450,Viral,79032632,EMORY UNIVERSITY,"Bowman Lab\, OSU",2014-07-16,public,"fastq,run.zq,sra","gs,ncbi,s3","gs.us-east1,ncbi.public,s3.us-east-1",Influenza A infection,SRX22861365,USA,North America,USA: Indiana,Sub_adult,Sus scrofa domesticus,snout,Illumina MiSeq,pigID-37299,nasal wipe,3030938235_ZZYV8WNW_v1_S37,PAIRED,RT-PCR,VIRAL RNA,Influenza A virus,No passages prior to sequencing,ILLUMINA,2023-12-12T00:00:00Z,2023-12-12T01:09:00Z,1,28.2,pig37299_day5,14SW6126,SRP477429,mix,H1N1/H3N2 double infection,female
SRR27181049,WGS,300,107988900,"Andrew S. Bowman\, The Ohio State University",PRJNA1051292,SAMN38768117,Viral,46639122,EMORY UNIVERSITY,"Bowman Lab\, OSU",2014-07-13,public,"fastq,run.zq,sra","gs,ncbi,s3","gs.us-east1,ncbi.public,s3.us-east-1",Influenza A infection,SRX22861364,USA,North America,USA: Indiana,Sub_adult,Sus scrofa domesticus,snout,Illumina MiSeq,pigID-37183,nasal wipe,3030938325_ZZYV8WQE_v1_S78,PAIRED,RT-PCR,VIRAL RNA,Influenza A virus,No passages prior to sequencing,ILLUMINA,2023-12-12T00:00:00Z,2023-12-12T01:09:00Z,1,30.2,pig37183_day2,14SW4884,SRP477429,mix,H1N1,male
SRR27181050,WGS,300,29513400,"Andrew S. Bowman\, The Ohio State University",PRJNA1051292,SAMN38768449,Viral,12684221,EMORY UNIVERSITY,"Bowman Lab\, OSU",2014-07-16,public,"fastq,run.zq,sra","gs,ncbi,s3","gs.us-east1,ncbi.public,s3.us-east-1",Influenza A infection,SRX22861363,USA,North America,USA: Indiana,Sub_adult,Sus scrofa domesticus,snout,Illumina MiSeq,pigID-37122,nasal wipe,3030938241_ZZYV8WO2_v1_S367,PAIRED,RT-PCR,VIRAL RNA,Influenza A virus,No passages prior to sequencing,ILLUMINA,2023-12-12T00:00:00Z,2023-12-12T01:09:00Z,1,28.4,pig37122_day5,14SW6124,SRP477429,Spot,H3N2,female
SRR27181051,WGS,300,188511900,"Andrew S. Bowman\, The Ohio State University",PRJNA1051292,SAMN38768451,Viral,81467566,EMORY UNIVERSITY,"Bowman Lab\, OSU",2014-07-16,public,"fastq,run.zq,sra","gs,ncbi,s3","gs.us-east1,ncbi.public,s3.us-east-1",Influenza A infection,SRX22861366,USA,North America,USA: Indiana,Sub_adult,Sus scrofa domesticus,snout,Illumina MiSeq,pigID-37317,nasal wipe,3030937898_ZZYV8WEJ_v1_S236,PAIRED,RT-PCR,VIRAL RNA,Influenza A virus,No passages prior to sequencing,ILLUMINA,2023-12-12T00:00:00Z,2023-12-12T01:09:00Z,1,19.8,pig37317_day5,14SW6128,SRP477429,Spot,H3N2,male
SRR27181052,WGS,300,144073800,"Andrew S. Bowman\, The Ohio State University",PRJNA1051292,SAMN38768448,Viral,60866452,EMORY UNIVERSITY,"Bowman Lab\, OSU",2014-07-16,public,"fastq,run.zq,sra","gs,ncbi,s3","gs.us-east1,ncbi.public,s3.us-east-1",Influenza A infection,SRX22861362,USA,North America,USA: Indiana,Sub_adult,Sus scrofa domesticus,snout,Illumina MiSeq,pigID-37307,nasal wipe,3030938206_ZZYV8WN3_v1_S85,PAIRED,RT-PCR,VIRAL RNA,Influenza A virus,No passages prior to sequencing,ILLUMINA,2023-12-12T00:00:00Z,2023-12-12T01:09:00Z,1,27.6,pig37307_day5,14SW6119,SRP477429,mix,H1N1/H3N2 reassortant,male
SRR27181053,WGS,300,225252300,"Andrew S. Bowman\, The Ohio State University",PRJNA1051292,SAMN38768447,Viral,95648137,EMORY UNIVERSITY,"Bowman Lab\, OSU",2014-07-16,public,"fastq,run.zq,sra","gs,ncbi,s3","gs.us-east1,ncbi.public,s3.us-east-1",Influenza A infection,SRX22861361,USA,North America,USA: Indiana,Sub_adult,Sus scrofa domesticus,snout,Illumina MiSeq,pigID-37282,nasal wipe,3030937895_ZZYV8WEG_v1_S281,PAIRED,RT-PCR,VIRAL RNA,Influenza A virus,No passages prior to sequencing,ILLUMINA,2023-12-12T00:00:00Z,2023-12-12T01:09:00Z,1,19.8,pig37282_day5,14SW6117,SRP477429,Duroc,H1N1/H3N2 double infection,female
SRR27181054,WGS,300,109482300,"Andrew S. Bowman\, The Ohio State University",PRJNA1051292,SAMN38768446,Viral,47198807,EMORY UNIVERSITY,"Bowman Lab\, OSU",2014-07-16,public,"fastq,run.zq,sra","gs,ncbi,s3","gs.us-east1,ncbi.public,s3.us-east-1",Influenza A infection,SRX22861360,USA,North America,USA: Indiana,Sub_adult,Sus scrofa domesticus,snout,Illumina MiSeq,pigID-37281,nasal wipe,3030938269_ZZYV8WOU_v1_S321,PAIRED,RT-PCR,VIRAL RNA,Influenza A virus,No passages prior to sequencing,ILLUMINA,2023-12-12T00:00:00Z,2023-12-12T01:09:00Z,1,28.9,pig37281_day5,14SW6116,SRP477429,mix,H3N2,male
SRR27181055,WGS,300,87163200,"Andrew S. Bowman\, The Ohio State University",PRJNA1051292,SAMN38768445,Viral,37203752,EMORY UNIVERSITY,"Bowman Lab\, OSU",2014-07-16,public,"fastq,run.zq,sra","gs,ncbi,s3","gs.us-east1,ncbi.public,s3.us-east-1",Influenza A infection,SRX22861359,USA,North America,USA: Indiana,Sub_adult,Sus scrofa domesticus,snout,Illumina MiSeq,pigID-37280,nasal wipe,3030938078_ZZYV8WJJ_v1_S277,PAIRED,RT-PCR,VIRAL RNA,Influenza A virus,No passages prior to sequencing,ILLUMINA,2023-12-12T00:00:00Z,2023-12-12T01:09:00Z,1,24.7,pig37280_day5,14SW6115,SRP477429,mix,H3N2,male
SRR27181056,WGS,300,2058900,"Andrew S. Bowman\, The Ohio State University",PRJNA1051292,SAMN38768385,Viral,961953,EMORY UNIVERSITY,"Bowman Lab\, OSU",2014-07-16,public,"fastq,run.zq,sra","gs,ncbi,s3","gs.us-east1,ncbi.public,s3.us-east-1",Influenza A infection,SRX22861357,USA,North America,USA: Indiana,Sub_adult,Sus scrofa domesticus,snout,Illumina MiSeq,pigID-37134,nasal wipe,3030937930_ZZYV8WFF_v1_S349,PAIRED,RT-PCR,VIRAL RNA,Influenza A virus,No passages prior to sequencing,ILLUMINA,2023-12-12T00:00:00Z,2023-12-12T01:08:00Z,1,21.3,pig37134_day5,14SW5999,SRP477429,mix,H3N2,male
SRR27181057,WGS,300,182460300,"Andrew S. Bowman\, The Ohio State University",PRJNA1051292,SAMN38768384,Viral,77355391,EMORY UNIVERSITY,"Bowman Lab\, OSU",2014-07-16,public,"fastq,run.zq,sra","gs,ncbi,s3","gs.us-east1,ncbi.public,s3.us-east-1",Influenza A infection,SRX22861356,USA,North America,USA: Indiana,Sub_adult,Sus scrofa domesticus,snout,Illumina MiSeq,pigID-37290,nasal wipe,3030937977_ZZYV8WGQ_v1_S109,PAIRED,RT-PCR,VIRAL RNA,Influenza A virus,No passages prior to sequencing,ILLUMINA,2023-12-12T00:00:00Z,2023-12-12T01:09:00Z,1,22.4,pig37290_day5,14SW5998,SRP477429,Berk,H1N1,female
SRR27181058,WGS,300,148407000,"Andrew S. Bowman\, The Ohio State University",PRJNA1051292,SAMN38768383,Viral,63702561,EMORY UNIVERSITY,"Bowman Lab\, OSU",2014-07-16,public,"fastq,run.zq,sra","gs,ncbi,s3","gs.us-east1,ncbi.public,s3.us-east-1",Influenza A infection,SRX22861355,USA,North America,USA: Indiana,Sub_adult,Sus scrofa domesticus,snout,Illumina MiSeq,pigID-37291,nasal wipe,3030938230_ZZYV8WNR_v1_S249,PAIRED,RT-PCR,VIRAL RNA,Influenza A virus,No passages prior to sequencing,ILLUMINA,2023-12-12T00:00:00Z,2023-12-12T01:09:00Z,1,28.1,pig37291_day5,14SW5997,SRP477429,Berk,H3N2,male
SRR27181059,WGS,300,23020500,"Andrew S. Bowman\, The Ohio State University",PRJNA1051292,SAMN38768386,Viral,9996964,EMORY UNIVERSITY,"Bowman Lab\, OSU",2014-07-16,public,"fastq,run.zq,sra","gs,ncbi,s3","gs.us-east1,ncbi.public,s3.us-east-1",Influenza A infection,SRX22861358,USA,North America,USA: Indiana,Sub_adult,Sus scrofa domesticus,snout,Illumina MiSeq,pigID-37135,nasal wipe,3030938135_ZZYV8WL4_v1_S345,PAIRED,RT-PCR,VIRAL RNA,Influenza A virus,No passages prior to sequencing,ILLUMINA,2023-12-12T00:00:00Z,2023-12-12T01:09:00Z,1,25.9,pig37135_day5,14SW6000,SRP477429,mix,H3N2,male
SRR27181060,WGS,300,167031900,"Andrew S. Bowman\, The Ohio State University",PRJNA1051292,SAMN38768382,Viral,71290924,EMORY UNIVERSITY,"Bowman Lab\, OSU",2014-07-16,public,"fastq,run.zq,sra","gs,ncbi,s3","gs.us-east1,ncbi.public,s3.us-east-1",Influenza A infection,SRX22861354,USA,North America,USA: Indiana,Sub_adult,Sus scrofa domesticus,snout,Illumina MiSeq,pigID-37292,nasal wipe,3030938311_ZZYV8WQ0_v1_S376,PAIRED,RT-PCR,VIRAL RNA,Influenza A virus,No passages prior to sequencing,ILLUMINA,2023-12-12T00:00:00Z,2023-12-12T01:09:00Z,1,29.9,pig37292_day5,14SW5996,SRP477429,mix,,male
SRR27181061,WGS,300,197848800,"Andrew S. Bowman\, The Ohio State University",PRJNA1051292,SAMN38768381,Viral,84321392,EMORY UNIVERSITY,"Bowman Lab\, OSU",2014-07-16,public,"fastq,run.zq,sra","gs,ncbi,s3","gs.us-east1,ncbi.public,s3.us-east-1",Influenza A infection,SRX22861353,USA,North America,USA: Indiana,Sub_adult,Sus scrofa domesticus,snout,Illumina MiSeq,pigID-37241,nasal wipe,3030937912_ZZYV8WEX_v1_S180,PAIRED,RT-PCR,VIRAL RNA,Influenza A virus,No passages prior to sequencing,ILLUMINA,2023-12-12T00:00:00Z,2023-12-12T01:12:00Z,1,20.4,pig37241_day5,14SW5994,SRP477429,Berk,H1N1/H3N2 double infection,male
SRR27181062,WGS,300,137316900,"Andrew S. Bowman\, The Ohio State University",PRJNA1051292,SAMN38768380,Viral,59559294,EMORY UNIVERSITY,"Bowman Lab\, OSU",2014-07-16,public,"fastq,run.zq,sra","gs,ncbi,s3","gs.us-east1,ncbi.public,s3.us-east-1",Influenza A infection,SRX22861352,USA,North America,USA: Indiana,Sub_adult,Sus scrofa domesticus,snout,Illumina MiSeq,pigID-37240,nasal wipe,3030938337_ZZYV8WQQ_v1_S53,PAIRED,RT-PCR,VIRAL RNA,Influenza A virus,No passages prior to sequencing,ILLUMINA,2023-12-12T00:00:00Z,2023-12-12T01:08:00Z,1,30.5,pig37240_day5,14SW5993,SRP477429,Hamp,H3N2,female
SRR27181063,WGS,300,171725700,"Andrew S. Bowman\, The Ohio State University",PRJNA1051292,SAMN38768110,Viral,73518827,EMORY UNIVERSITY,"Bowman Lab\, OSU",2014-07-13,public,"fastq,run.zq,sra","gs,ncbi,s3","gs.us-east1,ncbi.public,s3.us-east-1",Influenza A infection,SRX22861351,USA,North America,USA: Indiana,Sub_adult,Sus scrofa domesticus,snout,Illumina MiSeq,pigID-20430,nasal wipe,3030938103_ZZYV8WK8_v1_S242,PAIRED,RT-PCR,VIRAL RNA,Influenza A virus,No passages prior to sequencing,ILLUMINA,2023-12-12T00:00:00Z,2023-12-12T01:08:00Z,1,25.1,pig20430_day2,14SW4597,SRP477429,mix,H1N1,female
SRR27181064,WGS,300,1800,"Andrew S. Bowman\, The Ohio State University",PRJNA1051292,SAMN38768379,Viral,61287,EMORY UNIVERSITY,"Bowman Lab\, OSU",2014-07-16,public,"fastq,sra","gs,ncbi,s3","gs.us-east1,ncbi.public,s3.us-east-1",Influenza A infection,SRX22861349,USA,North America,USA: Indiana,Sub_adult,Sus scrofa domesticus,snout,Illumina MiSeq,pigID-37215,nasal wipe,3030938240_ZZYV8WO1_v1_S164,PAIRED,RT-PCR,VIRAL RNA,Influenza A virus,No passages prior to sequencing,ILLUMINA,2023-12-12T00:00:00Z,2023-12-12T01:08:00Z,1,28.4,pig37215_day5,14SW5992,SRP477429,Hamp,,female
SRR27181065,WGS,300,167957400,"Andrew S. Bowman\, The Ohio State University",PRJNA1051292,SAMN38768378,Viral,71317332,EMORY UNIVERSITY,"Bowman Lab\, OSU",2014-07-16,public,"fastq,run.zq,sra","gs,ncbi,s3","gs.us-east1,ncbi.public,s3.us-east-1",Influenza A infection,SRX22861348,USA,North America,USA: Indiana,Sub_adult,Sus scrofa domesticus,snout,Illumina MiSeq,pigID-37128,nasal wipe,3030937886_ZZYV8WE7_v1_S80,PAIRED,RT-PCR,VIRAL RNA,Influenza A virus,No passages prior to sequencing,ILLUMINA,2023-12-12T00:00:00Z,2023-12-12T01:08:00Z,1,19.4,pig37128_day5,14SW5990,SRP477429,mix,H1N1/H3N2 double infection,female
SRR27181066,WGS,300,139289700,"Andrew S. Bowman\, The Ohio State University",PRJNA1051292,SAMN38768377,Viral,59302262,EMORY UNIVERSITY,"Bowman Lab\, OSU",2014-07-16,public,"fastq,run.zq,sra","gs,ncbi,s3","gs.us-east1,ncbi.public,s3.us-east-1",Influenza A infection,SRX22861347,USA,North America,USA: Indiana,Sub_adult,Sus scrofa domesticus,snout,Illumina MiSeq,pigID-20431,nasal wipe,3030938228_ZZYV8WNP_v1_S264,PAIRED,RT-PCR,VIRAL RNA,Influenza A virus,No passages prior to sequencing,ILLUMINA,2023-12-12T00:00:00Z,2023-12-12T01:08:00Z,1,28,pig20431_day5,14SW5989,SRP477429,mix,H1N1/H3N2 double infection,male
SRR27181067,WGS,266,2439435885,"Andrew S. Bowman\, The Ohio State University",PRJNA1051292,SAMN38768422,Viral,863470868,EMORY UNIVERSITY,"Bowman Lab\, OSU",2014-07-16,public,"fastq,run.zq,sra","gs,ncbi,s3","gs.us-east1,ncbi.public,s3.us-east-1",Influenza A infection,SRX22861350,USA,North America,USA: Indiana,Sub_adult,Sus scrofa domesticus,snout,Illumina NovaSeq 6000,pigID-37155,nasal wipe,3030938111_ZZYV1QP7_v2_S136,PAIRED,RT-PCR,VIRAL RNA,Influenza A virus,No passages prior to sequencing,ILLUMINA,2023-12-12T00:00:00Z,2023-12-12T01:12:00Z,1,25.3,pig37155_day5,14SW6083,SRP477429,mix,H1N1,male
SRR27181068,WGS,300,103983900,"Andrew S. Bowman\, The Ohio State University",PRJNA1051292,SAMN38768376,Viral,44835652,EMORY UNIVERSITY,"Bowman Lab\, OSU",2014-07-16,public,"fastq,run.zq,sra","gs,ncbi,s3","gs.us-east1,ncbi.public,s3.us-east-1",Influenza A infection,SRX22861346,USA,North America,USA: Indiana,Sub_adult,Sus scrofa domesticus,snout,Illumina MiSeq,pigID-37197,nasal wipe,3030938249_ZZYV8WOA_v1_S232,PAIRED,RT-PCR,VIRAL RNA,Influenza A virus,No passages prior to sequencing,ILLUMINA,2023-12-12T00:00:00Z,2023-12-12T01:08:00Z,1,28.5,pig37197_day5,14SW5987,SRP477429,mix,H3N2,female
SRR27181069,WGS,300,127545000,"Andrew S. Bowman\, The Ohio State University",PRJNA1051292,SAMN38768375,Viral,54259214,EMORY UNIVERSITY,"Bowman Lab\, OSU",2014-07-16,public,"fastq,run.zq,sra","gs,ncbi,s3","gs.us-east1,ncbi.public,s3.us-east-1",Influenza A infection,SRX22861345,USA,North America,USA: Indiana,Sub_adult,Sus scrofa domesticus,snout,Illumina MiSeq,pigID-37196,nasal wipe,3030938164_ZZYV8WLX_v1_S64,PAIRED,RT-PCR,VIRAL RNA,Influenza A virus,No passages prior to sequencing,ILLUMINA,2023-12-12T00:00:00Z,2023-12-12T01:09:00Z,1,26.7,pig37196_day5,14SW5986,SRP477429,mix,H1N1/H3N2 double infection,male
SRR27181070,WGS,300,196013700,"Andrew S. Bowman\, The Ohio State University",PRJNA1051292,SAMN38768374,Viral,83172426,EMORY UNIVERSITY,"Bowman Lab\, OSU",2014-07-16,public,"fastq,run.zq,sra","gs,ncbi,s3","gs.us-east1,ncbi.public,s3.us-east-1",Influenza A infection,SRX22861344,USA,North America,USA: Indiana,Sub_adult,Sus scrofa domesticus,snout,Illumina MiSeq,pigID-37198,nasal wipe,3030937936_ZZYV8WFL_v1_S280,PAIRED,RT-PCR,VIRAL RNA,Influenza A virus,No passages prior to sequencing,ILLUMINA,2023-12-12T00:00:00Z,2023-12-12T01:08:00Z,1,21.4,pig37198_day5,14SW5985,SRP477429,mix,H1N1/H3N2 reassortant,male
SRR27181071,WGS,300,11967600,"Andrew S. Bowman\, The Ohio State University",PRJNA1051292,SAMN38768373,Viral,5486544,EMORY UNIVERSITY,"Bowman Lab\, OSU",2014-07-16,public,"fastq,run.zq,sra","gs,ncbi,s3","gs.us-east1,ncbi.public,s3.us-east-1",Influenza A infection,SRX22861343,USA,North America,USA: Indiana,Sub_adult,Sus scrofa domesticus,snout,Illumina MiSeq,pigID-37195,nasal wipe,3030938354_ZZYV8WR7_v1_S153,PAIRED,RT-PCR,VIRAL RNA,Influenza A virus,No passages prior to sequencing,ILLUMINA,2023-12-12T00:00:00Z,2023-12-12T01:08:00Z,1,30.8,pig37195_day5,14SW5984,SRP477429,Berk,,female
SRR27181072,WGS,300,51433200,"Andrew S. Bowman\, The Ohio State University",PRJNA1051292,SAMN38768371,Viral,21964424,EMORY UNIVERSITY,"Bowman Lab\, OSU",2014-07-16,public,"fastq,run.zq,sra","gs,ncbi,s3","gs.us-east1,ncbi.public,s3.us-east-1",Influenza A infection,SRX22861341,USA,North America,USA: Indiana,Sub_adult,Sus scrofa domesticus,snout,Illumina MiSeq,pigID-20422,nasal wipe,3030938219_ZZYV8WNG_v1_S362,PAIRED,RT-PCR,VIRAL RNA,Influenza A virus,No passages prior to sequencing,ILLUMINA,2023-12-12T00:00:00Z,2023-12-12T01:08:00Z,1,27.8,pig20422_day5,14SW5969,SRP477429,Hamp,H1N1,male
SRR27181073,WGS,300,181025700,"Andrew S. Bowman\, The Ohio State University",PRJNA1051292,SAMN38768370,Viral,76989467,EMORY UNIVERSITY,"Bowman Lab\, OSU",2014-07-16,public,"fastq,run.zq,sra","gs,ncbi,s3","gs.us-east1,ncbi.public,s3.us-east-1",Influenza A infection,SRX22861340,USA,North America,USA: Indiana,Sub_adult,Sus scrofa domesticus,snout,Illumina MiSeq,pigID-20506,nasal wipe,3030938045_ZZYV8WIM_v1_S101,PAIRED,RT-PCR,VIRAL RNA,Influenza A virus,No passages prior to sequencing,ILLUMINA,2023-12-12T00:00:00Z,2023-12-12T01:09:00Z,1,23.9,pig20506_day5,14SW5966,SRP477429,mix,H1N1/H3N2 double infection,male
SRR27181074,WGS,300,115928100,"Andrew S. Bowman\, The Ohio State University",PRJNA1051292,SAMN38768109,Viral,49333977,EMORY UNIVERSITY,"Bowman Lab\, OSU",2014-07-13,public,"fastq,run.zq,sra","gs,ncbi,s3","gs.us-east1,ncbi.public,s3.us-east-1",Influenza A infection,SRX22861339,USA,North America,USA: Indiana,Sub_adult,Sus scrofa domesticus,snout,Illumina MiSeq,pigID-20423,nasal wipe,3030938153_ZZYV8WLM_v1_S130,PAIRED,RT-PCR,VIRAL RNA,Influenza A virus,No passages prior to sequencing,ILLUMINA,2023-12-12T00:00:00Z,2023-12-12T01:09:00Z,1,26.3,pig20423_day2,14SW4596,SRP477429,mix,H1N1,female
SRR27181075,WGS,300,180232200,"Andrew S. Bowman\, The Ohio State University",PRJNA1051292,SAMN38768372,Viral,76764251,EMORY UNIVERSITY,"Bowman Lab\, OSU",2014-07-16,public,"fastq,run.zq,sra","gs,ncbi,s3","gs.us-east1,ncbi.public,s3.us-east-1",Influenza A infection,SRX22861342,USA,North America,USA: Indiana,Sub_adult,Sus scrofa domesticus,snout,Illumina MiSeq,pigID-20429,nasal wipe,3030938079_ZZYV8WJK_v1_S201,PAIRED,RT-PCR,VIRAL RNA,Influenza A virus,No passages prior to sequencing,ILLUMINA,2023-12-12T00:00:00Z,2023-12-12T01:09:00Z,1,24.7,pig20429_day5,14SW5971,SRP477429,Hamp,H1N1,
SRR27181076,WGS,300,95777400,"Andrew S. Bowman\, The Ohio State University",PRJNA1051292,SAMN38768369,Viral,41609045,EMORY UNIVERSITY,"Bowman Lab\, OSU",2014-07-16,public,"fastq,run.zq,sra","gs,ncbi,s3","gs.us-east1,ncbi.public,s3.us-east-1",Influenza A infection,SRX22861338,USA,North America,USA: Indiana,Sub_adult,Sus scrofa domesticus,snout,Illumina MiSeq,pigID-20499,nasal wipe,3030938113_ZZYV8WKI_v1_S296,PAIRED,RT-PCR,VIRAL RNA,Influenza A virus,No passages prior to sequencing,ILLUMINA,2023-12-12T00:00:00Z,2023-12-12T01:08:00Z,1,25.4,pig20499_day5,14SW5959,SRP477429,mix,H1N1/H3N2 double infection,female
SRR27181077,WGS,300,226644000,"Andrew S. Bowman\, The Ohio State University",PRJNA1051292,SAMN38768368,Viral,96793052,EMORY UNIVERSITY,"Bowman Lab\, OSU",2014-07-16,public,"fastq,run.zq,sra","gs,ncbi,s3","gs.us-east1,ncbi.public,s3.us-east-1",Influenza A infection,SRX22861581,USA,North America,USA: Indiana,Sub_adult,Sus scrofa domesticus,snout,Illumina MiSeq,pigID-20563,nasal wipe,3030938066_ZZYV8WJ7_v1_S4,PAIRED,RT-PCR,VIRAL RNA,Influenza A virus,No passages prior to sequencing,ILLUMINA,2023-12-12T00:00:00Z,2023-12-12T01:09:00Z,1,24.3,pig20563_day5,14SW5957,SRP477429,mix,H1N1/H3N2 reassortant,male
SRR27181078,WGS,300,53221200,"Andrew S. Bowman\, The Ohio State University",PRJNA1051292,SAMN38768309,Viral,22953570,EMORY UNIVERSITY,"Bowman Lab\, OSU",2014-07-16,public,"fastq,run.zq,sra","gs,ncbi,s3","gs.us-east1,ncbi.public,s3.us-east-1",Influenza A infection,SRX22861336,USA,North America,USA: Indiana,Sub_adult,Sus scrofa domesticus,snout,Illumina MiSeq,pigID-37344,nasal wipe,3030938128_ZZYV8WKX_v1_S11,PAIRED,RT-PCR,VIRAL RNA,Influenza A virus,No passages prior to sequencing,ILLUMINA,2023-12-12T00:00:00Z,2023-12-12T01:09:00Z,1,25.8,pig37344_day5,14SW5875,SRP477429,York,H3N2,male
SRR27181079,WGS,300,164104800,"Andrew S. Bowman\, The Ohio State University",PRJNA1051292,SAMN38768308,Viral,70777458,EMORY UNIVERSITY,"Bowman Lab\, OSU",2014-07-16,public,"fastq,run.zq,sra","gs,ncbi,s3","gs.us-east1,ncbi.public,s3.us-east-1",Influenza A infection,SRX22861335,USA,North America,USA: Indiana,Sub_adult,Sus scrofa domesticus,snout,Illumina MiSeq,pigID-37364,nasal wipe,3030938185_ZZYV8WMI_v1_S156,PAIRED,RT-PCR,VIRAL RNA,Influenza A virus,No passages prior to sequencing,ILLUMINA,2023-12-12T00:00:00Z,2023-12-12T01:08:00Z,1,27.2,pig37364_day5,14SW5874,SRP477429,Hamp,H3N2,male
SRR27181080,WGS,300,84310800,"Andrew S. Bowman\, The Ohio State University",PRJNA1051292,SAMN38768307,Viral,36397313,EMORY UNIVERSITY,"Bowman Lab\, OSU",2014-07-16,public,"fastq,run.zq,sra","gs,ncbi,s3","gs.us-east1,ncbi.public,s3.us-east-1",Influenza A infection,SRX22861334,USA,North America,USA: Indiana,Sub_adult,Sus scrofa domesticus,snout,Illumina MiSeq,pigID-20632,nasal wipe,3030938277_ZZYV8WP2_v1_S224,PAIRED,RT-PCR,VIRAL RNA,Influenza A virus,No passages prior to sequencing,ILLUMINA,2023-12-12T00:00:00Z,2023-12-12T01:09:00Z,1,29,pig20632_day5,14SW5873,SRP477429,Hamp,H3N2,male
SRR27181081,WGS,300,82539600,"Andrew S. Bowman\, The Ohio State University",PRJNA1051292,SAMN38768103,Viral,35766074,EMORY UNIVERSITY,"Bowman Lab\, OSU",2014-07-13,public,"fastq,run.zq,sra","gs,ncbi,s3","gs.us-east1,ncbi.public,s3.us-east-1",Influenza A infection,SRX22861337,USA,North America,USA: Indiana,Sub_adult,Sus scrofa domesticus,snout,Illumina MiSeq,pigID-20644,nasal wipe,3030937934_ZZYV8WFJ_v1_S210,PAIRED,RT-PCR,VIRAL RNA,Influenza A virus,No passages prior to sequencing,ILLUMINA,2023-12-12T00:00:00Z,2023-12-12T01:08:00Z,1,21.4,pig20644_day2,14SW4573,SRP477429,mix,,female
SRR27181082,WGS,300,153201300,"Andrew S. Bowman\, The Ohio State University",PRJNA1051292,SAMN38768306,Viral,65688831,EMORY UNIVERSITY,"Bowman Lab\, OSU",2014-07-16,public,"fastq,run.zq,sra","gs,ncbi,s3","gs.us-east1,ncbi.public,s3.us-east-1",Influenza A infection,SRX22861333,USA,North America,USA: Indiana,Sub_adult,Sus scrofa domesticus,snout,Illumina MiSeq,pigID-20644,nasal wipe,3030938122_ZZYV8WKR_v1_S193,PAIRED,RT-PCR,VIRAL RNA,Influenza A virus,No passages prior to sequencing,ILLUMINA,2023-12-12T00:00:00Z,2023-12-12T01:08:00Z,1,25.7,pig20644_day5,14SW5872,SRP477429,mix,H3N2,female
SRR27181083,WGS,300,146282400,"Andrew S. Bowman\, The Ohio State University",PRJNA1051292,SAMN38768305,Viral,63200875,EMORY UNIVERSITY,"Bowman Lab\, OSU",2014-07-16,public,"fastq,run.zq,sra","gs,ncbi,s3","gs.us-east1,ncbi.public,s3.us-east-1",Influenza A infection,SRX22861332,USA,North America,USA: Indiana,Sub_adult,Sus scrofa domesticus,snout,Illumina MiSeq,pigID-37279,nasal wipe,3030938250_ZZYV8WOB_v1_S97,PAIRED,RT-PCR,VIRAL RNA,Influenza A virus,No passages prior to sequencing,ILLUMINA,2023-12-12T00:00:00Z,2023-12-12T01:08:00Z,1,28.5,pig37279_day5,14SW5871,SRP477429,,H3N2,
SRR27181084,WGS,300,168537300,"Andrew S. Bowman\, The Ohio State University",PRJNA1051292,SAMN38768304,Viral,72481192,EMORY UNIVERSITY,"Bowman Lab\, OSU",2014-07-16,public,"fastq,run.zq,sra","gs,ncbi,s3","gs.us-east1,ncbi.public,s3.us-east-1",Influenza A infection,SRX22861331,USA,North America,USA: Indiana,Sub_adult,Sus scrofa domesticus,snout,Illumina MiSeq,pigID-37120,nasal wipe,3030938253_ZZYV8WOE_v1_S197,PAIRED,RT-PCR,VIRAL RNA,Influenza A virus,No passages prior to sequencing,ILLUMINA,2023-12-12T00:00:00Z,2023-12-12T01:09:00Z,1,28.5,pig37120_day5,14SW5870,SRP477429,Berk,H3N2,male
SRR27181085,WGS,300,47304000,"Andrew S. Bowman\, The Ohio State University",PRJNA1051292,SAMN38768303,Viral,19976148,EMORY UNIVERSITY,"Bowman Lab\, OSU",2014-07-16,public,"fastq,run.zq,sra","gs,ncbi,s3","gs.us-east1,ncbi.public,s3.us-east-1",Influenza A infection,SRX22861330,USA,North America,USA: Indiana,Sub_adult,Sus scrofa domesticus,snout,Illumina MiSeq,pigID-20694,nasal wipe,3030938073_ZZYV8WJE_v1_S208,PAIRED,RT-PCR,VIRAL RNA,Influenza A virus,No passages prior to sequencing,ILLUMINA,2023-12-12T00:00:00Z,2023-12-12T01:09:00Z,1,24.6,pig20694_day5,14SW5869,SRP477429,mix,H3N2,female
SRR27181086,WGS,300,191062500,"Andrew S. Bowman\, The Ohio State University",PRJNA1051292,SAMN38768301,Viral,81586370,EMORY UNIVERSITY,"Bowman Lab\, OSU",2014-07-16,public,"fastq,run.zq,sra","gs,ncbi,s3","gs.us-east1,ncbi.public,s3.us-east-1",Influenza A infection,SRX22861328,USA,North America,USA: Indiana,Sub_adult,Sus scrofa domesticus,snout,Illumina MiSeq,pigID-20350,nasal wipe,3030938041_ZZYV8WII_v1_S160,PAIRED,RT-PCR,VIRAL RNA,Influenza A virus,No passages prior to sequencing,ILLUMINA,2023-12-12T00:00:00Z,2023-12-12T01:10:00Z,1,23.8,pig20350_day5,14SW5867,SRP477429,York,H3N2,male
SRR27181087,WGS,300,180652500,"Andrew S. Bowman\, The Ohio State University",PRJNA1051292,SAMN38768300,Viral,77431716,EMORY UNIVERSITY,"Bowman Lab\, OSU",2014-07-16,public,"fastq,run.zq,sra","gs,ncbi,s3","gs.us-east1,ncbi.public,s3.us-east-1",Influenza A infection,SRX22861327,USA,North America,USA: Indiana,Sub_adult,Sus scrofa domesticus,snout,Illumina MiSeq,pigID-20352,nasal wipe,3030938067_ZZYV8WJ8_v1_S308,PAIRED,RT-PCR,VIRAL RNA,Influenza A virus,No passages prior to sequencing,ILLUMINA,2023-12-12T00:00:00Z,2023-12-12T01:09:00Z,1,24.3,pig20352_day5,14SW5866,SRP477429,York,H3N2,male
SRR27181088,WGS,300,139526700,"Andrew S. Bowman\, The Ohio State University",PRJNA1051292,SAMN38768102,Viral,59634810,EMORY UNIVERSITY,"Bowman Lab\, OSU",2014-07-13,public,"fastq,run.zq,sra","gs,ncbi,s3","gs.us-east1,ncbi.public,s3.us-east-1",Influenza A infection,SRX22861326,USA,North America,USA: Indiana,Sub_adult,Sus scrofa domesticus,snout,Illumina MiSeq,pigID-37364,nasal wipe,3030938166_ZZYV8WLZ_v1_S62,PAIRED,RT-PCR,VIRAL RNA,Influenza A virus,No passages prior to sequencing,ILLUMINA,2023-12-12T00:00:00Z,2023-12-12T01:09:00Z,1,26.7,pig37364_day2,14SW4572,SRP477429,Hamp,H3N2,male
SRR27181089,WGS,300,116188200,"Andrew S. Bowman\, The Ohio State University",PRJNA1051292,SAMN38768302,Viral,49939578,EMORY UNIVERSITY,"Bowman Lab\, OSU",2014-07-16,public,"fastq,run.zq,sra","gs,ncbi,s3","gs.us-east1,ncbi.public,s3.us-east-1",Influenza A infection,SRX22861329,USA,North America,USA: Indiana,Sub_adult,Sus scrofa domesticus,snout,Illumina MiSeq,pigID-20351,nasal wipe,3030938366_ZZYV8WRJ_v1_S60,PAIRED,RT-PCR,VIRAL RNA,Influenza A virus,No passages prior to sequencing,ILLUMINA,2023-12-12T00:00:00Z,2023-12-12T01:09:00Z,1,31,pig20351_day5,14SW5868,SRP477429,Duroc,H3N2,female
SRR27181090,WGS,300,143146800,"Andrew S. Bowman\, The Ohio State University",PRJNA1051292,SAMN38768299,Viral,61220816,EMORY UNIVERSITY,"Bowman Lab\, OSU",2014-07-15,public,"fastq,run.zq,sra","gs,ncbi,s3","gs.us-east1,ncbi.public,s3.us-east-1",Influenza A infection,SRX22861325,USA,North America,USA: Indiana,Sub_adult,Sus scrofa domesticus,snout,Illumina MiSeq,pigID-20652,nasal wipe,3030938124_ZZYV8WKT_v1_S29,PAIRED,RT-PCR,VIRAL RNA,Influenza A virus,No passages prior to sequencing,ILLUMINA,2023-12-12T00:00:00Z,2023-12-12T01:08:00Z,1,25.7,pig20652_day4,14SW5853,SRP477429,mix,H1N1,female
SRR27181091,WGS,300,113229300,"Andrew S. Bowman\, The Ohio State University",PRJNA1051292,SAMN38768298,Viral,48459117,EMORY UNIVERSITY,"Bowman Lab\, OSU",2014-07-15,public,"fastq,run.zq,sra","gs,ncbi,s3","gs.us-east1,ncbi.public,s3.us-east-1",Influenza A infection,SRX22861324,USA,North America,USA: Indiana,Sub_adult,Sus scrofa domesticus,snout,Illumina MiSeq,pigID-37338,nasal wipe,3030938207_ZZYV8WN4_v1_S276,PAIRED,RT-PCR,VIRAL RNA,Influenza A virus,No passages prior to sequencing,ILLUMINA,2023-12-12T00:00:00Z,2023-12-12T01:09:00Z,1,27.6,pig37338_day4,14SW5849,SRP477429,York,H3N2,male
SRR27181092,WGS,300,133012200,"Andrew S. Bowman\, The Ohio State University",PRJNA1051292,SAMN38768297,Viral,56803030,EMORY UNIVERSITY,"Bowman Lab\, OSU",2014-07-15,public,"fastq,run.zq,sra","gs,ncbi,s3","gs.us-east1,ncbi.public,s3.us-east-1",Influenza A infection,SRX22861323,USA,North America,USA: Indiana,Sub_adult,Sus scrofa domesticus,snout,Illumina MiSeq,pigID-37320,nasal wipe,3030937878_ZZYV8WDZ_v1_S176,PAIRED,RT-PCR,VIRAL RNA,Influenza A virus,No passages prior to sequencing,ILLUMINA,2023-12-12T00:00:00Z,2023-12-12T01:08:00Z,1,18.8,pig37320_day4,14SW5840,SRP477429,Duroc,H1N1/H3N2 double infection,female
SRR27181093,WGS,300,123830400,"Andrew S. Bowman\, The Ohio State University",PRJNA1051292,SAMN38768296,Viral,53553185,EMORY UNIVERSITY,"Bowman Lab\, OSU",2014-07-15,public,"fastq,run.zq,sra","gs,ncbi,s3","gs.us-east1,ncbi.public,s3.us-east-1",Influenza A infection,SRX22861322,USA,North America,USA: Indiana,Sub_adult,Sus scrofa domesticus,snout,Illumina MiSeq,pigID-37321,nasal wipe,3030938320_ZZYV8WQ9_v1_S292,PAIRED,RT-PCR,VIRAL RNA,Influenza A virus,No passages prior to sequencing,ILLUMINA,2023-12-12T00:00:00Z,2023-12-12T01:08:00Z,1,30.1,pig37321_day4,14SW5839,SRP477429,Spot,,female
SRR27181094,WGS,300,144549300,"Andrew S. Bowman\, The Ohio State University",PRJNA1051292,SAMN38768294,Viral,62693150,EMORY UNIVERSITY,"Bowman Lab\, OSU",2014-07-15,public,"fastq,run.zq,sra","gs,ncbi,s3","gs.us-east1,ncbi.public,s3.us-east-1",Influenza A infection,SRX22861320,USA,North America,USA: Indiana,Sub_adult,Sus scrofa domesticus,snout,Illumina MiSeq,pigID-37222,nasal wipe,3030938273_ZZYV8WOY_v1_S149,PAIRED,RT-PCR,VIRAL RNA,Influenza A virus,No passages prior to sequencing,ILLUMINA,2023-12-12T00:00:00Z,2023-12-12T01:09:00Z,1,29,pig37222_day4,14SW5811,SRP477429,mix,H3N2,female
SRR27181095,WGS,300,171297900,"Andrew S. Bowman\, The Ohio State University",PRJNA1051292,SAMN38768293,Viral,73364226,EMORY UNIVERSITY,"Bowman Lab\, OSU",2014-07-15,public,"fastq,run.zq,sra","gs,ncbi,s3","gs.us-east1,ncbi.public,s3.us-east-1",Influenza A infection,SRX22861319,USA,North America,USA: Indiana,Sub_adult,Sus scrofa domesticus,snout,Illumina MiSeq,pigID-37248,nasal wipe,3030938313_ZZYV8WQ2_v1_S203,PAIRED,RT-PCR,VIRAL RNA,Influenza A virus,No passages prior to sequencing,ILLUMINA,2023-12-12T00:00:00Z,2023-12-12T01:08:00Z,1,30,pig37248_day4,14SW5802,SRP477429,Berk,H3N2,male
SRR27181096,WGS,300,24017700,"Andrew S. Bowman\, The Ohio State University",PRJNA1051292,SAMN38768292,Viral,10335679,EMORY UNIVERSITY,"Bowman Lab\, OSU",2014-07-15,public,"fastq,run.zq,sra","gs,ncbi,s3","gs.us-east1,ncbi.public,s3.us-east-1",Influenza A infection,SRX22861318,USA,North America,USA: Indiana,Sub_adult,Sus scrofa domesticus,snout,Illumina MiSeq,pigID-37208,nasal wipe,3030938272_ZZYV8WOX_v1_S6,PAIRED,RT-PCR,VIRAL RNA,Influenza A virus,No passages prior to sequencing,ILLUMINA,2023-12-12T00:00:00Z,2023-12-12T01:09:00Z,1,29,pig37208_day4,14SW5781,SRP477429,Spot,H3N2,male
SRR27181097,WGS,300,105956700,"Andrew S. Bowman\, The Ohio State University",PRJNA1051292,SAMN38768295,Viral,45923563,EMORY UNIVERSITY,"Bowman Lab\, OSU",2014-07-15,public,"fastq,run.zq,sra","gs,ncbi,s3","gs.us-east1,ncbi.public,s3.us-east-1",Influenza A infection,SRX22861321,USA,North America,USA: Indiana,Sub_adult,Sus scrofa domesticus,snout,Illumina MiSeq,pigID-37284,nasal wipe,3030938229_ZZYV8WNQ_v1_S372,PAIRED,RT-PCR,VIRAL RNA,Influenza A virus,No passages prior to sequencing,ILLUMINA,2023-12-12T00:00:00Z,2023-12-12T01:09:00Z,1,28,pig37284_day4,14SW5835,SRP477429,mix,,female
SRR27181098,WGS,300,189254700,"Andrew S. Bowman\, The Ohio State University",PRJNA1051292,SAMN38768291,Viral,79798615,EMORY UNIVERSITY,"Bowman Lab\, OSU",2014-07-15,public,"fastq,run.zq,sra","gs,ncbi,s3","gs.us-east1,ncbi.public,s3.us-east-1",Influenza A infection,SRX22861317,USA,North America,USA: Indiana,Sub_adult,Sus scrofa domesticus,snout,Illumina MiSeq,pigID-37348,nasal wipe,3030938029_ZZYV8WI6_v1_S228,PAIRED,RT-PCR,VIRAL RNA,Influenza A virus,No passages prior to sequencing,ILLUMINA,2023-12-12T00:00:00Z,2023-12-12T01:09:00Z,1,23.5,pig37348_day4,14SW5773,SRP477429,mix,H1N1/H3N2 double infection,male
SRR27181099,WGS,300,127654800,"Andrew S. Bowman\, The Ohio State University",PRJNA1051292,SAMN38768290,Viral,54911119,EMORY UNIVERSITY,"Bowman Lab\, OSU",2014-07-15,public,"fastq,run.zq,sra","gs,ncbi,s3","gs.us-east1,ncbi.public,s3.us-east-1",Influenza A infection,SRX22861559,USA,North America,USA: Indiana,Sub_adult,Sus scrofa domesticus,snout,Illumina MiSeq,pigID-37346,nasal wipe,3030938100_ZZYV8WK5_v1_S328,PAIRED,RT-PCR,VIRAL RNA,Influenza A virus,No passages prior to sequencing,ILLUMINA,2023-12-12T00:00:00Z,2023-12-12T01:09:00Z,1,25,pig37346_day4,14SW5772,SRP477429,mix,H1N1/H3N2 double infection,male
SRR27181100,WGS,300,111398400,"Andrew S. Bowman\, The Ohio State University",PRJNA1051292,SAMN38768233,Viral,47370446,EMORY UNIVERSITY,"Bowman Lab\, OSU",2014-07-15,public,"fastq,run.zq,sra","gs,ncbi,s3","gs.us-east1,ncbi.public,s3.us-east-1",Influenza A infection,SRX22861315,USA,North America,USA: Indiana,Sub_adult,Sus scrofa domesticus,snout,Illumina MiSeq,pigID-20429,nasal wipe,3030938034_ZZYV8WIB_v1_S83,PAIRED,RT-PCR,VIRAL RNA,Influenza A virus,No passages prior to sequencing,ILLUMINA,2023-12-12T00:00:00Z,2023-12-12T01:09:00Z,1,23.7,pig20429_day4,14SW5573,SRP477429,Hamp,H1N1,
SRR27181101,WGS,300,77678100,"Andrew S. Bowman\, The Ohio State University",PRJNA1051292,SAMN38768232,Viral,33274657,EMORY UNIVERSITY,"Bowman Lab\, OSU",2014-07-15,public,"fastq,run.zq,sra","gs,ncbi,s3","gs.us-east1,ncbi.public,s3.us-east-1",Influenza A infection,SRX22861314,USA,North America,USA: Indiana,Sub_adult,Sus scrofa domesticus,snout,Illumina MiSeq,pigID-20426,nasal wipe,3030938333_ZZYV8WQM_v1_S131,PAIRED,RT-PCR,VIRAL RNA,Influenza A virus,No passages prior to sequencing,ILLUMINA,2023-12-12T00:00:00Z,2023-12-12T01:09:00Z,1,30.4,pig20426_day4,14SW5572,SRP477429,Hamp,H1N1,male
SRR27181102,WGS,300,180103200,"Andrew S. Bowman\, The Ohio State University",PRJNA1051292,SAMN38768230,Viral,76947544,EMORY UNIVERSITY,"Bowman Lab\, OSU",2014-07-15,public,"fastq,run.zq,sra","gs,ncbi,s3","gs.us-east1,ncbi.public,s3.us-east-1",Influenza A infection,SRX22861312,USA,North America,USA: Indiana,Sub_adult,Sus scrofa domesticus,snout,Illumina MiSeq,pigID-20506,nasal wipe,3030938058_ZZYV8WIZ_v1_S259,PAIRED,RT-PCR,VIRAL RNA,Influenza A virus,No passages prior to sequencing,ILLUMINA,2023-12-12T00:00:00Z,2023-12-12T01:08:00Z,1,24.2,pig20506_day4,14SW5570,SRP477429,mix,H1N1/H3N2 double infection,male
SRR27181103,WGS,300,111265200,"Andrew S. Bowman\, The Ohio State University",PRJNA1051292,SAMN38768095,Viral,48412589,EMORY UNIVERSITY,"Bowman Lab\, OSU",2014-07-12,public,"fastq,run.zq,sra","gs,ncbi,s3","gs.us-east1,ncbi.public,s3.us-east-1",Influenza A infection,SRX22861311,USA,North America,USA: Indiana,Sub_adult,Sus scrofa domesticus,snout,Illumina MiSeq,pigID-37345,nasal wipe,3030938343_ZZYV8XJ0_v1_S82,PAIRED,RT-PCR,VIRAL RNA,Influenza A virus,No passages prior to sequencing,ILLUMINA,2023-12-12T00:00:00Z,2023-12-12T01:10:00Z,1,30.6,pig37345_day1,14SW4480,SRP477429,,,
SRR27181104,WGS,300,28743300,"Andrew S. Bowman\, The Ohio State University",PRJNA1051292,SAMN38768229,Viral,12362506,EMORY UNIVERSITY,"Bowman Lab\, OSU",2014-07-15,public,"fastq,run.zq,sra","gs,ncbi,s3","gs.us-east1,ncbi.public,s3.us-east-1",Influenza A infection,SRX22861310,USA,North America,USA: Indiana,Sub_adult,Sus scrofa domesticus,snout,Illumina MiSeq,pigID-20570,nasal wipe,3030938018_ZZYV8WHV_v1_S14,PAIRED,RT-PCR,VIRAL RNA,Influenza A virus,No passages prior to sequencing,ILLUMINA,2023-12-12T00:00:00Z,2023-12-12T01:09:00Z,1,23.1,pig20570_day4,14SW5559,SRP477429,mix,H3N2,female
SRR27181105,WGS,300,151704600,"Andrew S. Bowman\, The Ohio State University",PRJNA1051292,SAMN38768231,Viral,65043561,EMORY UNIVERSITY,"Bowman Lab\, OSU",2014-07-15,public,"fastq,run.zq,sra","gs,ncbi,s3","gs.us-east1,ncbi.public,s3.us-east-1",Influenza A infection,SRX22861313,USA,North America,USA: Indiana,Sub_adult,Sus scrofa domesticus,snout,Illumina MiSeq,pigID-20422,nasal wipe,3030938225_ZZYV8WNM_v1_S243,PAIRED,RT-PCR,VIRAL RNA,Influenza A virus,No passages prior to sequencing,ILLUMINA,2023-12-12T00:00:00Z,2023-12-12T01:09:00Z,1,28,pig20422_day4,14SW5571,SRP477429,Hamp,H1N1,male
SRR27181106,WGS,300,123449700,"Andrew S. Bowman\, The Ohio State University",PRJNA1051292,SAMN38768228,Viral,52829019,EMORY UNIVERSITY,"Bowman Lab\, OSU",2014-07-15,public,"fastq,run.zq,sra","gs,ncbi,s3","gs.us-east1,ncbi.public,s3.us-east-1",Influenza A infection,SRX22861309,USA,North America,USA: Indiana,Sub_adult,Sus scrofa domesticus,snout,Illumina MiSeq,pigID-20567,nasal wipe,3030938168_ZZYV8WM1_v1_S179,PAIRED,RT-PCR,VIRAL RNA,Influenza A virus,No passages prior to sequencing,ILLUMINA,2023-12-12T00:00:00Z,2023-12-12T01:09:00Z,1,26.7,pig20567_day4,14SW5557,SRP477429,Berk,H1N1/H3N2 reassortant,female
SRR27181107,WGS,300,23933400,"Andrew S. Bowman\, The Ohio State University",PRJNA1051292,SAMN38768227,Viral,10251626,EMORY UNIVERSITY,"Bowman Lab\, OSU",2014-07-15,public,"fastq,run.zq,sra","gs,ncbi,s3","gs.us-east1,ncbi.public,s3.us-east-1",Influenza A infection,SRX22861308,USA,North America,USA: Indiana,Sub_adult,Sus scrofa domesticus,snout,Illumina MiSeq,pigID-20566,nasal wipe,3030938364_ZZYV8WRH_v1_S100,PAIRED,RT-PCR,VIRAL RNA,Influenza A virus,No passages prior to sequencing,ILLUMINA,2023-12-12T00:00:00Z,2023-12-12T01:09:00Z,1,31,pig20566_day4,14SW5555,SRP477429,York,H3N2,male
SRR27181108,WGS,300,94085100,"Andrew S. Bowman\, The Ohio State University",PRJNA1051292,SAMN38768226,Viral,40522840,EMORY UNIVERSITY,"Bowman Lab\, OSU",2014-07-15,public,"fastq,run.zq,sra","gs,ncbi,s3","gs.us-east1,ncbi.public,s3.us-east-1",Influenza A infection,SRX22861307,USA,North America,USA: Indiana,Sub_adult,Sus scrofa domesticus,snout,Illumina MiSeq,pigID-20563,nasal wipe,3030938233_ZZYV8WNU_v1_S327,PAIRED,RT-PCR,VIRAL RNA,Influenza A virus,No passages prior to sequencing,ILLUMINA,2023-12-12T00:00:00Z,2023-12-12T01:08:00Z,1,28.2,pig20563_day4,14SW5554,SRP477429,mix,H1N1/H3N2 reassortant,male
SRR27181109,WGS,300,96875400,"Andrew S. Bowman\, The Ohio State University",PRJNA1051292,SAMN38768225,Viral,41464952,EMORY UNIVERSITY,"Bowman Lab\, OSU",2014-07-15,public,"fastq,run.zq,sra","gs,ncbi,s3","gs.us-east1,ncbi.public,s3.us-east-1",Influenza A infection,SRX22861306,USA,North America,USA: Indiana,Sub_adult,Sus scrofa domesticus,snout,Illumina MiSeq,pigID-20565,nasal wipe,3030938169_ZZYV8WM2_v1_S79,PAIRED,RT-PCR,VIRAL RNA,Influenza A virus,No passages prior to sequencing,ILLUMINA,2023-12-12T00:00:00Z,2023-12-12T01:09:00Z,1,26.8,pig20565_day4,14SW5553,SRP477429,Hamp,H1N1/H3N2 double infection,male
SRR27181110,WGS,300,187460700,"Andrew S. Bowman\, The Ohio State University",PRJNA1051292,SAMN38768223,Viral,79658785,EMORY UNIVERSITY,"Bowman Lab\, OSU",2014-07-15,public,"fastq,run.zq,sra","gs,ncbi,s3","gs.us-east1,ncbi.public,s3.us-east-1",Influenza A infection,SRX22861304,USA,North America,USA: Indiana,Sub_adult,Sus scrofa domesticus,snout,Illumina MiSeq,pigID-37361,nasal wipe,3030937921_ZZYV8WF6_v1_S279,PAIRED,RT-PCR,VIRAL RNA,Influenza A virus,No passages prior to sequencing,ILLUMINA,2023-12-12T00:00:00Z,2023-12-12T01:09:00Z,1,20.7,pig37361_day4,14SW5551,SRP477429,Spot,H3N2,female
SRR27181111,WGS,300,162282300,"Andrew S. Bowman\, The Ohio State University",PRJNA1051292,SAMN38768222,Viral,69941759,EMORY UNIVERSITY,"Bowman Lab\, OSU",2014-07-15,public,"fastq,run.zq,sra","gs,ncbi,s3","gs.us-east1,ncbi.public,s3.us-east-1",Influenza A infection,SRX22861303,USA,North America,USA: Indiana,Sub_adult,Sus scrofa domesticus,snout,Illumina MiSeq,pigID-37360,nasal wipe,3030937997_ZZYV8WHA_v1_S291,PAIRED,RT-PCR,VIRAL RNA,Influenza A virus,No passages prior to sequencing,ILLUMINA,2023-12-12T00:00:00Z,2023-12-12T01:10:00Z,1,22.7,pig37360_day4,14SW5550,SRP477429,Duroc,H3N2,female
SRR27181112,WGS,300,6900,"Andrew S. Bowman\, The Ohio State University",PRJNA1051292,SAMN38768221,Viral,64422,EMORY UNIVERSITY,"Bowman Lab\, OSU",2014-07-15,public,"fastq,sra","gs,ncbi,s3","gs.us-east1,ncbi.public,s3.us-east-1",Influenza A infection,SRX22861302,USA,North America,USA: Indiana,Sub_adult,Sus scrofa domesticus,snout,Illumina MiSeq,pigID-20445,nasal wipe,3030938303_ZZYV8WPS_v1_S3,PAIRED,RT-PCR,VIRAL RNA,Influenza A virus,No passages prior to sequencing,ILLUMINA,2023-12-12T00:00:00Z,2023-12-12T01:08:00Z,1,29.6,pig20445_day4,14SW5549,SRP477429,Berk,,female
SRR27181113,WGS,300,195761100,"Andrew S. Bowman\, The Ohio State University",PRJNA1051292,SAMN38768224,Viral,82952060,EMORY UNIVERSITY,"Bowman Lab\, OSU",2014-07-15,public,"fastq,run.zq,sra","gs,ncbi,s3","gs.us-east1,ncbi.public,s3.us-east-1",Influenza A infection,SRX22861305,USA,North America,USA: Indiana,Sub_adult,Sus scrofa domesticus,snout,Illumina MiSeq,pigID-20561,nasal wipe,3030937935_ZZYV8WFK_v1_S52,PAIRED,RT-PCR,VIRAL RNA,Influenza A virus,No passages prior to sequencing,ILLUMINA,2023-12-12T00:00:00Z,2023-12-12T01:09:00Z,1,21.4,pig20561_day4,14SW5552,SRP477429,Berk,H1N1/H3N2 reassortant,female
SRR27181114,WGS,300,18600,"Andrew S. Bowman\, The Ohio State University",PRJNA1051292,SAMN38768220,Viral,70599,EMORY UNIVERSITY,"Bowman Lab\, OSU",2014-07-15,public,"fastq,sra","gs,ncbi,s3","gs.us-east1,ncbi.public,s3.us-east-1",Influenza A infection,SRX22861301,USA,North America,USA: Indiana,Sub_adult,Sus scrofa domesticus,snout,Illumina MiSeq,pigID-20444,nasal wipe,3030938139_ZZYV8WL8_v1_S357,PAIRED,RT-PCR,VIRAL RNA,Influenza A virus,No passages prior to sequencing,ILLUMINA,2023-12-12T00:00:00Z,2023-12-12T01:08:00Z,1,26,pig20444_day4,14SW5548,SRP477429,York,,female
SRR27181115,WGS,300,145900800,"Andrew S. Bowman\, The Ohio State University",PRJNA1051292,SAMN38768094,Viral,62870583,EMORY UNIVERSITY,"Bowman Lab\, OSU",2014-07-12,public,"fastq,run.zq,sra","gs,ncbi,s3","gs.us-east1,ncbi.public,s3.us-east-1",Influenza A infection,SRX22861300,USA,North America,USA: Indiana,Sub_adult,Sus scrofa domesticus,snout,Illumina MiSeq,pigID-20425,nasal wipe,3030938145_ZZYV8XDI_v1_S262,PAIRED,RT-PCR,VIRAL RNA,Influenza A virus,No passages prior to sequencing,ILLUMINA,2023-12-12T00:00:00Z,2023-12-12T01:09:00Z,1,26.1,pig20425_day1,14SW4083,SRP477429,mix,H1N1,male
SRR27181116,WGS,300,116423700,"Andrew S. Bowman\, The Ohio State University",PRJNA1051292,SAMN38768219,Viral,50079537,EMORY UNIVERSITY,"Bowman Lab\, OSU",2014-07-15,public,"fastq,run.zq,sra","gs,ncbi,s3","gs.us-east1,ncbi.public,s3.us-east-1",Influenza A infection,SRX22861299,USA,North America,USA: Indiana,Sub_adult,Sus scrofa domesticus,snout,Illumina MiSeq,pigID-37150,nasal wipe,3030938059_ZZYV8WJ0_v1_S111,PAIRED,RT-PCR,VIRAL RNA,Influenza A virus,No passages prior to sequencing,ILLUMINA,2023-12-12T00:00:00Z,2023-12-12T01:09:00Z,1,24.2,pig37150_day4,14SW5545,SRP477429,York,H3N2,male
SRR27181117,WGS,300,126594900,"Andrew S. Bowman\, The Ohio State University",PRJNA1051292,SAMN38768218,Viral,53917670,EMORY UNIVERSITY,"Bowman Lab\, OSU",2014-07-15,public,"fastq,run.zq,sra","gs,ncbi,s3","gs.us-east1,ncbi.public,s3.us-east-1",Influenza A infection,SRX22861298,USA,North America,USA: Indiana,Sub_adult,Sus scrofa domesticus,snout,Illumina MiSeq,pigID-20464,nasal wipe,3030938175_ZZYV8WM8_v1_S127,PAIRED,RT-PCR,VIRAL RNA,Influenza A virus,No passages prior to sequencing,ILLUMINA,2023-12-12T00:00:00Z,2023-12-12T01:09:00Z,1,26.8,pig20464_day4,14SW5537,SRP477429,Spot,H3N2,male
SRR27181118,WGS,300,107893800,"Andrew S. Bowman\, The Ohio State University",PRJNA1051292,SAMN38768217,Viral,45836918,EMORY UNIVERSITY,"Bowman Lab\, OSU",2014-07-15,public,"fastq,run.zq,sra","gs,ncbi,s3","gs.us-east1,ncbi.public,s3.us-east-1",Influenza A infection,SRX22861297,USA,North America,USA: Indiana,Sub_adult,Sus scrofa domesticus,snout,Illumina MiSeq,pigID-37271,nasal wipe,3030938239_ZZYV8WO0_v1_S227,PAIRED,RT-PCR,VIRAL RNA,Influenza A virus,No passages prior to sequencing,ILLUMINA,2023-12-12T00:00:00Z,2023-12-12T01:09:00Z,1,28.4,pig37271_day4,14SW5536,SRP477429,Poland,H3N2,female
SRR27181119,WGS,300,134480400,"Andrew S. Bowman\, The Ohio State University",PRJNA1051292,SAMN38768216,Viral,57895041,EMORY UNIVERSITY,"Bowman Lab\, OSU",2014-07-15,public,"fastq,run.zq,sra","gs,ncbi,s3","gs.us-east1,ncbi.public,s3.us-east-1",Influenza A infection,SRX22861296,USA,North America,USA: Indiana,Sub_adult,Sus scrofa domesticus,snout,Illumina MiSeq,pigID-20437,nasal wipe,3030938264_ZZYV8WOP_v1_S48,PAIRED,RT-PCR,VIRAL RNA,Influenza A virus,No passages prior to sequencing,ILLUMINA,2023-12-12T00:00:00Z,2023-12-12T01:09:00Z,1,28.8,pig20437_day4,14SW5533,SRP477429,Poland,H3N2,male
SRR27181120,WGS,300,148298100,"Andrew S. Bowman\, The Ohio State University",PRJNA1051292,SAMN38768215,Viral,63671365,EMORY UNIVERSITY,"Bowman Lab\, OSU",2014-07-15,public,"fastq,run.zq,sra","gs,ncbi,s3","gs.us-east1,ncbi.public,s3.us-east-1",Influenza A infection,SRX22861538,USA,North America,USA: Indiana,Sub_adult,Sus scrofa domesticus,snout,Illumina MiSeq,pigID-20361,nasal wipe,3030938017_ZZYV8WHU_v1_S307,PAIRED,RT-PCR,VIRAL RNA,Influenza A virus,No passages prior to sequencing,ILLUMINA,2023-12-12T00:00:00Z,2023-12-12T01:08:00Z,1,23.1,pig20361_day4,14SW5532,SRP477429,Poland,H3N2,male
SRR27181121,WGS,300,110564100,"Andrew S. Bowman\, The Ohio State University",PRJNA1051292,SAMN38768178,Viral,47384925,EMORY UNIVERSITY,"Bowman Lab\, OSU",2014-07-15,public,"fastq,run.zq,sra","gs,ncbi,s3","gs.us-east1,ncbi.public,s3.us-east-1",Influenza A infection,SRX22861294,USA,North America,USA: Indiana,Sub_adult,Sus scrofa domesticus,snout,Illumina MiSeq,pigID-37279,nasal wipe,3030938004_ZZYV8WHH_v1_S323,PAIRED,RT-PCR,VIRAL RNA,Influenza A virus,No passages prior to sequencing,ILLUMINA,2023-12-12T00:00:00Z,2023-12-12T01:09:00Z,1,22.8,pig37279_day4,14SW5449,SRP477429,,H3N2,
SRR27181122,WGS,300,185605500,"Andrew S. Bowman\, The Ohio State University",PRJNA1051292,SAMN38768177,Viral,80059892,EMORY UNIVERSITY,"Bowman Lab\, OSU",2014-07-15,public,"fastq,run.zq,sra","gs,ncbi,s3","gs.us-east1,ncbi.public,s3.us-east-1",Influenza A infection,SRX22861293,USA,North America,USA: Indiana,Sub_adult,Sus scrofa domesticus,snout,Illumina MiSeq,pigID-37131,nasal wipe,3030938216_ZZYV8WND_v1_S246,PAIRED,RT-PCR,VIRAL RNA,Influenza A virus,No passages prior to sequencing,ILLUMINA,2023-12-12T00:00:00Z,2023-12-12T01:09:00Z,1,27.8,pig37131_day4,14SW5446,SRP477429,,H3N2,
SRR27181123,WGS,300,117307200,"Andrew S. Bowman\, The Ohio State University",PRJNA1051292,SAMN38768176,Viral,49605137,EMORY UNIVERSITY,"Bowman Lab\, OSU",2014-07-15,public,"fastq,run.zq,sra","gs,ncbi,s3","gs.us-east1,ncbi.public,s3.us-east-1",Influenza A infection,SRX22861292,USA,North America,USA: Indiana,Sub_adult,Sus scrofa domesticus,snout,Illumina MiSeq,pigID-20694,nasal wipe,3030937866_ZZYV8WDN_v1_S86,PAIRED,RT-PCR,VIRAL RNA,Influenza A virus,No passages prior to sequencing,ILLUMINA,2023-12-12T00:00:00Z,2023-12-12T01:09:00Z,1,16.7,pig20694_day4,14SW5444,SRP477429,mix,H3N2,female
SRR27181124,WGS,300,149904000,"Andrew S. Bowman\, The Ohio State University",PRJNA1051292,SAMN38768179,Viral,63775555,EMORY UNIVERSITY,"Bowman Lab\, OSU",2014-07-15,public,"fastq,run.zq,sra","gs,ncbi,s3","gs.us-east1,ncbi.public,s3.us-east-1",Influenza A infection,SRX22861295,USA,North America,USA: Indiana,Sub_adult,Sus scrofa domesticus,snout,Illumina MiSeq,pigID-37345,nasal wipe,3030937899_ZZYV8WEK_v1_S155,PAIRED,RT-PCR,VIRAL RNA,Influenza A virus,No passages prior to sequencing,ILLUMINA,2023-12-12T00:00:00Z,2023-12-12T01:09:00Z,1,19.9,pig37345_day4,14SW5450,SRP477429,,H3N2,
SRR27181125,WGS,300,171289500,"Andrew S. Bowman\, The Ohio State University",PRJNA1051292,SAMN38768175,Viral,73471668,EMORY UNIVERSITY,"Bowman Lab\, OSU",2014-07-15,public,"fastq,run.zq,sra","gs,ncbi,s3","gs.us-east1,ncbi.public,s3.us-east-1",Influenza A infection,SRX22861291,USA,North America,USA: Indiana,Sub_adult,Sus scrofa domesticus,snout,Illumina MiSeq,pigID-20351,nasal wipe,3030938251_ZZYV8WOC_v1_S50,PAIRED,RT-PCR,VIRAL RNA,Influenza A virus,No passages prior to sequencing,ILLUMINA,2023-12-12T00:00:00Z,2023-12-12T01:09:00Z,1,28.5,pig20351_day4,14SW5443,SRP477429,Duroc,H3N2,female
SRR27181126,WGS,300,129837000,"Andrew S. Bowman\, The Ohio State University",PRJNA1051292,SAMN38768174,Viral,55638888,EMORY UNIVERSITY,"Bowman Lab\, OSU",2014-07-15,public,"fastq,run.zq,sra","gs,ncbi,s3","gs.us-east1,ncbi.public,s3.us-east-1",Influenza A infection,SRX22861290,USA,North America,USA: Indiana,Sub_adult,Sus scrofa domesticus,snout,Illumina MiSeq,pigID-20350,nasal wipe,3030938036_ZZYV8WID_v1_S66,PAIRED,RT-PCR,VIRAL RNA,Influenza A virus,No passages prior to sequencing,ILLUMINA,2023-12-12T00:00:00Z,2023-12-12T01:09:00Z,1,23.7,pig20350_day4,14SW5442,SRP477429,York,H3N2,male
SRR27181127,WGS,300,144855600,"Andrew S. Bowman\, The Ohio State University",PRJNA1051292,SAMN38768173,Viral,61842725,EMORY UNIVERSITY,"Bowman Lab\, OSU",2014-07-15,public,"fastq,run.zq,sra","gs,ncbi,s3","gs.us-east1,ncbi.public,s3.us-east-1",Influenza A infection,SRX22861289,USA,North America,USA: Indiana,Sub_adult,Sus scrofa domesticus,snout,Illumina MiSeq,pigID-20352,nasal wipe,3030938002_ZZYV8WHF_v1_S166,PAIRED,RT-PCR,VIRAL RNA,Influenza A virus,No passages prior to sequencing,ILLUMINA,2023-12-12T00:00:00Z,2023-12-12T01:09:00Z,1,22.8,pig20352_day4,14SW5441,SRP477429,York,H3N2,male
SRR27181128,WGS,300,211304700,"Andrew S. Bowman\, The Ohio State University",PRJNA1051292,SAMN38768172,Viral,89883990,EMORY UNIVERSITY,"Bowman Lab\, OSU",2014-07-14,public,"fastq,run.zq,sra","gs,ncbi,s3","gs.us-east1,ncbi.public,s3.us-east-1",Influenza A infection,SRX22861288,USA,North America,USA: Indiana,Sub_adult,Sus scrofa domesticus,snout,Illumina MiSeq,pigID-37348,nasal wipe,3030937959_ZZYV8WG8_v1_S266,PAIRED,RT-PCR,VIRAL RNA,Influenza A virus,No passages prior to sequencing,ILLUMINA,2023-12-12T00:00:00Z,2023-12-12T01:09:00Z,1,22.1,pig37348_day3,14SW5380,SRP477429,mix,H3N2,male
SRR27181129,WGS,300,129321600,"Andrew S. Bowman\, The Ohio State University",PRJNA1051292,SAMN38768170,Viral,55664187,EMORY UNIVERSITY,"Bowman Lab\, OSU",2014-07-14,public,"fastq,run.zq,sra","gs,ncbi,s3","gs.us-east1,ncbi.public,s3.us-east-1",Influenza A infection,SRX22861286,USA,North America,USA: Indiana,Sub_adult,Sus scrofa domesticus,snout,Illumina MiSeq,pigID-37349,nasal wipe,3030937954_ZZYV8WG3_v1_S364,PAIRED,RT-PCR,VIRAL RNA,Influenza A virus,No passages prior to sequencing,ILLUMINA,2023-12-12T00:00:00Z,2023-12-12T01:09:00Z,1,22,pig37349_day3,14SW5376,SRP477429,Spot,H3N2,female
SRR27181130,WGS,300,33923100,"Andrew S. Bowman\, The Ohio State University",PRJNA1051292,SAMN38768089,Viral,14885685,EMORY UNIVERSITY,"Bowman Lab\, OSU",2014-07-12,public,"fastq,run.zq,sra","gs,ncbi,s3","gs.us-east1,ncbi.public,s3.us-east-1",Influenza A infection,SRX22861285,USA,North America,USA: Indiana,Sub_adult,Sus scrofa domesticus,snout,Illumina MiSeq,pigID-20499,nasal wipe,3030938080_ZZYV8XBP_v1_S1,PAIRED,RT-PCR,VIRAL RNA,Influenza A virus,No passages prior to sequencing,ILLUMINA,2023-12-12T00:00:00Z,2023-12-12T01:09:00Z,1,24.7,pig20499_day1,14SW4066,SRP477429,mix,H1N1/H3N2 reassortant,female
SRR27181131,WGS,300,160592400,"Andrew S. Bowman\, The Ohio State University",PRJNA1051292,SAMN38768169,Viral,68062517,EMORY UNIVERSITY,"Bowman Lab\, OSU",2014-07-14,public,"fastq,run.zq,sra","gs,ncbi,s3","gs.us-east1,ncbi.public,s3.us-east-1",Influenza A infection,SRX22861735,USA,North America,USA: Indiana,Sub_adult,Sus scrofa domesticus,snout,Illumina MiSeq,pigID-37357,nasal wipe,3030938076_ZZYV8WJH_v1_S298,PAIRED,RT-PCR,VIRAL RNA,Influenza A virus,No passages prior to sequencing,ILLUMINA,2023-12-12T00:00:00Z,2023-12-12T01:09:00Z,1,24.6,pig37357_day3,14SW5372,SRP477429,Spot,H3N2,female
SRR27181132,WGS,300,168519000,"Andrew S. Bowman\, The Ohio State University",PRJNA1051292,SAMN38768171,Viral,72192222,EMORY UNIVERSITY,"Bowman Lab\, OSU",2014-07-14,public,"fastq,run.zq,sra","gs,ncbi,s3","gs.us-east1,ncbi.public,s3.us-east-1",Influenza A infection,SRX22861287,USA,North America,USA: Indiana,Sub_adult,Sus scrofa domesticus,snout,Illumina MiSeq,pigID-37362,nasal wipe,3030938097_ZZYV8WK2_v1_S198,PAIRED,RT-PCR,VIRAL RNA,Influenza A virus,No passages prior to sequencing,ILLUMINA,2023-12-12T00:00:00Z,2023-12-12T01:09:00Z,1,25,pig37362_day3,14SW5377,SRP477429,Duroc,H1N1/H3N2 double infection,female
SRR27181133,WGS,274,1059861233,"Andrew S. Bowman\, The Ohio State University",PRJNA1051292,SAMN38768593,Viral,378931242,EMORY UNIVERSITY,"Bowman Lab\, OSU",2014-07-17,public,"fastq,run.zq,sra","gs,ncbi,s3","gs.us-east1,ncbi.public,s3.us-east-1",Influenza A infection,SRX22861734,USA,North America,USA: Indiana,Sub_adult,Sus scrofa domesticus,snout,Illumina NovaSeq 6000,pigID-37218,nasal wipe,3030938217_ZZYV1QRO_v2_S58,PAIRED,RT-PCR,VIRAL RNA,Influenza A virus,No passages prior to sequencing,ILLUMINA,2023-12-12T00:00:00Z,2023-12-12T01:10:00Z,1,27.8,pig37218_day6,14SW6366,SRP477429,Duroc,H1N1/H3N2 double infection,male
SRR27181134,WGS,232,3706194476,"Andrew S. Bowman\, The Ohio State University",PRJNA1051292,SAMN38768591,Viral,1323340841,EMORY UNIVERSITY,"Bowman Lab\, OSU",2014-07-17,public,"fastq,run.zq,sra","gs,ncbi,s3","gs.us-east1,ncbi.public,s3.us-east-1",Influenza A infection,SRX22861733,USA,North America,USA: Indiana,Sub_adult,Sus scrofa domesticus,snout,Illumina NovaSeq 6000,pigID-37221,nasal wipe,3030938324_ZZYV1QTL_v2_S104,PAIRED,RT-PCR,VIRAL RNA,Influenza A virus,No passages prior to sequencing,ILLUMINA,2023-12-12T00:00:00Z,2023-12-12T01:14:00Z,1,30.2,pig37221_day6,14SW6359,SRP477429,Duroc,H3N2,male
SRR27181135,WGS,239,4090313548,"Andrew S. Bowman\, The Ohio State University",PRJNA1051292,SAMN38768590,Viral,1457671319,EMORY UNIVERSITY,"Bowman Lab\, OSU",2014-07-17,public,"fastq,run.zq,sra","gs,ncbi,s3","gs.us-east1,ncbi.public,s3.us-east-1",Influenza A infection,SRX22861732,USA,North America,USA: Indiana,Sub_adult,Sus scrofa domesticus,snout,Illumina NovaSeq 6000,pigID-37295,nasal wipe,3030938345_ZZYUQM9N_v2_S107,PAIRED,RT-PCR,VIRAL RNA,Influenza A virus,No passages prior to sequencing,ILLUMINA,2023-12-12T00:00:00Z,2023-12-12T01:14:00Z,1,30.6,pig37295_day6,14SW6358,SRP477429,mix,H1N1/H3N2 double infection,female
SRR27181136,WGS,244,830477727,"Andrew S. Bowman\, The Ohio State University",PRJNA1051292,SAMN38768588,Viral,299557212,EMORY UNIVERSITY,"Bowman Lab\, OSU",2014-07-17,public,"fastq,run.zq,sra","gs,ncbi,s3","gs.us-east1,ncbi.public,s3.us-east-1",Influenza A infection,SRX22861731,USA,North America,USA: Indiana,Sub_adult,Sus scrofa domesticus,snout,Illumina NovaSeq 6000,pigID-37227,nasal wipe,3030937956_ZZYV1QLP_v2_S12,PAIRED,RT-PCR,VIRAL RNA,Influenza A virus,No passages prior to sequencing,ILLUMINA,2023-12-12T00:00:00Z,2023-12-12T01:10:00Z,1,22,pig37227_day6,14SW6356,SRP477429,mix,H3N2,female
SRR27181137,WGS,246,1465253807,"Andrew S. Bowman\, The Ohio State University",PRJNA1051292,SAMN38768525,Viral,520446813,EMORY UNIVERSITY,"Bowman Lab\, OSU",2014-07-17,public,"fastq,run.zq,sra","gs,ncbi,s3","gs.us-east1,ncbi.public,s3.us-east-1",Influenza A infection,SRX22861729,USA,North America,USA: Indiana,Sub_adult,Sus scrofa domesticus,snout,Illumina NovaSeq 6000,pigID-37293,nasal wipe,3030938244_ZZYV1QS8_v2_S38,PAIRED,RT-PCR,VIRAL RNA,Influenza A virus,No passages prior to sequencing,ILLUMINA,2023-12-12T00:00:00Z,2023-12-12T01:10:00Z,1,28.4,pig37293_day6,14SW6256,SRP477429,mix,H1N1/H3N2 double infection,male
SRR27181138,WGS,238,1278145274,"Andrew S. Bowman\, The Ohio State University",PRJNA1051292,SAMN38768524,Viral,454488532,EMORY UNIVERSITY,"Bowman Lab\, OSU",2014-07-17,public,"fastq,run.zq,sra","gs,ncbi,s3","gs.us-east1,ncbi.public,s3.us-east-1",Influenza A infection,SRX22861728,USA,North America,USA: Indiana,Sub_adult,Sus scrofa domesticus,snout,Illumina NovaSeq 6000,pigID-37241,nasal wipe,3030938221_ZZYV1QRR_v2_S26,PAIRED,RT-PCR,VIRAL RNA,Influenza A virus,No passages prior to sequencing,ILLUMINA,2023-12-12T00:00:00Z,2023-12-12T01:11:00Z,1,27.9,pig37241_day6,14SW6255,SRP477429,Berk,H1N1/H3N2 double infection,male
SRR27181139,WGS,223,1849741275,"Andrew S. Bowman\, The Ohio State University",PRJNA1051292,SAMN38768522,Viral,654828759,EMORY UNIVERSITY,"Bowman Lab\, OSU",2014-07-17,public,"fastq,run.zq,sra","gs,ncbi,s3","gs.us-east1,ncbi.public,s3.us-east-1",Influenza A infection,SRX22861727,USA,North America,USA: Indiana,Sub_adult,Sus scrofa domesticus,snout,Illumina NovaSeq 6000,pigID-37128,nasal wipe,3030938152_ZZYV1QQ8_v2_S52,PAIRED,RT-PCR,VIRAL RNA,Influenza A virus,No passages prior to sequencing,ILLUMINA,2023-12-12T00:00:00Z,2023-12-12T01:11:00Z,1,26.3,pig37128_day6,14SW6253,SRP477429,mix,H1N1/H3N2 double infection,female
SRR27181140,WGS,227,1531480446,"Andrew S. Bowman\, The Ohio State University",PRJNA1051292,SAMN38768526,Viral,542109146,EMORY UNIVERSITY,"Bowman Lab\, OSU",2014-07-17,public,"fastq,run.zq,sra","gs,ncbi,s3","gs.us-east1,ncbi.public,s3.us-east-1",Influenza A infection,SRX22861730,USA,North America,USA: Indiana,Sub_adult,Sus scrofa domesticus,snout,Illumina NovaSeq 6000,pigID-37290,nasal wipe,3030938223_ZZYV1QRT_v2_S50,PAIRED,RT-PCR,VIRAL RNA,Influenza A virus,No passages prior to sequencing,ILLUMINA,2023-12-12T00:00:00Z,2023-12-12T01:12:00Z,1,28,pig37290_day6,14SW6257,SRP477429,Berk,H1N1/H3N2 double infection,female
SRR27181141,WGS,241,1505737726,"Andrew S. Bowman\, The Ohio State University",PRJNA1051292,SAMN38768521,Viral,534151106,EMORY UNIVERSITY,"Bowman Lab\, OSU",2014-07-17,public,"fastq,run.zq,sra","gs,ncbi,s3","gs.us-east1,ncbi.public,s3.us-east-1",Influenza A infection,SRX22861726,USA,North America,USA: Indiana,Sub_adult,Sus scrofa domesticus,snout,Illumina NovaSeq 6000,pigID-37196,nasal wipe,3030938255_ZZYV1QSH_v2_S40,PAIRED,RT-PCR,VIRAL RNA,Influenza A virus,No passages prior to sequencing,ILLUMINA,2023-12-12T00:00:00Z,2023-12-12T01:12:00Z,1,28.6,pig37196_day6,14SW6252,SRP477429,mix,H1N1/H3N2 double infection,male
SRR27181142,WGS,232,1226665789,"Andrew S. Bowman\, The Ohio State University",PRJNA1051292,SAMN38768519,Viral,437988879,EMORY UNIVERSITY,"Bowman Lab\, OSU",2014-07-17,public,"fastq,run.zq,sra","gs,ncbi,s3","gs.us-east1,ncbi.public,s3.us-east-1",Influenza A infection,SRX22861725,USA,North America,USA: Indiana,Sub_adult,Sus scrofa domesticus,snout,Illumina NovaSeq 6000,pigID-20566,nasal wipe,3030937953_ZZYV1QLN_v2_S47,PAIRED,RT-PCR,VIRAL RNA,Influenza A virus,No passages prior to sequencing,ILLUMINA,2023-12-12T00:00:00Z,2023-12-12T01:11:00Z,1,22,pig20566_day6,14SW6244,SRP477429,York,H1N1/H3N2 double infection,male
SRR27181143,WGS,300,143001900,"Andrew S. Bowman\, The Ohio State University",PRJNA1051292,SAMN38768162,Viral,60602925,EMORY UNIVERSITY,"Bowman Lab\, OSU",2014-07-14,public,"fastq,run.zq,sra","gs,ncbi,s3","gs.us-east1,ncbi.public,s3.us-east-1",Influenza A infection,SRX22861724,USA,North America,USA: Indiana,Sub_adult,Sus scrofa domesticus,snout,Illumina MiSeq,pigID-20609,nasal wipe,3030937999_ZZYV8WHC_v1_S318,PAIRED,RT-PCR,VIRAL RNA,Influenza A virus,No passages prior to sequencing,ILLUMINA,2023-12-12T00:00:00Z,2023-12-12T01:09:00Z,1,22.7,pig20609_day3,14SW5301,SRP477429,mix,H3N2,male
SRR27181144,WGS,229,1521697370,"Andrew S. Bowman\, The Ohio State University",PRJNA1051292,SAMN38768517,Viral,540154468,EMORY UNIVERSITY,"Bowman Lab\, OSU",2014-07-17,public,"fastq,run.zq,sra","gs,ncbi,s3","gs.us-east1,ncbi.public,s3.us-east-1",Influenza A infection,SRX22861723,USA,North America,USA: Indiana,Sub_adult,Sus scrofa domesticus,snout,Illumina NovaSeq 6000,pigID-37113,nasal wipe,3030938143_ZZYV1QPZ_v2_S28,PAIRED,RT-PCR,VIRAL RNA,Influenza A virus,No passages prior to sequencing,ILLUMINA,2023-12-12T00:00:00Z,2023-12-12T01:11:00Z,1,26.1,pig37113_day6,14SW6242,SRP477429,York,H3N2,male
SRR27181145,WGS,235,1054205722,"Andrew S. Bowman\, The Ohio State University",PRJNA1051292,SAMN38768515,Viral,377423684,EMORY UNIVERSITY,"Bowman Lab\, OSU",2014-07-17,public,"fastq,run.zq,sra","gs,ncbi,s3","gs.us-east1,ncbi.public,s3.us-east-1",Influenza A infection,SRX22861721,USA,North America,USA: Indiana,Sub_adult,Sus scrofa domesticus,snout,Illumina NovaSeq 6000,pigID-37271,nasal wipe,3030938014_ZZYV1QN2_v2_S4,PAIRED,RT-PCR,VIRAL RNA,Influenza A virus,No passages prior to sequencing,ILLUMINA,2023-12-12T00:00:00Z,2023-12-12T01:12:00Z,1,23.1,pig37271_day6,14SW6240,SRP477429,Poland,H3N2,female
SRR27181146,WGS,225,1653119010,"Andrew S. Bowman\, The Ohio State University",PRJNA1051292,SAMN38768513,Viral,605079702,EMORY UNIVERSITY,"Bowman Lab\, OSU",2014-07-17,public,"fastq,run.zq,sra","gs,ncbi,s3","gs.us-east1,ncbi.public,s3.us-east-1",Influenza A infection,SRX22861720,USA,North America,USA: Indiana,Sub_adult,Sus scrofa domesticus,snout,Illumina NovaSeq 6000,pigID-37259,nasal wipe,3030938237_ZZYV1QS2_v2_S87,PAIRED,RT-PCR,VIRAL RNA,Influenza A virus,No passages prior to sequencing,ILLUMINA,2023-12-12T00:00:00Z,2023-12-12T01:13:00Z,1,28.3,pig37259_day6,14SW6238,SRP477429,mix,H3N2,
SRR27181147,WGS,247,1304041007,"Andrew S. Bowman\, The Ohio State University",PRJNA1051292,SAMN38768512,Viral,473345325,EMORY UNIVERSITY,"Bowman Lab\, OSU",2014-07-17,public,"fastq,run.zq,sra","gs,ncbi,s3","gs.us-east1,ncbi.public,s3.us-east-1",Influenza A infection,SRX22861719,USA,North America,USA: Indiana,Sub_adult,Sus scrofa domesticus,snout,Illumina NovaSeq 6000,pigID-37132,nasal wipe,3030938092_ZZYV1QOR_v2_S75,PAIRED,RT-PCR,VIRAL RNA,Influenza A virus,No passages prior to sequencing,ILLUMINA,2023-12-12T00:00:00Z,2023-12-12T01:11:00Z,1,24.9,pig37132_day6,14SW6237,SRP477429,Duroc,H3N2,male
SRR27181148,WGS,250,1575628418,"Andrew S. Bowman\, The Ohio State University",PRJNA1051292,SAMN38768516,Viral,561776347,EMORY UNIVERSITY,"Bowman Lab\, OSU",2014-07-17,public,"fastq,run.zq,sra","gs,ncbi,s3","gs.us-east1,ncbi.public,s3.us-east-1",Influenza A infection,SRX22861722,USA,North America,USA: Indiana,Sub_adult,Sus scrofa domesticus,snout,Illumina NovaSeq 6000,pigID-37149,nasal wipe,3030937940_ZZYV1QLB_v2_S16,PAIRED,RT-PCR,VIRAL RNA,Influenza A virus,No passages prior to sequencing,ILLUMINA,2023-12-12T00:00:00Z,2023-12-12T01:13:00Z,1,21.5,pig37149_day6,14SW6241,SRP477429,Spot,H1N1/H3N2 double infection,male
SRR27181149,WGS,247,1450887269,"Andrew S. Bowman\, The Ohio State University",PRJNA1051292,SAMN38768511,Viral,524201764,EMORY UNIVERSITY,"Bowman Lab\, OSU",2014-07-17,public,"fastq,run.zq,sra","gs,ncbi,s3","gs.us-east1,ncbi.public,s3.us-east-1",Influenza A infection,SRX22861718,USA,North America,USA: Indiana,Sub_adult,Sus scrofa domesticus,snout,Illumina NovaSeq 6000,pigID-37354,nasal wipe,3030938191_ZZYV1QR6_v2_S63,PAIRED,RT-PCR,VIRAL RNA,Influenza A virus,No passages prior to sequencing,ILLUMINA,2023-12-12T00:00:00Z,2023-12-12T01:10:00Z,1,27.3,pig37354_day6,14SW6234,SRP477429,Hamp,H1N1/H3N2 double infection,male
SRR27181150,WGS,233,1257719317,"Andrew S. Bowman\, The Ohio State University",PRJNA1051292,SAMN38768510,Viral,450999181,EMORY UNIVERSITY,"Bowman Lab\, OSU",2014-07-17,public,"fastq,run.zq,sra","gs,ncbi,s3","gs.us-east1,ncbi.public,s3.us-east-1",Influenza A infection,SRX22861717,USA,North America,USA: Indiana,Sub_adult,Sus scrofa domesticus,snout,Illumina NovaSeq 6000,pigID-37192,nasal wipe,3030938070_ZZYV1QOC_v2_S51,PAIRED,RT-PCR,VIRAL RNA,Influenza A virus,No passages prior to sequencing,ILLUMINA,2023-12-12T00:00:00Z,2023-12-12T01:11:00Z,1,24.4,pig37192_day6,14SW6233,SRP477429,York,H3N2,male
SRR27181151,WGS,268,786245131,"Andrew S. Bowman\, The Ohio State University",PRJNA1051292,SAMN38768509,Viral,281157437,EMORY UNIVERSITY,"Bowman Lab\, OSU",2014-07-17,public,"fastq,run.zq,sra","gs,ncbi,s3","gs.us-east1,ncbi.public,s3.us-east-1",Influenza A infection,SRX22861716,USA,North America,USA: Indiana,Sub_adult,Sus scrofa domesticus,snout,Illumina NovaSeq 6000,pigID-20513,nasal wipe,3030938112_ZZYV1QP8_v2_S192,PAIRED,RT-PCR,VIRAL RNA,Influenza A virus,No passages prior to sequencing,ILLUMINA,2023-12-12T00:00:00Z,2023-12-12T01:10:00Z,1,25.3,pig20513_day6,14SW6232,SRP477429,Duroc,H3N2,male
SRR27181152,WGS,263,900893763,"Andrew S. Bowman\, The Ohio State University",PRJNA1051292,SAMN38768508,Viral,320675226,EMORY UNIVERSITY,"Bowman Lab\, OSU",2014-07-17,public,"fastq,run.zq,sra","gs,ncbi,s3","gs.us-east1,ncbi.public,s3.us-east-1",Influenza A infection,SRX22861715,USA,North America,USA: Indiana,Sub_adult,Sus scrofa domesticus,snout,Illumina NovaSeq 6000,pigID-20514,nasal wipe,3030938353_ZZYUQM9S_v2_S180,PAIRED,RT-PCR,VIRAL RNA,Influenza A virus,No passages prior to sequencing,ILLUMINA,2023-12-12T00:00:00Z,2023-12-12T01:11:00Z,1,30.8,pig20514_day6,14SW6231,SRP477429,York,H3N2,male
SRR27181153,WGS,300,221700000,"Andrew S. Bowman\, The Ohio State University",PRJNA1051292,SAMN38768161,Viral,93757177,EMORY UNIVERSITY,"Bowman Lab\, OSU",2014-07-14,public,"fastq,run.zq,sra","gs,ncbi,s3","gs.us-east1,ncbi.public,s3.us-east-1",Influenza A infection,SRX22861713,USA,North America,USA: Indiana,Sub_adult,Sus scrofa domesticus,snout,Illumina MiSeq,pigID-20606,nasal wipe,3030937867_ZZYV8WDO_v1_S250,PAIRED,RT-PCR,VIRAL RNA,Influenza A virus,No passages prior to sequencing,ILLUMINA,2023-12-12T00:00:00Z,2023-12-12T01:09:00Z,1,16.8,pig20606_day3,14SW5296,SRP477429,mix,H3N2,female
SRR27181154,WGS,257,608189396,"Andrew S. Bowman\, The Ohio State University",PRJNA1051292,SAMN38768506,Viral,218858298,EMORY UNIVERSITY,"Bowman Lab\, OSU",2014-07-17,public,"fastq,run.zq,sra","gs,ncbi,s3","gs.us-east1,ncbi.public,s3.us-east-1",Influenza A infection,SRX22861712,USA,North America,USA: Indiana,Sub_adult,Sus scrofa domesticus,snout,Illumina NovaSeq 6000,pigID-37165,nasal wipe,3030938245_ZZYV1QS9_v2_S156,PAIRED,RT-PCR,VIRAL RNA,Influenza A virus,No passages prior to sequencing,ILLUMINA,2023-12-12T00:00:00Z,2023-12-12T01:11:00Z,1,28.4,pig37165_day6,14SW6229,SRP477429,Duroc,H3N2,male
SRR27181155,WGS,226,1184169142,"Andrew S. Bowman\, The Ohio State University",PRJNA1051292,SAMN38768505,Viral,421570240,EMORY UNIVERSITY,"Bowman Lab\, OSU",2014-07-17,public,"fastq,run.zq,sra","gs,ncbi,s3","gs.us-east1,ncbi.public,s3.us-east-1",Influenza A infection,SRX22861711,USA,North America,USA: Indiana,Sub_adult,Sus scrofa domesticus,snout,Illumina NovaSeq 6000,pigID-37170,nasal wipe,3030937993_ZZYV1QML_v2_S34,PAIRED,RT-PCR,VIRAL RNA,Influenza A virus,No passages prior to sequencing,ILLUMINA,2023-12-12T00:00:00Z,2023-12-12T01:11:00Z,1,22.7,pig37170_day6,14SW6228,SRP477429,Hamp,H1N1/H3N2 double infection,female
SRR27181156,WGS,256,1641283347,"Andrew S. Bowman\, The Ohio State University",PRJNA1051292,SAMN38768507,Viral,590967140,EMORY UNIVERSITY,"Bowman Lab\, OSU",2014-07-17,public,"fastq,run.zq,sra","gs,ncbi,s3","gs.us-east1,ncbi.public,s3.us-east-1",Influenza A infection,SRX22861714,USA,North America,USA: Indiana,Sub_adult,Sus scrofa domesticus,snout,Illumina NovaSeq 6000,pigID-37167,nasal wipe,3030938344_ZZYUQM9M_v2_S168,PAIRED,RT-PCR,VIRAL RNA,Influenza A virus,No passages prior to sequencing,ILLUMINA,2023-12-12T00:00:00Z,2023-12-12T01:13:00Z,1,30.6,pig37167_day6,14SW6230,SRP477429,Hamp,H3N2,male
SRR27181157,WGS,256,1876593021,"Andrew S. Bowman\, The Ohio State University",PRJNA1051292,SAMN38768504,Viral,669454817,EMORY UNIVERSITY,"Bowman Lab\, OSU",2014-07-17,public,"fastq,run.zq,sra","gs,ncbi,s3","gs.us-east1,ncbi.public,s3.us-east-1",Influenza A infection,SRX22861710,USA,North America,USA: Indiana,Sub_adult,Sus scrofa domesticus,snout,Illumina NovaSeq 6000,pigID-37193,nasal wipe,3030938015_ZZYV1QN3_v2_S144,PAIRED,RT-PCR,VIRAL RNA,Influenza A virus,No passages prior to sequencing,ILLUMINA,2023-12-12T00:00:00Z,2023-12-12T01:12:00Z,1,23.1,pig37193_day6,14SW6227,SRP477429,Spot,H3N2,male
SRR27181158,WGS,247,1390089411,"Andrew S. Bowman\, The Ohio State University",PRJNA1051292,SAMN38768503,Viral,493505860,EMORY UNIVERSITY,"Bowman Lab\, OSU",2014-07-17,public,"fastq,run.zq,sra","gs,ncbi,s3","gs.us-east1,ncbi.public,s3.us-east-1",Influenza A infection,SRX22862159,USA,North America,USA: Indiana,Sub_adult,Sus scrofa domesticus,snout,Illumina NovaSeq 6000,pigID-37206,nasal wipe,3030938256_ZZYV1QSI_v2_S132,PAIRED,RT-PCR,VIRAL RNA,Influenza A virus,No passages prior to sequencing,ILLUMINA,2023-12-12T00:00:00Z,2023-12-12T01:10:00Z,1,28.6,pig37206_day6,14SW6224,SRP477429,Poland,H1N1/H3N2 double infection,male
SRR27181159,WGS,272,1166586421,"Andrew S. Bowman\, The Ohio State University",PRJNA1051292,SAMN38768428,Viral,415694273,EMORY UNIVERSITY,"Bowman Lab\, OSU",2014-07-16,public,"fastq,run.zq,sra","gs,ncbi,s3","gs.us-east1,ncbi.public,s3.us-east-1",Influenza A infection,SRX22861708,USA,North America,USA: Indiana,Sub_adult,Sus scrofa domesticus,snout,Illumina NovaSeq 6000,pigID-20590,nasal wipe,3030938306_ZZYV1QTC_v2_S113,PAIRED,RT-PCR,VIRAL RNA,Influenza A virus,No passages prior to sequencing,ILLUMINA,2023-12-12T00:00:00Z,2023-12-12T01:12:00Z,1,29.7,pig20590_day5,14SW6090,SRP477429,Hamp,H1N1/H3N2 double infection,female
SRR27181160,WGS,274,976660409,"Andrew S. Bowman\, The Ohio State University",PRJNA1051292,SAMN38768427,Viral,346131488,EMORY UNIVERSITY,"Bowman Lab\, OSU",2014-07-16,public,"fastq,run.zq,sra","gs,ncbi,s3","gs.us-east1,ncbi.public,s3.us-east-1",Influenza A infection,SRX22861707,USA,North America,USA: Indiana,Sub_adult,Sus scrofa domesticus,snout,Illumina NovaSeq 6000,pigID-20457,nasal wipe,3030937933_ZZYV1QL7_v2_S101,PAIRED,RT-PCR,VIRAL RNA,Influenza A virus,No passages prior to sequencing,ILLUMINA,2023-12-12T00:00:00Z,2023-12-12T01:10:00Z,1,21.3,pig20457_day5,14SW6089,SRP477429,mix,H1N1,female
SRR27181161,WGS,271,1013052185,"Andrew S. Bowman\, The Ohio State University",PRJNA1051292,SAMN38768425,Viral,365385135,EMORY UNIVERSITY,"Bowman Lab\, OSU",2014-07-16,public,"fastq,run.zq,sra","gs,ncbi,s3","gs.us-east1,ncbi.public,s3.us-east-1",Influenza A infection,SRX22861705,USA,North America,USA: Indiana,Sub_adult,Sus scrofa domesticus,snout,Illumina NovaSeq 6000,pigID-37158,nasal wipe,3030938334_ZZYUQM9H_v2_S160,PAIRED,RT-PCR,VIRAL RNA,Influenza A virus,No passages prior to sequencing,ILLUMINA,2023-12-12T00:00:00Z,2023-12-12T01:10:00Z,1,30.4,pig37158_day5,14SW6087,SRP477429,York,H1N1,male
SRR27181162,WGS,298,285624904,"Andrew S. Bowman\, The Ohio State University",PRJNA1051292,SAMN38768424,Viral,121773110,EMORY UNIVERSITY,"Bowman Lab\, OSU",2014-07-16,public,"fastq,run.zq,sra","gs,ncbi,s3","gs.us-east1,ncbi.public,s3.us-east-1",Influenza A infection,SRX22861704,USA,North America,USA: Indiana,Sub_adult,Sus scrofa domesticus,snout,Illumina NovaSeq 6000,pigID-37159,nasal wipe,3030938274_ZZYV1QST_v2_S148,PAIRED,RT-PCR,VIRAL RNA,Influenza A virus,No passages prior to sequencing,ILLUMINA,2023-12-12T00:00:00Z,2023-12-12T01:10:00Z,1,29,pig37159_day5,14SW6086,SRP477429,Hamp,H1N1,female
SRR27181163,WGS,273,1017883355,"Andrew S. Bowman\, The Ohio State University",PRJNA1051292,SAMN38768421,Viral,390990066,EMORY UNIVERSITY,"Bowman Lab\, OSU",2014-07-16,public,"fastq,run.zq,sra","gs,ncbi,s3","gs.us-east1,ncbi.public,s3.us-east-1",Influenza A infection,SRX22861703,USA,North America,USA: Indiana,Sub_adult,Sus scrofa domesticus,snout,Illumina NovaSeq 6000,pigID-37161,nasal wipe,3030937916_ZZYV1QKT_v2_S124,PAIRED,RT-PCR,VIRAL RNA,Influenza A virus,No passages prior to sequencing,ILLUMINA,2023-12-12T00:00:00Z,2023-12-12T01:12:00Z,1,20.6,pig37161_day5,14SW6081,SRP477429,Spot,H1N1,female
SRR27181164,WGS,277,858782058,"Andrew S. Bowman\, The Ohio State University",PRJNA1051292,SAMN38768426,Viral,309836285,EMORY UNIVERSITY,"Bowman Lab\, OSU",2014-07-16,public,"fastq,run.zq,sra","gs,ncbi,s3","gs.us-east1,ncbi.public,s3.us-east-1",Influenza A infection,SRX22861706,USA,North America,USA: Indiana,Sub_adult,Sus scrofa domesticus,snout,Illumina NovaSeq 6000,pigID-20458,nasal wipe,3030938108_ZZYV1QP4_v2_S172,PAIRED,RT-PCR,VIRAL RNA,Influenza A virus,No passages prior to sequencing,ILLUMINA,2023-12-12T00:00:00Z,2023-12-12T01:09:00Z,1,25.3,pig20458_day5,14SW6088,SRP477429,mix,H1N1,female
SRR27181165,WGS,264,1127900655,"Andrew S. Bowman\, The Ohio State University",PRJNA1051292,SAMN38768420,Viral,400973676,EMORY UNIVERSITY,"Bowman Lab\, OSU",2014-07-16,public,"fastq,run.zq,sra","gs,ncbi,s3","gs.us-east1,ncbi.public,s3.us-east-1",Influenza A infection,SRX22861702,USA,North America,USA: Indiana,Sub_adult,Sus scrofa domesticus,snout,Illumina NovaSeq 6000,pigID-37189,nasal wipe,3030938243_ZZYV1QS7_v2_S112,PAIRED,RT-PCR,VIRAL RNA,Influenza A virus,No passages prior to sequencing,ILLUMINA,2023-12-12T00:00:00Z,2023-12-12T01:11:00Z,1,28.4,pig37189_day5,14SW6075,SRP477429,Duroc,H1N1,female
SRR27181166,WGS,268,825403188,"Andrew S. Bowman\, The Ohio State University",PRJNA1051292,SAMN38768418,Viral,293745924,EMORY UNIVERSITY,"Bowman Lab\, OSU",2014-07-16,public,"fastq,run.zq,sra","gs,ncbi,s3","gs.us-east1,ncbi.public,s3.us-east-1",Influenza A infection,SRX22861701,USA,North America,USA: Indiana,Sub_adult,Sus scrofa domesticus,snout,Illumina NovaSeq 6000,pigID-37261,nasal wipe,3030938024_ZZYV1QN8_v2_S100,PAIRED,RT-PCR,VIRAL RNA,Influenza A virus,No passages prior to sequencing,ILLUMINA,2023-12-12T00:00:00Z,2023-12-12T01:10:00Z,1,23.3,pig37261_day5,14SW6065,SRP477429,Spot,H1N1,male
SRR27181167,WGS,271,835289452,"Andrew S. Bowman\, The Ohio State University",PRJNA1051292,SAMN38768417,Viral,301101159,EMORY UNIVERSITY,"Bowman Lab\, OSU",2014-07-16,public,"fastq,run.zq,sra","gs,ncbi,s3","gs.us-east1,ncbi.public,s3.us-east-1",Influenza A infection,SRX22861700,USA,North America,USA: Indiana,Sub_adult,Sus scrofa domesticus,snout,Illumina NovaSeq 6000,pigID-37262,nasal wipe,3030937910_ZZYV1QKN_v2_S183,PAIRED,RT-PCR,VIRAL RNA,Influenza A virus,No passages prior to sequencing,ILLUMINA,2023-12-12T00:00:00Z,2023-12-12T01:10:00Z,1,20.3,pig37262_day5,14SW6064,SRP477429,Spot,H1N1,male
SRR27181168,WGS,300,104740200,"Andrew S. Bowman\, The Ohio State University",PRJNA1051292,SAMN38768154,Viral,44800823,EMORY UNIVERSITY,"Bowman Lab\, OSU",2014-07-14,public,"fastq,run.zq,sra","gs,ncbi,s3","gs.us-east1,ncbi.public,s3.us-east-1",Influenza A infection,SRX22861699,USA,North America,USA: Indiana,Sub_adult,Sus scrofa domesticus,snout,Illumina MiSeq,pigID-20474,nasal wipe,3030938285_ZZYV8WPA_v1_S322,PAIRED,RT-PCR,VIRAL RNA,Influenza A virus,No passages prior to sequencing,ILLUMINA,2023-12-12T00:00:00Z,2023-12-12T01:09:00Z,1,29.1,pig20474_day3,14SW5203,SRP477429,mix,H1N1/H3N2 double infection,female
SRR27181169,WGS,269,998396923,"Andrew S. Bowman\, The Ohio State University",PRJNA1051292,SAMN38768415,Viral,360690573,EMORY UNIVERSITY,"Bowman Lab\, OSU",2014-07-16,public,"fastq,run.zq,sra","gs,ncbi,s3","gs.us-east1,ncbi.public,s3.us-east-1",Influenza A infection,SRX22861697,USA,North America,USA: Indiana,Sub_adult,Sus scrofa domesticus,snout,Illumina NovaSeq 6000,pigID-37216,nasal wipe,3030937897_ZZYV1QKC_v2_S159,PAIRED,RT-PCR,VIRAL RNA,Influenza A virus,No passages prior to sequencing,ILLUMINA,2023-12-12T00:00:00Z,2023-12-12T01:10:00Z,1,19.8,pig37216_day5,14SW6062,SRP477429,York,H3N2,male
SRR27181170,WGS,261,398695721,"Andrew S. Bowman\, The Ohio State University",PRJNA1051292,SAMN38768412,Viral,142399044,EMORY UNIVERSITY,"Bowman Lab\, OSU",2014-07-16,public,"fastq,run.zq,sra","gs,ncbi,s3","gs.us-east1,ncbi.public,s3.us-east-1",Influenza A infection,SRX22861696,USA,North America,USA: Indiana,Sub_adult,Sus scrofa domesticus,snout,Illumina NovaSeq 6000,pigID-37102,nasal wipe,3030938212_ZZYV1QRJ_v2_S147,PAIRED,RT-PCR,VIRAL RNA,Influenza A virus,No passages prior to sequencing,ILLUMINA,2023-12-12T00:00:00Z,2023-12-12T01:09:00Z,1,27.7,pig37102_day5,14SW6057,SRP477429,mix,H1N1/H3N2 double infection,male
SRR27181171,WGS,272,1272311516,"Andrew S. Bowman\, The Ohio State University",PRJNA1051292,SAMN38768410,Viral,456860164,EMORY UNIVERSITY,"Bowman Lab\, OSU",2014-07-16,public,"fastq,run.zq,sra","gs,ncbi,s3","gs.us-east1,ncbi.public,s3.us-east-1",Influenza A infection,SRX22861695,USA,North America,USA: Indiana,Sub_adult,Sus scrofa domesticus,snout,Illumina NovaSeq 6000,pigID-20648,nasal wipe,3030938069_ZZYV1QOB_v2_S123,PAIRED,RT-PCR,VIRAL RNA,Influenza A virus,No passages prior to sequencing,ILLUMINA,2023-12-12T00:00:00Z,2023-12-12T01:10:00Z,1,24.4,pig20648_day5,14SW6053,SRP477429,mix,H3N2,female
SRR27181172,WGS,267,917033835,"Andrew S. Bowman\, The Ohio State University",PRJNA1051292,SAMN38768416,Viral,331308339,EMORY UNIVERSITY,"Bowman Lab\, OSU",2014-07-16,public,"fastq,run.zq,sra","gs,ncbi,s3","gs.us-east1,ncbi.public,s3.us-east-1",Influenza A infection,SRX22861698,USA,North America,USA: Indiana,Sub_adult,Sus scrofa domesticus,snout,Illumina NovaSeq 6000,pigID-37260,nasal wipe,3030937900_ZZYV1QKE_v2_S171,PAIRED,RT-PCR,VIRAL RNA,Influenza A virus,No passages prior to sequencing,ILLUMINA,2023-12-12T00:00:00Z,2023-12-12T01:10:00Z,1,19.9,pig37260_day5,14SW6063,SRP477429,York,H3N2,male
SRR27181173,WGS,266,1495081470,"Andrew S. Bowman\, The Ohio State University",PRJNA1051292,SAMN38768409,Viral,532368017,EMORY UNIVERSITY,"Bowman Lab\, OSU",2014-07-16,public,"fastq,run.zq,sra","gs,ncbi,s3","gs.us-east1,ncbi.public,s3.us-east-1",Influenza A infection,SRX22861694,USA,North America,USA: Indiana,Sub_adult,Sus scrofa domesticus,snout,Illumina NovaSeq 6000,pigID-20647,nasal wipe,3030938246_ZZYV1QSA_v2_S111,PAIRED,RT-PCR,VIRAL RNA,Influenza A virus,No passages prior to sequencing,ILLUMINA,2023-12-12T00:00:00Z,2023-12-12T01:10:00Z,1,28.4,pig20647_day5,14SW6052,SRP477429,mix,H3N2,female
SRR27181174,WGS,265,833993566,"Andrew S. Bowman\, The Ohio State University",PRJNA1051292,SAMN38768408,Viral,298482693,EMORY UNIVERSITY,"Bowman Lab\, OSU",2014-07-16,public,"fastq,run.zq,sra","gs,ncbi,s3","gs.us-east1,ncbi.public,s3.us-east-1",Influenza A infection,SRX22861693,USA,North America,USA: Indiana,Sub_adult,Sus scrofa domesticus,snout,Illumina NovaSeq 6000,pigID-20652,nasal wipe,3030937963_ZZYV1QLW_v2_S99,PAIRED,RT-PCR,VIRAL RNA,Influenza A virus,No passages prior to sequencing,ILLUMINA,2023-12-12T00:00:00Z,2023-12-12T01:10:00Z,1,22.1,pig20652_day5,14SW6049,SRP477429,mix,H1N1,female
SRR27181175,WGS,272,962287698,"Andrew S. Bowman\, The Ohio State University",PRJNA1051292,SAMN38768406,Viral,341926284,EMORY UNIVERSITY,"Bowman Lab\, OSU",2014-07-16,public,"fastq,run.zq,sra","gs,ncbi,s3","gs.us-east1,ncbi.public,s3.us-east-1",Influenza A infection,SRX22861692,USA,North America,USA: Indiana,Sub_adult,Sus scrofa domesticus,snout,Illumina NovaSeq 6000,pigID-20399,nasal wipe,3030938081_ZZYV1QOK_v2_S182,PAIRED,RT-PCR,VIRAL RNA,Influenza A virus,No passages prior to sequencing,ILLUMINA,2023-12-12T00:00:00Z,2023-12-12T01:10:00Z,1,24.7,pig20399_day5,14SW6044,SRP477429,York,H3N2,female
SRR27181176,WGS,265,1149219006,"Andrew S. Bowman\, The Ohio State University",PRJNA1051292,SAMN38768405,Viral,409009127,EMORY UNIVERSITY,"Bowman Lab\, OSU",2014-07-16,public,"fastq,run.zq,sra","gs,ncbi,s3","gs.us-east1,ncbi.public,s3.us-east-1",Influenza A infection,SRX22861691,USA,North America,USA: Indiana,Sub_adult,Sus scrofa domesticus,snout,Illumina NovaSeq 6000,pigID-20411,nasal wipe,3030938362_ZZYUQM9V_v2_S170,PAIRED,RT-PCR,VIRAL RNA,Influenza A virus,No passages prior to sequencing,ILLUMINA,2023-12-12T00:00:00Z,2023-12-12T01:10:00Z,1,31,pig20411_day5,14SW6038,SRP477429,mix,H1N1,female
SRR27181177,WGS,266,1009351503,"Andrew S. Bowman\, The Ohio State University",PRJNA1051292,SAMN38768403,Viral,364454888,EMORY UNIVERSITY,"Bowman Lab\, OSU",2014-07-16,public,"fastq,run.zq,sra","gs,ncbi,s3","gs.us-east1,ncbi.public,s3.us-east-1",Influenza A infection,SRX22861689,USA,North America,USA: Indiana,Sub_adult,Sus scrofa domesticus,snout,Illumina NovaSeq 6000,pigID-37321,nasal wipe,3030937939_ZZYV1QLA_v2_S158,PAIRED,RT-PCR,VIRAL RNA,Influenza A virus,No passages prior to sequencing,ILLUMINA,2023-12-12T00:00:00Z,2023-12-12T01:11:00Z,1,21.5,pig37321_day5,14SW6035,SRP477429,Spot,H3N2,female
SRR27181178,WGS,300,3141600,"Andrew S. Bowman\, The Ohio State University",PRJNA1051292,SAMN38768153,Viral,1430857,EMORY UNIVERSITY,"Bowman Lab\, OSU",2014-07-14,public,"fastq,run.zq,sra","gs,ncbi,s3","gs.us-east1,ncbi.public,s3.us-east-1",Influenza A infection,SRX22861688,USA,North America,USA: Indiana,Sub_adult,Sus scrofa domesticus,snout,Illumina MiSeq,pigID-20656,nasal wipe,3030938312_ZZYV8WQ1_v1_S222,PAIRED,RT-PCR,VIRAL RNA,Influenza A virus,No passages prior to sequencing,ILLUMINA,2023-12-12T00:00:00Z,2023-12-12T01:09:00Z,1,29.9,pig20656_day3,14SW5186,SRP477429,Berk,H1N1,male
SRR27181179,WGS,282,1186000832,"Andrew S. Bowman\, The Ohio State University",PRJNA1051292,SAMN38768326,Viral,428504580,EMORY UNIVERSITY,"Bowman Lab\, OSU",2014-07-16,public,"fastq,run.zq,sra","gs,ncbi,s3","gs.us-east1,ncbi.public,s3.us-east-1",Influenza A infection,SRX22861687,USA,North America,USA: Indiana,Sub_adult,Sus scrofa domesticus,snout,Illumina NovaSeq 6000,pigID-37199,nasal wipe,3030938213_ZZYV1QRK_v2_S23,PAIRED,RT-PCR,VIRAL RNA,Influenza A virus,No passages prior to sequencing,ILLUMINA,2023-12-12T00:00:00Z,2023-12-12T01:10:00Z,1,27.7,pig37199_day5,14SW5895,SRP477429,mix,H3N2,male
SRR27181180,WGS,275,1036172415,"Andrew S. Bowman\, The Ohio State University",PRJNA1051292,SAMN38768329,Viral,372440656,EMORY UNIVERSITY,"Bowman Lab\, OSU",2014-07-16,public,"fastq,run.zq,sra","gs,ncbi,s3","gs.us-east1,ncbi.public,s3.us-east-1",Influenza A infection,SRX22861446,USA,North America,USA: Indiana,Sub_adult,Sus scrofa domesticus,snout,Illumina NovaSeq 6000,pigID-20595,nasal wipe,3030938247_ZZYV1QSB_v2_S82,PAIRED,RT-PCR,VIRAL RNA,Influenza A virus,No passages prior to sequencing,ILLUMINA,2023-12-12T00:00:00Z,2023-12-12T01:11:00Z,1,28.5,pig20595_day5,14SW5898,SRP477429,Spot,H3N2,male
SRR27181181,WGS,277,1230366860,"Andrew S. Bowman\, The Ohio State University",PRJNA1051292,SAMN38768324,Viral,443625495,EMORY UNIVERSITY,"Bowman Lab\, OSU",2014-07-16,public,"fastq,run.zq,sra","gs,ncbi,s3","gs.us-east1,ncbi.public,s3.us-east-1",Influenza A infection,SRX22861686,USA,North America,USA: Indiana,Sub_adult,Sus scrofa domesticus,snout,Illumina NovaSeq 6000,pigID-37285,nasal wipe,3030938074_ZZYV1QOF_v2_S35,PAIRED,RT-PCR,VIRAL RNA,Influenza A virus,No passages prior to sequencing,ILLUMINA,2023-12-12T00:00:00Z,2023-12-12T01:11:00Z,1,24.6,pig37285_day5,14SW5893,SRP477429,Hamp,H3N2,male
SRR27181182,WGS,300,226869300,"Andrew S. Bowman\, The Ohio State University",PRJNA1051292,SAMN38768147,Viral,96178502,EMORY UNIVERSITY,"Bowman Lab\, OSU",2014-07-14,public,"fastq,run.zq,sra","gs,ncbi,s3","gs.us-east1,ncbi.public,s3.us-east-1",Influenza A infection,SRX22861685,USA,North America,USA: Indiana,Sub_adult,Sus scrofa domesticus,snout,Illumina MiSeq,pigID-20506,nasal wipe,3030938037_ZZYV8WIE_v1_S70,PAIRED,RT-PCR,VIRAL RNA,Influenza A virus,No passages prior to sequencing,ILLUMINA,2023-12-12T00:00:00Z,2023-12-12T01:11:00Z,1,23.7,pig20506_day3,14SW5140,SRP477429,mix,H1N1/H3N2 double infection,male
SRR27181183,WGS,279,1181003524,"Andrew S. Bowman\, The Ohio State University",PRJNA1051292,SAMN38768323,Viral,456163917,EMORY UNIVERSITY,"Bowman Lab\, OSU",2014-07-16,public,"fastq,run.zq,sra","gs,ncbi,s3","gs.us-east1,ncbi.public,s3.us-east-1",Influenza A infection,SRX22861684,USA,North America,USA: Indiana,Sub_adult,Sus scrofa domesticus,snout,Illumina NovaSeq 6000,pigID-37286,nasal wipe,3030937961_ZZYV1QLU_v2_S47,PAIRED,RT-PCR,VIRAL RNA,Influenza A virus,No passages prior to sequencing,ILLUMINA,2023-12-12T00:00:00Z,2023-12-12T01:12:00Z,1,22.1,pig37286_day5,14SW5892,SRP477429,Hamp,H1N1/H3N2 double infection,female
SRR27181184,WGS,278,1018771263,"Andrew S. Bowman\, The Ohio State University",PRJNA1051292,SAMN38768322,Viral,369153033,EMORY UNIVERSITY,"Bowman Lab\, OSU",2014-07-16,public,"fastq,run.zq,sra","gs,ncbi,s3","gs.us-east1,ncbi.public,s3.us-east-1",Influenza A infection,SRX22861683,USA,North America,USA: Indiana,Sub_adult,Sus scrofa domesticus,snout,Illumina NovaSeq 6000,pigID-37133,nasal wipe,3030938121_ZZYV1QPG_v2_S59,PAIRED,RT-PCR,VIRAL RNA,Influenza A virus,No passages prior to sequencing,ILLUMINA,2023-12-12T00:00:00Z,2023-12-12T01:12:00Z,1,25.7,pig37133_day5,14SW5891,SRP477429,Hamp,H3N2,male
SRR27181185,WGS,275,1147524366,"Andrew S. Bowman\, The Ohio State University",PRJNA1051292,SAMN38768319,Viral,413434456,EMORY UNIVERSITY,"Bowman Lab\, OSU",2014-07-16,public,"fastq,run.zq,sra","gs,ncbi,s3","gs.us-east1,ncbi.public,s3.us-east-1",Influenza A infection,SRX22861681,USA,North America,USA: Indiana,Sub_adult,Sus scrofa domesticus,snout,Illumina NovaSeq 6000,pigID-20397,nasal wipe,3030938156_ZZYV1QQB_v2_S83,PAIRED,RT-PCR,VIRAL RNA,Influenza A virus,No passages prior to sequencing,ILLUMINA,2023-12-12T00:00:00Z,2023-12-12T01:12:00Z,1,26.5,pig20397_day5,14SW5888,SRP477429,Landrace,H3N2,male
SRR27181186,WGS,281,847434076,"Andrew S. Bowman\, The Ohio State University",PRJNA1051292,SAMN38768318,Viral,307357968,EMORY UNIVERSITY,"Bowman Lab\, OSU",2014-07-16,public,"fastq,run.zq,sra","gs,ncbi,s3","gs.us-east1,ncbi.public,s3.us-east-1",Influenza A infection,SRX22861680,USA,North America,USA: Indiana,Sub_adult,Sus scrofa domesticus,snout,Illumina NovaSeq 6000,pigID-20387,nasal wipe,3030937950_ZZYV1QLK_v2_S95,PAIRED,RT-PCR,VIRAL RNA,Influenza A virus,No passages prior to sequencing,ILLUMINA,2023-12-12T00:00:00Z,2023-12-12T01:11:00Z,1,22,pig20387_day5,14SW5887,SRP477429,Duroc,H3N2,male
SRR27181187,WGS,276,880378495,"Andrew S. Bowman\, The Ohio State University",PRJNA1051292,SAMN38768317,Viral,317561045,EMORY UNIVERSITY,"Bowman Lab\, OSU",2014-07-16,public,"fastq,run.zq,sra","gs,ncbi,s3","gs.us-east1,ncbi.public,s3.us-east-1",Influenza A infection,SRX22861679,USA,North America,USA: Indiana,Sub_adult,Sus scrofa domesticus,snout,Illumina NovaSeq 6000,pigID-20396,nasal wipe,3030938222_ZZYV1QRS_v2_S12,PAIRED,RT-PCR,VIRAL RNA,Influenza A virus,No passages prior to sequencing,ILLUMINA,2023-12-12T00:00:00Z,2023-12-12T01:10:00Z,1,28,pig20396_day5,14SW5885,SRP477429,Hamp,H3N2,male
SRR27181188,WGS,280,819270544,"Andrew S. Bowman\, The Ohio State University",PRJNA1051292,SAMN38768320,Viral,299895409,EMORY UNIVERSITY,"Bowman Lab\, OSU",2014-07-16,public,"fastq,run.zq,sra","gs,ncbi,s3","gs.us-east1,ncbi.public,s3.us-east-1",Influenza A infection,SRX22861682,USA,North America,USA: Indiana,Sub_adult,Sus scrofa domesticus,snout,Illumina NovaSeq 6000,pigID-20392,nasal wipe,3030937955_ZZYV1QLO_v2_S71,PAIRED,RT-PCR,VIRAL RNA,Influenza A virus,No passages prior to sequencing,ILLUMINA,2023-12-12T00:00:00Z,2023-12-12T01:10:00Z,1,22,pig20392_day5,14SW5889,SRP477429,mix,H3N2,male
SRR27181189,WGS,275,1040695677,"Andrew S. Bowman\, The Ohio State University",PRJNA1051292,SAMN38768316,Viral,376589967,EMORY UNIVERSITY,"Bowman Lab\, OSU",2014-07-16,public,"fastq,run.zq,sra","gs,ncbi,s3","gs.us-east1,ncbi.public,s3.us-east-1",Influenza A infection,SRX22861678,USA,North America,USA: Indiana,Sub_adult,Sus scrofa domesticus,snout,Illumina NovaSeq 6000,pigID-20395,nasal wipe,3030938093_ZZYV1QOS_v2_S24,PAIRED,RT-PCR,VIRAL RNA,Influenza A virus,No passages prior to sequencing,ILLUMINA,2023-12-12T00:00:00Z,2023-12-12T01:12:00Z,1,24.9,pig20395_day5,14SW5884,SRP477429,Hamp,H3N2,male
SRR27181190,WGS,253,4943209813,"Andrew S. Bowman\, The Ohio State University",PRJNA1051292,SAMN38768314,Viral,1768952661,EMORY UNIVERSITY,"Bowman Lab\, OSU",2014-07-16,public,"fastq,run.zq,sra","gs,ncbi,s3","gs.us-east1,ncbi.public,s3.us-east-1",Influenza A infection,SRX22861677,USA,North America,USA: Indiana,Sub_adult,Sus scrofa domesticus,snout,Illumina NovaSeq 6000,pigID-37326,nasal wipe,3030938042_ZZYV1QNO_v2_S111,PAIRED,RT-PCR,VIRAL RNA,Influenza A virus,No passages prior to sequencing,ILLUMINA,2023-12-12T00:00:00Z,2023-12-12T01:17:00Z,1,23.9,pig37326_day5,14SW5881,SRP477429,York,H3N2,male
SRR27181191,WGS,266,1237577051,"Andrew S. Bowman\, The Ohio State University",PRJNA1051292,SAMN38768312,Viral,442433479,EMORY UNIVERSITY,"Bowman Lab\, OSU",2014-07-16,public,"fastq,run.zq,sra","gs,ncbi,s3","gs.us-east1,ncbi.public,s3.us-east-1",Influenza A infection,SRX22861676,USA,North America,USA: Indiana,Sub_adult,Sus scrofa domesticus,snout,Illumina NovaSeq 6000,pigID-37329,nasal wipe,3030938355_ZZYUQM9T_v2_S36,PAIRED,RT-PCR,VIRAL RNA,Influenza A virus,No passages prior to sequencing,ILLUMINA,2023-12-12T00:00:00Z,2023-12-12T01:12:00Z,1,30.8,pig37329_day5,14SW5879,SRP477429,Duroc,H3N2,male
SRR27181192,WGS,269,1333163894,"Andrew S. Bowman\, The Ohio State University",PRJNA1051292,SAMN38768311,Viral,481117968,EMORY UNIVERSITY,"Bowman Lab\, OSU",2014-07-16,public,"fastq,run.zq,sra","gs,ncbi,s3","gs.us-east1,ncbi.public,s3.us-east-1",Influenza A infection,SRX22861675,USA,North America,USA: Indiana,Sub_adult,Sus scrofa domesticus,snout,Illumina NovaSeq 6000,pigID-20617,nasal wipe,3030938109_ZZYV1QP5_v2_S96,PAIRED,RT-PCR,VIRAL RNA,Influenza A virus,No passages prior to sequencing,ILLUMINA,2023-12-12T00:00:00Z,2023-12-12T01:13:00Z,1,25.3,pig20617_day5,14SW5877,SRP477429,York,H3N2,male
SRR27181193,WGS,268,1389807991,"Andrew S. Bowman\, The Ohio State University",PRJNA1051292,SAMN38768309,Viral,511818891,EMORY UNIVERSITY,"Bowman Lab\, OSU",2014-07-16,public,"fastq,run.zq,sra","gs,ncbi,s3","gs.us-east1,ncbi.public,s3.us-east-1",Influenza A infection,SRX22861673,USA,North America,USA: Indiana,Sub_adult,Sus scrofa domesticus,snout,Illumina NovaSeq 6000,pigID-37344,nasal wipe,3030938128_ZZYV1QPL_v2_S60,PAIRED,RT-PCR,VIRAL RNA,Influenza A virus,No passages prior to sequencing,ILLUMINA,2023-12-12T00:00:00Z,2023-12-12T01:13:00Z,1,25.8,pig37344_day5,14SW5875,SRP477429,York,H3N2,male
SRR27181194,WGS,271,796771242,"Andrew S. Bowman\, The Ohio State University",PRJNA1051292,SAMN38768308,Viral,288559626,EMORY UNIVERSITY,"Bowman Lab\, OSU",2014-07-16,public,"fastq,run.zq,sra","gs,ncbi,s3","gs.us-east1,ncbi.public,s3.us-east-1",Influenza A infection,SRX22861672,USA,North America,USA: Indiana,Sub_adult,Sus scrofa domesticus,snout,Illumina NovaSeq 6000,pigID-37364,nasal wipe,3030938185_ZZYV1QR1_v2_S72,PAIRED,RT-PCR,VIRAL RNA,Influenza A virus,No passages prior to sequencing,ILLUMINA,2023-12-12T00:00:00Z,2023-12-12T01:12:00Z,1,27.2,pig37364_day5,14SW5874,SRP477429,Hamp,H3N2,male
SRR27181195,WGS,270,973705563,"Andrew S. Bowman\, The Ohio State University",PRJNA1051292,SAMN38768306,Viral,352564555,EMORY UNIVERSITY,"Bowman Lab\, OSU",2014-07-16,public,"fastq,run.zq,sra","gs,ncbi,s3","gs.us-east1,ncbi.public,s3.us-east-1",Influenza A infection,SRX22861671,USA,North America,USA: Indiana,Sub_adult,Sus scrofa domesticus,snout,Illumina NovaSeq 6000,pigID-20644,nasal wipe,3030938122_ZZYV1QPH_v2_S84,PAIRED,RT-PCR,VIRAL RNA,Influenza A virus,No passages prior to sequencing,ILLUMINA,2023-12-12T00:00:00Z,2023-12-12T01:12:00Z,1,25.7,pig20644_day5,14SW5872,SRP477429,mix,H3N2,female
SRR27181196,WGS,300,135459000,"Andrew S. Bowman\, The Ohio State University",PRJNA1051292,SAMN38768146,Viral,58502332,EMORY UNIVERSITY,"Bowman Lab\, OSU",2014-07-14,public,"fastq,run.zq,sra","gs,ncbi,s3","gs.us-east1,ncbi.public,s3.us-east-1",Influenza A infection,SRX22861674,USA,North America,USA: Indiana,Sub_adult,Sus scrofa domesticus,snout,Illumina MiSeq,pigID-20499,nasal wipe,3030938077_ZZYV8WJI_v1_S302,PAIRED,RT-PCR,VIRAL RNA,Influenza A virus,No passages prior to sequencing,ILLUMINA,2023-12-12T00:00:00Z,2023-12-12T01:10:00Z,1,24.7,pig20499_day3,14SW5134,SRP477429,mix,H3N2,female
SRR27181197,WGS,262,844727501,"Andrew S. Bowman\, The Ohio State University",PRJNA1051292,SAMN38768305,Viral,303027765,EMORY UNIVERSITY,"Bowman Lab\, OSU",2014-07-16,public,"fastq,run.zq,sra","gs,ncbi,s3","gs.us-east1,ncbi.public,s3.us-east-1",Influenza A infection,SRX22861670,USA,North America,USA: Indiana,Sub_adult,Sus scrofa domesticus,snout,Illumina NovaSeq 6000,pigID-37279,nasal wipe,3030938250_ZZYV1QSE_v2_S124,PAIRED,RT-PCR,VIRAL RNA,Influenza A virus,No passages prior to sequencing,ILLUMINA,2023-12-12T00:00:00Z,2023-12-12T01:12:00Z,1,28.5,pig37279_day5,14SW5871,SRP477429,,H3N2,
SRR27181198,WGS,271,1034288407,"Andrew S. Bowman\, The Ohio State University",PRJNA1051292,SAMN38768303,Viral,370801552,EMORY UNIVERSITY,"Bowman Lab\, OSU",2014-07-16,public,"fastq,run.zq,sra","gs,ncbi,s3","gs.us-east1,ncbi.public,s3.us-east-1",Influenza A infection,SRX22861669,USA,North America,USA: Indiana,Sub_adult,Sus scrofa domesticus,snout,Illumina NovaSeq 6000,pigID-20694,nasal wipe,3030938073_ZZYV1QOE_v2_S207,PAIRED,RT-PCR,VIRAL RNA,Influenza A virus,No passages prior to sequencing,ILLUMINA,2023-12-12T00:00:00Z,2023-12-12T01:11:00Z,1,24.6,pig20694_day5,14SW5869,SRP477429,mix,H3N2,female
SRR27181199,WGS,270,908821563,"Andrew S. Bowman\, The Ohio State University",PRJNA1051292,SAMN38768302,Viral,326451135,EMORY UNIVERSITY,"Bowman Lab\, OSU",2014-07-16,public,"fastq,run.zq,sra","gs,ncbi,s3","gs.us-east1,ncbi.public,s3.us-east-1",Influenza A infection,SRX22861668,USA,North America,USA: Indiana,Sub_adult,Sus scrofa domesticus,snout,Illumina NovaSeq 6000,pigID-20351,nasal wipe,3030938366_ZZYUQM9X_v2_S195,PAIRED,RT-PCR,VIRAL RNA,Influenza A virus,No passages prior to sequencing,ILLUMINA,2023-12-12T00:00:00Z,2023-12-12T01:12:00Z,1,31,pig20351_day5,14SW5868,SRP477429,Duroc,H3N2,female
SRR27181200,WGS,279,46126150,"Andrew S. Bowman\, The Ohio State University",PRJNA1051292,SAMN38768301,Viral,15392603,EMORY UNIVERSITY,"Bowman Lab\, OSU",2014-07-16,public,"fastq,run.zq,sra","gs,ncbi,s3","gs.us-east1,ncbi.public,s3.us-east-1",Influenza A infection,SRX22861667,USA,North America,USA: Indiana,Sub_adult,Sus scrofa domesticus,snout,Illumina NovaSeq 6000,pigID-20350,nasal wipe,3030938041_ZZYV1QNN_v2_S183,PAIRED,RT-PCR,VIRAL RNA,Influenza A virus,No passages prior to sequencing,ILLUMINA,2023-12-12T00:00:00Z,2023-12-12T01:10:00Z,1,23.8,pig20350_day5,14SW5867,SRP477429,York,H3N2,male
SRR27181201,WGS,271,932668824,"Andrew S. Bowman\, The Ohio State University",PRJNA1051292,SAMN38768211,Viral,340126010,EMORY UNIVERSITY,"Bowman Lab\, OSU",2014-07-15,public,"fastq,run.zq,sra","gs,ncbi,s3","gs.us-east1,ncbi.public,s3.us-east-1",Influenza A infection,SRX22861665,USA,North America,USA: Indiana,Sub_adult,Sus scrofa domesticus,snout,Illumina NovaSeq 6000,pigID-37188,nasal wipe,3030938075_ZZYV1QOG_v2_S128,PAIRED,RT-PCR,VIRAL RNA,Influenza A virus,No passages prior to sequencing,ILLUMINA,2023-12-12T00:00:00Z,2023-12-12T01:12:00Z,1,24.6,pig37188_day4,14SW5527,SRP477429,Hamp,H3N2,male
SRR27181202,WGS,256,1017562488,"Andrew S. Bowman\, The Ohio State University",PRJNA1051292,SAMN38768206,Viral,370809548,EMORY UNIVERSITY,"Bowman Lab\, OSU",2014-07-15,public,"fastq,run.zq,sra","gs,ncbi,s3","gs.us-east1,ncbi.public,s3.us-east-1",Influenza A infection,SRX22861664,USA,North America,USA: Indiana,Sub_adult,Sus scrofa domesticus,snout,Illumina NovaSeq 6000,pigID-20513,nasal wipe,3030938327_ZZYV1QTM_v2_S116,PAIRED,RT-PCR,VIRAL RNA,Influenza A virus,No passages prior to sequencing,ILLUMINA,2023-12-12T00:00:00Z,2023-12-12T01:11:00Z,1,30.3,pig20513_day4,14SW5509,SRP477429,Duroc,H3N2,male
SRR27181203,WGS,278,1047597876,"Andrew S. Bowman\, The Ohio State University",PRJNA1051292,SAMN38768205,Viral,375785462,EMORY UNIVERSITY,"Bowman Lab\, OSU",2014-07-15,public,"fastq,run.zq,sra","gs,ncbi,s3","gs.us-east1,ncbi.public,s3.us-east-1",Influenza A infection,SRX22861663,USA,North America,USA: Indiana,Sub_adult,Sus scrofa domesticus,snout,Illumina NovaSeq 6000,pigID-37166,nasal wipe,3030938190_ZZYV1QR5_v2_S46,PAIRED,RT-PCR,VIRAL RNA,Influenza A virus,No passages prior to sequencing,ILLUMINA,2023-12-12T00:00:00Z,2023-12-12T01:11:00Z,1,27.3,pig37166_day4,14SW5508,SRP477429,Duroc,H1N1,female
SRR27181204,WGS,272,1039375310,"Andrew S. Bowman\, The Ohio State University",PRJNA1051292,SAMN38768213,Viral,379475149,EMORY UNIVERSITY,"Bowman Lab\, OSU",2014-07-15,public,"fastq,run.zq,sra","gs,ncbi,s3","gs.us-east1,ncbi.public,s3.us-east-1",Influenza A infection,SRX22861666,USA,North America,USA: Indiana,Sub_adult,Sus scrofa domesticus,snout,Illumina NovaSeq 6000,pigID-37187,nasal wipe,3030938363_ZZYUQM9W_v2_S140,PAIRED,RT-PCR,VIRAL RNA,Influenza A virus,No passages prior to sequencing,ILLUMINA,2023-12-12T00:00:00Z,2023-12-12T01:10:00Z,1,31,pig37187_day4,14SW5530,SRP477429,Hamp,H3N2,male
SRR27181205,WGS,286,1101556419,"Andrew S. Bowman\, The Ohio State University",PRJNA1051292,SAMN38768202,Viral,396458686,EMORY UNIVERSITY,"Bowman Lab\, OSU",2014-07-15,public,"fastq,run.zq,sra","gs,ncbi,s3","gs.us-east1,ncbi.public,s3.us-east-1",Influenza A infection,SRX22861662,USA,North America,USA: Indiana,Sub_adult,Sus scrofa domesticus,snout,Illumina NovaSeq 6000,pigID-37201,nasal wipe,3030938347_ZZYUQM9O_v2_S34,PAIRED,RT-PCR,VIRAL RNA,Influenza A virus,No passages prior to sequencing,ILLUMINA,2023-12-12T00:00:00Z,2023-12-12T01:12:00Z,1,30.7,pig37201_day4,14SW5481,SRP477429,mix,H3N2,male
SRR27181206,WGS,283,940634505,"Andrew S. Bowman\, The Ohio State University",PRJNA1051292,SAMN38768201,Viral,341786623,EMORY UNIVERSITY,"Bowman Lab\, OSU",2014-07-15,public,"fastq,run.zq,sra","gs,ncbi,s3","gs.us-east1,ncbi.public,s3.us-east-1",Influenza A infection,SRX22861661,USA,North America,USA: Indiana,Sub_adult,Sus scrofa domesticus,snout,Illumina NovaSeq 6000,pigID-1-5,nasal wipe,3030937992_ZZYV1QMK_v2_S22,PAIRED,RT-PCR,VIRAL RNA,Influenza A virus,No passages prior to sequencing,ILLUMINA,2023-12-12T00:00:00Z,2023-12-12T01:11:00Z,1,22.7,pig1-5_day4,14SW5478,SRP477429,Poland,H3N2,male
SRR27181207,WGS,300,163217700,"Andrew S. Bowman\, The Ohio State University",PRJNA1051292,SAMN38768139,Viral,70268004,EMORY UNIVERSITY,"Bowman Lab\, OSU",2014-07-14,public,"fastq,run.zq,sra","gs,ncbi,s3","gs.us-east1,ncbi.public,s3.us-east-1",Influenza A infection,SRX22861660,USA,North America,USA: Indiana,Sub_adult,Sus scrofa domesticus,snout,Illumina MiSeq,pigID-37166,nasal wipe,3030938271_ZZYV8WOW_v1_S254,PAIRED,RT-PCR,VIRAL RNA,Influenza A virus,No passages prior to sequencing,ILLUMINA,2023-12-12T00:00:00Z,2023-12-12T01:11:00Z,1,28.9,pig37166_day3,14SW5092,SRP477429,Duroc,,female
SRR27181208,WGS,277,832153996,"Andrew S. Bowman\, The Ohio State University",PRJNA1051292,SAMN38768200,Viral,300295631,EMORY UNIVERSITY,"Bowman Lab\, OSU",2014-07-15,public,"fastq,run.zq,sra","gs,ncbi,s3","gs.us-east1,ncbi.public,s3.us-east-1",Influenza A infection,SRX22861659,USA,North America,USA: Indiana,Sub_adult,Sus scrofa domesticus,snout,Illumina NovaSeq 6000,pigID-20392,nasal wipe,3030938291_ZZYV1QT4_v2_S10,PAIRED,RT-PCR,VIRAL RNA,Influenza A virus,No passages prior to sequencing,ILLUMINA,2023-12-12T00:00:00Z,2023-12-12T01:13:00Z,1,29.4,pig20392_day4,14SW5476,SRP477429,mix,H3N2,male
SRR27181209,WGS,275,1115151253,"Andrew S. Bowman\, The Ohio State University",PRJNA1051292,SAMN38768196,Viral,400836613,EMORY UNIVERSITY,"Bowman Lab\, OSU",2014-07-15,public,"fastq,run.zq,sra","gs,ncbi,s3","gs.us-east1,ncbi.public,s3.us-east-1",Influenza A infection,SRX22861657,USA,North America,USA: Indiana,Sub_adult,Sus scrofa domesticus,snout,Illumina NovaSeq 6000,pigID-20630,nasal wipe,3030937947_ZZYV1QLH_v2_S81,PAIRED,RT-PCR,VIRAL RNA,Influenza A virus,No passages prior to sequencing,ILLUMINA,2023-12-12T00:00:00Z,2023-12-12T01:10:00Z,1,21.9,pig20630_day4,14SW5469,SRP477429,York,H3N2,male
SRR27181210,WGS,277,1051489742,"Andrew S. Bowman\, The Ohio State University",PRJNA1051292,SAMN38768195,Viral,380296607,EMORY UNIVERSITY,"Bowman Lab\, OSU",2014-07-15,public,"fastq,run.zq,sra","gs,ncbi,s3","gs.us-east1,ncbi.public,s3.us-east-1",Influenza A infection,SRX22861656,USA,North America,USA: Indiana,Sub_adult,Sus scrofa domesticus,snout,Illumina NovaSeq 6000,pigID-20629,nasal wipe,3030937965_ZZYV1QLY_v2_S69,PAIRED,RT-PCR,VIRAL RNA,Influenza A virus,No passages prior to sequencing,ILLUMINA,2023-12-12T00:00:00Z,2023-12-12T01:12:00Z,1,22.2,pig20629_day4,14SW5468,SRP477429,mix,H3N2,male
SRR27181211,WGS,232,1387155147,"Andrew S. Bowman\, The Ohio State University",PRJNA1051292,SAMN38768194,Viral,493537135,EMORY UNIVERSITY,"Bowman Lab\, OSU",2014-07-15,public,"fastq,run.zq,sra","gs,ncbi,s3","gs.us-east1,ncbi.public,s3.us-east-1",Influenza A infection,SRX22861655,USA,North America,USA: Indiana,Sub_adult,Sus scrofa domesticus,snout,Illumina NovaSeq 6000,pigID-37326,nasal wipe,3030937888_ZZYV1QK3_v2_S24,PAIRED,RT-PCR,VIRAL RNA,Influenza A virus,No passages prior to sequencing,ILLUMINA,2023-12-12T00:00:00Z,2023-12-12T01:11:00Z,1,19.5,pig37326_day4,14SW5467,SRP477429,York,H3N2,male
SRR27181212,WGS,275,1153612168,"Andrew S. Bowman\, The Ohio State University",PRJNA1051292,SAMN38768199,Viral,412759585,EMORY UNIVERSITY,"Bowman Lab\, OSU",2014-07-15,public,"fastq,run.zq,sra","gs,ncbi,s3","gs.us-east1,ncbi.public,s3.us-east-1",Influenza A infection,SRX22861658,USA,North America,USA: Indiana,Sub_adult,Sus scrofa domesticus,snout,Illumina NovaSeq 6000,pigID-20387,nasal wipe,3030938214_ZZYV1QRL_v2_S93,PAIRED,RT-PCR,VIRAL RNA,Influenza A virus,No passages prior to sequencing,ILLUMINA,2023-12-12T00:00:00Z,2023-12-12T01:11:00Z,1,27.8,pig20387_day4,14SW5474,SRP477429,Duroc,H3N2,male
SRR27181213,WGS,275,960235609,"Andrew S. Bowman\, The Ohio State University",PRJNA1051292,SAMN38768192,Viral,347047092,EMORY UNIVERSITY,"Bowman Lab\, OSU",2014-07-15,public,"fastq,run.zq,sra","gs,ncbi,s3","gs.us-east1,ncbi.public,s3.us-east-1",Influenza A infection,SRX22861654,USA,North America,USA: Indiana,Sub_adult,Sus scrofa domesticus,snout,Illumina NovaSeq 6000,pigID-20645,nasal wipe,3030938234_ZZYV1QRZ_v2_S57,PAIRED,RT-PCR,VIRAL RNA,Influenza A virus,No passages prior to sequencing,ILLUMINA,2023-12-12T00:00:00Z,2023-12-12T01:10:00Z,1,28.2,pig20645_day4,14SW5465,SRP477429,York,H3N2,female
SRR27181214,WGS,280,948576067,"Andrew S. Bowman\, The Ohio State University",PRJNA1051292,SAMN38768190,Viral,340593797,EMORY UNIVERSITY,"Bowman Lab\, OSU",2014-07-15,public,"fastq,run.zq,sra","gs,ncbi,s3","gs.us-east1,ncbi.public,s3.us-east-1",Influenza A infection,SRX22861653,USA,North America,USA: Indiana,Sub_adult,Sus scrofa domesticus,snout,Illumina NovaSeq 6000,pigID-20643,nasal wipe,3030937875_ZZYV1QJS_v2_S45,PAIRED,RT-PCR,VIRAL RNA,Influenza A virus,No passages prior to sequencing,ILLUMINA,2023-12-12T00:00:00Z,2023-12-12T01:10:00Z,1,18.4,pig20643_day4,14SW5463,SRP477429,Hamp,H3N2,female
SRR27181215,WGS,277,1095110480,"Andrew S. Bowman\, The Ohio State University",PRJNA1051292,SAMN38768189,Viral,393726687,EMORY UNIVERSITY,"Bowman Lab\, OSU",2014-07-15,public,"fastq,run.zq,sra","gs,ncbi,s3","gs.us-east1,ncbi.public,s3.us-east-1",Influenza A infection,SRX22861652,USA,North America,USA: Indiana,Sub_adult,Sus scrofa domesticus,snout,Illumina NovaSeq 6000,pigID-20614,nasal wipe,3030937998_ZZYV1QMQ_v2_S33,PAIRED,RT-PCR,VIRAL RNA,Influenza A virus,No passages prior to sequencing,ILLUMINA,2023-12-12T00:00:00Z,2023-12-12T01:12:00Z,1,22.7,pig20614_day4,14SW5462,SRP477429,Duroc,H3N2,female
SRR27181216,WGS,282,987616739,"Andrew S. Bowman\, The Ohio State University",PRJNA1051292,SAMN38768188,Viral,355242272,EMORY UNIVERSITY,"Bowman Lab\, OSU",2014-07-15,public,"fastq,run.zq,sra","gs,ncbi,s3","gs.us-east1,ncbi.public,s3.us-east-1",Influenza A infection,SRX22861651,USA,North America,USA: Indiana,Sub_adult,Sus scrofa domesticus,snout,Illumina NovaSeq 6000,pigID-20627,nasal wipe,3030937973_ZZYV1QM4_v2_S21,PAIRED,RT-PCR,VIRAL RNA,Influenza A virus,No passages prior to sequencing,ILLUMINA,2023-12-12T00:00:00Z,2023-12-12T01:13:00Z,1,22.3,pig20627_day4,14SW5461,SRP477429,Hamp,H3N2,female
SRR27181217,WGS,300,199863300,"Andrew S. Bowman\, The Ohio State University",PRJNA1051292,SAMN38768138,Viral,84615882,EMORY UNIVERSITY,"Bowman Lab\, OSU",2014-07-14,public,"fastq,run.zq,sra","gs,ncbi,s3","gs.us-east1,ncbi.public,s3.us-east-1",Influenza A infection,SRX22861649,USA,North America,USA: Indiana,Sub_adult,Sus scrofa domesticus,snout,Illumina MiSeq,pigID-37355,nasal wipe,3030938023_ZZYV8WI0_v1_S47,PAIRED,RT-PCR,VIRAL RNA,Influenza A virus,No passages prior to sequencing,ILLUMINA,2023-12-12T00:00:00Z,2023-12-12T01:11:00Z,1,23.2,pig37355_day3,14SW5084,SRP477429,Duroc,H3N2,male
SRR27181218,WGS,278,1098308893,"Andrew S. Bowman\, The Ohio State University",PRJNA1051292,SAMN38768186,Viral,395595739,EMORY UNIVERSITY,"Bowman Lab\, OSU",2014-07-15,public,"fastq,run.zq,sra","gs,ncbi,s3","gs.us-east1,ncbi.public,s3.us-east-1",Influenza A infection,SRX22861648,USA,North America,USA: Indiana,Sub_adult,Sus scrofa domesticus,snout,Illumina NovaSeq 6000,pigID-20628,nasal wipe,3030938003_ZZYV1QMT_v2_S92,PAIRED,RT-PCR,VIRAL RNA,Influenza A virus,No passages prior to sequencing,ILLUMINA,2023-12-12T00:00:00Z,2023-12-12T01:12:00Z,1,22.8,pig20628_day4,14SW5459,SRP477429,mix,H3N2,male
SRR27181219,WGS,274,991028717,"Andrew S. Bowman\, The Ohio State University",PRJNA1051292,SAMN38768184,Viral,360391903,EMORY UNIVERSITY,"Bowman Lab\, OSU",2014-07-15,public,"fastq,run.zq,sra","gs,ncbi,s3","gs.us-east1,ncbi.public,s3.us-east-1",Influenza A infection,SRX22861647,USA,North America,USA: Indiana,Sub_adult,Sus scrofa domesticus,snout,Illumina NovaSeq 6000,pigID-37344,nasal wipe,3030938039_ZZYV1QNL_v2_S80,PAIRED,RT-PCR,VIRAL RNA,Influenza A virus,No passages prior to sequencing,ILLUMINA,2023-12-12T00:00:00Z,2023-12-12T01:11:00Z,1,23.8,pig37344_day4,14SW5455,SRP477429,York,H3N2,male
SRR27181220,WGS,277,962119022,"Andrew S. Bowman\, The Ohio State University",PRJNA1051292,SAMN38768187,Viral,345000587,EMORY UNIVERSITY,"Bowman Lab\, OSU",2014-07-15,public,"fastq,run.zq,sra","gs,ncbi,s3","gs.us-east1,ncbi.public,s3.us-east-1",Influenza A infection,SRX22861650,USA,North America,USA: Indiana,Sub_adult,Sus scrofa domesticus,snout,Illumina NovaSeq 6000,pigID-20641,nasal wipe,3030938259_ZZYV1QSK_v2_S9,PAIRED,RT-PCR,VIRAL RNA,Influenza A virus,No passages prior to sequencing,ILLUMINA,2023-12-12T00:00:00Z,2023-12-12T01:11:00Z,1,28.7,pig20641_day4,14SW5460,SRP477429,Hamp,H1N1/H3N2 double infection,female
SRR27181221,WGS,279,912235723,"Andrew S. Bowman\, The Ohio State University",PRJNA1051292,SAMN38768182,Viral,330681230,EMORY UNIVERSITY,"Bowman Lab\, OSU",2014-07-15,public,"fastq,run.zq,sra","gs,ncbi,s3","gs.us-east1,ncbi.public,s3.us-east-1",Influenza A infection,SRX22861646,USA,North America,USA: Indiana,Sub_adult,Sus scrofa domesticus,snout,Illumina NovaSeq 6000,pigID-20615,nasal wipe,3030938133_ZZYV1QPQ_v2_S56,PAIRED,RT-PCR,VIRAL RNA,Influenza A virus,No passages prior to sequencing,ILLUMINA,2023-12-12T00:00:00Z,2023-12-12T01:10:00Z,1,25.9,pig20615_day4,14SW5453,SRP477429,York,H3N2,male
SRR27181222,WGS,247,358434291,"Andrew S. Bowman\, The Ohio State University",PRJNA1051292,SAMN38768180,Viral,129930044,EMORY UNIVERSITY,"Bowman Lab\, OSU",2014-07-15,public,"fastq,run.zq,sra","gs,ncbi,s3","gs.us-east1,ncbi.public,s3.us-east-1",Influenza A infection,SRX22862095,USA,North America,USA: Indiana,Sub_adult,Sus scrofa domesticus,snout,Illumina NovaSeq 6000,pigID-20632,nasal wipe,3030938131_ZZYV1QPO_v2_S11,PAIRED,RT-PCR,VIRAL RNA,Influenza A virus,No passages prior to sequencing,ILLUMINA,2023-12-12T00:00:00Z,2023-12-12T01:10:00Z,1,25.8,pig20632_day4,14SW5451,SRP477429,Hamp,H3N2,male
SRR27181223,WGS,281,844084176,"Andrew S. Bowman\, The Ohio State University",PRJNA1051292,SAMN38768093,Viral,304973406,EMORY UNIVERSITY,"Bowman Lab\, OSU",2014-07-12,public,"fastq,run.zq,sra","gs,ncbi,s3","gs.us-east1,ncbi.public,s3.us-east-1",Influenza A infection,SRX22861644,USA,North America,USA: Indiana,Sub_adult,Sus scrofa domesticus,snout,Illumina NovaSeq 6000,pigID-20423,nasal wipe,3030937928_ZZYV1QL3_v2_S37,PAIRED,RT-PCR,VIRAL RNA,Influenza A virus,No passages prior to sequencing,ILLUMINA,2023-12-12T00:00:00Z,2023-12-12T01:11:00Z,1,21.2,pig20423_day1,14SW4081,SRP477429,mix,H1N1,female
SRR27181224,WGS,279,1241361438,"Andrew S. Bowman\, The Ohio State University",PRJNA1051292,SAMN38768092,Viral,448248047,EMORY UNIVERSITY,"Bowman Lab\, OSU",2014-07-12,public,"fastq,run.zq,sra","gs,ncbi,s3","gs.us-east1,ncbi.public,s3.us-east-1",Influenza A infection,SRX22861643,USA,North America,USA: Indiana,Sub_adult,Sus scrofa domesticus,snout,Illumina NovaSeq 6000,pigID-20424,nasal wipe,3030937913_ZZYV1QKQ_v2_S25,PAIRED,RT-PCR,VIRAL RNA,Influenza A virus,No passages prior to sequencing,ILLUMINA,2023-12-12T00:00:00Z,2023-12-12T01:11:00Z,1,20.5,pig20424_day1,14SW4080,SRP477429,mix,H1N1,female
SRR27181225,WGS,289,918870878,"Andrew S. Bowman\, The Ohio State University",PRJNA1051292,SAMN38768090,Viral,333664112,EMORY UNIVERSITY,"Bowman Lab\, OSU",2014-07-12,public,"fastq,run.zq,sra","gs,ncbi,s3","gs.us-east1,ncbi.public,s3.us-east-1",Influenza A infection,SRX22861641,USA,North America,USA: Indiana,Sub_adult,Sus scrofa domesticus,snout,Illumina NovaSeq 6000,pigID-20429,nasal wipe,3030938132_ZZYV1QPP_v2_S26,PAIRED,RT-PCR,VIRAL RNA,Influenza A virus,No passages prior to sequencing,ILLUMINA,2023-12-12T00:00:00Z,2023-12-12T01:11:00Z,1,25.8,pig20429_day1,14SW4077,SRP477429,Hamp,H1N1,
SRR27181226,WGS,300,13685700,"Andrew S. Bowman\, The Ohio State University",PRJNA1051292,SAMN38768593,Viral,5997265,EMORY UNIVERSITY,"Bowman Lab\, OSU",2014-07-17,public,"fastq,run.zq,sra","gs,ncbi,s3","gs.us-east1,ncbi.public,s3.us-east-1",Influenza A infection,SRX22861640,USA,North America,USA: Indiana,Sub_adult,Sus scrofa domesticus,snout,Illumina MiSeq,pigID-37218,nasal wipe,3030938217_ZZYV8XFI_v1_S360,PAIRED,RT-PCR,VIRAL RNA,Influenza A virus,No passages prior to sequencing,ILLUMINA,2023-12-12T00:00:00Z,2023-12-12T01:09:00Z,1,27.8,pig37218_day6,14SW6366,SRP477429,Duroc,H1N1/H3N2 double infection,male
SRR27181227,WGS,300,50150400,"Andrew S. Bowman\, The Ohio State University",PRJNA1051292,SAMN38768592,Viral,28658590,EMORY UNIVERSITY,"Bowman Lab\, OSU",2014-07-17,public,"fastq,run.zq,sra","gs,ncbi,s3","gs.us-east1,ncbi.public,s3.us-east-1",Influenza A infection,SRX22861639,USA,North America,USA: Indiana,Sub_adult,Sus scrofa domesticus,snout,Illumina MiSeq,pigID-37174,nasal wipe,3030938365_ZZYV8WRI_v1_S34,PAIRED,RT-PCR,VIRAL RNA,Influenza A virus,No passages prior to sequencing,ILLUMINA,2023-12-12T00:00:00Z,2023-12-12T01:09:00Z,1,31,pig37174_day6,14SW6365,SRP477429,Berk,,male
SRR27181228,WGS,281,829008137,"Andrew S. Bowman\, The Ohio State University",PRJNA1051292,SAMN38768091,Viral,299348812,EMORY UNIVERSITY,"Bowman Lab\, OSU",2014-07-12,public,"fastq,run.zq,sra","gs,ncbi,s3","gs.us-east1,ncbi.public,s3.us-east-1",Influenza A infection,SRX22861642,USA,North America,USA: Indiana,Sub_adult,Sus scrofa domesticus,snout,Illumina NovaSeq 6000,pigID-20430,nasal wipe,3030937932_ZZYV1QL6_v2_S13,PAIRED,RT-PCR,VIRAL RNA,Influenza A virus,No passages prior to sequencing,ILLUMINA,2023-12-12T00:00:00Z,2023-12-12T01:11:00Z,1,21.3,pig20430_day1,14SW4079,SRP477429,mix,H1N1,female
SRR27181229,WGS,300,2394900,"Andrew S. Bowman\, The Ohio State University",PRJNA1051292,SAMN38768591,Viral,1474937,EMORY UNIVERSITY,"Bowman Lab\, OSU",2014-07-17,public,"fastq,run.zq,sra","gs,ncbi,s3","gs.us-east1,ncbi.public,s3.us-east-1",Influenza A infection,SRX22861638,USA,North America,USA: Indiana,Sub_adult,Sus scrofa domesticus,snout,Illumina MiSeq,pigID-37221,nasal wipe,3030938324_ZZYV8WQD_v1_S49,PAIRED,RT-PCR,VIRAL RNA,Influenza A virus,No passages prior to sequencing,ILLUMINA,2023-12-12T00:00:00Z,2023-12-12T01:09:00Z,1,30.2,pig37221_day6,14SW6359,SRP477429,Duroc,H3N2,male
SRR27181230,WGS,300,33819300,"Andrew S. Bowman\, The Ohio State University",PRJNA1051292,SAMN38768590,Viral,22936847,EMORY UNIVERSITY,"Bowman Lab\, OSU",2014-07-17,public,"fastq,run.zq,sra","gs,ncbi,s3","gs.us-east1,ncbi.public,s3.us-east-1",Influenza A infection,SRX22861637,USA,North America,USA: Indiana,Sub_adult,Sus scrofa domesticus,snout,Illumina MiSeq,pigID-37295,nasal wipe,3030938345_ZZYV8WQY_v1_S68,PAIRED,RT-PCR,VIRAL RNA,Influenza A virus,No passages prior to sequencing,ILLUMINA,2023-12-12T00:00:00Z,2023-12-12T01:10:00Z,1,30.6,pig37295_day6,14SW6358,SRP477429,mix,H1N1/H3N2 double infection,female
SRR27181231,WGS,300,126981900,"Andrew S. Bowman\, The Ohio State University",PRJNA1051292,SAMN38768131,Viral,56268112,EMORY UNIVERSITY,"Bowman Lab\, OSU",2014-07-14,public,"fastq,run.zq,sra","gs,ncbi,s3","gs.us-east1,ncbi.public,s3.us-east-1",Influenza A infection,SRX22861636,USA,North America,USA: Indiana,Sub_adult,Sus scrofa domesticus,snout,Illumina MiSeq,pigID-20630,nasal wipe,3030938236_ZZYV8WNX_v1_S238,PAIRED,RT-PCR,VIRAL RNA,Influenza A virus,No passages prior to sequencing,ILLUMINA,2023-12-12T00:00:00Z,2023-12-12T01:10:00Z,1,28.2,pig20630_day3,14SW5042,SRP477429,York,H3N2,male
SRR27181232,WGS,300,5759400,"Andrew S. Bowman\, The Ohio State University",PRJNA1051292,SAMN38768589,Viral,2540734,EMORY UNIVERSITY,"Bowman Lab\, OSU",2014-07-17,public,"fastq,run.zq,sra","gs,ncbi,s3","gs.us-east1,ncbi.public,s3.us-east-1",Influenza A infection,SRX22861635,USA,North America,USA: Indiana,Sub_adult,Sus scrofa domesticus,snout,Illumina MiSeq,pigID-37154,nasal wipe,3030938178_ZZYV8WMB_v1_S316,PAIRED,RT-PCR,VIRAL RNA,Influenza A virus,No passages prior to sequencing,ILLUMINA,2023-12-12T00:00:00Z,2023-12-12T01:09:00Z,1,27.1,pig37154_day6,14SW6357,SRP477429,mix,H3N2,male
SRR27181233,WGS,300,63505500,"Andrew S. Bowman\, The Ohio State University",PRJNA1051292,SAMN38768587,Viral,27247508,EMORY UNIVERSITY,"Bowman Lab\, OSU",2014-07-17,public,"fastq,run.zq,sra","gs,ncbi,s3","gs.us-east1,ncbi.public,s3.us-east-1",Influenza A infection,SRX22861633,USA,North America,USA: Indiana,Sub_adult,Sus scrofa domesticus,snout,Illumina MiSeq,pigID-37228,nasal wipe,3030938094_ZZYV8WJZ_v1_S169,PAIRED,RT-PCR,VIRAL RNA,Influenza A virus,No passages prior to sequencing,ILLUMINA,2023-12-12T00:00:00Z,2023-12-12T01:11:00Z,1,24.9,pig37228_day6,14SW6355,SRP477429,York,H3N2,male
SRR27181234,WGS,300,79416900,"Andrew S. Bowman\, The Ohio State University",PRJNA1051292,SAMN38768586,Viral,44214725,EMORY UNIVERSITY,"Bowman Lab\, OSU",2014-07-17,public,"fastq,run.zq,sra","gs,ncbi,s3","gs.us-east1,ncbi.public,s3.us-east-1",Influenza A infection,SRX22861632,USA,North America,USA: Indiana,Sub_adult,Sus scrofa domesticus,snout,Illumina MiSeq,pigID-37248,nasal wipe,3030937914_ZZYV8WEZ_v1_S15,PAIRED,RT-PCR,VIRAL RNA,Influenza A virus,No passages prior to sequencing,ILLUMINA,2023-12-12T00:00:00Z,2023-12-12T01:10:00Z,1,20.5,pig37248_day6,14SW6354,SRP477429,Berk,H3N2,male
SRR27181235,WGS,300,88027800,"Andrew S. Bowman\, The Ohio State University",PRJNA1051292,SAMN38768585,Viral,49137450,EMORY UNIVERSITY,"Bowman Lab\, OSU",2014-07-17,public,"fastq,run.zq,sra","gs,ncbi,s3","gs.us-east1,ncbi.public,s3.us-east-1",Influenza A infection,SRX22861631,USA,North America,USA: Indiana,Sub_adult,Sus scrofa domesticus,snout,Illumina MiSeq,pigID-37146,nasal wipe,3030938332_ZZYV8WQL_v1_S13,PAIRED,RT-PCR,VIRAL RNA,Influenza A virus,No passages prior to sequencing,ILLUMINA,2023-12-12T00:00:00Z,2023-12-12T01:11:00Z,1,30.4,pig37146_day6,14SW6349,SRP477429,mix,H1N1/H3N2 double infection,male
SRR27181236,WGS,300,91120800,"Andrew S. Bowman\, The Ohio State University",PRJNA1051292,SAMN38768588,Viral,51192069,EMORY UNIVERSITY,"Bowman Lab\, OSU",2014-07-17,public,"fastq,run.zq,sra","gs,ncbi,s3","gs.us-east1,ncbi.public,s3.us-east-1",Influenza A infection,SRX22861634,USA,North America,USA: Indiana,Sub_adult,Sus scrofa domesticus,snout,Illumina MiSeq,pigID-37227,nasal wipe,3030937956_ZZYV8WG5_v1_S71,PAIRED,RT-PCR,VIRAL RNA,Influenza A virus,No passages prior to sequencing,ILLUMINA,2023-12-12T00:00:00Z,2023-12-12T01:10:00Z,1,22,pig37227_day6,14SW6356,SRP477429,mix,H3N2,female
SRR27181237,WGS,300,138278700,"Andrew S. Bowman\, The Ohio State University",PRJNA1051292,SAMN38768584,Viral,58175996,EMORY UNIVERSITY,"Bowman Lab\, OSU",2014-07-17,public,"fastq,run.zq,sra","gs,ncbi,s3","gs.us-east1,ncbi.public,s3.us-east-1",Influenza A infection,SRX22861630,USA,North America,USA: Indiana,Sub_adult,Sus scrofa domesticus,snout,Illumina MiSeq,pigID-37272,nasal wipe,3030938044_ZZYV8WIL_v1_S69,PAIRED,RT-PCR,VIRAL RNA,Influenza A virus,No passages prior to sequencing,ILLUMINA,2023-12-12T00:00:00Z,2023-12-12T01:10:00Z,1,23.9,pig37272_day6,14SW6348,SRP477429,mix,H3N2,male
SRR27181238,WGS,300,72809700,"Andrew S. Bowman\, The Ohio State University",PRJNA1051292,SAMN38768583,Viral,40531172,EMORY UNIVERSITY,"Bowman Lab\, OSU",2014-07-17,public,"fastq,run.zq,sra","gs,ncbi,s3","gs.us-east1,ncbi.public,s3.us-east-1",Influenza A infection,SRX22861629,USA,North America,USA: Indiana,Sub_adult,Sus scrofa domesticus,snout,Illumina MiSeq,pigID-37208,nasal wipe,3030938030_ZZYV8WI7_v1_S53,PAIRED,RT-PCR,VIRAL RNA,Influenza A virus,No passages prior to sequencing,ILLUMINA,2023-12-12T00:00:00Z,2023-12-12T01:10:00Z,1,23.5,pig37208_day6,14SW6346,SRP477429,Spot,H3N2,male
SRR27181239,WGS,300,153712500,"Andrew S. Bowman\, The Ohio State University",PRJNA1051292,SAMN38768582,Viral,65378268,EMORY UNIVERSITY,"Bowman Lab\, OSU",2014-07-17,public,"fastq,run.zq,sra","gs,ncbi,s3","gs.us-east1,ncbi.public,s3.us-east-1",Influenza A infection,SRX22861628,USA,North America,USA: Indiana,Sub_adult,Sus scrofa domesticus,snout,Illumina MiSeq,pigID-37332,nasal wipe,3030938056_ZZYV8WIX_v1_S348,PAIRED,RT-PCR,VIRAL RNA,Influenza A virus,No passages prior to sequencing,ILLUMINA,2023-12-12T00:00:00Z,2023-12-12T01:10:00Z,1,24.1,pig37332_day6,14SW6344,SRP477429,mix,H3N2,male
SRR27181240,WGS,300,84760200,"Andrew S. Bowman\, The Ohio State University",PRJNA1051292,SAMN38768581,Viral,35785251,EMORY UNIVERSITY,"Bowman Lab\, OSU",2014-07-17,public,"fastq,run.zq,sra","gs,ncbi,s3","gs.us-east1,ncbi.public,s3.us-east-1",Influenza A infection,SRX22861627,USA,North America,USA: Indiana,Sub_adult,Sus scrofa domesticus,snout,Illumina MiSeq,pigID-37334,nasal wipe,3030938176_ZZYV8WM9_v1_S37,PAIRED,RT-PCR,VIRAL RNA,Influenza A virus,No passages prior to sequencing,ILLUMINA,2023-12-12T00:00:00Z,2023-12-12T01:10:00Z,1,26.9,pig37334_day6,14SW6343,SRP477429,Spot,H3N2,male
SRR27181241,WGS,300,152004900,"Andrew S. Bowman\, The Ohio State University",PRJNA1051292,SAMN38768130,Viral,65954293,EMORY UNIVERSITY,"Bowman Lab\, OSU",2014-07-14,public,"fastq,run.zq,sra","gs,ncbi,s3","gs.us-east1,ncbi.public,s3.us-east-1",Influenza A infection,SRX22861625,USA,North America,USA: Indiana,Sub_adult,Sus scrofa domesticus,snout,Illumina MiSeq,pigID-20395,nasal wipe,3030938200_ZZYV8WMX_v1_S106,PAIRED,RT-PCR,VIRAL RNA,Influenza A virus,No passages prior to sequencing,ILLUMINA,2023-12-12T00:00:00Z,2023-12-12T01:11:00Z,1,27.5,pig20395_day3,14SW5038,SRP477429,Hamp,H1N1/H3N2 double infection,male
SRR27181242,WGS,274,2576102534,"Andrew S. Bowman\, The Ohio State University",PRJNA1051292,SAMN38768464,Viral,906864533,EMORY UNIVERSITY,"Bowman Lab\, OSU",2014-07-16,public,"fastq,run.zq,sra","gs,ncbi,s3","gs.us-east1,ncbi.public,s3.us-east-1",Influenza A infection,SRX22861624,USA,North America,USA: Indiana,Sub_adult,Sus scrofa domesticus,snout,Illumina NovaSeq 6000,pigID-20577,nasal wipe,3030938341_ZZYUQM9K_v2_S140,PAIRED,RT-PCR,VIRAL RNA,Influenza A virus,No passages prior to sequencing,ILLUMINA,2023-12-12T00:00:00Z,2023-12-12T01:14:00Z,1,30.5,pig20577_day5,14SW6143,SRP477429,Chester,H1N1,female
SRR27181243,WGS,300,68901300,"Andrew S. Bowman\, The Ohio State University",PRJNA1051292,SAMN38768520,Viral,38735899,EMORY UNIVERSITY,"Bowman Lab\, OSU",2014-07-17,public,"fastq,run.zq,sra","gs,ncbi,s3","gs.us-east1,ncbi.public,s3.us-east-1",Influenza A infection,SRX22861623,USA,North America,USA: Indiana,Sub_adult,Sus scrofa domesticus,snout,Illumina MiSeq,pigID-37198,nasal wipe,3030937985_ZZYV8WGY_v1_S11,PAIRED,RT-PCR,VIRAL RNA,Influenza A virus,No passages prior to sequencing,ILLUMINA,2023-12-12T00:00:00Z,2023-12-12T01:10:00Z,1,22.5,pig37198_day6,14SW6251,SRP477429,mix,H1N1/H3N2 reassortant,male
SRR27181244,WGS,300,89886300,"Andrew S. Bowman\, The Ohio State University",PRJNA1051292,SAMN38768523,Viral,50185280,EMORY UNIVERSITY,"Bowman Lab\, OSU",2014-07-17,public,"fastq,run.zq,sra","gs,ncbi,s3","gs.us-east1,ncbi.public,s3.us-east-1",Influenza A infection,SRX22861382,USA,North America,USA: Indiana,Sub_adult,Sus scrofa domesticus,snout,Illumina MiSeq,pigID-37240,nasal wipe,3030938289_ZZYV8WPE_v1_S61,PAIRED,RT-PCR,VIRAL RNA,Influenza A virus,No passages prior to sequencing,ILLUMINA,2023-12-12T00:00:00Z,2023-12-12T01:11:00Z,1,29.4,pig37240_day6,14SW6254,SRP477429,Hamp,H3N2,female
SRR27181245,WGS,300,193177500,"Andrew S. Bowman\, The Ohio State University",PRJNA1051292,SAMN38768124,Viral,82829834,EMORY UNIVERSITY,"Bowman Lab\, OSU",2014-07-14,public,"fastq,run.zq,sra","gs,ncbi,s3","gs.us-east1,ncbi.public,s3.us-east-1",Influenza A infection,SRX22861622,USA,North America,USA: Indiana,Sub_adult,Sus scrofa domesticus,snout,Illumina MiSeq,pigID-37364,nasal wipe,3030938322_ZZYV8WQB_v1_S27,PAIRED,RT-PCR,VIRAL RNA,Influenza A virus,No passages prior to sequencing,ILLUMINA,2023-12-12T00:00:00Z,2023-12-12T01:11:00Z,1,30.2,pig37364_day3,14SW5022,SRP477429,Hamp,H3N2,male
SRR27181246,WGS,300,108678600,"Andrew S. Bowman\, The Ohio State University",PRJNA1051292,SAMN38768519,Viral,46040204,EMORY UNIVERSITY,"Bowman Lab\, OSU",2014-07-17,public,"fastq,run.zq,sra","gs,ncbi,s3","gs.us-east1,ncbi.public,s3.us-east-1",Influenza A infection,SRX22861621,USA,North America,USA: Indiana,Sub_adult,Sus scrofa domesticus,snout,Illumina MiSeq,pigID-20566,nasal wipe,3030937953_ZZYV8WG2_v1_S109,PAIRED,RT-PCR,VIRAL RNA,Influenza A virus,No passages prior to sequencing,ILLUMINA,2023-12-12T00:00:00Z,2023-12-12T01:11:00Z,1,22,pig20566_day6,14SW6244,SRP477429,York,H1N1/H3N2 double infection,male
SRR27181247,WGS,300,313500,"Andrew S. Bowman\, The Ohio State University",PRJNA1051292,SAMN38768518,Viral,208844,EMORY UNIVERSITY,"Bowman Lab\, OSU",2014-07-17,public,"fastq,run.zq,sra","gs,ncbi,s3","gs.us-east1,ncbi.public,s3.us-east-1",Influenza A infection,SRX22861620,USA,North America,USA: Indiana,Sub_adult,Sus scrofa domesticus,snout,Illumina MiSeq,pigID-20563,nasal wipe,3030938051_ZZYV8WIS_v1_S81,PAIRED,RT-PCR,VIRAL RNA,Influenza A virus,No passages prior to sequencing,ILLUMINA,2023-12-12T00:00:00Z,2023-12-12T01:09:00Z,1,24,pig20563_day6,14SW6243,SRP477429,mix,,male
SRR27181248,WGS,300,81674100,"Andrew S. Bowman\, The Ohio State University",PRJNA1051292,SAMN38768517,Viral,34645044,EMORY UNIVERSITY,"Bowman Lab\, OSU",2014-07-17,public,"fastq,run.zq,sra","gs,ncbi,s3","gs.us-east1,ncbi.public,s3.us-east-1",Influenza A infection,SRX22861619,USA,North America,USA: Indiana,Sub_adult,Sus scrofa domesticus,snout,Illumina MiSeq,pigID-37113,nasal wipe,3030938143_ZZYV8WLC_v1_S296,PAIRED,RT-PCR,VIRAL RNA,Influenza A virus,No passages prior to sequencing,ILLUMINA,2023-12-12T00:00:00Z,2023-12-12T01:10:00Z,1,26.1,pig37113_day6,14SW6242,SRP477429,York,H3N2,male
SRR27181249,WGS,300,123089400,"Andrew S. Bowman\, The Ohio State University",PRJNA1051292,SAMN38768515,Viral,51859073,EMORY UNIVERSITY,"Bowman Lab\, OSU",2014-07-17,public,"fastq,run.zq,sra","gs,ncbi,s3","gs.us-east1,ncbi.public,s3.us-east-1",Influenza A infection,SRX22861617,USA,North America,USA: Indiana,Sub_adult,Sus scrofa domesticus,snout,Illumina MiSeq,pigID-37271,nasal wipe,3030938014_ZZYV8WHR_v1_S212,PAIRED,RT-PCR,VIRAL RNA,Influenza A virus,No passages prior to sequencing,ILLUMINA,2023-12-12T00:00:00Z,2023-12-12T01:10:00Z,1,23.1,pig37271_day6,14SW6240,SRP477429,Poland,H3N2,female
SRR27181250,WGS,300,37101000,"Andrew S. Bowman\, The Ohio State University",PRJNA1051292,SAMN38768514,Viral,15933230,EMORY UNIVERSITY,"Bowman Lab\, OSU",2014-07-17,public,"fastq,run.zq,sra","gs,ncbi,s3","gs.us-east1,ncbi.public,s3.us-east-1",Influenza A infection,SRX22861616,USA,North America,USA: Indiana,Sub_adult,Sus scrofa domesticus,snout,Illumina MiSeq,pigID-37339,nasal wipe,3030938226_ZZYV8WNN_v1_S33,PAIRED,RT-PCR,VIRAL RNA,Influenza A virus,No passages prior to sequencing,ILLUMINA,2023-12-12T00:00:00Z,2023-12-12T01:10:00Z,1,28,pig37339_day6,14SW6239,SRP477429,Poland,H3N2,male
SRR27181251,WGS,300,44570400,"Andrew S. Bowman\, The Ohio State University",PRJNA1051292,SAMN38768513,Viral,19278395,EMORY UNIVERSITY,"Bowman Lab\, OSU",2014-07-17,public,"fastq,run.zq,sra","gs,ncbi,s3","gs.us-east1,ncbi.public,s3.us-east-1",Influenza A infection,SRX22861615,USA,North America,USA: Indiana,Sub_adult,Sus scrofa domesticus,snout,Illumina MiSeq,pigID-37259,nasal wipe,3030938237_ZZYV8WNY_v1_S264,PAIRED,RT-PCR,VIRAL RNA,Influenza A virus,No passages prior to sequencing,ILLUMINA,2023-12-12T00:00:00Z,2023-12-12T01:10:00Z,1,28.3,pig37259_day6,14SW6238,SRP477429,mix,H3N2,
SRR27181252,WGS,300,78802200,"Andrew S. Bowman\, The Ohio State University",PRJNA1051292,SAMN38768516,Viral,43458618,EMORY UNIVERSITY,"Bowman Lab\, OSU",2014-07-17,public,"fastq,run.zq,sra","gs,ncbi,s3","gs.us-east1,ncbi.public,s3.us-east-1",Influenza A infection,SRX22861618,USA,North America,USA: Indiana,Sub_adult,Sus scrofa domesticus,snout,Illumina MiSeq,pigID-37149,nasal wipe,3030937940_ZZYV8WFP_v1_S52,PAIRED,RT-PCR,VIRAL RNA,Influenza A virus,No passages prior to sequencing,ILLUMINA,2023-12-12T00:00:00Z,2023-12-12T01:09:00Z,1,21.5,pig37149_day6,14SW6241,SRP477429,Spot,H1N1/H3N2 double infection,male
SRR27181253,WGS,300,75719400,"Andrew S. Bowman\, The Ohio State University",PRJNA1051292,SAMN38768512,Viral,41897706,EMORY UNIVERSITY,"Bowman Lab\, OSU",2014-07-17,public,"fastq,run.zq,sra","gs,ncbi,s3","gs.us-east1,ncbi.public,s3.us-east-1",Influenza A infection,SRX22861614,USA,North America,USA: Indiana,Sub_adult,Sus scrofa domesticus,snout,Illumina MiSeq,pigID-37132,nasal wipe,3030938092_ZZYV8WJX_v1_S2,PAIRED,RT-PCR,VIRAL RNA,Influenza A virus,No passages prior to sequencing,ILLUMINA,2023-12-12T00:00:00Z,2023-12-12T01:11:00Z,1,24.9,pig37132_day6,14SW6237,SRP477429,Duroc,H3N2,male
SRR27181254,WGS,300,151707900,"Andrew S. Bowman\, The Ohio State University",PRJNA1051292,SAMN38768511,Viral,64222129,EMORY UNIVERSITY,"Bowman Lab\, OSU",2014-07-17,public,"fastq,run.zq,sra","gs,ncbi,s3","gs.us-east1,ncbi.public,s3.us-east-1",Influenza A infection,SRX22861613,USA,North America,USA: Indiana,Sub_adult,Sus scrofa domesticus,snout,Illumina MiSeq,pigID-37354,nasal wipe,3030938191_ZZYV8WMO_v1_S165,PAIRED,RT-PCR,VIRAL RNA,Influenza A virus,No passages prior to sequencing,ILLUMINA,2023-12-12T00:00:00Z,2023-12-12T01:10:00Z,1,27.3,pig37354_day6,14SW6234,SRP477429,Hamp,H1N1/H3N2 double infection,male
SRR27181255,WGS,300,155668800,"Andrew S. Bowman\, The Ohio State University",PRJNA1051292,SAMN38768510,Viral,65683971,EMORY UNIVERSITY,"Bowman Lab\, OSU",2014-07-17,public,"fastq,run.zq,sra","gs,ncbi,s3","gs.us-east1,ncbi.public,s3.us-east-1",Influenza A infection,SRX22861612,USA,North America,USA: Indiana,Sub_adult,Sus scrofa domesticus,snout,Illumina MiSeq,pigID-37192,nasal wipe,3030938070_ZZYV8WJB_v1_S181,PAIRED,RT-PCR,VIRAL RNA,Influenza A virus,No passages prior to sequencing,ILLUMINA,2023-12-12T00:00:00Z,2023-12-12T01:10:00Z,1,24.4,pig37192_day6,14SW6233,SRP477429,York,H3N2,male
SRR27181256,WGS,300,142039500,"Andrew S. Bowman\, The Ohio State University",PRJNA1051292,SAMN38768123,Viral,60865919,EMORY UNIVERSITY,"Bowman Lab\, OSU",2014-07-14,public,"fastq,run.zq,sra","gs,ncbi,s3","gs.us-east1,ncbi.public,s3.us-east-1",Influenza A infection,SRX22861611,USA,North America,USA: Indiana,Sub_adult,Sus scrofa domesticus,snout,Illumina MiSeq,pigID-37344,nasal wipe,3030938021_ZZYV8WHY_v1_S370,PAIRED,RT-PCR,VIRAL RNA,Influenza A virus,No passages prior to sequencing,ILLUMINA,2023-12-12T00:00:00Z,2023-12-12T01:11:00Z,1,23.2,pig37344_day3,14SW5020,SRP477429,York,H3N2,male
SRR27181257,WGS,300,93309900,"Andrew S. Bowman\, The Ohio State University",PRJNA1051292,SAMN38768508,Viral,51965666,EMORY UNIVERSITY,"Bowman Lab\, OSU",2014-07-17,public,"fastq,run.zq,sra","gs,ncbi,s3","gs.us-east1,ncbi.public,s3.us-east-1",Influenza A infection,SRX22861609,USA,North America,USA: Indiana,Sub_adult,Sus scrofa domesticus,snout,Illumina MiSeq,pigID-20514,nasal wipe,3030938353_ZZYV8WR6_v1_S33,PAIRED,RT-PCR,VIRAL RNA,Influenza A virus,No passages prior to sequencing,ILLUMINA,2023-12-12T00:00:00Z,2023-12-12T01:11:00Z,1,30.8,pig20514_day6,14SW6231,SRP477429,York,H3N2,male
SRR27181258,WGS,300,99718800,"Andrew S. Bowman\, The Ohio State University",PRJNA1051292,SAMN38768507,Viral,56948302,EMORY UNIVERSITY,"Bowman Lab\, OSU",2014-07-17,public,"fastq,run.zq,sra","gs,ncbi,s3","gs.us-east1,ncbi.public,s3.us-east-1",Influenza A infection,SRX22861608,USA,North America,USA: Indiana,Sub_adult,Sus scrofa domesticus,snout,Illumina MiSeq,pigID-37167,nasal wipe,3030938344_ZZYV8WQX_v1_S67,PAIRED,RT-PCR,VIRAL RNA,Influenza A virus,No passages prior to sequencing,ILLUMINA,2023-12-12T00:00:00Z,2023-12-12T01:10:00Z,1,30.6,pig37167_day6,14SW6230,SRP477429,Hamp,H3N2,male
SRR27181259,WGS,300,77304600,"Andrew S. Bowman\, The Ohio State University",PRJNA1051292,SAMN38768506,Viral,32640470,EMORY UNIVERSITY,"Bowman Lab\, OSU",2014-07-17,public,"fastq,run.zq,sra","gs,ncbi,s3","gs.us-east1,ncbi.public,s3.us-east-1",Influenza A infection,SRX22861607,USA,North America,USA: Indiana,Sub_adult,Sus scrofa domesticus,snout,Illumina MiSeq,pigID-37165,nasal wipe,3030938245_ZZYV8WO6_v1_S232,PAIRED,RT-PCR,VIRAL RNA,Influenza A virus,No passages prior to sequencing,ILLUMINA,2023-12-12T00:00:00Z,2023-12-12T01:10:00Z,1,28.4,pig37165_day6,14SW6229,SRP477429,Duroc,H3N2,male
SRR27181260,WGS,300,56987400,"Andrew S. Bowman\, The Ohio State University",PRJNA1051292,SAMN38768509,Viral,32318835,EMORY UNIVERSITY,"Bowman Lab\, OSU",2014-07-17,public,"fastq,run.zq,sra","gs,ncbi,s3","gs.us-east1,ncbi.public,s3.us-east-1",Influenza A infection,SRX22861610,USA,North America,USA: Indiana,Sub_adult,Sus scrofa domesticus,snout,Illumina MiSeq,pigID-20513,nasal wipe,3030938112_ZZYV8WKH_v1_S22,PAIRED,RT-PCR,VIRAL RNA,Influenza A virus,No passages prior to sequencing,ILLUMINA,2023-12-12T00:00:00Z,2023-12-12T01:11:00Z,1,25.3,pig20513_day6,14SW6232,SRP477429,Duroc,H3N2,male
SRR27181261,WGS,300,39520800,"Andrew S. Bowman\, The Ohio State University",PRJNA1051292,SAMN38768505,Viral,16786431,EMORY UNIVERSITY,"Bowman Lab\, OSU",2014-07-17,public,"fastq,run.zq,sra","gs,ncbi,s3","gs.us-east1,ncbi.public,s3.us-east-1",Influenza A infection,SRX22861606,USA,North America,USA: Indiana,Sub_adult,Sus scrofa domesticus,snout,Illumina MiSeq,pigID-37170,nasal wipe,3030937993_ZZYV8WH6_v1_S344,PAIRED,RT-PCR,VIRAL RNA,Influenza A virus,No passages prior to sequencing,ILLUMINA,2023-12-12T00:00:00Z,2023-12-12T01:10:00Z,1,22.7,pig37170_day6,14SW6228,SRP477429,Hamp,H1N1/H3N2 double infection,female
SRR27181262,WGS,300,196168800,"Andrew S. Bowman\, The Ohio State University",PRJNA1051292,SAMN38768504,Viral,82969408,EMORY UNIVERSITY,"Bowman Lab\, OSU",2014-07-17,public,"fastq,run.zq,sra","gs,ncbi,s3","gs.us-east1,ncbi.public,s3.us-east-1",Influenza A infection,SRX22861605,USA,North America,USA: Indiana,Sub_adult,Sus scrofa domesticus,snout,Illumina MiSeq,pigID-37193,nasal wipe,3030938015_ZZYV8WHS_v1_S312,PAIRED,RT-PCR,VIRAL RNA,Influenza A virus,No passages prior to sequencing,ILLUMINA,2023-12-12T00:00:00Z,2023-12-12T01:10:00Z,1,23.1,pig37193_day6,14SW6227,SRP477429,Spot,H3N2,male
SRR27181263,WGS,300,40026300,"Andrew S. Bowman\, The Ohio State University",PRJNA1051292,SAMN38768503,Viral,17185769,EMORY UNIVERSITY,"Bowman Lab\, OSU",2014-07-17,public,"fastq,run.zq,sra","gs,ncbi,s3","gs.us-east1,ncbi.public,s3.us-east-1",Influenza A infection,SRX22861604,USA,North America,USA: Indiana,Sub_adult,Sus scrofa domesticus,snout,Illumina MiSeq,pigID-37206,nasal wipe,3030938256_ZZYV8WOH_v1_S133,PAIRED,RT-PCR,VIRAL RNA,Influenza A virus,No passages prior to sequencing,ILLUMINA,2023-12-12T00:00:00Z,2023-12-12T01:10:00Z,1,28.6,pig37206_day6,14SW6224,SRP477429,Poland,H1N1/H3N2 double infection,male
SRR27181264,WGS,300,95209200,"Andrew S. Bowman\, The Ohio State University",PRJNA1051292,SAMN38768502,Viral,40185519,EMORY UNIVERSITY,"Bowman Lab\, OSU",2014-07-17,public,"fastq,run.zq,sra","gs,ncbi,s3","gs.us-east1,ncbi.public,s3.us-east-1",Influenza A infection,SRX22861603,USA,North America,USA: Indiana,Sub_adult,Sus scrofa domesticus,snout,Illumina MiSeq,pigID-37199,nasal wipe,3030938105_ZZYV8WKA_v1_S280,PAIRED,RT-PCR,VIRAL RNA,Influenza A virus,No passages prior to sequencing,ILLUMINA,2023-12-12T00:00:00Z,2023-12-12T01:11:00Z,1,25.2,pig37199_day6,14SW6223,SRP477429,mix,H3N2,male
SRR27181265,WGS,300,173961600,"Andrew S. Bowman\, The Ohio State University",PRJNA1051292,SAMN38768443,Viral,74271852,EMORY UNIVERSITY,"Bowman Lab\, OSU",2014-07-16,public,"fastq,run.zq,sra","gs,ncbi,s3","gs.us-east1,ncbi.public,s3.us-east-1",Influenza A infection,SRX22861601,USA,North America,USA: Indiana,Sub_adult,Sus scrofa domesticus,snout,Illumina MiSeq,pigID-37182,nasal wipe,3030938099_ZZYV8WK4_v1_S181,PAIRED,RT-PCR,VIRAL RNA,Influenza A virus,No passages prior to sequencing,ILLUMINA,2023-12-12T00:00:00Z,2023-12-12T01:10:00Z,1,25,pig37182_day5,14SW6109,SRP477429,mix,H1N1,female
SRR27181266,WGS,300,194586300,"Andrew S. Bowman\, The Ohio State University",PRJNA1051292,SAMN38768442,Viral,83054630,EMORY UNIVERSITY,"Bowman Lab\, OSU",2014-07-16,public,"fastq,run.zq,sra","gs,ncbi,s3","gs.us-east1,ncbi.public,s3.us-east-1",Influenza A infection,SRX22861600,USA,North America,USA: Indiana,Sub_adult,Sus scrofa domesticus,snout,Illumina MiSeq,pigID-37243,nasal wipe,3030937986_ZZYV8WGZ_v1_S41,PAIRED,RT-PCR,VIRAL RNA,Influenza A virus,No passages prior to sequencing,ILLUMINA,2023-12-12T00:00:00Z,2023-12-12T01:11:00Z,1,22.5,pig37243_day5,14SW6107,SRP477429,mix,H1N1/H3N2 double infection,male
SRR27181267,WGS,300,176789100,"Andrew S. Bowman\, The Ohio State University",PRJNA1051292,SAMN38768441,Viral,75542309,EMORY UNIVERSITY,"Bowman Lab\, OSU",2014-07-16,public,"fastq,run.zq,sra","gs,ncbi,s3","gs.us-east1,ncbi.public,s3.us-east-1",Influenza A infection,SRX22861599,USA,North America,USA: Indiana,Sub_adult,Sus scrofa domesticus,snout,Illumina MiSeq,pigID-37336,nasal wipe,3030937905_ZZYV8WEQ_v1_S329,PAIRED,RT-PCR,VIRAL RNA,Influenza A virus,No passages prior to sequencing,ILLUMINA,2023-12-12T00:00:00Z,2023-12-12T01:11:00Z,1,20.1,pig37336_day5,14SW6105,SRP477429,Hamp,H3N2,male
SRR27181268,WGS,300,169519200,"Andrew S. Bowman\, The Ohio State University",PRJNA1051292,SAMN38768444,Viral,71910433,EMORY UNIVERSITY,"Bowman Lab\, OSU",2014-07-16,public,"fastq,run.zq,sra","gs,ncbi,s3","gs.us-east1,ncbi.public,s3.us-east-1",Influenza A infection,SRX22861602,USA,North America,USA: Indiana,Sub_adult,Sus scrofa domesticus,snout,Illumina MiSeq,pigID-37181,nasal wipe,3030938027_ZZYV8WI4_v1_S325,PAIRED,RT-PCR,VIRAL RNA,Influenza A virus,No passages prior to sequencing,ILLUMINA,2023-12-12T00:00:00Z,2023-12-12T01:10:00Z,1,23.4,pig37181_day5,14SW6110,SRP477429,mix,H1N1/H3N2 double infection,male
SRR27181269,WGS,300,170280000,"Andrew S. Bowman\, The Ohio State University",PRJNA1051292,SAMN38768440,Viral,73006244,EMORY UNIVERSITY,"Bowman Lab\, OSU",2014-07-16,public,"fastq,run.zq,sra","gs,ncbi,s3","gs.us-east1,ncbi.public,s3.us-east-1",Influenza A infection,SRX22861598,USA,North America,USA: Indiana,Sub_adult,Sus scrofa domesticus,snout,Illumina MiSeq,pigID-37337,nasal wipe,3030937919_ZZYV8WF4_v1_S185,PAIRED,RT-PCR,VIRAL RNA,Influenza A virus,No passages prior to sequencing,ILLUMINA,2023-12-12T00:00:00Z,2023-12-12T01:09:00Z,1,20.7,pig37337_day5,14SW6104,SRP477429,Duroc,H3N2,female
SRR27181270,WGS,300,217131000,"Andrew S. Bowman\, The Ohio State University",PRJNA1051292,SAMN38768116,Viral,92157917,EMORY UNIVERSITY,"Bowman Lab\, OSU",2014-07-13,public,"fastq,run.zq,sra","gs,ncbi,s3","gs.us-east1,ncbi.public,s3.us-east-1",Influenza A infection,SRX22861597,USA,North America,USA: Indiana,Sub_adult,Sus scrofa domesticus,snout,Illumina MiSeq,pigID-20609,nasal wipe,3030937995_ZZYV8WH8_v1_S290,PAIRED,RT-PCR,VIRAL RNA,Influenza A virus,No passages prior to sequencing,ILLUMINA,2023-12-12T00:00:00Z,2023-12-12T01:09:00Z,1,22.7,pig20609_day2,14SW4878,SRP477429,mix,H3N2,male
SRR27181271,WGS,300,36966000,"Andrew S. Bowman\, The Ohio State University",PRJNA1051292,SAMN38768439,Viral,15792337,EMORY UNIVERSITY,"Bowman Lab\, OSU",2014-07-16,public,"fastq,run.zq,sra","gs,ncbi,s3","gs.us-east1,ncbi.public,s3.us-east-1",Influenza A infection,SRX22861596,USA,North America,USA: Indiana,Sub_adult,Sus scrofa domesticus,snout,Illumina MiSeq,pigID-20609,nasal wipe,3030938117_ZZYV8WKM_v1_S133,PAIRED,RT-PCR,VIRAL RNA,Influenza A virus,No passages prior to sequencing,ILLUMINA,2023-12-12T00:00:00Z,2023-12-12T01:09:00Z,1,25.6,pig20609_day5,14SW6103,SRP477429,mix,H3N2,male
SRR27181272,WGS,300,193472100,"Andrew S. Bowman\, The Ohio State University",PRJNA1051292,SAMN38768438,Viral,81642242,EMORY UNIVERSITY,"Bowman Lab\, OSU",2014-07-16,public,"fastq,run.zq,sra","gs,ncbi,s3","gs.us-east1,ncbi.public,s3.us-east-1",Influenza A infection,SRX22861595,USA,North America,USA: Indiana,Sub_adult,Sus scrofa domesticus,snout,Illumina MiSeq,pigID-20605,nasal wipe,3030937964_ZZYV8WGD_v1_S137,PAIRED,RT-PCR,VIRAL RNA,Influenza A virus,No passages prior to sequencing,ILLUMINA,2023-12-12T00:00:00Z,2023-12-12T01:09:00Z,1,22.2,pig20605_day5,14SW6102,SRP477429,mix,H3N2,female
SRR27181273,WGS,300,127778400,"Andrew S. Bowman\, The Ohio State University",PRJNA1051292,SAMN38768436,Viral,54546503,EMORY UNIVERSITY,"Bowman Lab\, OSU",2014-07-16,public,"fastq,run.zq,sra","gs,ncbi,s3","gs.us-east1,ncbi.public,s3.us-east-1",Influenza A infection,SRX22861593,USA,North America,USA: Indiana,Sub_adult,Sus scrofa domesticus,snout,Illumina MiSeq,pigID-20610,nasal wipe,3030938095_ZZYV8WK0_v1_S229,PAIRED,RT-PCR,VIRAL RNA,Influenza A virus,No passages prior to sequencing,ILLUMINA,2023-12-12T00:00:00Z,2023-12-12T01:09:00Z,1,25,pig20610_day5,14SW6100,SRP477429,Landrace,H3N2,male
SRR27181274,WGS,300,92978400,"Andrew S. Bowman\, The Ohio State University",PRJNA1051292,SAMN38768435,Viral,39695099,EMORY UNIVERSITY,"Bowman Lab\, OSU",2014-07-16,public,"fastq,run.zq,sra","gs,ncbi,s3","gs.us-east1,ncbi.public,s3.us-east-1",Influenza A infection,SRX22861592,USA,North America,USA: Indiana,Sub_adult,Sus scrofa domesticus,snout,Illumina MiSeq,pigID-20606,nasal wipe,3030937994_ZZYV8WH7_v1_S89,PAIRED,RT-PCR,VIRAL RNA,Influenza A virus,No passages prior to sequencing,ILLUMINA,2023-12-12T00:00:00Z,2023-12-12T01:10:00Z,1,22.7,pig20606_day5,14SW6099,SRP477429,mix,H3N2,female
SRR27181275,WGS,300,189589800,"Andrew S. Bowman\, The Ohio State University",PRJNA1051292,SAMN38768434,Viral,80356883,EMORY UNIVERSITY,"Bowman Lab\, OSU",2014-07-16,public,"fastq,run.zq,sra","gs,ncbi,s3","gs.us-east1,ncbi.public,s3.us-east-1",Influenza A infection,SRX22861591,USA,North America,USA: Indiana,Sub_adult,Sus scrofa domesticus,snout,Illumina MiSeq,pigID-20607,nasal wipe,3030937889_ZZYV8WEA_v1_S273,PAIRED,RT-PCR,VIRAL RNA,Influenza A virus,No passages prior to sequencing,ILLUMINA,2023-12-12T00:00:00Z,2023-12-12T01:11:00Z,1,19.5,pig20607_day5,14SW6098,SRP477429,Hamp,H3N2,female
SRR27181276,WGS,300,235749300,"Andrew S. Bowman\, The Ohio State University",PRJNA1051292,SAMN38768437,Viral,99837505,EMORY UNIVERSITY,"Bowman Lab\, OSU",2014-07-16,public,"fastq,run.zq,sra","gs,ncbi,s3","gs.us-east1,ncbi.public,s3.us-east-1",Influenza A infection,SRX22861594,USA,North America,USA: Indiana,Sub_adult,Sus scrofa domesticus,snout,Illumina MiSeq,pigID-20608,nasal wipe,3030937922_ZZYV8WF7_v1_S233,PAIRED,RT-PCR,VIRAL RNA,Influenza A virus,No passages prior to sequencing,ILLUMINA,2023-12-12T00:00:00Z,2023-12-12T01:09:00Z,1,20.8,pig20608_day5,14SW6101,SRP477429,Hamp,H3N2,female
SRR27181277,WGS,300,183002700,"Andrew S. Bowman\, The Ohio State University",PRJNA1051292,SAMN38768433,Viral,78106850,EMORY UNIVERSITY,"Bowman Lab\, OSU",2014-07-16,public,"fastq,run.zq,sra","gs,ncbi,s3","gs.us-east1,ncbi.public,s3.us-east-1",Influenza A infection,SRX22861590,USA,North America,USA: Indiana,Sub_adult,Sus scrofa domesticus,snout,Illumina MiSeq,pigID-20456,nasal wipe,3030938012_ZZYV8WHP_v1_S33,PAIRED,RT-PCR,VIRAL RNA,Influenza A virus,No passages prior to sequencing,ILLUMINA,2023-12-12T00:00:00Z,2023-12-12T01:09:00Z,1,23.1,pig20456_day5,14SW6097,SRP477429,Duroc,H3N2,female
SRR27181278,WGS,300,93943500,"Andrew S. Bowman\, The Ohio State University",PRJNA1051292,SAMN38768432,Viral,40226758,EMORY UNIVERSITY,"Bowman Lab\, OSU",2014-07-16,public,"fastq,run.zq,sra","gs,ncbi,s3","gs.us-east1,ncbi.public,s3.us-east-1",Influenza A infection,SRX22861589,USA,North America,USA: Indiana,Sub_adult,Sus scrofa domesticus,snout,Illumina MiSeq,pigID-20592,nasal wipe,3030938119_ZZYV8WKO_v1_S317,PAIRED,RT-PCR,VIRAL RNA,Influenza A virus,No passages prior to sequencing,ILLUMINA,2023-12-12T00:00:00Z,2023-12-12T01:10:00Z,1,25.6,pig20592_day5,14SW6095,SRP477429,Duroc,H3N2,male
SRR27181279,WGS,300,23082000,"Andrew S. Bowman\, The Ohio State University",PRJNA1051292,SAMN38768431,Viral,9783099,EMORY UNIVERSITY,"Bowman Lab\, OSU",2014-07-16,public,"fastq,run.zq,sra","gs,ncbi,s3","gs.us-east1,ncbi.public,s3.us-east-1",Influenza A infection,SRX22861588,USA,North America,USA: Indiana,Sub_adult,Sus scrofa domesticus,snout,Illumina MiSeq,pigID-20454,nasal wipe,3030938281_ZZYV8WP6_v1_S125,PAIRED,RT-PCR,VIRAL RNA,Influenza A virus,No passages prior to sequencing,ILLUMINA,2023-12-12T00:00:00Z,2023-12-12T01:10:00Z,1,29.1,pig20454_day5,14SW6094,SRP477429,mix,H3N2,male
SRR27181280,WGS,300,250534500,"Andrew S. Bowman\, The Ohio State University",PRJNA1051292,SAMN38768430,Viral,105735916,EMORY UNIVERSITY,"Bowman Lab\, OSU",2014-07-16,public,"fastq,run.zq,sra","gs,ncbi,s3","gs.us-east1,ncbi.public,s3.us-east-1",Influenza A infection,SRX22861587,USA,North America,USA: Indiana,Sub_adult,Sus scrofa domesticus,snout,Illumina MiSeq,pigID-20453,nasal wipe,3030937876_ZZYV8WDX_v1_S225,PAIRED,RT-PCR,VIRAL RNA,Influenza A virus,No passages prior to sequencing,ILLUMINA,2023-12-12T00:00:00Z,2023-12-12T01:09:00Z,1,18.5,pig20453_day5,14SW6092,SRP477429,mix,H3N2,male
SRR27181281,WGS,300,196251300,"Andrew S. Bowman\, The Ohio State University",PRJNA1051292,SAMN38768429,Viral,83695265,EMORY UNIVERSITY,"Bowman Lab\, OSU",2014-07-16,public,"fastq,run.zq,sra","gs,ncbi,s3","gs.us-east1,ncbi.public,s3.us-east-1",Influenza A infection,SRX22861585,USA,North America,USA: Indiana,Sub_adult,Sus scrofa domesticus,snout,Illumina MiSeq,pigID-20591,nasal wipe,3030937883_ZZYV8WE4_v1_S177,PAIRED,RT-PCR,VIRAL RNA,Influenza A virus,No passages prior to sequencing,ILLUMINA,2023-12-12T00:00:00Z,2023-12-12T01:10:00Z,1,19.1,pig20591_day5,14SW6091,SRP477429,Hamp,H1N1/H3N2 double infection,female
SRR27181282,WGS,300,89667000,"Andrew S. Bowman\, The Ohio State University",PRJNA1051292,SAMN38768428,Viral,38342203,EMORY UNIVERSITY,"Bowman Lab\, OSU",2014-07-16,public,"fastq,run.zq,sra","gs,ncbi,s3","gs.us-east1,ncbi.public,s3.us-east-1",Influenza A infection,SRX22861584,USA,North America,USA: Indiana,Sub_adult,Sus scrofa domesticus,snout,Illumina MiSeq,pigID-20590,nasal wipe,3030938306_ZZYV8WPV_v1_S30,PAIRED,RT-PCR,VIRAL RNA,Influenza A virus,No passages prior to sequencing,ILLUMINA,2023-12-12T00:00:00Z,2023-12-12T01:10:00Z,1,29.7,pig20590_day5,14SW6090,SRP477429,Hamp,H1N1/H3N2 double infection,female
SRR27181283,WGS,300,117467700,"Andrew S. Bowman\, The Ohio State University",PRJNA1051292,SAMN38768427,Viral,49662925,EMORY UNIVERSITY,"Bowman Lab\, OSU",2014-07-16,public,"fastq,run.zq,sra","gs,ncbi,s3","gs.us-east1,ncbi.public,s3.us-east-1",Influenza A infection,SRX22861583,USA,North America,USA: Indiana,Sub_adult,Sus scrofa domesticus,snout,Illumina MiSeq,pigID-20457,nasal wipe,3030937933_ZZYV8WFI_v1_S81,PAIRED,RT-PCR,VIRAL RNA,Influenza A virus,No passages prior to sequencing,ILLUMINA,2023-12-12T00:00:00Z,2023-12-12T01:10:00Z,1,21.3,pig20457_day5,14SW6089,SRP477429,mix,H1N1,female
SRR27181284,WGS,300,216553800,"Andrew S. Bowman\, The Ohio State University",PRJNA1051292,SAMN38768115,Viral,91444653,EMORY UNIVERSITY,"Bowman Lab\, OSU",2014-07-13,public,"fastq,run.zq,sra","gs,ncbi,s3","gs.us-east1,ncbi.public,s3.us-east-1",Influenza A infection,SRX22861586,USA,North America,USA: Indiana,Sub_adult,Sus scrofa domesticus,snout,Illumina MiSeq,pigID-37158,nasal wipe,3030937923_ZZYV8WF8_v1_S158,PAIRED,RT-PCR,VIRAL RNA,Influenza A virus,No passages prior to sequencing,ILLUMINA,2023-12-12T00:00:00Z,2023-12-12T01:10:00Z,1,20.9,pig37158_day2,14SW4862,SRP477429,York,H1N1,male
SRR27181285,WGS,300,4002300,"Andrew S. Bowman\, The Ohio State University",PRJNA1051292,SAMN38768426,Viral,1777488,EMORY UNIVERSITY,"Bowman Lab\, OSU",2014-07-16,public,"fastq,run.zq,sra","gs,ncbi,s3","gs.us-east1,ncbi.public,s3.us-east-1",Influenza A infection,SRX22861582,USA,North America,USA: Indiana,Sub_adult,Sus scrofa domesticus,snout,Illumina MiSeq,pigID-20458,nasal wipe,3030938108_ZZYV8WKD_v1_S363,PAIRED,RT-PCR,VIRAL RNA,Influenza A virus,No passages prior to sequencing,ILLUMINA,2023-12-12T00:00:00Z,2023-12-12T01:09:00Z,1,25.3,pig20458_day5,14SW6088,SRP477429,mix,H1N1,female
SRR27181286,WGS,300,12507000,"Andrew S. Bowman\, The Ohio State University",PRJNA1051292,SAMN38768425,Viral,5456306,EMORY UNIVERSITY,"Bowman Lab\, OSU",2014-07-16,public,"fastq,run.zq,sra","gs,ncbi,s3","gs.us-east1,ncbi.public,s3.us-east-1",Influenza A infection,SRX22862031,USA,North America,USA: Indiana,Sub_adult,Sus scrofa domesticus,snout,Illumina MiSeq,pigID-37158,nasal wipe,3030938334_ZZYV8WQN_v1_S313,PAIRED,RT-PCR,VIRAL RNA,Influenza A virus,No passages prior to sequencing,ILLUMINA,2023-12-12T00:00:00Z,2023-12-12T01:09:00Z,1,30.4,pig37158_day5,14SW6087,SRP477429,York,H1N1,male
SRR27181287,WGS,300,139121100,"Andrew S. Bowman\, The Ohio State University",PRJNA1051292,SAMN38768367,Viral,59653479,EMORY UNIVERSITY,"Bowman Lab\, OSU",2014-07-16,public,"fastq,run.zq,sra","gs,ncbi,s3","gs.us-east1,ncbi.public,s3.us-east-1",Influenza A infection,SRX22861580,USA,North America,USA: Indiana,Sub_adult,Sus scrofa domesticus,snout,Illumina MiSeq,pigID-20565,nasal wipe,3030938282_ZZYV8WP7_v1_S132,PAIRED,RT-PCR,VIRAL RNA,Influenza A virus,No passages prior to sequencing,ILLUMINA,2023-12-12T00:00:00Z,2023-12-12T01:10:00Z,1,29.1,pig20565_day5,14SW5956,SRP477429,Hamp,H3N2,male
SRR27181288,WGS,300,187799700,"Andrew S. Bowman\, The Ohio State University",PRJNA1051292,SAMN38768366,Viral,80289733,EMORY UNIVERSITY,"Bowman Lab\, OSU",2014-07-16,public,"fastq,run.zq,sra","gs,ncbi,s3","gs.us-east1,ncbi.public,s3.us-east-1",Influenza A infection,SRX22861579,USA,North America,USA: Indiana,Sub_adult,Sus scrofa domesticus,snout,Illumina MiSeq,pigID-37113,nasal wipe,3030938032_ZZYV8WI9_v1_S316,PAIRED,RT-PCR,VIRAL RNA,Influenza A virus,No passages prior to sequencing,ILLUMINA,2023-12-12T00:00:00Z,2023-12-12T01:09:00Z,1,23.7,pig37113_day5,14SW5954,SRP477429,York,H3N2,male
SRR27181289,WGS,300,229730700,"Andrew S. Bowman\, The Ohio State University",PRJNA1051292,SAMN38768364,Viral,97546339,EMORY UNIVERSITY,"Bowman Lab\, OSU",2014-07-16,public,"fastq,run.zq,sra","gs,ncbi,s3","gs.us-east1,ncbi.public,s3.us-east-1",Influenza A infection,SRX22861577,USA,North America,USA: Indiana,Sub_adult,Sus scrofa domesticus,snout,Illumina MiSeq,pigID-37129,nasal wipe,3030937926_ZZYV8WFB_v1_S116,PAIRED,RT-PCR,VIRAL RNA,Influenza A virus,No passages prior to sequencing,ILLUMINA,2023-12-12T00:00:00Z,2023-12-12T01:10:00Z,1,21.2,pig37129_day5,14SW5950,SRP477429,Poland,H3N2,male
SRR27181290,WGS,300,166018800,"Andrew S. Bowman\, The Ohio State University",PRJNA1051292,SAMN38768363,Viral,71296302,EMORY UNIVERSITY,"Bowman Lab\, OSU",2014-07-16,public,"fastq,run.zq,sra","gs,ncbi,s3","gs.us-east1,ncbi.public,s3.us-east-1",Influenza A infection,SRX22861576,USA,North America,USA: Indiana,Sub_adult,Sus scrofa domesticus,snout,Illumina MiSeq,pigID-20365,nasal wipe,3030938193_ZZYV8WMQ_v1_S36,PAIRED,RT-PCR,VIRAL RNA,Influenza A virus,No passages prior to sequencing,ILLUMINA,2023-12-12T00:00:00Z,2023-12-12T01:10:00Z,1,27.3,pig20365_day5,14SW5948,SRP477429,Poland,H3N2,female
SRR27181291,WGS,300,115532100,"Andrew S. Bowman\, The Ohio State University",PRJNA1051292,SAMN38768362,Viral,49567831,EMORY UNIVERSITY,"Bowman Lab\, OSU",2014-07-16,public,"fastq,run.zq,sra","gs,ncbi,s3","gs.us-east1,ncbi.public,s3.us-east-1",Influenza A infection,SRX22861575,USA,North America,USA: Indiana,Sub_adult,Sus scrofa domesticus,snout,Illumina MiSeq,pigID-37339,nasal wipe,3030938053_ZZYV8WIU_v1_S332,PAIRED,RT-PCR,VIRAL RNA,Influenza A virus,No passages prior to sequencing,ILLUMINA,2023-12-12T00:00:00Z,2023-12-12T01:10:00Z,1,24.1,pig37339_day5,14SW5947,SRP477429,Poland,H3N2,male
SRR27181292,WGS,300,11754300,"Andrew S. Bowman\, The Ohio State University",PRJNA1051292,SAMN38768365,Viral,5076488,EMORY UNIVERSITY,"Bowman Lab\, OSU",2014-07-16,public,"fastq,run.zq,sra","gs,ncbi,s3","gs.us-east1,ncbi.public,s3.us-east-1",Influenza A infection,SRX22861578,USA,North America,USA: Indiana,Sub_adult,Sus scrofa domesticus,snout,Illumina MiSeq,pigID-37112,nasal wipe,3030938181_ZZYV8WME_v1_S268,PAIRED,RT-PCR,VIRAL RNA,Influenza A virus,No passages prior to sequencing,ILLUMINA,2023-12-12T00:00:00Z,2023-12-12T01:09:00Z,1,27.1,pig37112_day5,14SW5951,SRP477429,York,H3N2,male
SRR27181293,WGS,300,224390400,"Andrew S. Bowman\, The Ohio State University",PRJNA1051292,SAMN38768361,Viral,95966006,EMORY UNIVERSITY,"Bowman Lab\, OSU",2014-07-16,public,"fastq,run.zq,sra","gs,ncbi,s3","gs.us-east1,ncbi.public,s3.us-east-1",Influenza A infection,SRX22861574,USA,North America,USA: Indiana,Sub_adult,Sus scrofa domesticus,snout,Illumina MiSeq,pigID-37271,nasal wipe,3030937874_ZZYV8WDV_v1_S248,PAIRED,RT-PCR,VIRAL RNA,Influenza A virus,No passages prior to sequencing,ILLUMINA,2023-12-12T00:00:00Z,2023-12-12T01:10:00Z,1,18.2,pig37271_day5,14SW5946,SRP477429,Poland,H3N2,female
SRR27181294,WGS,300,163382400,"Andrew S. Bowman\, The Ohio State University",PRJNA1051292,SAMN38768360,Viral,70577060,EMORY UNIVERSITY,"Bowman Lab\, OSU",2014-07-16,public,"fastq,run.zq,sra","gs,ncbi,s3","gs.us-east1,ncbi.public,s3.us-east-1",Influenza A infection,SRX22861573,USA,North America,USA: Indiana,Sub_adult,Sus scrofa domesticus,snout,Illumina MiSeq,pigID-37259,nasal wipe,3030938126_ZZYV8WKV_v1_S348,PAIRED,RT-PCR,VIRAL RNA,Influenza A virus,No passages prior to sequencing,ILLUMINA,2023-12-12T00:00:00Z,2023-12-12T01:10:00Z,1,25.8,pig37259_day5,14SW5945,SRP477429,mix,H3N2,
SRR27181295,WGS,300,141696600,"Andrew S. Bowman\, The Ohio State University",PRJNA1051292,SAMN38768108,Viral,60495704,EMORY UNIVERSITY,"Bowman Lab\, OSU",2014-07-13,public,"fastq,run.zq,sra","gs,ncbi,s3","gs.us-east1,ncbi.public,s3.us-east-1",Influenza A infection,SRX22861572,USA,North America,USA: Indiana,Sub_adult,Sus scrofa domesticus,snout,Illumina MiSeq,pigID-20426,nasal wipe,3030938136_ZZYV8WL5_v1_S230,PAIRED,RT-PCR,VIRAL RNA,Influenza A virus,No passages prior to sequencing,ILLUMINA,2023-12-12T00:00:00Z,2023-12-12T01:11:00Z,1,25.9,pig20426_day2,14SW4595,SRP477429,Hamp,H1N1,male
SRR27181296,WGS,300,6967500,"Andrew S. Bowman\, The Ohio State University",PRJNA1051292,SAMN38768359,Viral,3088220,EMORY UNIVERSITY,"Bowman Lab\, OSU",2014-07-16,public,"fastq,run.zq,sra","gs,ncbi,s3","gs.us-east1,ncbi.public,s3.us-east-1",Influenza A infection,SRX22861571,USA,North America,USA: Indiana,Sub_adult,Sus scrofa domesticus,snout,Illumina MiSeq,pigID-20586,nasal wipe,3030938358_ZZYV8WRB_v1_S152,PAIRED,RT-PCR,VIRAL RNA,Influenza A virus,No passages prior to sequencing,ILLUMINA,2023-12-12T00:00:00Z,2023-12-12T01:09:00Z,1,30.9,pig20586_day5,14SW5944,SRP477429,Hamp,,female
SRR27181297,WGS,300,182792400,"Andrew S. Bowman\, The Ohio State University",PRJNA1051292,SAMN38768357,Viral,77953320,EMORY UNIVERSITY,"Bowman Lab\, OSU",2014-07-16,public,"fastq,run.zq,sra","gs,ncbi,s3","gs.us-east1,ncbi.public,s3.us-east-1",Influenza A infection,SRX22861569,USA,North America,USA: Indiana,Sub_adult,Sus scrofa domesticus,snout,Illumina MiSeq,pigID-20464,nasal wipe,3030938114_ZZYV8WKJ_v1_S200,PAIRED,RT-PCR,VIRAL RNA,Influenza A virus,No passages prior to sequencing,ILLUMINA,2023-12-12T00:00:00Z,2023-12-12T01:11:00Z,1,25.5,pig20464_day5,14SW5941,SRP477429,Spot,H3N2,male
SRR27181298,WGS,300,211013400,"Andrew S. Bowman\, The Ohio State University",PRJNA1051292,SAMN38768356,Viral,89736205,EMORY UNIVERSITY,"Bowman Lab\, OSU",2014-07-16,public,"fastq,run.zq,sra","gs,ncbi,s3","gs.us-east1,ncbi.public,s3.us-east-1",Influenza A infection,SRX22861568,USA,North America,USA: Indiana,Sub_adult,Sus scrofa domesticus,snout,Illumina MiSeq,pigID-20361,nasal wipe,3030937896_ZZYV8WEH_v1_S18,PAIRED,RT-PCR,VIRAL RNA,Influenza A virus,No passages prior to sequencing,ILLUMINA,2023-12-12T00:00:00Z,2023-12-12T01:10:00Z,1,19.8,pig20361_day5,14SW5940,SRP477429,Poland,H3N2,male
SRR27181299,WGS,300,103323600,"Andrew S. Bowman\, The Ohio State University",PRJNA1051292,SAMN38768355,Viral,43688832,EMORY UNIVERSITY,"Bowman Lab\, OSU",2014-07-16,public,"fastq,run.zq,sra","gs,ncbi,s3","gs.us-east1,ncbi.public,s3.us-east-1",Influenza A infection,SRX22861567,USA,North America,USA: Indiana,Sub_adult,Sus scrofa domesticus,snout,Illumina MiSeq,pigID-37187,nasal wipe,3030938013_ZZYV8X9U_v1_S84,PAIRED,RT-PCR,VIRAL RNA,Influenza A virus,No passages prior to sequencing,ILLUMINA,2023-12-12T00:00:00Z,2023-12-12T01:10:00Z,1,23.1,pig37187_day5,14SW5939,SRP477429,Hamp,H3N2,male
SRR27181300,WGS,300,3111000,"Andrew S. Bowman\, The Ohio State University",PRJNA1051292,SAMN38768358,Viral,1392119,EMORY UNIVERSITY,"Bowman Lab\, OSU",2014-07-16,public,"fastq,run.zq,sra","gs,ncbi,s3","gs.us-east1,ncbi.public,s3.us-east-1",Influenza A infection,SRX22861570,USA,North America,USA: Indiana,Sub_adult,Sus scrofa domesticus,snout,Illumina MiSeq,pigID-20437,nasal wipe,3030937981_ZZYV8WGU_v1_S216,PAIRED,RT-PCR,VIRAL RNA,Influenza A virus,No passages prior to sequencing,ILLUMINA,2023-12-12T00:00:00Z,2023-12-12T01:09:00Z,1,22.4,pig20437_day5,14SW5943,SRP477429,Poland,H3N2,male
SRR27181301,WGS,300,198117600,"Andrew S. Bowman\, The Ohio State University",PRJNA1051292,SAMN38768354,Viral,85146660,EMORY UNIVERSITY,"Bowman Lab\, OSU",2014-07-16,public,"fastq,run.zq,sra","gs,ncbi,s3","gs.us-east1,ncbi.public,s3.us-east-1",Influenza A infection,SRX22861566,USA,North America,USA: Indiana,Sub_adult,Sus scrofa domesticus,snout,Illumina MiSeq,pigID-37132,nasal wipe,3030938083_ZZYV8WJO_v1_S8,PAIRED,RT-PCR,VIRAL RNA,Influenza A virus,No passages prior to sequencing,ILLUMINA,2023-12-12T00:00:00Z,2023-12-12T01:11:00Z,1,24.7,pig37132_day5,14SW5938,SRP477429,Duroc,H3N2,male
SRR27181302,WGS,300,175234800,"Andrew S. Bowman\, The Ohio State University",PRJNA1051292,SAMN38768353,Viral,76028417,EMORY UNIVERSITY,"Bowman Lab\, OSU",2014-07-16,public,"fastq,run.zq,sra","gs,ncbi,s3","gs.us-east1,ncbi.public,s3.us-east-1",Influenza A infection,SRX22861565,USA,North America,USA: Indiana,Sub_adult,Sus scrofa domesticus,snout,Illumina MiSeq,pigID-37172,nasal wipe,3030938286_ZZYV8WPB_v1_S337,PAIRED,RT-PCR,VIRAL RNA,Influenza A virus,No passages prior to sequencing,ILLUMINA,2023-12-12T00:00:00Z,2023-12-12T01:10:00Z,1,29.2,pig37172_day5,14SW5937,SRP477429,York,H3N2,male
SRR27181303,WGS,300,212806800,"Andrew S. Bowman\, The Ohio State University",PRJNA1051292,SAMN38768352,Viral,91202996,EMORY UNIVERSITY,"Bowman Lab\, OSU",2014-07-16,public,"fastq,run.zq,sra","gs,ncbi,s3","gs.us-east1,ncbi.public,s3.us-east-1",Influenza A infection,SRX22861564,USA,North America,USA: Indiana,Sub_adult,Sus scrofa domesticus,snout,Illumina MiSeq,pigID-37169,nasal wipe,3030938061_ZZYV8WJ2_v1_S184,PAIRED,RT-PCR,VIRAL RNA,Influenza A virus,No passages prior to sequencing,ILLUMINA,2023-12-12T00:00:00Z,2023-12-12T01:10:00Z,1,24.2,pig37169_day5,14SW5936,SRP477429,mix,H3N2,male
SRR27181304,WGS,300,146253300,"Andrew S. Bowman\, The Ohio State University",PRJNA1051292,SAMN38768351,Viral,62483855,EMORY UNIVERSITY,"Bowman Lab\, OSU",2014-07-16,public,"fastq,run.zq,sra","gs,ncbi,s3","gs.us-east1,ncbi.public,s3.us-east-1",Influenza A infection,SRX22861563,USA,North America,USA: Indiana,Sub_adult,Sus scrofa domesticus,snout,Illumina MiSeq,pigID-37168,nasal wipe,3030938215_ZZYV8WNC_v1_S284,PAIRED,RT-PCR,VIRAL RNA,Influenza A virus,No passages prior to sequencing,ILLUMINA,2023-12-12T00:00:00Z,2023-12-12T01:10:00Z,1,27.8,pig37168_day5,14SW5935,SRP477429,Duroc,H3N2,male
SRR27181305,WGS,300,135063600,"Andrew S. Bowman\, The Ohio State University",PRJNA1051292,SAMN38768107,Viral,58034621,EMORY UNIVERSITY,"Bowman Lab\, OSU",2014-07-13,public,"fastq,run.zq,sra","gs,ncbi,s3","gs.us-east1,ncbi.public,s3.us-east-1",Influenza A infection,SRX22861561,USA,North America,USA: Indiana,Sub_adult,Sus scrofa domesticus,snout,Illumina MiSeq,pigID-20429,nasal wipe,3030938068_ZZYV8WJ9_v1_S356,PAIRED,RT-PCR,VIRAL RNA,Influenza A virus,No passages prior to sequencing,ILLUMINA,2023-12-12T00:00:00Z,2023-12-12T01:11:00Z,1,24.4,pig20429_day2,14SW4594,SRP477429,Hamp,H1N1,
SRR27181306,WGS,300,116531100,"Andrew S. Bowman\, The Ohio State University",PRJNA1051292,SAMN38768349,Viral,50443029,EMORY UNIVERSITY,"Bowman Lab\, OSU",2014-07-16,public,"fastq,run.zq,sra","gs,ncbi,s3","gs.us-east1,ncbi.public,s3.us-east-1",Influenza A infection,SRX22861560,USA,North America,USA: Indiana,Sub_adult,Sus scrofa domesticus,snout,Illumina MiSeq,pigID-37205,nasal wipe,3030938161_ZZYV8WLU_v1_S68,PAIRED,RT-PCR,VIRAL RNA,Influenza A virus,No passages prior to sequencing,ILLUMINA,2023-12-12T00:00:00Z,2023-12-12T01:10:00Z,1,26.5,pig37205_day5,14SW5932,SRP477429,mix,H3N2,male
SRR27181307,WGS,300,132548400,"Andrew S. Bowman\, The Ohio State University",PRJNA1051292,SAMN38768101,Viral,57960805,EMORY UNIVERSITY,"Bowman Lab\, OSU",2014-07-13,public,"fastq,run.zq,sra","gs,ncbi,s3","gs.us-east1,ncbi.public,s3.us-east-1",Influenza A infection,SRX22861558,USA,North America,USA: Indiana,Sub_adult,Sus scrofa domesticus,snout,Illumina MiSeq,pigID-20617,nasal wipe,3030938266_ZZYV8WOR_v1_S342,PAIRED,RT-PCR,VIRAL RNA,Influenza A virus,No passages prior to sequencing,ILLUMINA,2023-12-12T00:00:00Z,2023-12-12T01:10:00Z,1,28.8,pig20617_day2,14SW4570,SRP477429,York,H3N2,male
SRR27181308,WGS,300,136593600,"Andrew S. Bowman\, The Ohio State University",PRJNA1051292,SAMN38768289,Viral,58762356,EMORY UNIVERSITY,"Bowman Lab\, OSU",2014-07-15,public,"fastq,run.zq,sra","gs,ncbi,s3","gs.us-east1,ncbi.public,s3.us-east-1",Influenza A infection,SRX22861557,USA,North America,USA: Indiana,Sub_adult,Sus scrofa domesticus,snout,Illumina MiSeq,pigID-37347,nasal wipe,3030938315_ZZYV8WQ4_v1_S103,PAIRED,RT-PCR,VIRAL RNA,Influenza A virus,No passages prior to sequencing,ILLUMINA,2023-12-12T00:00:00Z,2023-12-12T01:10:00Z,1,30,pig37347_day4,14SW5771,SRP477429,mix,H3N2,male
SRR27181309,WGS,300,135666000,"Andrew S. Bowman\, The Ohio State University",PRJNA1051292,SAMN38768288,Viral,58532322,EMORY UNIVERSITY,"Bowman Lab\, OSU",2014-07-15,public,"fastq,run.zq,sra","gs,ncbi,s3","gs.us-east1,ncbi.public,s3.us-east-1",Influenza A infection,SRX22861556,USA,North America,USA: Indiana,Sub_adult,Sus scrofa domesticus,snout,Illumina MiSeq,pigID-37363,nasal wipe,3030938146_ZZYV8WLF_v1_S49,PAIRED,RT-PCR,VIRAL RNA,Influenza A virus,No passages prior to sequencing,ILLUMINA,2023-12-12T00:00:00Z,2023-12-12T01:10:00Z,1,26.1,pig37363_day4,14SW5770,SRP477429,mix,H3N2,female
SRR27181310,WGS,300,179618700,"Andrew S. Bowman\, The Ohio State University",PRJNA1051292,SAMN38768287,Viral,76429196,EMORY UNIVERSITY,"Bowman Lab\, OSU",2014-07-15,public,"fastq,run.zq,sra","gs,ncbi,s3","gs.us-east1,ncbi.public,s3.us-east-1",Influenza A infection,SRX22861555,USA,North America,USA: Indiana,Sub_adult,Sus scrofa domesticus,snout,Illumina MiSeq,pigID-37362,nasal wipe,3030937881_ZZYV8WE2_v1_S358,PAIRED,RT-PCR,VIRAL RNA,Influenza A virus,No passages prior to sequencing,ILLUMINA,2023-12-12T00:00:00Z,2023-12-12T01:11:00Z,1,18.8,pig37362_day4,14SW5769,SRP477429,Duroc,H3N2,female
SRR27181311,WGS,300,147758700,"Andrew S. Bowman\, The Ohio State University",PRJNA1051292,SAMN38768286,Viral,62700053,EMORY UNIVERSITY,"Bowman Lab\, OSU",2014-07-15,public,"fastq,run.zq,sra","gs,ncbi,s3","gs.us-east1,ncbi.public,s3.us-east-1",Influenza A infection,SRX22861554,USA,North America,USA: Indiana,Sub_adult,Sus scrofa domesticus,snout,Illumina MiSeq,pigID-37349,nasal wipe,3030937920_ZZYV8WF5_v1_S128,PAIRED,RT-PCR,VIRAL RNA,Influenza A virus,No passages prior to sequencing,ILLUMINA,2023-12-12T00:00:00Z,2023-12-12T01:11:00Z,1,20.7,pig37349_day4,14SW5768,SRP477429,Spot,H3N2,female
SRR27181312,WGS,300,121997400,"Andrew S. Bowman\, The Ohio State University",PRJNA1051292,SAMN38768285,Viral,52835911,EMORY UNIVERSITY,"Bowman Lab\, OSU",2014-07-15,public,"fastq,run.zq,sra","gs,ncbi,s3","gs.us-east1,ncbi.public,s3.us-east-1",Influenza A infection,SRX22861553,USA,North America,USA: Indiana,Sub_adult,Sus scrofa domesticus,snout,Illumina MiSeq,pigID-20510,nasal wipe,3030938203_ZZYV8WN0_v1_S51,PAIRED,RT-PCR,VIRAL RNA,Influenza A virus,No passages prior to sequencing,ILLUMINA,2023-12-12T00:00:00Z,2023-12-12T01:10:00Z,1,27.6,pig20510_day4,14SW5766,SRP477429,Hereford,H3N2,male
SRR27181313,WGS,300,245312400,"Andrew S. Bowman\, The Ohio State University",PRJNA1051292,SAMN38768284,Viral,103375104,EMORY UNIVERSITY,"Bowman Lab\, OSU",2014-07-15,public,"fastq,run.zq,sra","gs,ncbi,s3","gs.us-east1,ncbi.public,s3.us-east-1",Influenza A infection,SRX22861552,USA,North America,USA: Indiana,Sub_adult,Sus scrofa domesticus,snout,Illumina MiSeq,pigID-37356,nasal wipe,3030937864_ZZYV8WDL_v1_S71,PAIRED,RT-PCR,VIRAL RNA,Influenza A virus,No passages prior to sequencing,ILLUMINA,2023-12-12T00:00:00Z,2023-12-12T01:11:00Z,1,16,pig37356_day4,14SW5763,SRP477429,Spot,H3N2,male
SRR27181314,WGS,300,123770100,"Andrew S. Bowman\, The Ohio State University",PRJNA1051292,SAMN38768282,Viral,53040294,EMORY UNIVERSITY,"Bowman Lab\, OSU",2014-07-15,public,"fastq,run.zq,sra","gs,ncbi,s3","gs.us-east1,ncbi.public,s3.us-east-1",Influenza A infection,SRX22861550,USA,North America,USA: Indiana,Sub_adult,Sus scrofa domesticus,snout,Illumina MiSeq,pigID-37186,nasal wipe,3030938254_ZZYV8WOF_v1_S251,PAIRED,RT-PCR,VIRAL RNA,Influenza A virus,No passages prior to sequencing,ILLUMINA,2023-12-12T00:00:00Z,2023-12-12T01:10:00Z,1,28.5,pig37186_day4,14SW5754,SRP477429,Duroc,H3N2,female
SRR27181315,WGS,300,114738900,"Andrew S. Bowman\, The Ohio State University",PRJNA1051292,SAMN38768281,Viral,49560232,EMORY UNIVERSITY,"Bowman Lab\, OSU",2014-07-15,public,"fastq,run.zq,sra","gs,ncbi,s3","gs.us-east1,ncbi.public,s3.us-east-1",Influenza A infection,SRX22861549,USA,North America,USA: Indiana,Sub_adult,Sus scrofa domesticus,snout,Illumina MiSeq,pigID-37179,nasal wipe,3030938270_ZZYV8WOV_v1_S151,PAIRED,RT-PCR,VIRAL RNA,Influenza A virus,No passages prior to sequencing,ILLUMINA,2023-12-12T00:00:00Z,2023-12-12T01:11:00Z,1,28.9,pig37179_day4,14SW5746,SRP477429,Hamp,H3N2,male
SRR27181316,WGS,300,253937400,"Andrew S. Bowman\, The Ohio State University",PRJNA1051292,SAMN38768280,Viral,107237877,EMORY UNIVERSITY,"Bowman Lab\, OSU",2014-07-15,public,"fastq,run.zq,sra","gs,ncbi,s3","gs.us-east1,ncbi.public,s3.us-east-1",Influenza A infection,SRX22861548,USA,North America,USA: Indiana,Sub_adult,Sus scrofa domesticus,snout,Illumina MiSeq,pigID-20581,nasal wipe,3030937863_ZZYV8WDK_v1_S171,PAIRED,RT-PCR,VIRAL RNA,Influenza A virus,No passages prior to sequencing,ILLUMINA,2023-12-12T00:00:00Z,2023-12-12T01:10:00Z,1,15.9,pig20581_day4,14SW5742,SRP477429,mix,H3N2,male
SRR27181317,WGS,300,30609900,"Andrew S. Bowman\, The Ohio State University",PRJNA1051292,SAMN38768283,Viral,13191711,EMORY UNIVERSITY,"Bowman Lab\, OSU",2014-07-15,public,"fastq,run.zq,sra","gs,ncbi,s3","gs.us-east1,ncbi.public,s3.us-east-1",Influenza A infection,SRX22861551,USA,North America,USA: Indiana,Sub_adult,Sus scrofa domesticus,snout,Illumina MiSeq,pigID-37126,nasal wipe,3030938210_ZZYV8WN7_v1_S260,PAIRED,RT-PCR,VIRAL RNA,Influenza A virus,No passages prior to sequencing,ILLUMINA,2023-12-12T00:00:00Z,2023-12-12T01:10:00Z,1,27.7,pig37126_day4,14SW5757,SRP477429,York,H1N1,male
SRR27181318,WGS,300,126835200,"Andrew S. Bowman\, The Ohio State University",PRJNA1051292,SAMN38768100,Viral,54778108,EMORY UNIVERSITY,"Bowman Lab\, OSU",2014-07-13,public,"fastq,run.zq,sra","gs,ncbi,s3","gs.us-east1,ncbi.public,s3.us-east-1",Influenza A infection,SRX22861547,USA,North America,USA: Indiana,Sub_adult,Sus scrofa domesticus,snout,Illumina MiSeq,pigID-37344,nasal wipe,3030938091_ZZYV8WJW_v1_S110,PAIRED,RT-PCR,VIRAL RNA,Influenza A virus,No passages prior to sequencing,ILLUMINA,2023-12-12T00:00:00Z,2023-12-12T01:10:00Z,1,24.9,pig37344_day2,14SW4569,SRP477429,York,H3N2,male
SRR27181319,WGS,268,2266880149,"Andrew S. Bowman\, The Ohio State University",PRJNA1051292,SAMN38768411,Viral,813123716,EMORY UNIVERSITY,"Bowman Lab\, OSU",2014-07-16,public,"fastq,run.zq,sra","gs,ncbi,s3","gs.us-east1,ncbi.public,s3.us-east-1",Influenza A infection,SRX22861546,USA,North America,USA: Indiana,Sub_adult,Sus scrofa domesticus,snout,Illumina NovaSeq 6000,pigID-37151,nasal wipe,3030937989_ZZYV1QMI_v2_S135,PAIRED,RT-PCR,VIRAL RNA,Influenza A virus,No passages prior to sequencing,ILLUMINA,2023-12-12T00:00:00Z,2023-12-12T01:13:00Z,1,22.6,pig37151_day5,14SW6056,SRP477429,Hereford,H1N1,
SRR27181320,WGS,300,107392500,"Andrew S. Bowman\, The Ohio State University",PRJNA1051292,SAMN38768279,Viral,46431152,EMORY UNIVERSITY,"Bowman Lab\, OSU",2014-07-15,public,"fastq,run.zq,sra","gs,ncbi,s3","gs.us-east1,ncbi.public,s3.us-east-1",Influenza A infection,SRX22861545,USA,North America,USA: Indiana,Sub_adult,Sus scrofa domesticus,snout,Illumina MiSeq,pigID-37333,nasal wipe,3030938335_ZZYV8WQO_v1_S119,PAIRED,RT-PCR,VIRAL RNA,Influenza A virus,No passages prior to sequencing,ILLUMINA,2023-12-12T00:00:00Z,2023-12-12T01:10:00Z,1,30.5,pig37333_day4,14SW5741,SRP477429,mix,H1N1,male
SRR27181321,WGS,300,3512400,"Andrew S. Bowman\, The Ohio State University",PRJNA1051292,SAMN38768278,Viral,1578344,EMORY UNIVERSITY,"Bowman Lab\, OSU",2014-07-15,public,"fastq,run.zq,sra","gs,ncbi,s3","gs.us-east1,ncbi.public,s3.us-east-1",Influenza A infection,SRX22861544,USA,North America,USA: Indiana,Sub_adult,Sus scrofa domesticus,snout,Illumina MiSeq,pigID-37331,nasal wipe,3030938167_ZZYV8WM0_v1_S192,PAIRED,RT-PCR,VIRAL RNA,Influenza A virus,No passages prior to sequencing,ILLUMINA,2023-12-12T00:00:00Z,2023-12-12T01:09:00Z,1,26.7,pig37331_day4,14SW5740,SRP477429,mix,,male
SRR27181322,WGS,300,141373800,"Andrew S. Bowman\, The Ohio State University",PRJNA1051292,SAMN38768276,Viral,60201707,EMORY UNIVERSITY,"Bowman Lab\, OSU",2014-07-15,public,"fastq,run.zq,sra","gs,ncbi,s3","gs.us-east1,ncbi.public,s3.us-east-1",Influenza A infection,SRX22861542,USA,North America,USA: Indiana,Sub_adult,Sus scrofa domesticus,snout,Illumina MiSeq,pigID-20579,nasal wipe,3030937885_ZZYV8WE6_v1_S271,PAIRED,RT-PCR,VIRAL RNA,Influenza A virus,No passages prior to sequencing,ILLUMINA,2023-12-12T00:00:00Z,2023-12-12T01:10:00Z,1,19.4,pig20579_day4,14SW5738,SRP477429,mix,H3N2,female
SRR27181323,WGS,300,27531300,"Andrew S. Bowman\, The Ohio State University",PRJNA1051292,SAMN38768275,Viral,11920869,EMORY UNIVERSITY,"Bowman Lab\, OSU",2014-07-15,public,"fastq,run.zq,sra","gs,ncbi,s3","gs.us-east1,ncbi.public,s3.us-east-1",Influenza A infection,SRX22861541,USA,North America,USA: Indiana,Sub_adult,Sus scrofa domesticus,snout,Illumina MiSeq,pigID-37139,nasal wipe,3030938329_ZZYV8WQI_v1_S20,PAIRED,RT-PCR,VIRAL RNA,Influenza A virus,No passages prior to sequencing,ILLUMINA,2023-12-12T00:00:00Z,2023-12-12T01:10:00Z,1,30.3,pig37139_day4,14SW5736,SRP477429,York,H3N2,male
SRR27181324,WGS,300,94776000,"Andrew S. Bowman\, The Ohio State University",PRJNA1051292,SAMN38768274,Viral,40367301,EMORY UNIVERSITY,"Bowman Lab\, OSU",2014-07-15,public,"fastq,run.zq,sra","gs,ncbi,s3","gs.us-east1,ncbi.public,s3.us-east-1",Influenza A infection,SRX22861540,USA,North America,USA: Indiana,Sub_adult,Sus scrofa domesticus,snout,Illumina MiSeq,pigID-37141,nasal wipe,3030938104_ZZYV8WK9_v1_S139,PAIRED,RT-PCR,VIRAL RNA,Influenza A virus,No passages prior to sequencing,ILLUMINA,2023-12-12T00:00:00Z,2023-12-12T01:10:00Z,1,25.1,pig37141_day4,14SW5732,SRP477429,mix,H3N2,male
SRR27181325,WGS,300,121537200,"Andrew S. Bowman\, The Ohio State University",PRJNA1051292,SAMN38768277,Viral,52009431,EMORY UNIVERSITY,"Bowman Lab\, OSU",2014-07-15,public,"fastq,run.zq,sra","gs,ncbi,s3","gs.us-east1,ncbi.public,s3.us-east-1",Influenza A infection,SRX22861543,USA,North America,USA: Indiana,Sub_adult,Sus scrofa domesticus,snout,Illumina MiSeq,pigID-20578,nasal wipe,3030937918_ZZYV8WF3_v1_S39,PAIRED,RT-PCR,VIRAL RNA,Influenza A virus,No passages prior to sequencing,ILLUMINA,2023-12-12T00:00:00Z,2023-12-12T01:10:00Z,1,20.7,pig20578_day4,14SW5739,SRP477429,mix,H3N2,
SRR27181326,WGS,300,219260100,"Andrew S. Bowman\, The Ohio State University",PRJNA1051292,SAMN38768273,Viral,93031202,EMORY UNIVERSITY,"Bowman Lab\, OSU",2014-07-15,public,"fastq,run.zq,sra","gs,ncbi,s3","gs.us-east1,ncbi.public,s3.us-east-1",Influenza A infection,SRX22861539,USA,North America,USA: Indiana,Sub_adult,Sus scrofa domesticus,snout,Illumina MiSeq,pigID-37104,nasal wipe,3030937861_ZZYV8WDI_v1_S303,PAIRED,RT-PCR,VIRAL RNA,Influenza A virus,No passages prior to sequencing,ILLUMINA,2023-12-12T00:00:00Z,2023-12-12T01:10:00Z,1,15.2,pig37104_day4,14SW5731,SRP477429,mix,H3N2,male
SRR27181327,WGS,300,147032700,"Andrew S. Bowman\, The Ohio State University",PRJNA1051292,SAMN38768272,Viral,63588627,EMORY UNIVERSITY,"Bowman Lab\, OSU",2014-07-15,public,"fastq,run.zq,sra","gs,ncbi,s3","gs.us-east1,ncbi.public,s3.us-east-1",Influenza A infection,SRX22861988,USA,North America,USA: Indiana,Sub_adult,Sus scrofa domesticus,snout,Illumina MiSeq,pigID-37318,nasal wipe,3030938346_ZZYV8WQZ_v1_S147,PAIRED,RT-PCR,VIRAL RNA,Influenza A virus,No passages prior to sequencing,ILLUMINA,2023-12-12T00:00:00Z,2023-12-12T01:11:00Z,1,30.7,pig37318_day4,14SW5728,SRP477429,mix,,male
SRR27181328,WGS,300,168811800,"Andrew S. Bowman\, The Ohio State University",PRJNA1051292,SAMN38768214,Viral,75455386,EMORY UNIVERSITY,"Bowman Lab\, OSU",2014-07-15,public,"fastq,run.zq,sra","gs,ncbi,s3","gs.us-east1,ncbi.public,s3.us-east-1",Influenza A infection,SRX22861537,USA,North America,USA: Indiana,Sub_adult,Sus scrofa domesticus,snout,Illumina MiSeq,pigID-37339,nasal wipe,3030937870_ZZYV8WDR_v1_S339,PAIRED,RT-PCR,VIRAL RNA,Influenza A virus,No passages prior to sequencing,ILLUMINA,2023-12-12T00:00:00Z,2023-12-12T01:11:00Z,1,17.7,pig37339_day4,14SW5531,SRP477429,Poland,H3N2,male
SRR27181329,WGS,300,134993700,"Andrew S. Bowman\, The Ohio State University",PRJNA1051292,SAMN38768213,Viral,58074177,EMORY UNIVERSITY,"Bowman Lab\, OSU",2014-07-15,public,"fastq,run.zq,sra","gs,ncbi,s3","gs.us-east1,ncbi.public,s3.us-east-1",Influenza A infection,SRX22861536,USA,North America,USA: Indiana,Sub_adult,Sus scrofa domesticus,snout,Illumina MiSeq,pigID-37187,nasal wipe,3030938363_ZZYV8WRG_v1_S107,PAIRED,RT-PCR,VIRAL RNA,Influenza A virus,No passages prior to sequencing,ILLUMINA,2023-12-12T00:00:00Z,2023-12-12T01:09:00Z,1,31,pig37187_day4,14SW5530,SRP477429,Hamp,H3N2,male
SRR27181330,WGS,300,163273800,"Andrew S. Bowman\, The Ohio State University",PRJNA1051292,SAMN38768212,Viral,69406360,EMORY UNIVERSITY,"Bowman Lab\, OSU",2014-07-15,public,"fastq,run.zq,sra","gs,ncbi,s3","gs.us-east1,ncbi.public,s3.us-east-1",Influenza A infection,SRX22861535,USA,North America,USA: Indiana,Sub_adult,Sus scrofa domesticus,snout,Illumina MiSeq,pigID-37132,nasal wipe,3030938020_ZZYV8WHX_v1_S159,PAIRED,RT-PCR,VIRAL RNA,Influenza A virus,No passages prior to sequencing,ILLUMINA,2023-12-12T00:00:00Z,2023-12-12T01:11:00Z,1,23.2,pig37132_day4,14SW5529,SRP477429,Duroc,H3N2,male
SRR27181331,WGS,300,114937200,"Andrew S. Bowman\, The Ohio State University",PRJNA1051292,SAMN38768211,Viral,48536010,EMORY UNIVERSITY,"Bowman Lab\, OSU",2014-07-15,public,"fastq,run.zq,sra","gs,ncbi,s3","gs.us-east1,ncbi.public,s3.us-east-1",Influenza A infection,SRX22861534,USA,North America,USA: Indiana,Sub_adult,Sus scrofa domesticus,snout,Illumina MiSeq,pigID-37188,nasal wipe,3030938075_ZZYV8WJG_v1_S28,PAIRED,RT-PCR,VIRAL RNA,Influenza A virus,No passages prior to sequencing,ILLUMINA,2023-12-12T00:00:00Z,2023-12-12T01:10:00Z,1,24.6,pig37188_day4,14SW5527,SRP477429,Hamp,H3N2,male
SRR27181332,WGS,300,2947800,"Andrew S. Bowman\, The Ohio State University",PRJNA1051292,SAMN38768210,Viral,1345186,EMORY UNIVERSITY,"Bowman Lab\, OSU",2014-07-15,public,"fastq,run.zq,sra","gs,ncbi,s3","gs.us-east1,ncbi.public,s3.us-east-1",Influenza A infection,SRX22861533,USA,North America,USA: Indiana,Sub_adult,Sus scrofa domesticus,snout,Illumina MiSeq,pigID-37169,nasal wipe,3030938323_ZZYV8WQC_v1_S148,PAIRED,RT-PCR,VIRAL RNA,Influenza A virus,No passages prior to sequencing,ILLUMINA,2023-12-12T00:00:00Z,2023-12-12T01:09:00Z,1,30.2,pig37169_day4,14SW5525,SRP477429,mix,,male
SRR27181333,WGS,300,179788500,"Andrew S. Bowman\, The Ohio State University",PRJNA1051292,SAMN38768093,Viral,76707295,EMORY UNIVERSITY,"Bowman Lab\, OSU",2014-07-12,public,"fastq,run.zq,sra","gs,ncbi,s3","gs.us-east1,ncbi.public,s3.us-east-1",Influenza A infection,SRX22861532,USA,North America,USA: Indiana,Sub_adult,Sus scrofa domesticus,snout,Illumina MiSeq,pigID-20423,nasal wipe,3030937928_ZZYV8X7H_v1_S162,PAIRED,RT-PCR,VIRAL RNA,Influenza A virus,No passages prior to sequencing,ILLUMINA,2023-12-12T00:00:00Z,2023-12-12T01:11:00Z,1,21.2,pig20423_day1,14SW4081,SRP477429,mix,H1N1,female
SRR27181334,WGS,300,118424700,"Andrew S. Bowman\, The Ohio State University",PRJNA1051292,SAMN38768209,Viral,51016819,EMORY UNIVERSITY,"Bowman Lab\, OSU",2014-07-15,public,"fastq,run.zq,sra","gs,ncbi,s3","gs.us-east1,ncbi.public,s3.us-east-1",Influenza A infection,SRX22861531,USA,North America,USA: Indiana,Sub_adult,Sus scrofa domesticus,snout,Illumina MiSeq,pigID-37354,nasal wipe,3030938265_ZZYV8WOQ_v1_S371,PAIRED,RT-PCR,VIRAL RNA,Influenza A virus,No passages prior to sequencing,ILLUMINA,2023-12-12T00:00:00Z,2023-12-12T01:11:00Z,1,28.8,pig37354_day4,14SW5518,SRP477429,Hamp,H1N1/H3N2 double infection,male
SRR27181335,WGS,300,146826300,"Andrew S. Bowman\, The Ohio State University",PRJNA1051292,SAMN38768208,Viral,62056196,EMORY UNIVERSITY,"Bowman Lab\, OSU",2014-07-15,public,"fastq,run.zq,sra","gs,ncbi,s3","gs.us-east1,ncbi.public,s3.us-east-1",Influenza A infection,SRX22861530,USA,North America,USA: Indiana,Sub_adult,Sus scrofa domesticus,snout,Illumina MiSeq,pigID-37355,nasal wipe,3030937925_ZZYV8WFA_v1_S59,PAIRED,RT-PCR,VIRAL RNA,Influenza A virus,No passages prior to sequencing,ILLUMINA,2023-12-12T00:00:00Z,2023-12-12T01:10:00Z,1,21.1,pig37355_day4,14SW5517,SRP477429,Duroc,H3N2,male
SRR27181336,WGS,300,152748900,"Andrew S. Bowman\, The Ohio State University",PRJNA1051292,SAMN38768207,Viral,65697015,EMORY UNIVERSITY,"Bowman Lab\, OSU",2014-07-15,public,"fastq,run.zq,sra","gs,ncbi,s3","gs.us-east1,ncbi.public,s3.us-east-1",Influenza A infection,SRX22861529,USA,North America,USA: Indiana,Sub_adult,Sus scrofa domesticus,snout,Illumina MiSeq,pigID-37350,nasal wipe,3030938357_ZZYV8WRA_v1_S207,PAIRED,RT-PCR,VIRAL RNA,Influenza A virus,No passages prior to sequencing,ILLUMINA,2023-12-12T00:00:00Z,2023-12-12T01:10:00Z,1,30.8,pig37350_day4,14SW5515,SRP477429,Duroc,H1N1/H3N2 double infection,female
SRR27181337,WGS,300,48476700,"Andrew S. Bowman\, The Ohio State University",PRJNA1051292,SAMN38768206,Viral,20897346,EMORY UNIVERSITY,"Bowman Lab\, OSU",2014-07-15,public,"fastq,run.zq,sra","gs,ncbi,s3","gs.us-east1,ncbi.public,s3.us-east-1",Influenza A infection,SRX22861528,USA,North America,USA: Indiana,Sub_adult,Sus scrofa domesticus,snout,Illumina MiSeq,pigID-20513,nasal wipe,3030938327_ZZYV8WQG_v1_S10,PAIRED,RT-PCR,VIRAL RNA,Influenza A virus,No passages prior to sequencing,ILLUMINA,2023-12-12T00:00:00Z,2023-12-12T01:10:00Z,1,30.3,pig20513_day4,14SW5509,SRP477429,Duroc,H3N2,male
SRR27181338,WGS,300,120106800,"Andrew S. Bowman\, The Ohio State University",PRJNA1051292,SAMN38768205,Viral,51581241,EMORY UNIVERSITY,"Bowman Lab\, OSU",2014-07-15,public,"fastq,run.zq,sra","gs,ncbi,s3","gs.us-east1,ncbi.public,s3.us-east-1",Influenza A infection,SRX22861527,USA,North America,USA: Indiana,Sub_adult,Sus scrofa domesticus,snout,Illumina MiSeq,pigID-37166,nasal wipe,3030938190_ZZYV8WMN_v1_S175,PAIRED,RT-PCR,VIRAL RNA,Influenza A virus,No passages prior to sequencing,ILLUMINA,2023-12-12T00:00:00Z,2023-12-12T01:10:00Z,1,27.3,pig37166_day4,14SW5508,SRP477429,Duroc,H1N1,female
SRR27181339,WGS,300,140400300,"Andrew S. Bowman\, The Ohio State University",PRJNA1051292,SAMN38768204,Viral,60379296,EMORY UNIVERSITY,"Bowman Lab\, OSU",2014-07-15,public,"fastq,run.zq,sra","gs,ncbi,s3","gs.us-east1,ncbi.public,s3.us-east-1",Influenza A infection,SRX22861526,USA,North America,USA: Indiana,Sub_adult,Sus scrofa domesticus,snout,Illumina MiSeq,pigID-37206,nasal wipe,3030938296_ZZYV8WPL_v1_S96,PAIRED,RT-PCR,VIRAL RNA,Influenza A virus,No passages prior to sequencing,ILLUMINA,2023-12-12T00:00:00Z,2023-12-12T01:10:00Z,1,29.5,pig37206_day4,14SW5487,SRP477429,Poland,H3N2,male
SRR27181340,WGS,300,172800,"Andrew S. Bowman\, The Ohio State University",PRJNA1051292,SAMN38768203,Viral,146512,EMORY UNIVERSITY,"Bowman Lab\, OSU",2014-07-15,public,"fastq,run.zq,sra","gs,ncbi,s3","gs.us-east1,ncbi.public,s3.us-east-1",Influenza A infection,SRX22861525,USA,North America,USA: Indiana,Sub_adult,Sus scrofa domesticus,snout,Illumina MiSeq,pigID-37199,nasal wipe,3030937967_ZZYV8WGG_v1_S353,PAIRED,RT-PCR,VIRAL RNA,Influenza A virus,No passages prior to sequencing,ILLUMINA,2023-12-12T00:00:00Z,2023-12-12T01:09:00Z,1,22.3,pig37199_day4,14SW5482,SRP477429,mix,,male
SRR27181341,WGS,300,165499500,"Andrew S. Bowman\, The Ohio State University",PRJNA1051292,SAMN38768202,Viral,71031271,EMORY UNIVERSITY,"Bowman Lab\, OSU",2014-07-15,public,"fastq,run.zq,sra","gs,ncbi,s3","gs.us-east1,ncbi.public,s3.us-east-1",Influenza A infection,SRX22861524,USA,North America,USA: Indiana,Sub_adult,Sus scrofa domesticus,snout,Illumina MiSeq,pigID-37201,nasal wipe,3030938347_ZZYV8WR0_v1_S55,PAIRED,RT-PCR,VIRAL RNA,Influenza A virus,No passages prior to sequencing,ILLUMINA,2023-12-12T00:00:00Z,2023-12-12T01:10:00Z,1,30.7,pig37201_day4,14SW5481,SRP477429,mix,H3N2,male
SRR27181342,WGS,300,139753800,"Andrew S. Bowman\, The Ohio State University",PRJNA1051292,SAMN38768201,Viral,58762663,EMORY UNIVERSITY,"Bowman Lab\, OSU",2014-07-15,public,"fastq,run.zq,sra","gs,ncbi,s3","gs.us-east1,ncbi.public,s3.us-east-1",Influenza A infection,SRX22861523,USA,North America,USA: Indiana,Sub_adult,Sus scrofa domesticus,snout,Illumina MiSeq,pigID-1-5,nasal wipe,3030937992_ZZYV8WH5_v1_S75,PAIRED,RT-PCR,VIRAL RNA,Influenza A virus,No passages prior to sequencing,ILLUMINA,2023-12-12T00:00:00Z,2023-12-12T01:11:00Z,1,22.7,pig1-5_day4,14SW5478,SRP477429,Poland,H3N2,male
SRR27181343,WGS,300,92560500,"Andrew S. Bowman\, The Ohio State University",PRJNA1051292,SAMN38768200,Viral,39371117,EMORY UNIVERSITY,"Bowman Lab\, OSU",2014-07-15,public,"fastq,run.zq,sra","gs,ncbi,s3","gs.us-east1,ncbi.public,s3.us-east-1",Influenza A infection,SRX22861522,USA,North America,USA: Indiana,Sub_adult,Sus scrofa domesticus,snout,Illumina MiSeq,pigID-20392,nasal wipe,3030938291_ZZYV8WPG_v1_S43,PAIRED,RT-PCR,VIRAL RNA,Influenza A virus,No passages prior to sequencing,ILLUMINA,2023-12-12T00:00:00Z,2023-12-12T01:11:00Z,1,29.4,pig20392_day4,14SW5476,SRP477429,mix,H3N2,male
SRR27181344,WGS,300,225572100,"Andrew S. Bowman\, The Ohio State University",PRJNA1051292,SAMN38768092,Viral,95439497,EMORY UNIVERSITY,"Bowman Lab\, OSU",2014-07-12,public,"fastq,run.zq,sra","gs,ncbi,s3","gs.us-east1,ncbi.public,s3.us-east-1",Influenza A infection,SRX22861521,USA,North America,USA: Indiana,Sub_adult,Sus scrofa domesticus,snout,Illumina MiSeq,pigID-20424,nasal wipe,3030937913_ZZYV8X72_v1_S16,PAIRED,RT-PCR,VIRAL RNA,Influenza A virus,No passages prior to sequencing,ILLUMINA,2023-12-12T00:00:00Z,2023-12-12T01:10:00Z,1,20.5,pig20424_day1,14SW4080,SRP477429,mix,H1N1,female
SRR27181345,WGS,300,161132100,"Andrew S. Bowman\, The Ohio State University",PRJNA1051292,SAMN38768198,Viral,69346251,EMORY UNIVERSITY,"Bowman Lab\, OSU",2014-07-15,public,"fastq,run.zq,sra","gs,ncbi,s3","gs.us-east1,ncbi.public,s3.us-east-1",Influenza A infection,SRX22861519,USA,North America,USA: Indiana,Sub_adult,Sus scrofa domesticus,snout,Illumina MiSeq,pigID-20388,nasal wipe,3030938338_ZZYV8WQR_v1_S196,PAIRED,RT-PCR,VIRAL RNA,Influenza A virus,No passages prior to sequencing,ILLUMINA,2023-12-12T00:00:00Z,2023-12-12T01:10:00Z,1,30.5,pig20388_day4,14SW5473,SRP477429,Duroc,,male
SRR27181346,WGS,300,44413800,"Andrew S. Bowman\, The Ohio State University",PRJNA1051292,SAMN38768197,Viral,19121844,EMORY UNIVERSITY,"Bowman Lab\, OSU",2014-07-15,public,"fastq,run.zq,sra","gs,ncbi,s3","gs.us-east1,ncbi.public,s3.us-east-1",Influenza A infection,SRX22861518,USA,North America,USA: Indiana,Sub_adult,Sus scrofa domesticus,snout,Illumina MiSeq,pigID-20395,nasal wipe,3030938065_ZZYV8WJ6_v1_S335,PAIRED,RT-PCR,VIRAL RNA,Influenza A virus,No passages prior to sequencing,ILLUMINA,2023-12-12T00:00:00Z,2023-12-12T01:10:00Z,1,24.3,pig20395_day4,14SW5471,SRP477429,Hamp,H3N2,male
SRR27181347,WGS,246,1228851082,"Andrew S. Bowman\, The Ohio State University",PRJNA1051292,SAMN38768586,Viral,440043255,EMORY UNIVERSITY,"Bowman Lab\, OSU",2014-07-17,public,"fastq,run.zq,sra","gs,ncbi,s3","gs.us-east1,ncbi.public,s3.us-east-1",Influenza A infection,SRX22861516,USA,North America,USA: Indiana,Sub_adult,Sus scrofa domesticus,snout,Illumina NovaSeq 6000,pigID-37248,nasal wipe,3030937914_ZZYV1QKR_v2_S81,PAIRED,RT-PCR,VIRAL RNA,Influenza A virus,No passages prior to sequencing,ILLUMINA,2023-12-12T00:00:00Z,2023-12-12T01:12:00Z,1,20.5,pig37248_day6,14SW6354,SRP477429,Berk,H3N2,male
SRR27181348,WGS,236,1566445432,"Andrew S. Bowman\, The Ohio State University",PRJNA1051292,SAMN38768585,Viral,557131873,EMORY UNIVERSITY,"Bowman Lab\, OSU",2014-07-17,public,"fastq,run.zq,sra","gs,ncbi,s3","gs.us-east1,ncbi.public,s3.us-east-1",Influenza A infection,SRX22861515,USA,North America,USA: Indiana,Sub_adult,Sus scrofa domesticus,snout,Illumina NovaSeq 6000,pigID-37146,nasal wipe,3030938332_ZZYUQM9F_v2_S68,PAIRED,RT-PCR,VIRAL RNA,Influenza A virus,No passages prior to sequencing,ILLUMINA,2023-12-12T00:00:00Z,2023-12-12T01:13:00Z,1,30.4,pig37146_day6,14SW6349,SRP477429,mix,H1N1/H3N2 double infection,male
SRR27181349,WGS,233,1791792527,"Andrew S. Bowman\, The Ohio State University",PRJNA1051292,SAMN38768584,Viral,632012670,EMORY UNIVERSITY,"Bowman Lab\, OSU",2014-07-17,public,"fastq,run.zq,sra","gs,ncbi,s3","gs.us-east1,ncbi.public,s3.us-east-1",Influenza A infection,SRX22861514,USA,North America,USA: Indiana,Sub_adult,Sus scrofa domesticus,snout,Illumina NovaSeq 6000,pigID-37272,nasal wipe,3030938044_ZZYV1QNQ_v2_S55,PAIRED,RT-PCR,VIRAL RNA,Influenza A virus,No passages prior to sequencing,ILLUMINA,2023-12-12T00:00:00Z,2023-12-12T01:14:00Z,1,23.9,pig37272_day6,14SW6348,SRP477429,mix,H3N2,male
SRR27181350,WGS,212,475814513,"Andrew S. Bowman\, The Ohio State University",PRJNA1051292,SAMN38768587,Viral,170835626,EMORY UNIVERSITY,"Bowman Lab\, OSU",2014-07-17,public,"fastq,run.zq,sra","gs,ncbi,s3","gs.us-east1,ncbi.public,s3.us-east-1",Influenza A infection,SRX22861517,USA,North America,USA: Indiana,Sub_adult,Sus scrofa domesticus,snout,Illumina NovaSeq 6000,pigID-37228,nasal wipe,3030938094_ZZYV1QOT_v2_S94,PAIRED,RT-PCR,VIRAL RNA,Influenza A virus,No passages prior to sequencing,ILLUMINA,2023-12-12T00:00:00Z,2023-12-12T01:09:00Z,1,24.9,pig37228_day6,14SW6355,SRP477429,York,H3N2,male
SRR27181351,WGS,300,94051500,"Andrew S. Bowman\, The Ohio State University",PRJNA1051292,SAMN38768168,Viral,40387360,EMORY UNIVERSITY,"Bowman Lab\, OSU",2014-07-14,public,"fastq,run.zq,sra","gs,ncbi,s3","gs.us-east1,ncbi.public,s3.us-east-1",Influenza A infection,SRX22861513,USA,North America,USA: Indiana,Sub_adult,Sus scrofa domesticus,snout,Illumina MiSeq,pigID-20581,nasal wipe,3030938125_ZZYV8WKU_v1_S218,PAIRED,RT-PCR,VIRAL RNA,Influenza A virus,No passages prior to sequencing,ILLUMINA,2023-12-12T00:00:00Z,2023-12-12T01:10:00Z,1,25.7,pig20581_day3,14SW5346,SRP477429,mix,H3N2,male
SRR27181352,WGS,249,1650158245,"Andrew S. Bowman\, The Ohio State University",PRJNA1051292,SAMN38768583,Viral,596718927,EMORY UNIVERSITY,"Bowman Lab\, OSU",2014-07-17,public,"fastq,run.zq,sra","gs,ncbi,s3","gs.us-east1,ncbi.public,s3.us-east-1",Influenza A infection,SRX22861512,USA,North America,USA: Indiana,Sub_adult,Sus scrofa domesticus,snout,Illumina NovaSeq 6000,pigID-37208,nasal wipe,3030938030_ZZYV1QND_v2_S42,PAIRED,RT-PCR,VIRAL RNA,Influenza A virus,No passages prior to sequencing,ILLUMINA,2023-12-12T00:00:00Z,2023-12-12T01:13:00Z,1,23.5,pig37208_day6,14SW6346,SRP477429,Spot,H3N2,male
SRR27181353,WGS,251,1139196152,"Andrew S. Bowman\, The Ohio State University",PRJNA1051292,SAMN38768582,Viral,411415983,EMORY UNIVERSITY,"Bowman Lab\, OSU",2014-07-17,public,"fastq,run.zq,sra","gs,ncbi,s3","gs.us-east1,ncbi.public,s3.us-east-1",Influenza A infection,SRX22861511,USA,North America,USA: Indiana,Sub_adult,Sus scrofa domesticus,snout,Illumina NovaSeq 6000,pigID-37332,nasal wipe,3030938056_ZZYV1QO1_v2_S17,PAIRED,RT-PCR,VIRAL RNA,Influenza A virus,No passages prior to sequencing,ILLUMINA,2023-12-12T00:00:00Z,2023-12-12T01:11:00Z,1,24.1,pig37332_day6,14SW6344,SRP477429,mix,H3N2,male
SRR27181354,WGS,262,3261647417,"Andrew S. Bowman\, The Ohio State University",PRJNA1051292,SAMN38768581,Viral,1184611324,EMORY UNIVERSITY,"Bowman Lab\, OSU",2014-07-17,public,"fastq,run.zq,sra","gs,ncbi,s3","gs.us-east1,ncbi.public,s3.us-east-1",Influenza A infection,SRX22861510,USA,North America,USA: Indiana,Sub_adult,Sus scrofa domesticus,snout,Illumina NovaSeq 6000,pigID-37334,nasal wipe,3030938176_ZZYV1QQT_v2_S99,PAIRED,RT-PCR,VIRAL RNA,Influenza A virus,No passages prior to sequencing,ILLUMINA,2023-12-12T00:00:00Z,2023-12-12T01:14:00Z,1,26.9,pig37334_day6,14SW6343,SRP477429,Spot,H3N2,male
SRR27181355,WGS,227,1093724937,"Andrew S. Bowman\, The Ohio State University",PRJNA1051292,SAMN38768566,Viral,388231700,EMORY UNIVERSITY,"Bowman Lab\, OSU",2014-07-17,public,"fastq,run.zq,sra","gs,ncbi,s3","gs.us-east1,ncbi.public,s3.us-east-1",Influenza A infection,SRX22861945,USA,North America,USA: Indiana,Sub_adult,Sus scrofa domesticus,snout,Illumina NovaSeq 6000,pigID-20578,nasal wipe,3030938028_ZZYV1QNB_v2_S31,PAIRED,RT-PCR,VIRAL RNA,Influenza A virus,No passages prior to sequencing,ILLUMINA,2023-12-12T00:00:00Z,2023-12-12T01:13:00Z,1,23.4,pig20578_day6,14SW6322,SRP477429,mix,H3N2,
SRR27181356,WGS,247,1260956127,"Andrew S. Bowman\, The Ohio State University",PRJNA1051292,SAMN38768565,Viral,456478709,EMORY UNIVERSITY,"Bowman Lab\, OSU",2014-07-17,public,"fastq,run.zq,sra","gs,ncbi,s3","gs.us-east1,ncbi.public,s3.us-east-1",Influenza A infection,SRX22861944,USA,North America,USA: Indiana,Sub_adult,Sus scrofa domesticus,snout,Illumina NovaSeq 6000,pigID-37104,nasal wipe,3030938035_ZZYV1QNH_v2_S18,PAIRED,RT-PCR,VIRAL RNA,Influenza A virus,No passages prior to sequencing,ILLUMINA,2023-12-12T00:00:00Z,2023-12-12T01:13:00Z,1,23.7,pig37104_day6,14SW6321,SRP477429,mix,H3N2,male
SRR27181357,WGS,264,3060522877,"Andrew S. Bowman\, The Ohio State University",PRJNA1051292,SAMN38768563,Viral,1105495295,EMORY UNIVERSITY,"Bowman Lab\, OSU",2014-07-17,public,"fastq,run.zq,sra","gs,ncbi,s3","gs.us-east1,ncbi.public,s3.us-east-1",Influenza A infection,SRX22861942,USA,North America,USA: Indiana,Sub_adult,Sus scrofa domesticus,snout,Illumina NovaSeq 6000,pigID-20601,nasal wipe,3030937902_ZZYV1QKG_v2_S105,PAIRED,RT-PCR,VIRAL RNA,Influenza A virus,No passages prior to sequencing,ILLUMINA,2023-12-12T00:00:00Z,2023-12-12T01:15:00Z,1,19.9,pig20601_day6,14SW6319,SRP477429,Hamp,H3N2,male
SRR27181358,WGS,300,238733400,"Andrew S. Bowman\, The Ohio State University",PRJNA1051292,SAMN38768166,Viral,101114827,EMORY UNIVERSITY,"Bowman Lab\, OSU",2014-07-14,public,"fastq,run.zq,sra","gs,ncbi,s3","gs.us-east1,ncbi.public,s3.us-east-1",Influenza A infection,SRX22861941,USA,North America,USA: Indiana,Sub_adult,Sus scrofa domesticus,snout,Illumina MiSeq,pigID-20578,nasal wipe,3030937871_ZZYV8WDS_v1_S239,PAIRED,RT-PCR,VIRAL RNA,Influenza A virus,No passages prior to sequencing,ILLUMINA,2023-12-12T00:00:00Z,2023-12-12T01:10:00Z,1,17.8,pig20578_day3,14SW5343,SRP477429,mix,H3N2,
SRR27181359,WGS,234,1965902185,"Andrew S. Bowman\, The Ohio State University",PRJNA1051292,SAMN38768562,Viral,701915142,EMORY UNIVERSITY,"Bowman Lab\, OSU",2014-07-17,public,"fastq,run.zq,sra","gs,ncbi,s3","gs.us-east1,ncbi.public,s3.us-east-1",Influenza A infection,SRX22861940,USA,North America,USA: Indiana,Sub_adult,Sus scrofa domesticus,snout,Illumina NovaSeq 6000,pigID-37318,nasal wipe,3030937991_ZZYV1QMJ_v2_S84,PAIRED,RT-PCR,VIRAL RNA,Influenza A virus,No passages prior to sequencing,ILLUMINA,2023-12-12T00:00:00Z,2023-12-12T01:13:00Z,1,22.7,pig37318_day6,14SW6318,SRP477429,mix,H3N2,male
SRR27181360,WGS,252,1348484416,"Andrew S. Bowman\, The Ohio State University",PRJNA1051292,SAMN38768564,Viral,482672826,EMORY UNIVERSITY,"Bowman Lab\, OSU",2014-07-17,public,"fastq,run.zq,sra","gs,ncbi,s3","gs.us-east1,ncbi.public,s3.us-east-1",Influenza A infection,SRX22861943,USA,North America,USA: Indiana,Sub_adult,Sus scrofa domesticus,snout,Illumina NovaSeq 6000,pigID-37141,nasal wipe,3030937872_ZZYV1QJQ_v2_S88,PAIRED,RT-PCR,VIRAL RNA,Influenza A virus,No passages prior to sequencing,ILLUMINA,2023-12-12T00:00:00Z,2023-12-12T01:13:00Z,1,18,pig37141_day6,14SW6320,SRP477429,mix,H3N2,male
SRR27181361,WGS,232,1797338377,"Andrew S. Bowman\, The Ohio State University",PRJNA1051292,SAMN38768561,Viral,638619910,EMORY UNIVERSITY,"Bowman Lab\, OSU",2014-07-17,public,"fastq,run.zq,sra","gs,ncbi,s3","gs.us-east1,ncbi.public,s3.us-east-1",Influenza A infection,SRX22861939,USA,North America,USA: Indiana,Sub_adult,Sus scrofa domesticus,snout,Illumina NovaSeq 6000,pigID-37319,nasal wipe,3030937966_ZZYV1QLZ_v2_S71,PAIRED,RT-PCR,VIRAL RNA,Influenza A virus,No passages prior to sequencing,ILLUMINA,2023-12-12T00:00:00Z,2023-12-12T01:14:00Z,1,22.2,pig37319_day6,14SW6317,SRP477429,mix,H3N2,male
SRR27181362,WGS,234,1051370150,"Andrew S. Bowman\, The Ohio State University",PRJNA1051292,SAMN38768560,Viral,374789310,EMORY UNIVERSITY,"Bowman Lab\, OSU",2014-07-17,public,"fastq,run.zq,sra","gs,ncbi,s3","gs.us-east1,ncbi.public,s3.us-east-1",Influenza A infection,SRX22861938,USA,North America,USA: Indiana,Sub_adult,Sus scrofa domesticus,snout,Illumina NovaSeq 6000,pigID-37317,nasal wipe,3030937969_ZZYV1QM0_v2_S58,PAIRED,RT-PCR,VIRAL RNA,Influenza A virus,No passages prior to sequencing,ILLUMINA,2023-12-12T00:00:00Z,2023-12-12T01:10:00Z,1,22.3,pig37317_day6,14SW6316,SRP477429,Spot,H3N2,male
SRR27181363,WGS,246,1117346685,"Andrew S. Bowman\, The Ohio State University",PRJNA1051292,SAMN38768559,Viral,399621488,EMORY UNIVERSITY,"Bowman Lab\, OSU",2014-07-17,public,"fastq,run.zq,sra","gs,ncbi,s3","gs.us-east1,ncbi.public,s3.us-east-1",Influenza A infection,SRX22861937,USA,North America,USA: Indiana,Sub_adult,Sus scrofa domesticus,snout,Illumina NovaSeq 6000,pigID-37122,nasal wipe,3030938054_ZZYV1QNZ_v2_S45,PAIRED,RT-PCR,VIRAL RNA,Influenza A virus,No passages prior to sequencing,ILLUMINA,2023-12-12T00:00:00Z,2023-12-12T01:12:00Z,1,24.1,pig37122_day6,14SW6314,SRP477429,Spot,H3N2,female
SRR27181364,WGS,209,307943287,"Andrew S. Bowman\, The Ohio State University",PRJNA1051292,SAMN38768558,Viral,111010497,EMORY UNIVERSITY,"Bowman Lab\, OSU",2014-07-17,public,"fastq,run.zq,sra","gs,ncbi,s3","gs.us-east1,ncbi.public,s3.us-east-1",Influenza A infection,SRX22861936,USA,North America,USA: Indiana,Sub_adult,Sus scrofa domesticus,snout,Illumina NovaSeq 6000,pigID-37121,nasal wipe,3030938342_ZZYUQM9L_v2_S32,PAIRED,RT-PCR,VIRAL RNA,Influenza A virus,No passages prior to sequencing,ILLUMINA,2023-12-12T00:00:00Z,2023-12-12T01:10:00Z,1,30.6,pig37121_day6,14SW6313,SRP477429,mix,H3N2,female
SRR27181365,WGS,248,1367206873,"Andrew S. Bowman\, The Ohio State University",PRJNA1051292,SAMN38768555,Viral,496093968,EMORY UNIVERSITY,"Bowman Lab\, OSU",2014-07-17,public,"fastq,run.zq,sra","gs,ncbi,s3","gs.us-east1,ncbi.public,s3.us-east-1",Influenza A infection,SRX22861934,USA,North America,USA: Indiana,Sub_adult,Sus scrofa domesticus,snout,Illumina NovaSeq 6000,pigID-37202,nasal wipe,3030937908_ZZYV1QKL_v2_S19,PAIRED,RT-PCR,VIRAL RNA,Influenza A virus,No passages prior to sequencing,ILLUMINA,2023-12-12T00:00:00Z,2023-12-12T01:13:00Z,1,20.2,pig37202_day6,14SW6308,SRP477429,Hamp,H1N1/H3N2 double infection,male
SRR27181366,WGS,246,1338147675,"Andrew S. Bowman\, The Ohio State University",PRJNA1051292,SAMN38768554,Viral,476989648,EMORY UNIVERSITY,"Bowman Lab\, OSU",2014-07-17,public,"fastq,run.zq,sra","gs,ncbi,s3","gs.us-east1,ncbi.public,s3.us-east-1",Influenza A infection,SRX22861933,USA,North America,USA: Indiana,Sub_adult,Sus scrofa domesticus,snout,Illumina NovaSeq 6000,pigID-37280,nasal wipe,3030938154_ZZYV1QQ9_v2_S6,PAIRED,RT-PCR,VIRAL RNA,Influenza A virus,No passages prior to sequencing,ILLUMINA,2023-12-12T00:00:00Z,2023-12-12T01:13:00Z,1,26.4,pig37280_day6,14SW6307,SRP477429,mix,H3N2,male
SRR27181367,WGS,249,1238371430,"Andrew S. Bowman\, The Ohio State University",PRJNA1051292,SAMN38768553,Viral,443764711,EMORY UNIVERSITY,"Bowman Lab\, OSU",2014-07-17,public,"fastq,run.zq,sra","gs,ncbi,s3","gs.us-east1,ncbi.public,s3.us-east-1",Influenza A infection,SRX22861932,USA,North America,USA: Indiana,Sub_adult,Sus scrofa domesticus,snout,Illumina NovaSeq 6000,pigID-37281,nasal wipe,3030938151_ZZYV1QQ7_v2_S76,PAIRED,RT-PCR,VIRAL RNA,Influenza A virus,No passages prior to sequencing,ILLUMINA,2023-12-12T00:00:00Z,2023-12-12T01:12:00Z,1,26.3,pig37281_day6,14SW6306,SRP477429,mix,H3N2,male
SRR27181368,WGS,249,4471995562,"Andrew S. Bowman\, The Ohio State University",PRJNA1051292,SAMN38768557,Viral,1600939275,EMORY UNIVERSITY,"Bowman Lab\, OSU",2014-07-17,public,"fastq,run.zq,sra","gs,ncbi,s3","gs.us-east1,ncbi.public,s3.us-east-1",Influenza A infection,SRX22861935,USA,North America,USA: Indiana,Sub_adult,Sus scrofa domesticus,snout,Illumina NovaSeq 6000,pigID-37268,nasal wipe,3030938008_ZZYV1QMW_v2_S106,PAIRED,RT-PCR,VIRAL RNA,Influenza A virus,No passages prior to sequencing,ILLUMINA,2023-12-12T00:00:00Z,2023-12-12T01:15:00Z,1,22.9,pig37268_day6,14SW6311,SRP477429,Hamp,H1N1/H3N2 double infection,female
SRR27181369,WGS,265,2994902474,"Andrew S. Bowman\, The Ohio State University",PRJNA1051292,SAMN38768552,Viral,1067943012,EMORY UNIVERSITY,"Bowman Lab\, OSU",2014-07-17,public,"fastq,run.zq,sra","gs,ncbi,s3","gs.us-east1,ncbi.public,s3.us-east-1",Influenza A infection,SRX22861931,USA,North America,USA: Indiana,Sub_adult,Sus scrofa domesticus,snout,Illumina NovaSeq 6000,pigID-37242,nasal wipe,3030938195_ZZYV1QR9_v2_S115,PAIRED,RT-PCR,VIRAL RNA,Influenza A virus,No passages prior to sequencing,ILLUMINA,2023-12-12T00:00:00Z,2023-12-12T01:15:00Z,1,27.4,pig37242_day6,14SW6302,SRP477429,mix,H1N1/H3N2 double infection,female
SRR27181370,WGS,300,146906100,"Andrew S. Bowman\, The Ohio State University",PRJNA1051292,SAMN38768165,Viral,62162167,EMORY UNIVERSITY,"Bowman Lab\, OSU",2014-07-14,public,"fastq,run.zq,sra","gs,ncbi,s3","gs.us-east1,ncbi.public,s3.us-east-1",Influenza A infection,SRX22861930,USA,North America,USA: Indiana,Sub_adult,Sus scrofa domesticus,snout,Illumina MiSeq,pigID-37317,nasal wipe,3030937941_ZZYV8WFQ_v1_S138,PAIRED,RT-PCR,VIRAL RNA,Influenza A virus,No passages prior to sequencing,ILLUMINA,2023-12-12T00:00:00Z,2023-12-12T01:11:00Z,1,21.5,pig37317_day3,14SW5331,SRP477429,Spot,H3N2,male
SRR27181371,WGS,226,1773704450,"Andrew S. Bowman\, The Ohio State University",PRJNA1051292,SAMN38768551,Viral,628035470,EMORY UNIVERSITY,"Bowman Lab\, OSU",2014-07-17,public,"fastq,run.zq,sra","gs,ncbi,s3","gs.us-east1,ncbi.public,s3.us-east-1",Influenza A infection,SRX22861929,USA,North America,USA: Indiana,Sub_adult,Sus scrofa domesticus,snout,Illumina NovaSeq 6000,pigID-37243,nasal wipe,3030938202_ZZYV1QRD_v2_S72,PAIRED,RT-PCR,VIRAL RNA,Influenza A virus,No passages prior to sequencing,ILLUMINA,2023-12-12T00:00:00Z,2023-12-12T01:14:00Z,1,27.5,pig37243_day6,14SW6301,SRP477429,mix,H1N1/H3N2 double infection,male
SRR27181372,WGS,217,1830014351,"Andrew S. Bowman\, The Ohio State University",PRJNA1051292,SAMN38768550,Viral,649104285,EMORY UNIVERSITY,"Bowman Lab\, OSU",2014-07-17,public,"fastq,run.zq,sra","gs,ncbi,s3","gs.us-east1,ncbi.public,s3.us-east-1",Influenza A infection,SRX22861928,USA,North America,USA: Indiana,Sub_adult,Sus scrofa domesticus,snout,Illumina NovaSeq 6000,pigID-37336,nasal wipe,3030938082_ZZYV1QOL_v2_S59,PAIRED,RT-PCR,VIRAL RNA,Influenza A virus,No passages prior to sequencing,ILLUMINA,2023-12-12T00:00:00Z,2023-12-12T01:14:00Z,1,24.7,pig37336_day6,14SW6300,SRP477429,Hamp,H3N2,male
SRR27181373,WGS,229,1592947709,"Andrew S. Bowman\, The Ohio State University",PRJNA1051292,SAMN38768548,Viral,571151023,EMORY UNIVERSITY,"Bowman Lab\, OSU",2014-07-17,public,"fastq,run.zq,sra","gs,ncbi,s3","gs.us-east1,ncbi.public,s3.us-east-1",Influenza A infection,SRX22861926,USA,North America,USA: Indiana,Sub_adult,Sus scrofa domesticus,snout,Illumina NovaSeq 6000,pigID-20587,nasal wipe,3030938137_ZZYV1QPU_v2_S33,PAIRED,RT-PCR,VIRAL RNA,Influenza A virus,No passages prior to sequencing,ILLUMINA,2023-12-12T00:00:00Z,2023-12-12T01:13:00Z,1,26,pig20587_day6,14SW6298,SRP477429,York,H3N2,male
SRR27181374,WGS,239,1633403299,"Andrew S. Bowman\, The Ohio State University",PRJNA1051292,SAMN38768547,Viral,585365265,EMORY UNIVERSITY,"Bowman Lab\, OSU",2014-07-17,public,"fastq,run.zq,sra","gs,ncbi,s3","gs.us-east1,ncbi.public,s3.us-east-1",Influenza A infection,SRX22861925,USA,North America,USA: Indiana,Sub_adult,Sus scrofa domesticus,snout,Illumina NovaSeq 6000,pigID-20454,nasal wipe,3030938089_ZZYV1QOP_v2_S20,PAIRED,RT-PCR,VIRAL RNA,Influenza A virus,No passages prior to sequencing,ILLUMINA,2023-12-12T00:00:00Z,2023-12-12T01:10:00Z,1,24.9,pig20454_day6,14SW6297,SRP477429,mix,H3N2,male
SRR27181375,WGS,273,690704056,"Andrew S. Bowman\, The Ohio State University",PRJNA1051292,SAMN38768482,Viral,251371637,EMORY UNIVERSITY,"Bowman Lab\, OSU",2014-07-16,public,"fastq,run.zq,sra","gs,ncbi,s3","gs.us-east1,ncbi.public,s3.us-east-1",Influenza A infection,SRX22861924,USA,North America,USA: Indiana,Sub_adult,Sus scrofa domesticus,snout,Illumina NovaSeq 6000,pigID-37228,nasal wipe,3030937988_ZZYV1QMH_v2_S189,PAIRED,RT-PCR,VIRAL RNA,Influenza A virus,No passages prior to sequencing,ILLUMINA,2023-12-12T00:00:00Z,2023-12-12T01:12:00Z,1,22.6,pig37228_day5,14SW6182,SRP477429,York,H3N2,male
SRR27181376,WGS,300,196864500,"Andrew S. Bowman\, The Ohio State University",PRJNA1051292,SAMN38768159,Viral,83551079,EMORY UNIVERSITY,"Bowman Lab\, OSU",2014-07-14,public,"fastq,run.zq,sra","gs,ncbi,s3","gs.us-east1,ncbi.public,s3.us-east-1",Influenza A infection,SRX22862140,USA,North America,USA: Indiana,Sub_adult,Sus scrofa domesticus,snout,Illumina MiSeq,pigID-37159,nasal wipe,3030937924_ZZYV8WF9_v1_S5,PAIRED,RT-PCR,VIRAL RNA,Influenza A virus,No passages prior to sequencing,ILLUMINA,2023-12-12T00:00:00Z,2023-12-12T01:10:00Z,1,21,pig37159_day3,14SW5285,SRP477429,Hamp,H1N1,female
SRR27181377,WGS,270,928512259,"Andrew S. Bowman\, The Ohio State University",PRJNA1051292,SAMN38768480,Viral,334121492,EMORY UNIVERSITY,"Bowman Lab\, OSU",2014-07-16,public,"fastq,run.zq,sra","gs,ncbi,s3","gs.us-east1,ncbi.public,s3.us-east-1",Influenza A infection,SRX22861923,USA,North America,USA: Indiana,Sub_adult,Sus scrofa domesticus,snout,Illumina NovaSeq 6000,pigID-37334,nasal wipe,3030937951_ZZYV1QLL_v2_S177,PAIRED,RT-PCR,VIRAL RNA,Influenza A virus,No passages prior to sequencing,ILLUMINA,2023-12-12T00:00:00Z,2023-12-12T01:11:00Z,1,22,pig37334_day5,14SW6169,SRP477429,Spot,H3N2,male
SRR27181378,WGS,255,766028190,"Andrew S. Bowman\, The Ohio State University",PRJNA1051292,SAMN38768478,Viral,276259563,EMORY UNIVERSITY,"Bowman Lab\, OSU",2014-07-16,public,"fastq,run.zq,sra","gs,ncbi,s3","gs.us-east1,ncbi.public,s3.us-east-1",Influenza A infection,SRX22861922,USA,North America,USA: Indiana,Sub_adult,Sus scrofa domesticus,snout,Illumina NovaSeq 6000,pigID-37347,nasal wipe,3030937873_ZZYV1QJR_v2_S165,PAIRED,RT-PCR,VIRAL RNA,Influenza A virus,No passages prior to sequencing,ILLUMINA,2023-12-12T00:00:00Z,2023-12-12T01:11:00Z,1,18.1,pig37347_day5,14SW6166,SRP477429,mix,H1N1/H3N2 double infection,male
SRR27181379,WGS,255,954623358,"Andrew S. Bowman\, The Ohio State University",PRJNA1051292,SAMN38768477,Viral,347958004,EMORY UNIVERSITY,"Bowman Lab\, OSU",2014-07-16,public,"fastq,run.zq,sra","gs,ncbi,s3","gs.us-east1,ncbi.public,s3.us-east-1",Influenza A infection,SRX22861921,USA,North America,USA: Indiana,Sub_adult,Sus scrofa domesticus,snout,Illumina NovaSeq 6000,pigID-37348,nasal wipe,3030937909_ZZYV1QKM_v2_S90,PAIRED,RT-PCR,VIRAL RNA,Influenza A virus,No passages prior to sequencing,ILLUMINA,2023-12-12T00:00:00Z,2023-12-12T01:12:00Z,1,20.2,pig37348_day5,14SW6165,SRP477429,mix,H3N2,male
SRR27181380,WGS,243,1555054368,"Andrew S. Bowman\, The Ohio State University",PRJNA1051292,SAMN38768476,Viral,556227915,EMORY UNIVERSITY,"Bowman Lab\, OSU",2014-07-16,public,"fastq,run.zq,sra","gs,ncbi,s3","gs.us-east1,ncbi.public,s3.us-east-1",Influenza A infection,SRX22861920,USA,North America,USA: Indiana,Sub_adult,Sus scrofa domesticus,snout,Illumina NovaSeq 6000,pigID-37346,nasal wipe,3030937976_ZZYV1QM7_v2_S77,PAIRED,RT-PCR,VIRAL RNA,Influenza A virus,No passages prior to sequencing,ILLUMINA,2023-12-12T00:00:00Z,2023-12-12T01:12:00Z,1,22.4,pig37346_day5,14SW6164,SRP477429,mix,H1N1/H3N2 double infection,male
SRR27181381,WGS,253,1369235402,"Andrew S. Bowman\, The Ohio State University",PRJNA1051292,SAMN38768471,Viral,490608487,EMORY UNIVERSITY,"Bowman Lab\, OSU",2014-07-16,public,"fastq,run.zq,sra","gs,ncbi,s3","gs.us-east1,ncbi.public,s3.us-east-1",Influenza A infection,SRX22861918,USA,North America,USA: Indiana,Sub_adult,Sus scrofa domesticus,snout,Illumina NovaSeq 6000,pigID-37341,nasal wipe,3030938150_ZZYV1QQ6_v2_S129,PAIRED,RT-PCR,VIRAL RNA,Influenza A virus,No passages prior to sequencing,ILLUMINA,2023-12-12T00:00:00Z,2023-12-12T01:13:00Z,1,26.3,pig37341_day5,14SW6158,SRP477429,mix,H3N2,male
SRR27181382,WGS,253,1032712215,"Andrew S. Bowman\, The Ohio State University",PRJNA1051292,SAMN38768470,Viral,370790926,EMORY UNIVERSITY,"Bowman Lab\, OSU",2014-07-16,public,"fastq,run.zq,sra","gs,ncbi,s3","gs.us-east1,ncbi.public,s3.us-east-1",Influenza A infection,SRX22861917,USA,North America,USA: Indiana,Sub_adult,Sus scrofa domesticus,snout,Illumina NovaSeq 6000,pigID-37126,nasal wipe,3030938186_ZZYV1QR2_v2_S117,PAIRED,RT-PCR,VIRAL RNA,Influenza A virus,No passages prior to sequencing,ILLUMINA,2023-12-12T00:00:00Z,2023-12-12T01:12:00Z,1,27.2,pig37126_day5,14SW6156,SRP477429,York,H1N1,male
SRR27181383,WGS,300,233868000,"Andrew S. Bowman\, The Ohio State University",PRJNA1051292,SAMN38768158,Viral,99740474,EMORY UNIVERSITY,"Bowman Lab\, OSU",2014-07-14,public,"fastq,run.zq,sra","gs,ncbi,s3","gs.us-east1,ncbi.public,s3.us-east-1",Influenza A infection,SRX22861916,USA,North America,USA: Indiana,Sub_adult,Sus scrofa domesticus,snout,Illumina MiSeq,pigID-37158,nasal wipe,3030937907_ZZYV8WES_v1_S150,PAIRED,RT-PCR,VIRAL RNA,Influenza A virus,No passages prior to sequencing,ILLUMINA,2023-12-12T00:00:00Z,2023-12-12T01:10:00Z,1,20.2,pig37158_day3,14SW5284,SRP477429,York,H1N1,male
SRR27181384,WGS,258,587717541,"Andrew S. Bowman\, The Ohio State University",PRJNA1051292,SAMN38768475,Viral,211221742,EMORY UNIVERSITY,"Bowman Lab\, OSU",2014-07-16,public,"fastq,run.zq,sra","gs,ncbi,s3","gs.us-east1,ncbi.public,s3.us-east-1",Influenza A infection,SRX22861919,USA,North America,USA: Indiana,Sub_adult,Sus scrofa domesticus,snout,Illumina NovaSeq 6000,pigID-20510,nasal wipe,3030938040_ZZYV1QNM_v2_S153,PAIRED,RT-PCR,VIRAL RNA,Influenza A virus,No passages prior to sequencing,ILLUMINA,2023-12-12T00:00:00Z,2023-12-12T01:12:00Z,1,23.8,pig20510_day5,14SW6163,SRP477429,Hereford,H3N2,male
SRR27181385,WGS,266,816848882,"Andrew S. Bowman\, The Ohio State University",PRJNA1051292,SAMN38768469,Viral,299274516,EMORY UNIVERSITY,"Bowman Lab\, OSU",2014-07-16,public,"fastq,run.zq,sra","gs,ncbi,s3","gs.us-east1,ncbi.public,s3.us-east-1",Influenza A infection,SRX22861915,USA,North America,USA: Indiana,Sub_adult,Sus scrofa domesticus,snout,Illumina NovaSeq 6000,pigID-37264,nasal wipe,3030937894_ZZYV1QK9_v2_S105,PAIRED,RT-PCR,VIRAL RNA,Influenza A virus,No passages prior to sequencing,ILLUMINA,2023-12-12T00:00:00Z,2023-12-12T01:11:00Z,1,19.8,pig37264_day5,14SW6151,SRP477429,Spot,H3N2,male
SRR27181386,WGS,278,915325331,"Andrew S. Bowman\, The Ohio State University",PRJNA1051292,SAMN38768468,Viral,329781570,EMORY UNIVERSITY,"Bowman Lab\, OSU",2014-07-16,public,"fastq,run.zq,sra","gs,ncbi,s3","gs.us-east1,ncbi.public,s3.us-east-1",Influenza A infection,SRX22861914,USA,North America,USA: Indiana,Sub_adult,Sus scrofa domesticus,snout,Illumina NovaSeq 6000,pigID-37252,nasal wipe,3030937987_ZZYV1QMG_v2_S188,PAIRED,RT-PCR,VIRAL RNA,Influenza A virus,No passages prior to sequencing,ILLUMINA,2023-12-12T00:00:00Z,2023-12-12T01:12:00Z,1,22.6,pig37252_day5,14SW6150,SRP477429,mix,H3N2,male
SRR27181387,WGS,283,858646430,"Andrew S. Bowman\, The Ohio State University",PRJNA1051292,SAMN38768467,Viral,309510934,EMORY UNIVERSITY,"Bowman Lab\, OSU",2014-07-16,public,"fastq,run.zq,sra","gs,ncbi,s3","gs.us-east1,ncbi.public,s3.us-east-1",Influenza A infection,SRX22861913,USA,North America,USA: Indiana,Sub_adult,Sus scrofa domesticus,snout,Illumina NovaSeq 6000,pigID-37250,nasal wipe,3030937974_ZZYV1QM5_v2_S176,PAIRED,RT-PCR,VIRAL RNA,Influenza A virus,No passages prior to sequencing,ILLUMINA,2023-12-12T00:00:00Z,2023-12-12T01:11:00Z,1,22.4,pig37250_day5,14SW6149,SRP477429,mix,H3N2,female
SRR27181388,WGS,261,762865,"Andrew S. Bowman\, The Ohio State University",PRJNA1051292,SAMN38768466,Viral,381947,EMORY UNIVERSITY,"Bowman Lab\, OSU",2014-07-16,public,"fastq,run.zq,sra","gs,ncbi,s3","gs.us-east1,ncbi.public,s3.us-east-1",Influenza A infection,SRX22861912,USA,North America,USA: Indiana,Sub_adult,Sus scrofa domesticus,snout,Illumina NovaSeq 6000,pigID-37178,nasal wipe,3030937937_ZZYV1QL8_v2_S164,PAIRED,RT-PCR,VIRAL RNA,Influenza A virus,No passages prior to sequencing,ILLUMINA,2023-12-12T00:00:00Z,2023-12-12T01:09:00Z,1,21.4,pig37178_day5,14SW6147,SRP477429,Duroc,H3N2,male
SRR27181389,WGS,280,1070260551,"Andrew S. Bowman\, The Ohio State University",PRJNA1051292,SAMN38768462,Viral,380571776,EMORY UNIVERSITY,"Bowman Lab\, OSU",2014-07-16,public,"fastq,run.zq,sra","gs,ncbi,s3","gs.us-east1,ncbi.public,s3.us-east-1",Influenza A infection,SRX22861910,USA,North America,USA: Indiana,Sub_adult,Sus scrofa domesticus,snout,Illumina NovaSeq 6000,pigID-37331,nasal wipe,3030938173_ZZYV1QQQ_v2_S128,PAIRED,RT-PCR,VIRAL RNA,Influenza A virus,No passages prior to sequencing,ILLUMINA,2023-12-12T00:00:00Z,2023-12-12T01:12:00Z,1,26.8,pig37331_day5,14SW6141,SRP477429,mix,H3N2,male
SRR27181390,WGS,283,852418757,"Andrew S. Bowman\, The Ohio State University",PRJNA1051292,SAMN38768459,Viral,306294449,EMORY UNIVERSITY,"Bowman Lab\, OSU",2014-07-16,public,"fastq,run.zq,sra","gs,ncbi,s3","gs.us-east1,ncbi.public,s3.us-east-1",Influenza A infection,SRX22861909,USA,North America,USA: Indiana,Sub_adult,Sus scrofa domesticus,snout,Illumina NovaSeq 6000,pigID-20579,nasal wipe,3030937892_ZZYV1QK7_v2_S116,PAIRED,RT-PCR,VIRAL RNA,Influenza A virus,No passages prior to sequencing,ILLUMINA,2023-12-12T00:00:00Z,2023-12-12T01:11:00Z,1,19.7,pig20579_day5,14SW6138,SRP477429,mix,H3N2,female
SRR27181391,WGS,290,768886724,"Andrew S. Bowman\, The Ohio State University",PRJNA1051292,SAMN38768458,Viral,282461682,EMORY UNIVERSITY,"Bowman Lab\, OSU",2014-07-16,public,"fastq,run.zq,sra","gs,ncbi,s3","gs.us-east1,ncbi.public,s3.us-east-1",Influenza A infection,SRX22861908,USA,North America,USA: Indiana,Sub_adult,Sus scrofa domesticus,snout,Illumina NovaSeq 6000,pigID-37139,nasal wipe,3030938050_ZZYV1QNW_v2_S104,PAIRED,RT-PCR,VIRAL RNA,Influenza A virus,No passages prior to sequencing,ILLUMINA,2023-12-12T00:00:00Z,2023-12-12T01:11:00Z,1,24,pig37139_day5,14SW6136,SRP477429,York,H3N2,male
SRR27181392,WGS,279,487452738,"Andrew S. Bowman\, The Ohio State University",PRJNA1051292,SAMN38768465,Viral,172096854,EMORY UNIVERSITY,"Bowman Lab\, OSU",2014-07-16,public,"fastq,run.zq,sra","gs,ncbi,s3","gs.us-east1,ncbi.public,s3.us-east-1",Influenza A infection,SRX22861911,USA,North America,USA: Indiana,Sub_adult,Sus scrofa domesticus,snout,Illumina NovaSeq 6000,pigID-37177,nasal wipe,3030938165_ZZYV1QQJ_v2_S152,PAIRED,RT-PCR,VIRAL RNA,Influenza A virus,No passages prior to sequencing,ILLUMINA,2023-12-12T00:00:00Z,2023-12-12T01:11:00Z,1,26.7,pig37177_day5,14SW6146,SRP477429,York,H3N2,male
SRR27181393,WGS,276,694220549,"Andrew S. Bowman\, The Ohio State University",PRJNA1051292,SAMN38768457,Viral,250581872,EMORY UNIVERSITY,"Bowman Lab\, OSU",2014-07-16,public,"fastq,run.zq,sra","gs,ncbi,s3","gs.us-east1,ncbi.public,s3.us-east-1",Influenza A infection,SRX22861907,USA,North America,USA: Indiana,Sub_adult,Sus scrofa domesticus,snout,Illumina NovaSeq 6000,pigID-20602,nasal wipe,3030937877_ZZYV1QJU_v2_S187,PAIRED,RT-PCR,VIRAL RNA,Influenza A virus,No passages prior to sequencing,ILLUMINA,2023-12-12T00:00:00Z,2023-12-12T01:11:00Z,1,18.5,pig20602_day5,14SW6135,SRP477429,Spot,H3N2,female
SRR27181394,WGS,265,1197971003,"Andrew S. Bowman\, The Ohio State University",PRJNA1051292,SAMN38768454,Viral,426307445,EMORY UNIVERSITY,"Bowman Lab\, OSU",2014-07-16,public,"fastq,run.zq,sra","gs,ncbi,s3","gs.us-east1,ncbi.public,s3.us-east-1",Influenza A infection,SRX22861906,USA,North America,USA: Indiana,Sub_adult,Sus scrofa domesticus,snout,Illumina NovaSeq 6000,pigID-20601,nasal wipe,3030938199_ZZYV1QRB_v2_S175,PAIRED,RT-PCR,VIRAL RNA,Influenza A virus,No passages prior to sequencing,ILLUMINA,2023-12-12T00:00:00Z,2023-12-12T01:14:00Z,1,27.5,pig20601_day5,14SW6131,SRP477429,Hamp,H3N2,male
SRR27181395,WGS,300,110313000,"Andrew S. Bowman\, The Ohio State University",PRJNA1051292,SAMN38768157,Viral,47481613,EMORY UNIVERSITY,"Bowman Lab\, OSU",2014-07-14,public,"fastq,run.zq,sra","gs,ncbi,s3","gs.us-east1,ncbi.public,s3.us-east-1",Influenza A infection,SRX22861905,USA,North America,USA: Indiana,Sub_adult,Sus scrofa domesticus,snout,Illumina MiSeq,pigID-37210,nasal wipe,3030938298_ZZYV8WPN_v1_S90,PAIRED,RT-PCR,VIRAL RNA,Influenza A virus,No passages prior to sequencing,ILLUMINA,2023-12-12T00:00:00Z,2023-12-12T01:11:00Z,1,29.5,pig37210_day3,14SW5256,SRP477429,Hamp,H1N1/H3N2 double infection,female
SRR27181396,WGS,271,632151108,"Andrew S. Bowman\, The Ohio State University",PRJNA1051292,SAMN38768453,Viral,228356431,EMORY UNIVERSITY,"Bowman Lab\, OSU",2014-07-16,public,"fastq,run.zq,sra","gs,ncbi,s3","gs.us-east1,ncbi.public,s3.us-east-1",Influenza A infection,SRX22861904,USA,North America,USA: Indiana,Sub_adult,Sus scrofa domesticus,snout,Illumina NovaSeq 6000,pigID-37319,nasal wipe,3030937880_ZZYV1QJW_v2_S151,PAIRED,RT-PCR,VIRAL RNA,Influenza A virus,No passages prior to sequencing,ILLUMINA,2023-12-12T00:00:00Z,2023-12-12T01:11:00Z,1,18.8,pig37319_day5,14SW6130,SRP477429,mix,H3N2,male
SRR27181397,WGS,251,9986990,"Andrew S. Bowman\, The Ohio State University",PRJNA1051292,SAMN38768375,Viral,3951991,EMORY UNIVERSITY,"Bowman Lab\, OSU",2014-07-16,public,"fastq,run.zq,sra","gs,ncbi,s3","gs.us-east1,ncbi.public,s3.us-east-1",Influenza A infection,SRX22861902,USA,North America,USA: Indiana,Sub_adult,Sus scrofa domesticus,snout,Illumina NovaSeq 6000,pigID-37196,nasal wipe,3030938164_ZZYV1QQI_v2_S112,PAIRED,RT-PCR,VIRAL RNA,Influenza A virus,No passages prior to sequencing,ILLUMINA,2023-12-12T00:00:00Z,2023-12-12T01:10:00Z,1,26.7,pig37196_day5,14SW5986,SRP477429,mix,H1N1/H3N2 double infection,male
SRR27181398,WGS,275,687918234,"Andrew S. Bowman\, The Ohio State University",PRJNA1051292,SAMN38768372,Viral,251928317,EMORY UNIVERSITY,"Bowman Lab\, OSU",2014-07-16,public,"fastq,run.zq,sra","gs,ncbi,s3","gs.us-east1,ncbi.public,s3.us-east-1",Influenza A infection,SRX22861901,USA,North America,USA: Indiana,Sub_adult,Sus scrofa domesticus,snout,Illumina NovaSeq 6000,pigID-20429,nasal wipe,3030938079_ZZYV1QOJ_v2_S163,PAIRED,RT-PCR,VIRAL RNA,Influenza A virus,No passages prior to sequencing,ILLUMINA,2023-12-12T00:00:00Z,2023-12-12T01:11:00Z,1,24.7,pig20429_day5,14SW5971,SRP477429,Hamp,H1N1,
SRR27181399,WGS,245,4489599165,"Andrew S. Bowman\, The Ohio State University",PRJNA1051292,SAMN38768371,Viral,1599425788,EMORY UNIVERSITY,"Bowman Lab\, OSU",2014-07-16,public,"fastq,run.zq,sra","gs,ncbi,s3","gs.us-east1,ncbi.public,s3.us-east-1",Influenza A infection,SRX22861900,USA,North America,USA: Indiana,Sub_adult,Sus scrofa domesticus,snout,Illumina NovaSeq 6000,pigID-20422,nasal wipe,3030938219_ZZYV1QRQ_v2_S103,PAIRED,RT-PCR,VIRAL RNA,Influenza A virus,No passages prior to sequencing,ILLUMINA,2023-12-12T00:00:00Z,2023-12-12T01:16:00Z,1,27.8,pig20422_day5,14SW5969,SRP477429,Hamp,H1N1,male
SRR27181400,WGS,300,174990900,"Andrew S. Bowman\, The Ohio State University",PRJNA1051292,SAMN38768151,Viral,74534518,EMORY UNIVERSITY,"Bowman Lab\, OSU",2014-07-14,public,"fastq,run.zq,sra","gs,ncbi,s3","gs.us-east1,ncbi.public,s3.us-east-1",Influenza A infection,SRX22861903,USA,North America,USA: Indiana,Sub_adult,Sus scrofa domesticus,snout,Illumina MiSeq,pigID-20430,nasal wipe,3030938006_ZZYV8WHJ_v1_S300,PAIRED,RT-PCR,VIRAL RNA,Influenza A virus,No passages prior to sequencing,ILLUMINA,2023-12-12T00:00:00Z,2023-12-12T01:10:00Z,1,22.9,pig20430_day3,14SW5144,SRP477429,mix,H1N1,female
SRR27181401,WGS,222,1477732515,"Andrew S. Bowman\, The Ohio State University",PRJNA1051292,SAMN38768370,Viral,530883090,EMORY UNIVERSITY,"Bowman Lab\, OSU",2014-07-16,public,"fastq,run.zq,sra","gs,ncbi,s3","gs.us-east1,ncbi.public,s3.us-east-1",Influenza A infection,SRX22861899,USA,North America,USA: Indiana,Sub_adult,Sus scrofa domesticus,snout,Illumina NovaSeq 6000,pigID-20506,nasal wipe,3030938045_ZZYV1QNR_v2_S36,PAIRED,RT-PCR,VIRAL RNA,Influenza A virus,No passages prior to sequencing,ILLUMINA,2023-12-12T00:00:00Z,2023-12-12T01:12:00Z,1,23.9,pig20506_day5,14SW5966,SRP477429,mix,H1N1/H3N2 double infection,male
SRR27181402,WGS,219,1339350805,"Andrew S. Bowman\, The Ohio State University",PRJNA1051292,SAMN38768369,Viral,480842708,EMORY UNIVERSITY,"Bowman Lab\, OSU",2014-07-16,public,"fastq,run.zq,sra","gs,ncbi,s3","gs.us-east1,ncbi.public,s3.us-east-1",Influenza A infection,SRX22861898,USA,North America,USA: Indiana,Sub_adult,Sus scrofa domesticus,snout,Illumina NovaSeq 6000,pigID-20499,nasal wipe,3030938113_ZZYV1QP9_v2_S23,PAIRED,RT-PCR,VIRAL RNA,Influenza A virus,No passages prior to sequencing,ILLUMINA,2023-12-12T00:00:00Z,2023-12-12T01:12:00Z,1,25.4,pig20499_day5,14SW5959,SRP477429,mix,H1N1/H3N2 double infection,female
SRR27181403,WGS,264,1046122328,"Andrew S. Bowman\, The Ohio State University",PRJNA1051292,SAMN38768366,Viral,380323857,EMORY UNIVERSITY,"Bowman Lab\, OSU",2014-07-16,public,"fastq,run.zq,sra","gs,ncbi,s3","gs.us-east1,ncbi.public,s3.us-east-1",Influenza A infection,SRX22861897,USA,North America,USA: Indiana,Sub_adult,Sus scrofa domesticus,snout,Illumina NovaSeq 6000,pigID-37113,nasal wipe,3030938032_ZZYV1QNE_v2_S151,PAIRED,RT-PCR,VIRAL RNA,Influenza A virus,No passages prior to sequencing,ILLUMINA,2023-12-12T00:00:00Z,2023-12-12T01:12:00Z,1,23.7,pig37113_day5,14SW5954,SRP477429,York,H3N2,male
SRR27181404,WGS,267,1248319187,"Andrew S. Bowman\, The Ohio State University",PRJNA1051292,SAMN38768365,Viral,451575100,EMORY UNIVERSITY,"Bowman Lab\, OSU",2014-07-16,public,"fastq,run.zq,sra","gs,ncbi,s3","gs.us-east1,ncbi.public,s3.us-east-1",Influenza A infection,SRX22861896,USA,North America,USA: Indiana,Sub_adult,Sus scrofa domesticus,snout,Illumina NovaSeq 6000,pigID-37112,nasal wipe,3030938181_ZZYV1QQX_v2_S139,PAIRED,RT-PCR,VIRAL RNA,Influenza A virus,No passages prior to sequencing,ILLUMINA,2023-12-12T00:00:00Z,2023-12-12T01:10:00Z,1,27.1,pig37112_day5,14SW5951,SRP477429,York,H3N2,male
SRR27181405,WGS,277,703498669,"Andrew S. Bowman\, The Ohio State University",PRJNA1051292,SAMN38768363,Viral,266181216,EMORY UNIVERSITY,"Bowman Lab\, OSU",2014-07-16,public,"fastq,run.zq,sra","gs,ncbi,s3","gs.us-east1,ncbi.public,s3.us-east-1",Influenza A infection,SRX22861894,USA,North America,USA: Indiana,Sub_adult,Sus scrofa domesticus,snout,Illumina NovaSeq 6000,pigID-20365,nasal wipe,3030938193_ZZYV1QR8_v2_S198,PAIRED,RT-PCR,VIRAL RNA,Influenza A virus,No passages prior to sequencing,ILLUMINA,2023-12-12T00:00:00Z,2023-12-12T01:10:00Z,1,27.3,pig20365_day5,14SW5948,SRP477429,Poland,H3N2,female
SRR27181406,WGS,275,663745840,"Andrew S. Bowman\, The Ohio State University",PRJNA1051292,SAMN38768362,Viral,241710673,EMORY UNIVERSITY,"Bowman Lab\, OSU",2014-07-16,public,"fastq,run.zq,sra","gs,ncbi,s3","gs.us-east1,ncbi.public,s3.us-east-1",Influenza A infection,SRX22861893,USA,North America,USA: Indiana,Sub_adult,Sus scrofa domesticus,snout,Illumina NovaSeq 6000,pigID-37339,nasal wipe,3030938053_ZZYV1QNY_v2_S186,PAIRED,RT-PCR,VIRAL RNA,Influenza A virus,No passages prior to sequencing,ILLUMINA,2023-12-12T00:00:00Z,2023-12-12T01:11:00Z,1,24.1,pig37339_day5,14SW5947,SRP477429,Poland,H3N2,male
SRR27181407,WGS,300,138863400,"Andrew S. Bowman\, The Ohio State University",PRJNA1051292,SAMN38768150,Viral,59478197,EMORY UNIVERSITY,"Bowman Lab\, OSU",2014-07-14,public,"fastq,run.zq,sra","gs,ncbi,s3","gs.us-east1,ncbi.public,s3.us-east-1",Influenza A infection,SRX22861892,USA,North America,USA: Indiana,Sub_adult,Sus scrofa domesticus,snout,Illumina MiSeq,pigID-20426,nasal wipe,3030938220_ZZYV8WNH_v1_S42,PAIRED,RT-PCR,VIRAL RNA,Influenza A virus,No passages prior to sequencing,ILLUMINA,2023-12-12T00:00:00Z,2023-12-12T01:10:00Z,1,27.9,pig20426_day3,14SW5143,SRP477429,Hamp,H1N1,male
SRR27181408,WGS,270,672033991,"Andrew S. Bowman\, The Ohio State University",PRJNA1051292,SAMN38768364,Viral,250621477,EMORY UNIVERSITY,"Bowman Lab\, OSU",2014-07-16,public,"fastq,run.zq,sra","gs,ncbi,s3","gs.us-east1,ncbi.public,s3.us-east-1",Influenza A infection,SRX22861895,USA,North America,USA: Indiana,Sub_adult,Sus scrofa domesticus,snout,Illumina NovaSeq 6000,pigID-37129,nasal wipe,3030937926_ZZYV1QL1_v2_S210,PAIRED,RT-PCR,VIRAL RNA,Influenza A virus,No passages prior to sequencing,ILLUMINA,2023-12-12T00:00:00Z,2023-12-12T01:10:00Z,1,21.2,pig37129_day5,14SW5950,SRP477429,Poland,H3N2,male
SRR27181409,WGS,275,1738827439,"Andrew S. Bowman\, The Ohio State University",PRJNA1051292,SAMN38768497,Viral,631518848,EMORY UNIVERSITY,"Bowman Lab\, OSU",2014-07-17,public,"fastq,run.zq,sra","gs,ncbi,s3","gs.us-east1,ncbi.public,s3.us-east-1",Influenza A infection,SRX22861891,USA,North America,USA: Indiana,Sub_adult,Sus scrofa domesticus,snout,Illumina NovaSeq 6000,pigID-1-5,nasal wipe,3030937978_ZZYV1QM9_v2_S167,PAIRED,RT-PCR,VIRAL RNA,Influenza A virus,No passages prior to sequencing,ILLUMINA,2023-12-12T00:00:00Z,2023-12-12T01:11:00Z,1,22.4,pig1-5_day6,14SW6218,SRP477429,Poland,H3N2,male
SRR27181410,WGS,253,1124843914,"Andrew S. Bowman\, The Ohio State University",PRJNA1051292,SAMN38768358,Viral,404621557,EMORY UNIVERSITY,"Bowman Lab\, OSU",2014-07-16,public,"fastq,run.zq,sra","gs,ncbi,s3","gs.us-east1,ncbi.public,s3.us-east-1",Influenza A infection,SRX22861890,USA,North America,USA: Indiana,Sub_adult,Sus scrofa domesticus,snout,Illumina NovaSeq 6000,pigID-20437,nasal wipe,3030937981_ZZYV1QMB_v2_S10,PAIRED,RT-PCR,VIRAL RNA,Influenza A virus,No passages prior to sequencing,ILLUMINA,2023-12-12T00:00:00Z,2023-12-12T01:13:00Z,1,22.4,pig20437_day5,14SW5943,SRP477429,Poland,H3N2,male
SRR27181411,WGS,273,813527064,"Andrew S. Bowman\, The Ohio State University",PRJNA1051292,SAMN38768357,Viral,293878885,EMORY UNIVERSITY,"Bowman Lab\, OSU",2014-07-16,public,"fastq,run.zq,sra","gs,ncbi,s3","gs.us-east1,ncbi.public,s3.us-east-1",Influenza A infection,SRX22861889,USA,North America,USA: Indiana,Sub_adult,Sus scrofa domesticus,snout,Illumina NovaSeq 6000,pigID-20464,nasal wipe,3030938114_ZZYV1QPA_v2_S174,PAIRED,RT-PCR,VIRAL RNA,Influenza A virus,No passages prior to sequencing,ILLUMINA,2023-12-12T00:00:00Z,2023-12-12T01:11:00Z,1,25.5,pig20464_day5,14SW5941,SRP477429,Spot,H3N2,male
SRR27181412,WGS,282,512147656,"Andrew S. Bowman\, The Ohio State University",PRJNA1051292,SAMN38768356,Viral,190789554,EMORY UNIVERSITY,"Bowman Lab\, OSU",2014-07-16,public,"fastq,run.zq,sra","gs,ncbi,s3","gs.us-east1,ncbi.public,s3.us-east-1",Influenza A infection,SRX22861888,USA,North America,USA: Indiana,Sub_adult,Sus scrofa domesticus,snout,Illumina NovaSeq 6000,pigID-20361,nasal wipe,3030937896_ZZYV1QKB_v2_S162,PAIRED,RT-PCR,VIRAL RNA,Influenza A virus,No passages prior to sequencing,ILLUMINA,2023-12-12T00:00:00Z,2023-12-12T01:12:00Z,1,19.8,pig20361_day5,14SW5940,SRP477429,Poland,H3N2,male
SRR27181413,WGS,258,1501076498,"Andrew S. Bowman\, The Ohio State University",PRJNA1051292,SAMN38768353,Viral,545776504,EMORY UNIVERSITY,"Bowman Lab\, OSU",2014-07-16,public,"fastq,run.zq,sra","gs,ncbi,s3","gs.us-east1,ncbi.public,s3.us-east-1",Influenza A infection,SRX22861886,USA,North America,USA: Indiana,Sub_adult,Sus scrofa domesticus,snout,Illumina NovaSeq 6000,pigID-37172,nasal wipe,3030938286_ZZYV1QT0_v2_S138,PAIRED,RT-PCR,VIRAL RNA,Influenza A virus,No passages prior to sequencing,ILLUMINA,2023-12-12T00:00:00Z,2023-12-12T01:12:00Z,1,29.2,pig37172_day5,14SW5937,SRP477429,York,H3N2,male
SRR27181414,WGS,271,1002868830,"Andrew S. Bowman\, The Ohio State University",PRJNA1051292,SAMN38768352,Viral,361714757,EMORY UNIVERSITY,"Bowman Lab\, OSU",2014-07-16,public,"fastq,run.zq,sra","gs,ncbi,s3","gs.us-east1,ncbi.public,s3.us-east-1",Influenza A infection,SRX22861885,USA,North America,USA: Indiana,Sub_adult,Sus scrofa domesticus,snout,Illumina NovaSeq 6000,pigID-37169,nasal wipe,3030938061_ZZYV1QO6_v2_S126,PAIRED,RT-PCR,VIRAL RNA,Influenza A virus,No passages prior to sequencing,ILLUMINA,2023-12-12T00:00:00Z,2023-12-12T01:11:00Z,1,24.2,pig37169_day5,14SW5936,SRP477429,mix,H3N2,male
SRR27181415,WGS,284,810838681,"Andrew S. Bowman\, The Ohio State University",PRJNA1051292,SAMN38768351,Viral,294404322,EMORY UNIVERSITY,"Bowman Lab\, OSU",2014-07-16,public,"fastq,run.zq,sra","gs,ncbi,s3","gs.us-east1,ncbi.public,s3.us-east-1",Influenza A infection,SRX22861884,USA,North America,USA: Indiana,Sub_adult,Sus scrofa domesticus,snout,Illumina NovaSeq 6000,pigID-37168,nasal wipe,3030938215_ZZYV1QRM_v2_S209,PAIRED,RT-PCR,VIRAL RNA,Influenza A virus,No passages prior to sequencing,ILLUMINA,2023-12-12T00:00:00Z,2023-12-12T01:12:00Z,1,27.8,pig37168_day5,14SW5935,SRP477429,Duroc,H3N2,male
SRR27181416,WGS,278,844358168,"Andrew S. Bowman\, The Ohio State University",PRJNA1051292,SAMN38768355,Viral,305757507,EMORY UNIVERSITY,"Bowman Lab\, OSU",2014-07-16,public,"fastq,run.zq,sra","gs,ncbi,s3","gs.us-east1,ncbi.public,s3.us-east-1",Influenza A infection,SRX22861887,USA,North America,USA: Indiana,Sub_adult,Sus scrofa domesticus,snout,Illumina NovaSeq 6000,pigID-37187,nasal wipe,3030938013_ZZYV1QN1_v2_S150,PAIRED,RT-PCR,VIRAL RNA,Influenza A virus,No passages prior to sequencing,ILLUMINA,2023-12-12T00:00:00Z,2023-12-12T01:11:00Z,1,23.1,pig37187_day5,14SW5939,SRP477429,Hamp,H3N2,male
SRR27181417,WGS,280,1060166619,"Andrew S. Bowman\, The Ohio State University",PRJNA1051292,SAMN38768350,Viral,382809309,EMORY UNIVERSITY,"Bowman Lab\, OSU",2014-07-16,public,"fastq,run.zq,sra","gs,ncbi,s3","gs.us-east1,ncbi.public,s3.us-east-1",Influenza A infection,SRX22861883,USA,North America,USA: Indiana,Sub_adult,Sus scrofa domesticus,snout,Illumina NovaSeq 6000,pigID-37220,nasal wipe,3030938260_ZZYV1QSL_v2_S197,PAIRED,RT-PCR,VIRAL RNA,Influenza A virus,No passages prior to sequencing,ILLUMINA,2023-12-12T00:00:00Z,2023-12-12T01:10:00Z,1,28.7,pig37220_day5,14SW5934,SRP477429,mix,H1N1/H3N2 double infection,female
SRR27181418,WGS,281,854944502,"Andrew S. Bowman\, The Ohio State University",PRJNA1051292,SAMN38768349,Viral,309271843,EMORY UNIVERSITY,"Bowman Lab\, OSU",2014-07-16,public,"fastq,run.zq,sra","gs,ncbi,s3","gs.us-east1,ncbi.public,s3.us-east-1",Influenza A infection,SRX22861465,USA,North America,USA: Indiana,Sub_adult,Sus scrofa domesticus,snout,Illumina NovaSeq 6000,pigID-37205,nasal wipe,3030938161_ZZYV1QQG_v2_S185,PAIRED,RT-PCR,VIRAL RNA,Influenza A virus,No passages prior to sequencing,ILLUMINA,2023-12-12T00:00:00Z,2023-12-12T01:11:00Z,1,26.5,pig37205_day5,14SW5932,SRP477429,mix,H3N2,male
SRR27181419,WGS,268,1002699730,"Andrew S. Bowman\, The Ohio State University",PRJNA1051292,SAMN38768269,Viral,369902064,EMORY UNIVERSITY,"Bowman Lab\, OSU",2014-07-15,public,"fastq,run.zq,sra","gs,ncbi,s3","gs.us-east1,ncbi.public,s3.us-east-1",Influenza A infection,SRX22861881,USA,North America,USA: Indiana,Sub_adult,Sus scrofa domesticus,snout,Illumina NovaSeq 6000,pigID-37268,nasal wipe,3030937890_ZZYV1QK5_v2_S133,PAIRED,RT-PCR,VIRAL RNA,Influenza A virus,No passages prior to sequencing,ILLUMINA,2023-12-12T00:00:00Z,2023-12-12T01:12:00Z,1,19.6,pig37268_day4,14SW5718,SRP477429,Hamp,H1N1/H3N2 double infection,female
SRR27181420,WGS,267,773261700,"Andrew S. Bowman\, The Ohio State University",PRJNA1051292,SAMN38768267,Viral,288435879,EMORY UNIVERSITY,"Bowman Lab\, OSU",2014-07-15,public,"fastq,run.zq,sra","gs,ncbi,s3","gs.us-east1,ncbi.public,s3.us-east-1",Influenza A infection,SRX22861880,USA,North America,USA: Indiana,Sub_adult,Sus scrofa domesticus,snout,Illumina NovaSeq 6000,pigID-37282,nasal wipe,3030937911_ZZYV1QKO_v2_S121,PAIRED,RT-PCR,VIRAL RNA,Influenza A virus,No passages prior to sequencing,ILLUMINA,2023-12-12T00:00:00Z,2023-12-12T01:12:00Z,1,20.4,pig37282_day4,14SW5715,SRP477429,Duroc,H3N2,female
SRR27181421,WGS,300,189616800,"Andrew S. Bowman\, The Ohio State University",PRJNA1051292,SAMN38768143,Viral,80668454,EMORY UNIVERSITY,"Bowman Lab\, OSU",2014-07-14,public,"fastq,run.zq,sra","gs,ncbi,s3","gs.us-east1,ncbi.public,s3.us-east-1",Influenza A infection,SRX22861878,USA,North America,USA: Indiana,Sub_adult,Sus scrofa domesticus,snout,Illumina MiSeq,pigID-20361,nasal wipe,3030937972_ZZYV8WGL_v1_S54,PAIRED,RT-PCR,VIRAL RNA,Influenza A virus,No passages prior to sequencing,ILLUMINA,2023-12-12T00:00:00Z,2023-12-12T01:10:00Z,1,22.3,pig20361_day3,14SW5128,SRP477429,Poland,H3N2,male
SRR27181422,WGS,278,933724719,"Andrew S. Bowman\, The Ohio State University",PRJNA1051292,SAMN38768264,Viral,337114911,EMORY UNIVERSITY,"Bowman Lab\, OSU",2014-07-15,public,"fastq,run.zq,sra","gs,ncbi,s3","gs.us-east1,ncbi.public,s3.us-east-1",Influenza A infection,SRX22861877,USA,North America,USA: Indiana,Sub_adult,Sus scrofa domesticus,snout,Illumina NovaSeq 6000,pigID-37182,nasal wipe,3030938162_ZZYV1QQH_v2_S192,PAIRED,RT-PCR,VIRAL RNA,Influenza A virus,No passages prior to sequencing,ILLUMINA,2023-12-12T00:00:00Z,2023-12-12T01:11:00Z,1,26.6,pig37182_day4,14SW5703,SRP477429,mix,H1N1,female
SRR27181423,WGS,275,1032163108,"Andrew S. Bowman\, The Ohio State University",PRJNA1051292,SAMN38768261,Viral,368659029,EMORY UNIVERSITY,"Bowman Lab\, OSU",2014-07-15,public,"fastq,run.zq,sra","gs,ncbi,s3","gs.us-east1,ncbi.public,s3.us-east-1",Influenza A infection,SRX22861876,USA,North America,USA: Indiana,Sub_adult,Sus scrofa domesticus,snout,Illumina NovaSeq 6000,pigID-20607,nasal wipe,3030938188_ZZYV1QR3_v2_S180,PAIRED,RT-PCR,VIRAL RNA,Influenza A virus,No passages prior to sequencing,ILLUMINA,2023-12-12T00:00:00Z,2023-12-12T01:11:00Z,1,27.2,pig20607_day4,14SW5696,SRP477429,Hamp,H3N2,female
SRR27181424,WGS,275,894501642,"Andrew S. Bowman\, The Ohio State University",PRJNA1051292,SAMN38768266,Viral,322005805,EMORY UNIVERSITY,"Bowman Lab\, OSU",2014-07-15,public,"fastq,run.zq,sra","gs,ncbi,s3","gs.us-east1,ncbi.public,s3.us-east-1",Influenza A infection,SRX22861879,USA,North America,USA: Indiana,Sub_adult,Sus scrofa domesticus,snout,Illumina NovaSeq 6000,pigID-37181,nasal wipe,3030938047_ZZYV1QNT_v2_S204,PAIRED,RT-PCR,VIRAL RNA,Influenza A virus,No passages prior to sequencing,ILLUMINA,2023-12-12T00:00:00Z,2023-12-12T01:11:00Z,1,23.9,pig37181_day4,14SW5705,SRP477429,mix,H1N1,male
SRR27181425,WGS,276,794398521,"Andrew S. Bowman\, The Ohio State University",PRJNA1051292,SAMN38768259,Viral,285247924,EMORY UNIVERSITY,"Bowman Lab\, OSU",2014-07-15,public,"fastq,run.zq,sra","gs,ncbi,s3","gs.us-east1,ncbi.public,s3.us-east-1",Influenza A infection,SRX22861875,USA,North America,USA: Indiana,Sub_adult,Sus scrofa domesticus,snout,Illumina NovaSeq 6000,pigID-20610,nasal wipe,3030938016_ZZYV1QN4_v2_S168,PAIRED,RT-PCR,VIRAL RNA,Influenza A virus,No passages prior to sequencing,ILLUMINA,2023-12-12T00:00:00Z,2023-12-12T01:12:00Z,1,23.1,pig20610_day4,14SW5694,SRP477429,Landrace,H3N2,male
SRR27181426,WGS,272,1128474632,"Andrew S. Bowman\, The Ohio State University",PRJNA1051292,SAMN38768257,Viral,403577557,EMORY UNIVERSITY,"Bowman Lab\, OSU",2014-07-15,public,"fastq,run.zq,sra","gs,ncbi,s3","gs.us-east1,ncbi.public,s3.us-east-1",Influenza A infection,SRX22861874,USA,North America,USA: Indiana,Sub_adult,Sus scrofa domesticus,snout,Illumina NovaSeq 6000,pigID-20589,nasal wipe,3030938331_ZZYUQM9E_v2_S156,PAIRED,RT-PCR,VIRAL RNA,Influenza A virus,No passages prior to sequencing,ILLUMINA,2023-12-12T00:00:00Z,2023-12-12T01:12:00Z,1,30.4,pig20589_day4,14SW5687,SRP477429,mix,H1N1,male
SRR27181427,WGS,256,4359040903,"Andrew S. Bowman\, The Ohio State University",PRJNA1051292,SAMN38768255,Viral,1546558398,EMORY UNIVERSITY,"Bowman Lab\, OSU",2014-07-15,public,"fastq,run.zq,sra","gs,ncbi,s3","gs.us-east1,ncbi.public,s3.us-east-1",Influenza A infection,SRX22861873,USA,North America,USA: Indiana,Sub_adult,Sus scrofa domesticus,snout,Illumina NovaSeq 6000,pigID-20591,nasal wipe,3030938118_ZZYV1QPE_v2_S109,PAIRED,RT-PCR,VIRAL RNA,Influenza A virus,No passages prior to sequencing,ILLUMINA,2023-12-12T00:00:00Z,2023-12-12T01:19:00Z,1,25.6,pig20591_day4,14SW5685,SRP477429,Hamp,H1N1/H3N2 double infection,female
SRR27181428,WGS,274,1126767552,"Andrew S. Bowman\, The Ohio State University",PRJNA1051292,SAMN38768254,Viral,408268931,EMORY UNIVERSITY,"Bowman Lab\, OSU",2014-07-15,public,"fastq,run.zq,sra","gs,ncbi,s3","gs.us-east1,ncbi.public,s3.us-east-1",Influenza A infection,SRX22861872,USA,North America,USA: Indiana,Sub_adult,Sus scrofa domesticus,snout,Illumina NovaSeq 6000,pigID-20457,nasal wipe,3030938263_ZZYV1QSM_v2_S144,PAIRED,RT-PCR,VIRAL RNA,Influenza A virus,No passages prior to sequencing,ILLUMINA,2023-12-12T00:00:00Z,2023-12-12T01:11:00Z,1,28.8,pig20457_day4,14SW5684,SRP477429,mix,H1N1,female
SRR27181429,WGS,279,841951141,"Andrew S. Bowman\, The Ohio State University",PRJNA1051292,SAMN38768252,Viral,301263418,EMORY UNIVERSITY,"Bowman Lab\, OSU",2014-07-15,public,"fastq,run.zq,sra","gs,ncbi,s3","gs.us-east1,ncbi.public,s3.us-east-1",Influenza A infection,SRX22861870,USA,North America,USA: Indiana,Sub_adult,Sus scrofa domesticus,snout,Illumina NovaSeq 6000,pigID-37158,nasal wipe,3030937984_ZZYV1QME_v2_S120,PAIRED,RT-PCR,VIRAL RNA,Influenza A virus,No passages prior to sequencing,ILLUMINA,2023-12-12T00:00:00Z,2023-12-12T01:11:00Z,1,22.5,pig37158_day4,14SW5681,SRP477429,York,H1N1,male
SRR27181430,WGS,270,1093671963,"Andrew S. Bowman\, The Ohio State University",PRJNA1051292,SAMN38768251,Viral,397960072,EMORY UNIVERSITY,"Bowman Lab\, OSU",2014-07-15,public,"fastq,run.zq,sra","gs,ncbi,s3","gs.us-east1,ncbi.public,s3.us-east-1",Influenza A infection,SRX22861869,USA,North America,USA: Indiana,Sub_adult,Sus scrofa domesticus,snout,Illumina NovaSeq 6000,pigID-37156,nasal wipe,3030938278_ZZYV1QSW_v2_S191,PAIRED,RT-PCR,VIRAL RNA,Influenza A virus,No passages prior to sequencing,ILLUMINA,2023-12-12T00:00:00Z,2023-12-12T01:11:00Z,1,29,pig37156_day4,14SW5680,SRP477429,mix,H1N1,male
SRR27181431,WGS,275,987443906,"Andrew S. Bowman\, The Ohio State University",PRJNA1051292,SAMN38768250,Viral,355046760,EMORY UNIVERSITY,"Bowman Lab\, OSU",2014-07-15,public,"fastq,run.zq,sra","gs,ncbi,s3","gs.us-east1,ncbi.public,s3.us-east-1",Influenza A infection,SRX22861868,USA,North America,USA: Indiana,Sub_adult,Sus scrofa domesticus,snout,Illumina NovaSeq 6000,pigID-37157,nasal wipe,3030938159_ZZYV1QQE_v2_S179,PAIRED,RT-PCR,VIRAL RNA,Influenza A virus,No passages prior to sequencing,ILLUMINA,2023-12-12T00:00:00Z,2023-12-12T01:14:00Z,1,26.5,pig37157_day4,14SW5679,SRP477429,mix,H1N1,male
SRR27181432,WGS,285,889066743,"Andrew S. Bowman\, The Ohio State University",PRJNA1051292,SAMN38768253,Viral,320966085,EMORY UNIVERSITY,"Bowman Lab\, OSU",2014-07-15,public,"fastq,run.zq,sra","gs,ncbi,s3","gs.us-east1,ncbi.public,s3.us-east-1",Influenza A infection,SRX22861871,USA,North America,USA: Indiana,Sub_adult,Sus scrofa domesticus,snout,Illumina NovaSeq 6000,pigID-37159,nasal wipe,3030938007_ZZYV1QMV_v2_S132,PAIRED,RT-PCR,VIRAL RNA,Influenza A virus,No passages prior to sequencing,ILLUMINA,2023-12-12T00:00:00Z,2023-12-12T01:12:00Z,1,22.9,pig37159_day4,14SW5682,SRP477429,Hamp,H1N1,female
SRR27181433,WGS,300,43800900,"Andrew S. Bowman\, The Ohio State University",PRJNA1051292,SAMN38768142,Viral,18822973,EMORY UNIVERSITY,"Bowman Lab\, OSU",2014-07-14,public,"fastq,run.zq,sra","gs,ncbi,s3","gs.us-east1,ncbi.public,s3.us-east-1",Influenza A infection,SRX22861867,USA,North America,USA: Indiana,Sub_adult,Sus scrofa domesticus,snout,Illumina MiSeq,pigID-37339,nasal wipe,3030938292_ZZYV8WPH_v1_S154,PAIRED,RT-PCR,VIRAL RNA,Influenza A virus,No passages prior to sequencing,ILLUMINA,2023-12-12T00:00:00Z,2023-12-12T01:10:00Z,1,29.4,pig37339_day3,14SW5127,SRP477429,Poland,H1N1/H3N2 double infection,male
SRR27181434,WGS,276,601943812,"Andrew S. Bowman\, The Ohio State University",PRJNA1051292,SAMN38768249,Viral,218038352,EMORY UNIVERSITY,"Bowman Lab\, OSU",2014-07-15,public,"fastq,run.zq,sra","gs,ncbi,s3","gs.us-east1,ncbi.public,s3.us-east-1",Influenza A infection,SRX22861866,USA,North America,USA: Indiana,Sub_adult,Sus scrofa domesticus,snout,Illumina NovaSeq 6000,pigID-37160,nasal wipe,3030937917_ZZYV1QKU_v2_S167,PAIRED,RT-PCR,VIRAL RNA,Influenza A virus,No passages prior to sequencing,ILLUMINA,2023-12-12T00:00:00Z,2023-12-12T01:12:00Z,1,20.6,pig37160_day4,14SW5676,SRP477429,Hamp,H1N1,female
SRR27181435,WGS,276,1188483301,"Andrew S. Bowman\, The Ohio State University",PRJNA1051292,SAMN38768248,Viral,426996246,EMORY UNIVERSITY,"Bowman Lab\, OSU",2014-07-15,public,"fastq,run.zq,sra","gs,ncbi,s3","gs.us-east1,ncbi.public,s3.us-east-1",Influenza A infection,SRX22861865,USA,North America,USA: Indiana,Sub_adult,Sus scrofa domesticus,snout,Illumina NovaSeq 6000,pigID-37262,nasal wipe,3030938310_ZZYV1QTG_v2_S155,PAIRED,RT-PCR,VIRAL RNA,Influenza A virus,No passages prior to sequencing,ILLUMINA,2023-12-12T00:00:00Z,2023-12-12T01:13:00Z,1,29.8,pig37262_day4,14SW5660,SRP477429,Spot,H1N1,male
SRR27181436,WGS,270,1216636150,"Andrew S. Bowman\, The Ohio State University",PRJNA1051292,SAMN38768246,Viral,452707037,EMORY UNIVERSITY,"Bowman Lab\, OSU",2014-07-15,public,"fastq,run.zq,sra","gs,ncbi,s3","gs.us-east1,ncbi.public,s3.us-east-1",Influenza A infection,SRX22861864,USA,North America,USA: Indiana,Sub_adult,Sus scrofa domesticus,snout,Illumina NovaSeq 6000,pigID-37185,nasal wipe,3030938352_ZZYUQM9R_v2_S143,PAIRED,RT-PCR,VIRAL RNA,Influenza A virus,No passages prior to sequencing,ILLUMINA,2023-12-12T00:00:00Z,2023-12-12T01:12:00Z,1,30.8,pig37185_day4,14SW5651,SRP477429,mix,H1N1,male
SRR27181437,WGS,271,719195583,"Andrew S. Bowman\, The Ohio State University",PRJNA1051292,SAMN38768244,Viral,258825438,EMORY UNIVERSITY,"Bowman Lab\, OSU",2014-07-15,public,"fastq,run.zq,sra","gs,ncbi,s3","gs.us-east1,ncbi.public,s3.us-east-1",Influenza A infection,SRX22861862,USA,North America,USA: Indiana,Sub_adult,Sus scrofa domesticus,snout,Illumina NovaSeq 6000,pigID-37101,nasal wipe,3030938258_ZZYV1QSJ_v2_S119,PAIRED,RT-PCR,VIRAL RNA,Influenza A virus,No passages prior to sequencing,ILLUMINA,2023-12-12T00:00:00Z,2023-12-12T01:12:00Z,1,28.7,pig37101_day4,14SW5649,SRP477429,mix,H1N1,female
SRR27181438,WGS,273,1018053173,"Andrew S. Bowman\, The Ohio State University",PRJNA1051292,SAMN38768241,Viral,368205800,EMORY UNIVERSITY,"Bowman Lab\, OSU",2014-07-15,public,"fastq,run.zq,sra","gs,ncbi,s3","gs.us-east1,ncbi.public,s3.us-east-1",Influenza A infection,SRX22861861,USA,North America,USA: Indiana,Sub_adult,Sus scrofa domesticus,snout,Illumina NovaSeq 6000,pigID-37301,nasal wipe,3030938283_ZZYV1QSX_v2_S202,PAIRED,RT-PCR,VIRAL RNA,Influenza A virus,No passages prior to sequencing,ILLUMINA,2023-12-12T00:00:00Z,2023-12-12T01:12:00Z,1,29.1,pig37301_day4,14SW5642,SRP477429,York,H1N1,male
SRR27181439,WGS,275,982231796,"Andrew S. Bowman\, The Ohio State University",PRJNA1051292,SAMN38768153,Viral,354337914,EMORY UNIVERSITY,"Bowman Lab\, OSU",2014-07-14,public,"fastq,run.zq,sra","gs,ncbi,s3","gs.us-east1,ncbi.public,s3.us-east-1",Influenza A infection,SRX22861860,USA,North America,USA: Indiana,Sub_adult,Sus scrofa domesticus,snout,Illumina NovaSeq 6000,pigID-20656,nasal wipe,3030938312_ZZYV1QTH_v2_S6,PAIRED,RT-PCR,VIRAL RNA,Influenza A virus,No passages prior to sequencing,ILLUMINA,2023-12-12T00:00:00Z,2023-12-12T01:12:00Z,1,29.9,pig20656_day3,14SW5186,SRP477429,Berk,H1N1,male
SRR27181440,WGS,279,1012425702,"Andrew S. Bowman\, The Ohio State University",PRJNA1051292,SAMN38768157,Viral,371882538,EMORY UNIVERSITY,"Bowman Lab\, OSU",2014-07-14,public,"fastq,run.zq,sra","gs,ncbi,s3","gs.us-east1,ncbi.public,s3.us-east-1",Influenza A infection,SRX22862076,USA,North America,USA: Indiana,Sub_adult,Sus scrofa domesticus,snout,Illumina NovaSeq 6000,pigID-37210,nasal wipe,3030938298_ZZYV1QT8_v2_S42,PAIRED,RT-PCR,VIRAL RNA,Influenza A virus,No passages prior to sequencing,ILLUMINA,2023-12-12T00:00:00Z,2023-12-12T01:12:00Z,1,29.5,pig37210_day3,14SW5256,SRP477429,Hamp,H1N1/H3N2 double infection,female
SRR27181441,WGS,272,1025118170,"Andrew S. Bowman\, The Ohio State University",PRJNA1051292,SAMN38768152,Viral,367974937,EMORY UNIVERSITY,"Bowman Lab\, OSU",2014-07-14,public,"fastq,run.zq,sra","gs,ncbi,s3","gs.us-east1,ncbi.public,s3.us-east-1",Influenza A infection,SRX22861859,USA,North America,USA: Indiana,Sub_adult,Sus scrofa domesticus,snout,Illumina NovaSeq 6000,pigID-20423,nasal wipe,3030938238_ZZYV1QS3_v2_S89,PAIRED,RT-PCR,VIRAL RNA,Influenza A virus,No passages prior to sequencing,ILLUMINA,2023-12-12T00:00:00Z,2023-12-12T01:13:00Z,1,28.3,pig20423_day3,14SW5145,SRP477429,mix,H1N1,female
SRR27181442,WGS,276,1245730693,"Andrew S. Bowman\, The Ohio State University",PRJNA1051292,SAMN38768151,Viral,449252251,EMORY UNIVERSITY,"Bowman Lab\, OSU",2014-07-14,public,"fastq,run.zq,sra","gs,ncbi,s3","gs.us-east1,ncbi.public,s3.us-east-1",Influenza A infection,SRX22861858,USA,North America,USA: Indiana,Sub_adult,Sus scrofa domesticus,snout,Illumina NovaSeq 6000,pigID-20430,nasal wipe,3030938006_ZZYV1QMU_v2_S77,PAIRED,RT-PCR,VIRAL RNA,Influenza A virus,No passages prior to sequencing,ILLUMINA,2023-12-12T00:00:00Z,2023-12-12T01:12:00Z,1,22.9,pig20430_day3,14SW5144,SRP477429,mix,H1N1,female
SRR27181443,WGS,273,1069487640,"Andrew S. Bowman\, The Ohio State University",PRJNA1051292,SAMN38768149,Viral,391493004,EMORY UNIVERSITY,"Bowman Lab\, OSU",2014-07-14,public,"fastq,run.zq,sra","gs,ncbi,s3","gs.us-east1,ncbi.public,s3.us-east-1",Influenza A infection,SRX22861857,USA,North America,USA: Indiana,Sub_adult,Sus scrofa domesticus,snout,Illumina NovaSeq 6000,pigID-20429,nasal wipe,3030938170_ZZYV1QQN_v2_S65,PAIRED,RT-PCR,VIRAL RNA,Influenza A virus,No passages prior to sequencing,ILLUMINA,2023-12-12T00:00:00Z,2023-12-12T01:11:00Z,1,26.8,pig20429_day3,14SW5142,SRP477429,Hamp,H1N1,
SRR27181444,WGS,279,825136244,"Andrew S. Bowman\, The Ohio State University",PRJNA1051292,SAMN38768148,Viral,298979596,EMORY UNIVERSITY,"Bowman Lab\, OSU",2014-07-14,public,"fastq,run.zq,sra","gs,ncbi,s3","gs.us-east1,ncbi.public,s3.us-east-1",Influenza A infection,SRX22861856,USA,North America,USA: Indiana,Sub_adult,Sus scrofa domesticus,snout,Illumina NovaSeq 6000,pigID-20422,nasal wipe,3030938147_ZZYV1QQ3_v2_S53,PAIRED,RT-PCR,VIRAL RNA,Influenza A virus,No passages prior to sequencing,ILLUMINA,2023-12-12T00:00:00Z,2023-12-12T01:10:00Z,1,26.2,pig20422_day3,14SW5141,SRP477429,Hamp,H1N1,male
SRR27181445,WGS,279,1071185829,"Andrew S. Bowman\, The Ohio State University",PRJNA1051292,SAMN38768145,Viral,386299002,EMORY UNIVERSITY,"Bowman Lab\, OSU",2014-07-14,public,"fastq,run.zq,sra","gs,ncbi,s3","gs.us-east1,ncbi.public,s3.us-east-1",Influenza A infection,SRX22861854,USA,North America,USA: Indiana,Sub_adult,Sus scrofa domesticus,snout,Illumina NovaSeq 6000,pigID-37132,nasal wipe,3030937957_ZZYV1QLQ_v2_S29,PAIRED,RT-PCR,VIRAL RNA,Influenza A virus,No passages prior to sequencing,ILLUMINA,2023-12-12T00:00:00Z,2023-12-12T01:12:00Z,1,22,pig37132_day3,14SW5130,SRP477429,Duroc,H3N2,male
SRR27181446,WGS,300,177333300,"Andrew S. Bowman\, The Ohio State University",PRJNA1051292,SAMN38768135,Viral,74862605,EMORY UNIVERSITY,"Bowman Lab\, OSU",2014-07-14,public,"fastq,run.zq,sra","gs,ncbi,s3","gs.us-east1,ncbi.public,s3.us-east-1",Influenza A infection,SRX22861853,USA,North America,USA: Indiana,Sub_adult,Sus scrofa domesticus,snout,Illumina MiSeq,pigID-20627,nasal wipe,3030938275_ZZYV8WP0_v1_S226,PAIRED,RT-PCR,VIRAL RNA,Influenza A virus,No passages prior to sequencing,ILLUMINA,2023-12-12T00:00:00Z,2023-12-12T01:11:00Z,1,29,pig20627_day3,14SW5049,SRP477429,Hamp,H3N2,female
SRR27181447,WGS,282,883400407,"Andrew S. Bowman\, The Ohio State University",PRJNA1051292,SAMN38768144,Viral,318955125,EMORY UNIVERSITY,"Bowman Lab\, OSU",2014-07-14,public,"fastq,run.zq,sra","gs,ncbi,s3","gs.us-east1,ncbi.public,s3.us-east-1",Influenza A infection,SRX22861852,USA,North America,USA: Indiana,Sub_adult,Sus scrofa domesticus,snout,Illumina NovaSeq 6000,pigID-37188,nasal wipe,3030938115_ZZYV1QPB_v2_S17,PAIRED,RT-PCR,VIRAL RNA,Influenza A virus,No passages prior to sequencing,ILLUMINA,2023-12-12T00:00:00Z,2023-12-12T01:11:00Z,1,25.6,pig37188_day3,14SW5129,SRP477429,Hamp,H3N2,male
SRR27181448,WGS,279,1175338158,"Andrew S. Bowman\, The Ohio State University",PRJNA1051292,SAMN38768147,Viral,421855191,EMORY UNIVERSITY,"Bowman Lab\, OSU",2014-07-14,public,"fastq,run.zq,sra","gs,ncbi,s3","gs.us-east1,ncbi.public,s3.us-east-1",Influenza A infection,SRX22861855,USA,North America,USA: Indiana,Sub_adult,Sus scrofa domesticus,snout,Illumina NovaSeq 6000,pigID-20506,nasal wipe,3030938037_ZZYV1QNJ_v2_S41,PAIRED,RT-PCR,VIRAL RNA,Influenza A virus,No passages prior to sequencing,ILLUMINA,2023-12-12T00:00:00Z,2023-12-12T01:11:00Z,1,23.7,pig20506_day3,14SW5140,SRP477429,mix,H1N1/H3N2 double infection,male
SRR27181449,WGS,277,802709783,"Andrew S. Bowman\, The Ohio State University",PRJNA1051292,SAMN38768143,Viral,288785821,EMORY UNIVERSITY,"Bowman Lab\, OSU",2014-07-14,public,"fastq,run.zq,sra","gs,ncbi,s3","gs.us-east1,ncbi.public,s3.us-east-1",Influenza A infection,SRX22861851,USA,North America,USA: Indiana,Sub_adult,Sus scrofa domesticus,snout,Illumina NovaSeq 6000,pigID-20361,nasal wipe,3030937972_ZZYV1QM3_v2_S5,PAIRED,RT-PCR,VIRAL RNA,Influenza A virus,No passages prior to sequencing,ILLUMINA,2023-12-12T00:00:00Z,2023-12-12T01:11:00Z,1,22.3,pig20361_day3,14SW5128,SRP477429,Poland,H3N2,male
SRR27181450,WGS,228,1639874993,"Andrew S. Bowman\, The Ohio State University",PRJNA1051292,SAMN38768140,Viral,583903349,EMORY UNIVERSITY,"Bowman Lab\, OSU",2014-07-14,public,"fastq,run.zq,sra","gs,ncbi,s3","gs.us-east1,ncbi.public,s3.us-east-1",Influenza A infection,SRX22861850,USA,North America,USA: Indiana,Sub_adult,Sus scrofa domesticus,snout,Illumina NovaSeq 6000,pigID-37170,nasal wipe,3030938086_ZZYV1QON_v2_S93,PAIRED,RT-PCR,VIRAL RNA,Influenza A virus,No passages prior to sequencing,ILLUMINA,2023-12-12T00:00:00Z,2023-12-12T01:11:00Z,1,24.8,pig37170_day3,14SW5096,SRP477429,Hamp,H1N1,female
SRR27181451,WGS,277,997957849,"Andrew S. Bowman\, The Ohio State University",PRJNA1051292,SAMN38768136,Viral,359921159,EMORY UNIVERSITY,"Bowman Lab\, OSU",2014-07-14,public,"fastq,run.zq,sra","gs,ncbi,s3","gs.us-east1,ncbi.public,s3.us-east-1",Influenza A infection,SRX22861849,USA,North America,USA: Indiana,Sub_adult,Sus scrofa domesticus,snout,Illumina NovaSeq 6000,pigID-20625,nasal wipe,3030938142_ZZYV1QPY_v2_S76,PAIRED,RT-PCR,VIRAL RNA,Influenza A virus,No passages prior to sequencing,ILLUMINA,2023-12-12T00:00:00Z,2023-12-12T01:11:00Z,1,26.1,pig20625_day3,14SW5051,SRP477429,mix,H3N2,female
SRR27181452,WGS,279,1093601772,"Andrew S. Bowman\, The Ohio State University",PRJNA1051292,SAMN38768135,Viral,396875879,EMORY UNIVERSITY,"Bowman Lab\, OSU",2014-07-14,public,"fastq,run.zq,sra","gs,ncbi,s3","gs.us-east1,ncbi.public,s3.us-east-1",Influenza A infection,SRX22861848,USA,North America,USA: Indiana,Sub_adult,Sus scrofa domesticus,snout,Illumina NovaSeq 6000,pigID-20627,nasal wipe,3030938275_ZZYV1QSU_v2_S64,PAIRED,RT-PCR,VIRAL RNA,Influenza A virus,No passages prior to sequencing,ILLUMINA,2023-12-12T00:00:00Z,2023-12-12T01:12:00Z,1,29,pig20627_day3,14SW5049,SRP477429,Hamp,H3N2,female
SRR27181453,WGS,285,983207341,"Andrew S. Bowman\, The Ohio State University",PRJNA1051292,SAMN38768133,Viral,354531565,EMORY UNIVERSITY,"Bowman Lab\, OSU",2014-07-14,public,"fastq,run.zq,sra","gs,ncbi,s3","gs.us-east1,ncbi.public,s3.us-east-1",Influenza A infection,SRX22861846,USA,North America,USA: Indiana,Sub_adult,Sus scrofa domesticus,snout,Illumina NovaSeq 6000,pigID-37326,nasal wipe,3030938072_ZZYV1QOD_v2_S40,PAIRED,RT-PCR,VIRAL RNA,Influenza A virus,No passages prior to sequencing,ILLUMINA,2023-12-12T00:00:00Z,2023-12-12T01:12:00Z,1,24.5,pig37326_day3,14SW5045,SRP477429,York,H3N2,male
SRR27181454,WGS,283,963998845,"Andrew S. Bowman\, The Ohio State University",PRJNA1051292,SAMN38768132,Viral,347384971,EMORY UNIVERSITY,"Bowman Lab\, OSU",2014-07-14,public,"fastq,run.zq,sra","gs,ncbi,s3","gs.us-east1,ncbi.public,s3.us-east-1",Influenza A infection,SRX22861845,USA,North America,USA: Indiana,Sub_adult,Sus scrofa domesticus,snout,Illumina NovaSeq 6000,pigID-37365,nasal wipe,3030938227_ZZYV1QRW_v2_S28,PAIRED,RT-PCR,VIRAL RNA,Influenza A virus,No passages prior to sequencing,ILLUMINA,2023-12-12T00:00:00Z,2023-12-12T01:11:00Z,1,28,pig37365_day3,14SW5044,SRP477429,York,H3N2,male
SRR27181455,WGS,281,958360073,"Andrew S. Bowman\, The Ohio State University",PRJNA1051292,SAMN38768131,Viral,346597168,EMORY UNIVERSITY,"Bowman Lab\, OSU",2014-07-14,public,"fastq,run.zq,sra","gs,ncbi,s3","gs.us-east1,ncbi.public,s3.us-east-1",Influenza A infection,SRX22861844,USA,North America,USA: Indiana,Sub_adult,Sus scrofa domesticus,snout,Illumina NovaSeq 6000,pigID-20630,nasal wipe,3030938236_ZZYV1QS1_v2_S16,PAIRED,RT-PCR,VIRAL RNA,Influenza A virus,No passages prior to sequencing,ILLUMINA,2023-12-12T00:00:00Z,2023-12-12T01:12:00Z,1,28.2,pig20630_day3,14SW5042,SRP477429,York,H3N2,male
SRR27181456,WGS,273,1197409625,"Andrew S. Bowman\, The Ohio State University",PRJNA1051292,SAMN38768134,Viral,428986498,EMORY UNIVERSITY,"Bowman Lab\, OSU",2014-07-14,public,"fastq,run.zq,sra","gs,ncbi,s3","gs.us-east1,ncbi.public,s3.us-east-1",Influenza A infection,SRX22861847,USA,North America,USA: Indiana,Sub_adult,Sus scrofa domesticus,snout,Illumina NovaSeq 6000,pigID-20645,nasal wipe,3030938224_ZZYV1QRU_v2_S52,PAIRED,RT-PCR,VIRAL RNA,Influenza A virus,No passages prior to sequencing,ILLUMINA,2023-12-12T00:00:00Z,2023-12-12T01:12:00Z,1,28,pig20645_day3,14SW5046,SRP477429,York,H3N2,female
SRR27181457,WGS,280,1008540864,"Andrew S. Bowman\, The Ohio State University",PRJNA1051292,SAMN38768130,Viral,361860136,EMORY UNIVERSITY,"Bowman Lab\, OSU",2014-07-14,public,"fastq,run.zq,sra","gs,ncbi,s3","gs.us-east1,ncbi.public,s3.us-east-1",Influenza A infection,SRX22861843,USA,North America,USA: Indiana,Sub_adult,Sus scrofa domesticus,snout,Illumina NovaSeq 6000,pigID-20395,nasal wipe,3030938200_ZZYV1QRC_v2_S4,PAIRED,RT-PCR,VIRAL RNA,Influenza A virus,No passages prior to sequencing,ILLUMINA,2023-12-12T00:00:00Z,2023-12-12T01:13:00Z,1,27.5,pig20395_day3,14SW5038,SRP477429,Hamp,H1N1/H3N2 double infection,male
SRR27181458,WGS,300,82820700,"Andrew S. Bowman\, The Ohio State University",PRJNA1051292,SAMN38768134,Viral,35157460,EMORY UNIVERSITY,"Bowman Lab\, OSU",2014-07-14,public,"fastq,run.zq,sra","gs,ncbi,s3","gs.us-east1,ncbi.public,s3.us-east-1",Influenza A infection,SRX22861842,USA,North America,USA: Indiana,Sub_adult,Sus scrofa domesticus,snout,Illumina MiSeq,pigID-20645,nasal wipe,3030938224_ZZYV8WNL_v1_S326,PAIRED,RT-PCR,VIRAL RNA,Influenza A virus,No passages prior to sequencing,ILLUMINA,2023-12-12T00:00:00Z,2023-12-12T01:11:00Z,1,28,pig20645_day3,14SW5046,SRP477429,York,H3N2,female
SRR27181459,WGS,287,703582117,"Andrew S. Bowman\, The Ohio State University",PRJNA1051292,SAMN38768129,Viral,257788555,EMORY UNIVERSITY,"Bowman Lab\, OSU",2014-07-14,public,"fastq,run.zq,sra","gs,ncbi,s3","gs.us-east1,ncbi.public,s3.us-east-1",Influenza A infection,SRX22861841,USA,North America,USA: Indiana,Sub_adult,Sus scrofa domesticus,snout,Illumina NovaSeq 6000,pigID-20352,nasal wipe,3030937929_ZZYV1QL4_v2_S87,PAIRED,RT-PCR,VIRAL RNA,Influenza A virus,No passages prior to sequencing,ILLUMINA,2023-12-12T00:00:00Z,2023-12-12T01:11:00Z,1,21.2,pig20352_day3,14SW5033,SRP477429,York,H3N2,male
SRR27181460,WGS,283,948561425,"Andrew S. Bowman\, The Ohio State University",PRJNA1051292,SAMN38768127,Viral,354010802,EMORY UNIVERSITY,"Bowman Lab\, OSU",2014-07-14,public,"fastq,run.zq,sra","gs,ncbi,s3","gs.us-east1,ncbi.public,s3.us-east-1",Influenza A infection,SRX22861840,USA,North America,USA: Indiana,Sub_adult,Sus scrofa domesticus,snout,Illumina NovaSeq 6000,pigID-37345,nasal wipe,3030938149_ZZYV1QQ5_v2_S75,PAIRED,RT-PCR,VIRAL RNA,Influenza A virus,No passages prior to sequencing,ILLUMINA,2023-12-12T00:00:00Z,2023-12-12T01:12:00Z,1,26.2,pig37345_day3,14SW5025,SRP477429,,H3N2,
SRR27181461,WGS,300,129701400,"Andrew S. Bowman\, The Ohio State University",PRJNA1051292,SAMN38768559,Viral,55383578,EMORY UNIVERSITY,"Bowman Lab\, OSU",2014-07-17,public,"fastq,run.zq,sra","gs,ncbi,s3","gs.us-east1,ncbi.public,s3.us-east-1",Influenza A infection,SRX22861838,USA,North America,USA: Indiana,Sub_adult,Sus scrofa domesticus,snout,Illumina MiSeq,pigID-37122,nasal wipe,3030938054_ZZYV8WIV_v1_S351,PAIRED,RT-PCR,VIRAL RNA,Influenza A virus,No passages prior to sequencing,ILLUMINA,2023-12-12T00:00:00Z,2023-12-12T01:11:00Z,1,24.1,pig37122_day6,14SW6314,SRP477429,Spot,H3N2,female
SRR27181462,WGS,300,109835400,"Andrew S. Bowman\, The Ohio State University",PRJNA1051292,SAMN38768558,Viral,60810375,EMORY UNIVERSITY,"Bowman Lab\, OSU",2014-07-17,public,"fastq,run.zq,sra","gs,ncbi,s3","gs.us-east1,ncbi.public,s3.us-east-1",Influenza A infection,SRX22861837,USA,North America,USA: Indiana,Sub_adult,Sus scrofa domesticus,snout,Illumina MiSeq,pigID-37121,nasal wipe,3030938342_ZZYV8WQV_v1_S14,PAIRED,RT-PCR,VIRAL RNA,Influenza A virus,No passages prior to sequencing,ILLUMINA,2023-12-12T00:00:00Z,2023-12-12T01:11:00Z,1,30.6,pig37121_day6,14SW6313,SRP477429,mix,H3N2,female
SRR27181463,WGS,300,83307600,"Andrew S. Bowman\, The Ohio State University",PRJNA1051292,SAMN38768557,Viral,35197441,EMORY UNIVERSITY,"Bowman Lab\, OSU",2014-07-17,public,"fastq,run.zq,sra","gs,ncbi,s3","gs.us-east1,ncbi.public,s3.us-east-1",Influenza A infection,SRX22861836,USA,North America,USA: Indiana,Sub_adult,Sus scrofa domesticus,snout,Illumina MiSeq,pigID-37268,nasal wipe,3030938008_ZZYV8WHL_v1_S73,PAIRED,RT-PCR,VIRAL RNA,Influenza A virus,No passages prior to sequencing,ILLUMINA,2023-12-12T00:00:00Z,2023-12-12T01:10:00Z,1,22.9,pig37268_day6,14SW6311,SRP477429,Hamp,H1N1/H3N2 double infection,female
SRR27181464,WGS,300,132894900,"Andrew S. Bowman\, The Ohio State University",PRJNA1051292,SAMN38768128,Viral,57000880,EMORY UNIVERSITY,"Bowman Lab\, OSU",2014-07-14,public,"fastq,run.zq,sra","gs,ncbi,s3","gs.us-east1,ncbi.public,s3.us-east-1",Influenza A infection,SRX22861839,USA,North America,USA: Indiana,Sub_adult,Sus scrofa domesticus,snout,Illumina MiSeq,pigID-37279,nasal wipe,3030938071_ZZYV8WJC_v1_S274,PAIRED,RT-PCR,VIRAL RNA,Influenza A virus,No passages prior to sequencing,ILLUMINA,2023-12-12T00:00:00Z,2023-12-12T01:10:00Z,1,24.5,pig37279_day3,14SW5026,SRP477429,,H3N2,
SRR27181465,WGS,300,261531000,"Andrew S. Bowman\, The Ohio State University",PRJNA1051292,SAMN38768556,Viral,109910888,EMORY UNIVERSITY,"Bowman Lab\, OSU",2014-07-17,public,"fastq,run.zq,sra","gs,ncbi,s3","gs.us-east1,ncbi.public,s3.us-east-1",Influenza A infection,SRX22861835,USA,North America,USA: Indiana,Sub_adult,Sus scrofa domesticus,snout,Illumina MiSeq,pigID-37307,nasal wipe,3030938031_ZZYV8WI8_v1_S272,PAIRED,RT-PCR,VIRAL RNA,Influenza A virus,No passages prior to sequencing,ILLUMINA,2023-12-12T00:00:00Z,2023-12-12T01:11:00Z,1,23.6,pig37307_day6,14SW6309,SRP477429,mix,H1N1/H3N2 double infection,male
SRR27181466,WGS,300,196123500,"Andrew S. Bowman\, The Ohio State University",PRJNA1051292,SAMN38768555,Viral,82684271,EMORY UNIVERSITY,"Bowman Lab\, OSU",2014-07-17,public,"fastq,run.zq,sra","gs,ncbi,s3","gs.us-east1,ncbi.public,s3.us-east-1",Influenza A infection,SRX22861834,USA,North America,USA: Indiana,Sub_adult,Sus scrofa domesticus,snout,Illumina MiSeq,pigID-37202,nasal wipe,3030937908_ZZYV8WET_v1_S204,PAIRED,RT-PCR,VIRAL RNA,Influenza A virus,No passages prior to sequencing,ILLUMINA,2023-12-12T00:00:00Z,2023-12-12T01:11:00Z,1,20.2,pig37202_day6,14SW6308,SRP477429,Hamp,H1N1/H3N2 double infection,male
SRR27181467,WGS,300,55662600,"Andrew S. Bowman\, The Ohio State University",PRJNA1051292,SAMN38768554,Viral,23468200,EMORY UNIVERSITY,"Bowman Lab\, OSU",2014-07-17,public,"fastq,run.zq,sra","gs,ncbi,s3","gs.us-east1,ncbi.public,s3.us-east-1",Influenza A infection,SRX22861833,USA,North America,USA: Indiana,Sub_adult,Sus scrofa domesticus,snout,Illumina MiSeq,pigID-37280,nasal wipe,3030938154_ZZYV8WLN_v1_S157,PAIRED,RT-PCR,VIRAL RNA,Influenza A virus,No passages prior to sequencing,ILLUMINA,2023-12-12T00:00:00Z,2023-12-12T01:10:00Z,1,26.4,pig37280_day6,14SW6307,SRP477429,mix,H3N2,male
SRR27181468,WGS,300,166610400,"Andrew S. Bowman\, The Ohio State University",PRJNA1051292,SAMN38768553,Viral,70955105,EMORY UNIVERSITY,"Bowman Lab\, OSU",2014-07-17,public,"fastq,run.zq,sra","gs,ncbi,s3","gs.us-east1,ncbi.public,s3.us-east-1",Influenza A infection,SRX22861832,USA,North America,USA: Indiana,Sub_adult,Sus scrofa domesticus,snout,Illumina MiSeq,pigID-37281,nasal wipe,3030938151_ZZYV8WLK_v1_S256,PAIRED,RT-PCR,VIRAL RNA,Influenza A virus,No passages prior to sequencing,ILLUMINA,2023-12-12T00:00:00Z,2023-12-12T01:11:00Z,1,26.3,pig37281_day6,14SW6306,SRP477429,mix,H3N2,male
SRR27181469,WGS,300,122925900,"Andrew S. Bowman\, The Ohio State University",PRJNA1051292,SAMN38768551,Viral,51810281,EMORY UNIVERSITY,"Bowman Lab\, OSU",2014-07-17,public,"fastq,run.zq,sra","gs,ncbi,s3","gs.us-east1,ncbi.public,s3.us-east-1",Influenza A infection,SRX22861830,USA,North America,USA: Indiana,Sub_adult,Sus scrofa domesticus,snout,Illumina MiSeq,pigID-37243,nasal wipe,3030938202_ZZYV8WMZ_v1_S224,PAIRED,RT-PCR,VIRAL RNA,Influenza A virus,No passages prior to sequencing,ILLUMINA,2023-12-12T00:00:00Z,2023-12-12T01:10:00Z,1,27.5,pig37243_day6,14SW6301,SRP477429,mix,H1N1/H3N2 double infection,male
SRR27181470,WGS,300,103046700,"Andrew S. Bowman\, The Ohio State University",PRJNA1051292,SAMN38768550,Viral,57998236,EMORY UNIVERSITY,"Bowman Lab\, OSU",2014-07-17,public,"fastq,run.zq,sra","gs,ncbi,s3","gs.us-east1,ncbi.public,s3.us-east-1",Influenza A infection,SRX22861829,USA,North America,USA: Indiana,Sub_adult,Sus scrofa domesticus,snout,Illumina MiSeq,pigID-37336,nasal wipe,3030938082_ZZYV8WJN_v1_S10,PAIRED,RT-PCR,VIRAL RNA,Influenza A virus,No passages prior to sequencing,ILLUMINA,2023-12-12T00:00:00Z,2023-12-12T01:10:00Z,1,24.7,pig37336_day6,14SW6300,SRP477429,Hamp,H3N2,male
SRR27181471,WGS,300,145029300,"Andrew S. Bowman\, The Ohio State University",PRJNA1051292,SAMN38768127,Viral,62363598,EMORY UNIVERSITY,"Bowman Lab\, OSU",2014-07-14,public,"fastq,run.zq,sra","gs,ncbi,s3","gs.us-east1,ncbi.public,s3.us-east-1",Influenza A infection,SRX22861828,USA,North America,USA: Indiana,Sub_adult,Sus scrofa domesticus,snout,Illumina MiSeq,pigID-37345,nasal wipe,3030938149_ZZYV8WLI_v1_S206,PAIRED,RT-PCR,VIRAL RNA,Influenza A virus,No passages prior to sequencing,ILLUMINA,2023-12-12T00:00:00Z,2023-12-12T01:11:00Z,1,26.2,pig37345_day3,14SW5025,SRP477429,,H3N2,
SRR27181472,WGS,300,63298500,"Andrew S. Bowman\, The Ohio State University",PRJNA1051292,SAMN38768552,Viral,27157697,EMORY UNIVERSITY,"Bowman Lab\, OSU",2014-07-17,public,"fastq,run.zq,sra","gs,ncbi,s3","gs.us-east1,ncbi.public,s3.us-east-1",Influenza A infection,SRX22861831,USA,North America,USA: Indiana,Sub_adult,Sus scrofa domesticus,snout,Illumina MiSeq,pigID-37242,nasal wipe,3030938195_ZZYV8WMS_v1_S125,PAIRED,RT-PCR,VIRAL RNA,Influenza A virus,No passages prior to sequencing,ILLUMINA,2023-12-12T00:00:00Z,2023-12-12T01:11:00Z,1,27.4,pig37242_day6,14SW6302,SRP477429,mix,H1N1/H3N2 double infection,female
SRR27181473,WGS,300,128679000,"Andrew S. Bowman\, The Ohio State University",PRJNA1051292,SAMN38768549,Viral,54544714,EMORY UNIVERSITY,"Bowman Lab\, OSU",2014-07-17,public,"fastq,run.zq,sra","gs,ncbi,s3","gs.us-east1,ncbi.public,s3.us-east-1",Influenza A infection,SRX22861827,USA,North America,USA: Indiana,Sub_adult,Sus scrofa domesticus,snout,Illumina MiSeq,pigID-37337,nasal wipe,3030938025_ZZYV8WI2_v1_S173,PAIRED,RT-PCR,VIRAL RNA,Influenza A virus,No passages prior to sequencing,ILLUMINA,2023-12-12T00:00:00Z,2023-12-12T01:10:00Z,1,23.3,pig37337_day6,14SW6299,SRP477429,Duroc,H3N2,female
SRR27181474,WGS,300,88315500,"Andrew S. Bowman\, The Ohio State University",PRJNA1051292,SAMN38768548,Viral,48069717,EMORY UNIVERSITY,"Bowman Lab\, OSU",2014-07-17,public,"fastq,run.zq,sra","gs,ncbi,s3","gs.us-east1,ncbi.public,s3.us-east-1",Influenza A infection,SRX22861826,USA,North America,USA: Indiana,Sub_adult,Sus scrofa domesticus,snout,Illumina MiSeq,pigID-20587,nasal wipe,3030938137_ZZYV8WL6_v1_S5,PAIRED,RT-PCR,VIRAL RNA,Influenza A virus,No passages prior to sequencing,ILLUMINA,2023-12-12T00:00:00Z,2023-12-12T01:11:00Z,1,26,pig20587_day6,14SW6298,SRP477429,York,H3N2,male
SRR27181475,WGS,300,95175600,"Andrew S. Bowman\, The Ohio State University",PRJNA1051292,SAMN38768547,Viral,53369228,EMORY UNIVERSITY,"Bowman Lab\, OSU",2014-07-17,public,"fastq,run.zq,sra","gs,ncbi,s3","gs.us-east1,ncbi.public,s3.us-east-1",Influenza A infection,SRX22861825,USA,North America,USA: Indiana,Sub_adult,Sus scrofa domesticus,snout,Illumina MiSeq,pigID-20454,nasal wipe,3030938089_ZZYV8WJU_v1_S41,PAIRED,RT-PCR,VIRAL RNA,Influenza A virus,No passages prior to sequencing,ILLUMINA,2023-12-12T00:00:00Z,2023-12-12T01:11:00Z,1,24.9,pig20454_day6,14SW6297,SRP477429,mix,H3N2,male
SRR27181476,WGS,300,90794700,"Andrew S. Bowman\, The Ohio State University",PRJNA1051292,SAMN38768546,Viral,50137581,EMORY UNIVERSITY,"Bowman Lab\, OSU",2014-07-17,public,"fastq,run.zq,sra","gs,ncbi,s3","gs.us-east1,ncbi.public,s3.us-east-1",Influenza A infection,SRX22861824,USA,North America,USA: Indiana,Sub_adult,Sus scrofa domesticus,snout,Illumina MiSeq,pigID-37157,nasal wipe,3030938294_ZZYV8WPJ_v1_S31,PAIRED,RT-PCR,VIRAL RNA,Influenza A virus,No passages prior to sequencing,ILLUMINA,2023-12-12T00:00:00Z,2023-12-12T01:11:00Z,1,29.5,pig37157_day6,14SW6296,SRP477429,mix,H1N1,male
SRR27181477,WGS,300,174633000,"Andrew S. Bowman\, The Ohio State University",PRJNA1051292,SAMN38768544,Viral,73912581,EMORY UNIVERSITY,"Bowman Lab\, OSU",2014-07-17,public,"fastq,run.zq,sra","gs,ncbi,s3","gs.us-east1,ncbi.public,s3.us-east-1",Influenza A infection,SRX22861822,USA,North America,USA: Indiana,Sub_adult,Sus scrofa domesticus,snout,Illumina MiSeq,pigID-37216,nasal wipe,3030937931_ZZYV8WFG_v1_S304,PAIRED,RT-PCR,VIRAL RNA,Influenza A virus,No passages prior to sequencing,ILLUMINA,2023-12-12T00:00:00Z,2023-12-12T01:11:00Z,1,21.3,pig37216_day6,14SW6287,SRP477429,York,H3N2,male
SRR27181478,WGS,300,60011700,"Andrew S. Bowman\, The Ohio State University",PRJNA1051292,SAMN38768543,Viral,35550181,EMORY UNIVERSITY,"Bowman Lab\, OSU",2014-07-17,public,"fastq,run.zq,sra","gs,ncbi,s3","gs.us-east1,ncbi.public,s3.us-east-1",Influenza A infection,SRX22861821,USA,North America,USA: Indiana,Sub_adult,Sus scrofa domesticus,snout,Illumina MiSeq,pigID-37328,nasal wipe,3030938144_ZZYV8WLD_v1_S60,PAIRED,RT-PCR,VIRAL RNA,Influenza A virus,No passages prior to sequencing,ILLUMINA,2023-12-12T00:00:00Z,2023-12-12T01:10:00Z,1,26.1,pig37328_day6,14SW6285,SRP477429,mix,H1N1/H3N2 double infection,male
SRR27181479,WGS,300,130963200,"Andrew S. Bowman\, The Ohio State University",PRJNA1051292,SAMN38768542,Viral,72539763,EMORY UNIVERSITY,"Bowman Lab\, OSU",2014-07-17,public,"fastq,run.zq,sra","gs,ncbi,s3","gs.us-east1,ncbi.public,s3.us-east-1",Influenza A infection,SRX22861820,USA,North America,USA: Indiana,Sub_adult,Sus scrofa domesticus,snout,Illumina MiSeq,pigID-37164,nasal wipe,3030938309_ZZYV8WPY_v1_S1,PAIRED,RT-PCR,VIRAL RNA,Influenza A virus,No passages prior to sequencing,ILLUMINA,2023-12-12T00:00:00Z,2023-12-12T01:11:00Z,1,29.8,pig37164_day6,14SW6284,SRP477429,mix,H1N1/H3N2 double infection,male
SRR27181480,WGS,300,56519100,"Andrew S. Bowman\, The Ohio State University",PRJNA1051292,SAMN38768545,Viral,24030971,EMORY UNIVERSITY,"Bowman Lab\, OSU",2014-07-17,public,"fastq,run.zq,sra","gs,ncbi,s3","gs.us-east1,ncbi.public,s3.us-east-1",Influenza A infection,SRX22861823,USA,North America,USA: Indiana,Sub_adult,Sus scrofa domesticus,snout,Illumina MiSeq,pigID-37260,nasal wipe,3030938052_ZZYV8WIT_v1_S370,PAIRED,RT-PCR,VIRAL RNA,Influenza A virus,No passages prior to sequencing,ILLUMINA,2023-12-12T00:00:00Z,2023-12-12T01:10:00Z,1,24.1,pig37260_day6,14SW6288,SRP477429,York,H3N2,male
SRR27181481,WGS,300,57927300,"Andrew S. Bowman\, The Ohio State University",PRJNA1051292,SAMN38768541,Viral,24857593,EMORY UNIVERSITY,"Bowman Lab\, OSU",2014-07-17,public,"fastq,run.zq,sra","gs,ncbi,s3","gs.us-east1,ncbi.public,s3.us-east-1",Influenza A infection,SRX22861819,USA,North America,USA: Indiana,Sub_adult,Sus scrofa domesticus,snout,Illumina MiSeq,pigID-37101,nasal wipe,3030938183_ZZYV8WMG_v1_S355,PAIRED,RT-PCR,VIRAL RNA,Influenza A virus,No passages prior to sequencing,ILLUMINA,2023-12-12T00:00:00Z,2023-12-12T01:11:00Z,1,27.1,pig37101_day6,14SW6283,SRP477429,mix,H1N1/H3N2 double infection,female
SRR27181482,WGS,300,145441200,"Andrew S. Bowman\, The Ohio State University",PRJNA1051292,SAMN38768540,Viral,61454276,EMORY UNIVERSITY,"Bowman Lab\, OSU",2014-07-17,public,"fastq,run.zq,sra","gs,ncbi,s3","gs.us-east1,ncbi.public,s3.us-east-1",Influenza A infection,SRX22861401,USA,North America,USA: Indiana,Sub_adult,Sus scrofa domesticus,snout,Illumina MiSeq,pigID-37102,nasal wipe,3030937944_ZZYV8WFT_v1_S27,PAIRED,RT-PCR,VIRAL RNA,Influenza A virus,No passages prior to sequencing,ILLUMINA,2023-12-12T00:00:00Z,2023-12-12T01:10:00Z,1,21.7,pig37102_day6,14SW6282,SRP477429,mix,H1N1/H3N2 double infection,male
SRR27181483,WGS,300,141398400,"Andrew S. Bowman\, The Ohio State University",PRJNA1051292,SAMN38768481,Viral,60075221,EMORY UNIVERSITY,"Bowman Lab\, OSU",2014-07-16,public,"fastq,run.zq,sra","gs,ncbi,s3","gs.us-east1,ncbi.public,s3.us-east-1",Influenza A infection,SRX22861817,USA,North America,USA: Indiana,Sub_adult,Sus scrofa domesticus,snout,Illumina MiSeq,pigID-37208,nasal wipe,3030937968_ZZYV8WGH_v1_S292,PAIRED,RT-PCR,VIRAL RNA,Influenza A virus,No passages prior to sequencing,ILLUMINA,2023-12-12T00:00:00Z,2023-12-12T01:10:00Z,1,22.3,pig37208_day5,14SW6172,SRP477429,Spot,H3N2,male
SRR27181484,WGS,300,41099400,"Andrew S. Bowman\, The Ohio State University",PRJNA1051292,SAMN38768480,Viral,17541079,EMORY UNIVERSITY,"Bowman Lab\, OSU",2014-07-16,public,"fastq,run.zq,sra","gs,ncbi,s3","gs.us-east1,ncbi.public,s3.us-east-1",Influenza A infection,SRX22861816,USA,North America,USA: Indiana,Sub_adult,Sus scrofa domesticus,snout,Illumina MiSeq,pigID-37334,nasal wipe,3030937951_ZZYV8WG0_v1_S340,PAIRED,RT-PCR,VIRAL RNA,Influenza A virus,No passages prior to sequencing,ILLUMINA,2023-12-12T00:00:00Z,2023-12-12T01:10:00Z,1,22,pig37334_day5,14SW6169,SRP477429,Spot,H3N2,male
SRR27181485,WGS,265,2533306069,"Andrew S. Bowman\, The Ohio State University",PRJNA1051292,SAMN38768439,Viral,898465470,EMORY UNIVERSITY,"Bowman Lab\, OSU",2014-07-16,public,"fastq,run.zq,sra","gs,ncbi,s3","gs.us-east1,ncbi.public,s3.us-east-1",Influenza A infection,SRX22861814,USA,North America,USA: Indiana,Sub_adult,Sus scrofa domesticus,snout,Illumina NovaSeq 6000,pigID-20609,nasal wipe,3030938117_ZZYV1QPD_v2_S138,PAIRED,RT-PCR,VIRAL RNA,Influenza A virus,No passages prior to sequencing,ILLUMINA,2023-12-12T00:00:00Z,2023-12-12T01:15:00Z,1,25.6,pig20609_day5,14SW6103,SRP477429,mix,H3N2,male
SRR27181486,WGS,300,229800,"Andrew S. Bowman\, The Ohio State University",PRJNA1051292,SAMN38768479,Viral,173185,EMORY UNIVERSITY,"Bowman Lab\, OSU",2014-07-16,public,"fastq,run.zq,sra","gs,ncbi,s3","gs.us-east1,ncbi.public,s3.us-east-1",Influenza A infection,SRX22861813,USA,North America,USA: Indiana,Sub_adult,Sus scrofa domesticus,snout,Illumina MiSeq,pigID-37269,nasal wipe,3030938361_ZZYV8WRE_v1_S192,PAIRED,RT-PCR,VIRAL RNA,Influenza A virus,No passages prior to sequencing,ILLUMINA,2023-12-12T00:00:00Z,2023-12-12T01:09:00Z,1,30.9,pig37269_day5,14SW6168,SRP477429,mix,,male
SRR27181487,WGS,300,58236900,"Andrew S. Bowman\, The Ohio State University",PRJNA1051292,SAMN38768478,Viral,24446090,EMORY UNIVERSITY,"Bowman Lab\, OSU",2014-07-16,public,"fastq,run.zq,sra","gs,ncbi,s3","gs.us-east1,ncbi.public,s3.us-east-1",Influenza A infection,SRX22861812,USA,North America,USA: Indiana,Sub_adult,Sus scrofa domesticus,snout,Illumina MiSeq,pigID-37347,nasal wipe,3030937873_ZZYV8WDU_v1_S57,PAIRED,RT-PCR,VIRAL RNA,Influenza A virus,No passages prior to sequencing,ILLUMINA,2023-12-12T00:00:00Z,2023-12-12T01:10:00Z,1,18.1,pig37347_day5,14SW6166,SRP477429,mix,H1N1/H3N2 double infection,male
SRR27181488,WGS,300,83509200,"Andrew S. Bowman\, The Ohio State University",PRJNA1051292,SAMN38768120,Viral,36091985,EMORY UNIVERSITY,"Bowman Lab\, OSU",2014-07-13,public,"fastq,run.zq,sra","gs,ncbi,s3","gs.us-east1,ncbi.public,s3.us-east-1",Influenza A infection,SRX22861815,USA,North America,USA: Indiana,Sub_adult,Sus scrofa domesticus,snout,Illumina MiSeq,pigID-37349,nasal wipe,3030938242_ZZYV8WO3_v1_S278,PAIRED,RT-PCR,VIRAL RNA,Influenza A virus,No passages prior to sequencing,ILLUMINA,2023-12-12T00:00:00Z,2023-12-12T01:09:00Z,1,28.4,pig37349_day2,14SW4953,SRP477429,Spot,H3N2,female
SRR27181489,WGS,300,105454800,"Andrew S. Bowman\, The Ohio State University",PRJNA1051292,SAMN38768477,Viral,44481818,EMORY UNIVERSITY,"Bowman Lab\, OSU",2014-07-16,public,"fastq,run.zq,sra","gs,ncbi,s3","gs.us-east1,ncbi.public,s3.us-east-1",Influenza A infection,SRX22861811,USA,North America,USA: Indiana,Sub_adult,Sus scrofa domesticus,snout,Illumina MiSeq,pigID-37348,nasal wipe,3030937909_ZZYV8WEU_v1_S12,PAIRED,RT-PCR,VIRAL RNA,Influenza A virus,No passages prior to sequencing,ILLUMINA,2023-12-12T00:00:00Z,2023-12-12T01:10:00Z,1,20.2,pig37348_day5,14SW6165,SRP477429,mix,H3N2,male
SRR27181490,WGS,300,100180200,"Andrew S. Bowman\, The Ohio State University",PRJNA1051292,SAMN38768476,Viral,42383765,EMORY UNIVERSITY,"Bowman Lab\, OSU",2014-07-16,public,"fastq,run.zq,sra","gs,ncbi,s3","gs.us-east1,ncbi.public,s3.us-east-1",Influenza A infection,SRX22861810,USA,North America,USA: Indiana,Sub_adult,Sus scrofa domesticus,snout,Illumina MiSeq,pigID-37346,nasal wipe,3030937976_ZZYV8WGP_v1_S244,PAIRED,RT-PCR,VIRAL RNA,Influenza A virus,No passages prior to sequencing,ILLUMINA,2023-12-12T00:00:00Z,2023-12-12T01:10:00Z,1,22.4,pig37346_day5,14SW6164,SRP477429,mix,H1N1/H3N2 double infection,male
SRR27181491,WGS,300,104197200,"Andrew S. Bowman\, The Ohio State University",PRJNA1051292,SAMN38768475,Viral,44354669,EMORY UNIVERSITY,"Bowman Lab\, OSU",2014-07-16,public,"fastq,run.zq,sra","gs,ncbi,s3","gs.us-east1,ncbi.public,s3.us-east-1",Influenza A infection,SRX22861809,USA,North America,USA: Indiana,Sub_adult,Sus scrofa domesticus,snout,Illumina MiSeq,pigID-20510,nasal wipe,3030938040_ZZYV8WIH_v1_S9,PAIRED,RT-PCR,VIRAL RNA,Influenza A virus,No passages prior to sequencing,ILLUMINA,2023-12-12T00:00:00Z,2023-12-12T01:10:00Z,1,23.8,pig20510_day5,14SW6163,SRP477429,Hereford,H3N2,male
SRR27181492,WGS,300,1324800,"Andrew S. Bowman\, The Ohio State University",PRJNA1051292,SAMN38768474,Viral,641545,EMORY UNIVERSITY,"Bowman Lab\, OSU",2014-07-16,public,"fastq,run.zq,sra","gs,ncbi,s3","gs.us-east1,ncbi.public,s3.us-east-1",Influenza A infection,SRX22861808,USA,North America,USA: Indiana,Sub_adult,Sus scrofa domesticus,snout,Illumina MiSeq,pigID-20512,nasal wipe,3030937990_ZZYV8WH3_v1_S101,PAIRED,RT-PCR,VIRAL RNA,Influenza A virus,No passages prior to sequencing,ILLUMINA,2023-12-12T00:00:00Z,2023-12-12T01:09:00Z,1,22.6,pig20512_day5,14SW6162,SRP477429,Duroc,H3N2,male
SRR27181493,WGS,300,78834900,"Andrew S. Bowman\, The Ohio State University",PRJNA1051292,SAMN38768472,Viral,33405664,EMORY UNIVERSITY,"Bowman Lab\, OSU",2014-07-16,public,"fastq,run.zq,sra","gs,ncbi,s3","gs.us-east1,ncbi.public,s3.us-east-1",Influenza A infection,SRX22861806,USA,North America,USA: Indiana,Sub_adult,Sus scrofa domesticus,snout,Illumina MiSeq,pigID-37340,nasal wipe,3030937971_ZZYV8WGK_v1_S196,PAIRED,RT-PCR,VIRAL RNA,Influenza A virus,No passages prior to sequencing,ILLUMINA,2023-12-12T00:00:00Z,2023-12-12T01:10:00Z,1,22.3,pig37340_day5,14SW6159,SRP477429,mix,H3N2,male
SRR27181494,WGS,300,82922400,"Andrew S. Bowman\, The Ohio State University",PRJNA1051292,SAMN38768471,Viral,35082692,EMORY UNIVERSITY,"Bowman Lab\, OSU",2014-07-16,public,"fastq,run.zq,sra","gs,ncbi,s3","gs.us-east1,ncbi.public,s3.us-east-1",Influenza A infection,SRX22861805,USA,North America,USA: Indiana,Sub_adult,Sus scrofa domesticus,snout,Illumina MiSeq,pigID-37341,nasal wipe,3030938150_ZZYV8WLJ_v1_S288,PAIRED,RT-PCR,VIRAL RNA,Influenza A virus,No passages prior to sequencing,ILLUMINA,2023-12-12T00:00:00Z,2023-12-12T01:10:00Z,1,26.3,pig37341_day5,14SW6158,SRP477429,mix,H3N2,male
SRR27181495,WGS,300,80873700,"Andrew S. Bowman\, The Ohio State University",PRJNA1051292,SAMN38768470,Viral,34388226,EMORY UNIVERSITY,"Bowman Lab\, OSU",2014-07-16,public,"fastq,run.zq,sra","gs,ncbi,s3","gs.us-east1,ncbi.public,s3.us-east-1",Influenza A infection,SRX22861804,USA,North America,USA: Indiana,Sub_adult,Sus scrofa domesticus,snout,Illumina MiSeq,pigID-37126,nasal wipe,3030938186_ZZYV8WMJ_v1_S240,PAIRED,RT-PCR,VIRAL RNA,Influenza A virus,No passages prior to sequencing,ILLUMINA,2023-12-12T00:00:00Z,2023-12-12T01:10:00Z,1,27.2,pig37126_day5,14SW6156,SRP477429,York,H1N1,male
SRR27181496,WGS,300,131490600,"Andrew S. Bowman\, The Ohio State University",PRJNA1051292,SAMN38768473,Viral,56712064,EMORY UNIVERSITY,"Bowman Lab\, OSU",2014-07-16,public,"fastq,run.zq,sra","gs,ncbi,s3","gs.us-east1,ncbi.public,s3.us-east-1",Influenza A infection,SRX22861807,USA,North America,USA: Indiana,Sub_adult,Sus scrofa domesticus,snout,Illumina MiSeq,pigID-37356,nasal wipe,3030937865_ZZYV8WDM_v1_S105,PAIRED,RT-PCR,VIRAL RNA,Influenza A virus,No passages prior to sequencing,ILLUMINA,2023-12-12T00:00:00Z,2023-12-12T01:10:00Z,1,16.5,pig37356_day5,14SW6160,SRP477429,Spot,H3N2,male
SRR27181497,WGS,300,112325100,"Andrew S. Bowman\, The Ohio State University",PRJNA1051292,SAMN38768119,Viral,47777447,EMORY UNIVERSITY,"Bowman Lab\, OSU",2014-07-13,public,"fastq,run.zq,sra","gs,ncbi,s3","gs.us-east1,ncbi.public,s3.us-east-1",Influenza A infection,SRX22861803,USA,North America,USA: Indiana,Sub_adult,Sus scrofa domesticus,snout,Illumina MiSeq,pigID-20578,nasal wipe,3030937960_ZZYV8WG9_v1_S58,PAIRED,RT-PCR,VIRAL RNA,Influenza A virus,No passages prior to sequencing,ILLUMINA,2023-12-12T00:00:00Z,2023-12-12T01:10:00Z,1,22.1,pig20578_day2,14SW4921,SRP477429,mix,H3N2,
SRR27181498,WGS,300,150371400,"Andrew S. Bowman\, The Ohio State University",PRJNA1051292,SAMN38768469,Viral,63503672,EMORY UNIVERSITY,"Bowman Lab\, OSU",2014-07-16,public,"fastq,run.zq,sra","gs,ncbi,s3","gs.us-east1,ncbi.public,s3.us-east-1",Influenza A infection,SRX22861802,USA,North America,USA: Indiana,Sub_adult,Sus scrofa domesticus,snout,Illumina MiSeq,pigID-37264,nasal wipe,3030937894_ZZYV8WEF_v1_S284,PAIRED,RT-PCR,VIRAL RNA,Influenza A virus,No passages prior to sequencing,ILLUMINA,2023-12-12T00:00:00Z,2023-12-12T01:11:00Z,1,19.8,pig37264_day5,14SW6151,SRP477429,Spot,H3N2,male
SRR27181499,WGS,300,92301900,"Andrew S. Bowman\, The Ohio State University",PRJNA1051292,SAMN38768468,Viral,39223913,EMORY UNIVERSITY,"Bowman Lab\, OSU",2014-07-16,public,"fastq,run.zq,sra","gs,ncbi,s3","gs.us-east1,ncbi.public,s3.us-east-1",Influenza A infection,SRX22861801,USA,North America,USA: Indiana,Sub_adult,Sus scrofa domesticus,snout,Illumina MiSeq,pigID-37252,nasal wipe,3030937987_ZZYV8WH0_v1_S45,PAIRED,RT-PCR,VIRAL RNA,Influenza A virus,No passages prior to sequencing,ILLUMINA,2023-12-12T00:00:00Z,2023-12-12T01:11:00Z,1,22.6,pig37252_day5,14SW6150,SRP477429,mix,H3N2,male
SRR27181500,WGS,300,129909600,"Andrew S. Bowman\, The Ohio State University",PRJNA1051292,SAMN38768467,Viral,55456326,EMORY UNIVERSITY,"Bowman Lab\, OSU",2014-07-16,public,"fastq,run.zq,sra","gs,ncbi,s3","gs.us-east1,ncbi.public,s3.us-east-1",Influenza A infection,SRX22861800,USA,North America,USA: Indiana,Sub_adult,Sus scrofa domesticus,snout,Illumina MiSeq,pigID-37250,nasal wipe,3030937974_ZZYV8WGN_v1_S93,PAIRED,RT-PCR,VIRAL RNA,Influenza A virus,No passages prior to sequencing,ILLUMINA,2023-12-12T00:00:00Z,2023-12-12T01:11:00Z,1,22.4,pig37250_day5,14SW6149,SRP477429,mix,H3N2,female
SRR27181501,WGS,300,220916400,"Andrew S. Bowman\, The Ohio State University",PRJNA1051292,SAMN38768465,Viral,93725241,EMORY UNIVERSITY,"Bowman Lab\, OSU",2014-07-16,public,"fastq,run.zq,sra","gs,ncbi,s3","gs.us-east1,ncbi.public,s3.us-east-1",Influenza A infection,SRX22861798,USA,North America,USA: Indiana,Sub_adult,Sus scrofa domesticus,snout,Illumina MiSeq,pigID-37177,nasal wipe,3030938165_ZZYV8WLY_v1_S285,PAIRED,RT-PCR,VIRAL RNA,Influenza A virus,No passages prior to sequencing,ILLUMINA,2023-12-12T00:00:00Z,2023-12-12T01:10:00Z,1,26.7,pig37177_day5,14SW6146,SRP477429,York,H3N2,male
SRR27181502,WGS,300,30044100,"Andrew S. Bowman\, The Ohio State University",PRJNA1051292,SAMN38768464,Viral,12830002,EMORY UNIVERSITY,"Bowman Lab\, OSU",2014-07-16,public,"fastq,run.zq,sra","gs,ncbi,s3","gs.us-east1,ncbi.public,s3.us-east-1",Influenza A infection,SRX22861797,USA,North America,USA: Indiana,Sub_adult,Sus scrofa domesticus,snout,Illumina MiSeq,pigID-20577,nasal wipe,3030938341_ZZYV8WQU_v1_S373,PAIRED,RT-PCR,VIRAL RNA,Influenza A virus,No passages prior to sequencing,ILLUMINA,2023-12-12T00:00:00Z,2023-12-12T01:10:00Z,1,30.5,pig20577_day5,14SW6143,SRP477429,Chester,H1N1,female
SRR27181503,WGS,300,24669600,"Andrew S. Bowman\, The Ohio State University",PRJNA1051292,SAMN38768405,Viral,10617029,EMORY UNIVERSITY,"Bowman Lab\, OSU",2014-07-16,public,"fastq,run.zq,sra","gs,ncbi,s3","gs.us-east1,ncbi.public,s3.us-east-1",Influenza A infection,SRX22861796,USA,North America,USA: Indiana,Sub_adult,Sus scrofa domesticus,snout,Illumina MiSeq,pigID-20411,nasal wipe,3030938362_ZZYV8WRF_v1_S113,PAIRED,RT-PCR,VIRAL RNA,Influenza A virus,No passages prior to sequencing,ILLUMINA,2023-12-12T00:00:00Z,2023-12-12T01:10:00Z,1,31,pig20411_day5,14SW6038,SRP477429,mix,H1N1,female
SRR27181504,WGS,300,172740600,"Andrew S. Bowman\, The Ohio State University",PRJNA1051292,SAMN38768408,Viral,73397019,EMORY UNIVERSITY,"Bowman Lab\, OSU",2014-07-16,public,"fastq,run.zq,sra","gs,ncbi,s3","gs.us-east1,ncbi.public,s3.us-east-1",Influenza A infection,SRX22862012,USA,North America,USA: Indiana,Sub_adult,Sus scrofa domesticus,snout,Illumina MiSeq,pigID-20652,nasal wipe,3030937963_ZZYV8WGC_v1_S73,PAIRED,RT-PCR,VIRAL RNA,Influenza A virus,No passages prior to sequencing,ILLUMINA,2023-12-12T00:00:00Z,2023-12-12T01:10:00Z,1,22.1,pig20652_day5,14SW6049,SRP477429,mix,H1N1,female
SRR27181505,WGS,300,24650700,"Andrew S. Bowman\, The Ohio State University",PRJNA1051292,SAMN38768404,Viral,10648669,EMORY UNIVERSITY,"Bowman Lab\, OSU",2014-07-16,public,"fastq,run.zq,sra","gs,ncbi,s3","gs.us-east1,ncbi.public,s3.us-east-1",Influenza A infection,SRX22861795,USA,North America,USA: Indiana,Sub_adult,Sus scrofa domesticus,snout,Illumina MiSeq,pigID-37320,nasal wipe,3030938033_ZZYV8WIA_v1_S261,PAIRED,RT-PCR,VIRAL RNA,Influenza A virus,No passages prior to sequencing,ILLUMINA,2023-12-12T00:00:00Z,2023-12-12T01:10:00Z,1,23.7,pig37320_day5,14SW6036,SRP477429,Duroc,H1N1/H3N2 double infection,female
SRR27181506,WGS,300,257131800,"Andrew S. Bowman\, The Ohio State University",PRJNA1051292,SAMN38768403,Viral,108422495,EMORY UNIVERSITY,"Bowman Lab\, OSU",2014-07-16,public,"fastq,run.zq,sra","gs,ncbi,s3","gs.us-east1,ncbi.public,s3.us-east-1",Influenza A infection,SRX22861794,USA,North America,USA: Indiana,Sub_adult,Sus scrofa domesticus,snout,Illumina MiSeq,pigID-37321,nasal wipe,3030937939_ZZYV8WFO_v1_S121,PAIRED,RT-PCR,VIRAL RNA,Influenza A virus,No passages prior to sequencing,ILLUMINA,2023-12-12T00:00:00Z,2023-12-12T01:11:00Z,1,21.5,pig37321_day5,14SW6035,SRP477429,Spot,H3N2,female
SRR27181507,WGS,300,223140000,"Andrew S. Bowman\, The Ohio State University",PRJNA1051292,SAMN38768402,Viral,95261073,EMORY UNIVERSITY,"Bowman Lab\, OSU",2014-07-16,public,"fastq,run.zq,sra","gs,ncbi,s3","gs.us-east1,ncbi.public,s3.us-east-1",Influenza A infection,SRX22861793,USA,North America,USA: Indiana,Sub_adult,Sus scrofa domesticus,snout,Illumina MiSeq,pigID-37296,nasal wipe,3030937958_ZZYV8WG7_v1_S26,PAIRED,RT-PCR,VIRAL RNA,Influenza A virus,No passages prior to sequencing,ILLUMINA,2023-12-12T00:00:00Z,2023-12-12T01:11:00Z,1,22.1,pig37296_day5,14SW6034,SRP477429,Duroc,H3N2,male
SRR27181508,WGS,300,176271900,"Andrew S. Bowman\, The Ohio State University",PRJNA1051292,SAMN38768401,Viral,75239194,EMORY UNIVERSITY,"Bowman Lab\, OSU",2014-07-16,public,"fastq,run.zq,sra","gs,ncbi,s3","gs.us-east1,ncbi.public,s3.us-east-1",Influenza A infection,SRX22861792,USA,North America,USA: Indiana,Sub_adult,Sus scrofa domesticus,snout,Illumina MiSeq,pigID-37284,nasal wipe,3030938158_ZZYV8WLR_v1_S117,PAIRED,RT-PCR,VIRAL RNA,Influenza A virus,No passages prior to sequencing,ILLUMINA,2023-12-12T00:00:00Z,2023-12-12T01:10:00Z,1,26.5,pig37284_day5,14SW6032,SRP477429,mix,H3N2,female
SRR27181509,WGS,300,172722900,"Andrew S. Bowman\, The Ohio State University",PRJNA1051292,SAMN38768112,Viral,73958570,EMORY UNIVERSITY,"Bowman Lab\, OSU",2014-07-13,public,"fastq,run.zq,sra","gs,ncbi,s3","gs.us-east1,ncbi.public,s3.us-east-1",Influenza A infection,SRX22861790,USA,North America,USA: Indiana,Sub_adult,Sus scrofa domesticus,snout,Illumina MiSeq,pigID-37166,nasal wipe,3030938279_ZZYV8WP4_v1_S13,PAIRED,RT-PCR,VIRAL RNA,Influenza A virus,No passages prior to sequencing,ILLUMINA,2023-12-12T00:00:00Z,2023-12-12T01:10:00Z,1,29.1,pig37166_day2,14SW4624,SRP477429,Duroc,H1N1,female
SRR27181510,WGS,300,36071400,"Andrew S. Bowman\, The Ohio State University",PRJNA1051292,SAMN38768399,Viral,15510431,EMORY UNIVERSITY,"Bowman Lab\, OSU",2014-07-16,public,"fastq,run.zq,sra","gs,ncbi,s3","gs.us-east1,ncbi.public,s3.us-east-1",Influenza A infection,SRX22861789,USA,North America,USA: Indiana,Sub_adult,Sus scrofa domesticus,snout,Illumina MiSeq,pigID-37224,nasal wipe,3030938350_ZZYV8WR3_v1_S209,PAIRED,RT-PCR,VIRAL RNA,Influenza A virus,No passages prior to sequencing,ILLUMINA,2023-12-12T00:00:00Z,2023-12-12T01:11:00Z,1,30.8,pig37224_day5,14SW6030,SRP477429,Spot,H3N2,male
SRR27181511,WGS,300,21872700,"Andrew S. Bowman\, The Ohio State University",PRJNA1051292,SAMN38768398,Viral,9384121,EMORY UNIVERSITY,"Bowman Lab\, OSU",2014-07-16,public,"fastq,run.zq,sra","gs,ncbi,s3","gs.us-east1,ncbi.public,s3.us-east-1",Influenza A infection,SRX22861788,USA,North America,USA: Indiana,Sub_adult,Sus scrofa domesticus,snout,Illumina MiSeq,pigID-37302,nasal wipe,3030938174_ZZYV8WM7_v1_S297,PAIRED,RT-PCR,VIRAL RNA,Influenza A virus,No passages prior to sequencing,ILLUMINA,2023-12-12T00:00:00Z,2023-12-12T01:10:00Z,1,26.8,pig37302_day5,14SW6029,SRP477429,Hamp,H3N2,male
SRR27181512,WGS,300,183934200,"Andrew S. Bowman\, The Ohio State University",PRJNA1051292,SAMN38768400,Viral,78084188,EMORY UNIVERSITY,"Bowman Lab\, OSU",2014-07-16,public,"fastq,run.zq,sra","gs,ncbi,s3","gs.us-east1,ncbi.public,s3.us-east-1",Influenza A infection,SRX22861791,USA,North America,USA: Indiana,Sub_adult,Sus scrofa domesticus,snout,Illumina MiSeq,pigID-37229,nasal wipe,3030937893_ZZYV8WEE_v1_S265,PAIRED,RT-PCR,VIRAL RNA,Influenza A virus,No passages prior to sequencing,ILLUMINA,2023-12-12T00:00:00Z,2023-12-12T01:11:00Z,1,19.7,pig37229_day5,14SW6031,SRP477429,Duroc,H3N2,female
SRR27181513,WGS,300,169713900,"Andrew S. Bowman\, The Ohio State University",PRJNA1051292,SAMN38768397,Viral,72216586,EMORY UNIVERSITY,"Bowman Lab\, OSU",2014-07-16,public,"fastq,run.zq,sra","gs,ncbi,s3","gs.us-east1,ncbi.public,s3.us-east-1",Influenza A infection,SRX22861787,USA,North America,USA: Indiana,Sub_adult,Sus scrofa domesticus,snout,Illumina MiSeq,pigID-20466,nasal wipe,3030937970_ZZYV8WGJ_v1_S253,PAIRED,RT-PCR,VIRAL RNA,Influenza A virus,No passages prior to sequencing,ILLUMINA,2023-12-12T00:00:00Z,2023-12-12T01:10:00Z,1,22.3,pig20466_day5,14SW6025,SRP477429,mix,H1N1,male
SRR27181514,WGS,300,193008600,"Andrew S. Bowman\, The Ohio State University",PRJNA1051292,SAMN38768396,Viral,82303549,EMORY UNIVERSITY,"Bowman Lab\, OSU",2014-07-16,public,"fastq,run.zq,sra","gs,ncbi,s3","gs.us-east1,ncbi.public,s3.us-east-1",Influenza A infection,SRX22861786,USA,North America,USA: Indiana,Sub_adult,Sus scrofa domesticus,snout,Illumina MiSeq,pigID-20474,nasal wipe,3030937891_ZZYV8WEC_v1_S19,PAIRED,RT-PCR,VIRAL RNA,Influenza A virus,No passages prior to sequencing,ILLUMINA,2023-12-12T00:00:00Z,2023-12-12T01:10:00Z,1,19.6,pig20474_day5,14SW6024,SRP477429,mix,H1N1,female
SRR27181515,WGS,300,175523700,"Andrew S. Bowman\, The Ohio State University",PRJNA1051292,SAMN38768395,Viral,74894243,EMORY UNIVERSITY,"Bowman Lab\, OSU",2014-07-16,public,"fastq,run.zq,sra","gs,ncbi,s3","gs.us-east1,ncbi.public,s3.us-east-1",Influenza A infection,SRX22861785,USA,North America,USA: Indiana,Sub_adult,Sus scrofa domesticus,snout,Illumina MiSeq,pigID-20467,nasal wipe,3030937942_ZZYV8WFR_v1_S301,PAIRED,RT-PCR,VIRAL RNA,Influenza A virus,No passages prior to sequencing,ILLUMINA,2023-12-12T00:00:00Z,2023-12-12T01:11:00Z,1,21.6,pig20467_day5,14SW6023,SRP477429,mix,H1N1,male
SRR27181516,WGS,300,71010300,"Andrew S. Bowman\, The Ohio State University",PRJNA1051292,SAMN38768394,Viral,30714718,EMORY UNIVERSITY,"Bowman Lab\, OSU",2014-07-16,public,"fastq,run.zq,sra","gs,ncbi,s3","gs.us-east1,ncbi.public,s3.us-east-1",Influenza A infection,SRX22861784,USA,North America,USA: Indiana,Sub_adult,Sus scrofa domesticus,snout,Illumina MiSeq,pigID-37265,nasal wipe,3030938349_ZZYV8WR2_v1_S312,PAIRED,RT-PCR,VIRAL RNA,Influenza A virus,No passages prior to sequencing,ILLUMINA,2023-12-12T00:00:00Z,2023-12-12T01:11:00Z,1,30.7,pig37265_day5,14SW6021,SRP477429,Chester,H1N1,male
SRR27181517,WGS,300,140222100,"Andrew S. Bowman\, The Ohio State University",PRJNA1051292,SAMN38768392,Viral,60172595,EMORY UNIVERSITY,"Bowman Lab\, OSU",2014-07-16,public,"fastq,run.zq,sra","gs,ncbi,s3","gs.us-east1,ncbi.public,s3.us-east-1",Influenza A infection,SRX22861782,USA,North America,USA: Indiana,Sub_adult,Sus scrofa domesticus,snout,Illumina MiSeq,pigID-20368,nasal wipe,3030938102_ZZYV8WK7_v1_S15,PAIRED,RT-PCR,VIRAL RNA,Influenza A virus,No passages prior to sequencing,ILLUMINA,2023-12-12T00:00:00Z,2023-12-12T01:11:00Z,1,25,pig20368_day5,14SW6006,SRP477429,Duroc,H1N1,male
SRR27181518,WGS,300,4069500,"Andrew S. Bowman\, The Ohio State University",PRJNA1051292,SAMN38768391,Viral,1815006,EMORY UNIVERSITY,"Bowman Lab\, OSU",2014-07-16,public,"fastq,run.zq,sra","gs,ncbi,s3","gs.us-east1,ncbi.public,s3.us-east-1",Influenza A infection,SRX22861781,USA,North America,USA: Indiana,Sub_adult,Sus scrofa domesticus,snout,Illumina MiSeq,pigID-20379,nasal wipe,3030938268_ZZYV8WOT_v1_S112,PAIRED,RT-PCR,VIRAL RNA,Influenza A virus,No passages prior to sequencing,ILLUMINA,2023-12-12T00:00:00Z,2023-12-12T01:10:00Z,1,28.8,pig20379_day5,14SW6005,SRP477429,mix,H3N2,male
SRR27181519,WGS,300,25049400,"Andrew S. Bowman\, The Ohio State University",PRJNA1051292,SAMN38768390,Viral,10810128,EMORY UNIVERSITY,"Bowman Lab\, OSU",2014-07-16,public,"fastq,run.zq,sra","gs,ncbi,s3","gs.us-east1,ncbi.public,s3.us-east-1",Influenza A infection,SRX22861780,USA,North America,USA: Indiana,Sub_adult,Sus scrofa domesticus,snout,Illumina MiSeq,pigID-20367,nasal wipe,3030938330_ZZYV8WQJ_v1_S212,PAIRED,RT-PCR,VIRAL RNA,Influenza A virus,No passages prior to sequencing,ILLUMINA,2023-12-12T00:00:00Z,2023-12-12T01:10:00Z,1,30.3,pig20367_day5,14SW6004,SRP477429,York,H1N1,male
SRR27181520,WGS,300,40623300,"Andrew S. Bowman\, The Ohio State University",PRJNA1051292,SAMN38768393,Viral,17248180,EMORY UNIVERSITY,"Bowman Lab\, OSU",2014-07-16,public,"fastq,run.zq,sra","gs,ncbi,s3","gs.us-east1,ncbi.public,s3.us-east-1",Influenza A infection,SRX22861783,USA,North America,USA: Indiana,Sub_adult,Sus scrofa domesticus,snout,Illumina MiSeq,pigID-37116,nasal wipe,3030938000_ZZYV8WHD_v1_S205,PAIRED,RT-PCR,VIRAL RNA,Influenza A virus,No passages prior to sequencing,ILLUMINA,2023-12-12T00:00:00Z,2023-12-12T01:10:00Z,1,22.8,pig37116_day5,14SW6011,SRP477429,mix,H1N1/H3N2 double infection,male
SRR27181521,WGS,300,169250100,"Andrew S. Bowman\, The Ohio State University",PRJNA1051292,SAMN38768111,Viral,72260771,EMORY UNIVERSITY,"Bowman Lab\, OSU",2014-07-13,public,"fastq,run.zq,sra","gs,ncbi,s3","gs.us-east1,ncbi.public,s3.us-east-1",Influenza A infection,SRX22861779,USA,North America,USA: Indiana,Sub_adult,Sus scrofa domesticus,snout,Illumina MiSeq,pigID-37170,nasal wipe,3030938248_ZZYV8WO9_v1_S31,PAIRED,RT-PCR,VIRAL RNA,Influenza A virus,No passages prior to sequencing,ILLUMINA,2023-12-12T00:00:00Z,2023-12-12T01:10:00Z,1,28.5,pig37170_day2,14SW4621,SRP477429,Hamp,H1N1,female
SRR27181522,WGS,300,1959900,"Andrew S. Bowman\, The Ohio State University",PRJNA1051292,SAMN38768389,Viral,918460,EMORY UNIVERSITY,"Bowman Lab\, OSU",2014-07-16,public,"fastq,run.zq,sra","gs,ncbi,s3","gs.us-east1,ncbi.public,s3.us-east-1",Influenza A infection,SRX22861778,USA,North America,USA: Indiana,Sub_adult,Sus scrofa domesticus,snout,Illumina MiSeq,pigID-20366,nasal wipe,3030938084_ZZYV8WJP_v1_S61,PAIRED,RT-PCR,VIRAL RNA,Influenza A virus,No passages prior to sequencing,ILLUMINA,2023-12-12T00:00:00Z,2023-12-12T01:09:00Z,1,24.7,pig20366_day5,14SW6003,SRP477429,mix,H1N1/H3N2 double infection,male
SRR27181523,WGS,300,36156300,"Andrew S. Bowman\, The Ohio State University",PRJNA1051292,SAMN38768388,Viral,15640255,EMORY UNIVERSITY,"Bowman Lab\, OSU",2014-07-16,public,"fastq,run.zq,sra","gs,ncbi,s3","gs.us-east1,ncbi.public,s3.us-east-1",Influenza A infection,SRX22861777,USA,North America,USA: Indiana,Sub_adult,Sus scrofa domesticus,snout,Illumina MiSeq,pigID-37309,nasal wipe,3030938276_ZZYV8WP1_v1_S344,PAIRED,RT-PCR,VIRAL RNA,Influenza A virus,No passages prior to sequencing,ILLUMINA,2023-12-12T00:00:00Z,2023-12-12T01:10:00Z,1,29,pig37309_day5,14SW6002,SRP477429,Berk,,male
SRR27181524,WGS,300,182969100,"Andrew S. Bowman\, The Ohio State University",PRJNA1051292,SAMN38768387,Viral,78165894,EMORY UNIVERSITY,"Bowman Lab\, OSU",2014-07-16,public,"fastq,run.zq,sra","gs,ncbi,s3","gs.us-east1,ncbi.public,s3.us-east-1",Influenza A infection,SRX22861776,USA,North America,USA: Indiana,Sub_adult,Sus scrofa domesticus,snout,Illumina MiSeq,pigID-37310,nasal wipe,3030937979_ZZYV8WGS_v1_S157,PAIRED,RT-PCR,VIRAL RNA,Influenza A virus,No passages prior to sequencing,ILLUMINA,2023-12-12T00:00:00Z,2023-12-12T01:10:00Z,1,22.4,pig37310_day5,14SW6001,SRP477429,Berk,H3N2,male
SRR27181525,WGS,300,88254000,"Andrew S. Bowman\, The Ohio State University",PRJNA1051292,SAMN38768328,Viral,37954696,EMORY UNIVERSITY,"Bowman Lab\, OSU",2014-07-16,public,"fastq,run.zq,sra","gs,ncbi,s3","gs.us-east1,ncbi.public,s3.us-east-1",Influenza A infection,SRX22861774,USA,North America,USA: Indiana,Sub_adult,Sus scrofa domesticus,snout,Illumina MiSeq,pigID-20594,nasal wipe,3030938360_ZZYV8WRD_v1_S340,PAIRED,RT-PCR,VIRAL RNA,Influenza A virus,No passages prior to sequencing,ILLUMINA,2023-12-12T00:00:00Z,2023-12-12T01:10:00Z,1,30.9,pig20594_day5,14SW5897,SRP477429,Spot,H3N2,male
SRR27181526,WGS,300,79497300,"Andrew S. Bowman\, The Ohio State University",PRJNA1051292,SAMN38768327,Viral,34218108,EMORY UNIVERSITY,"Bowman Lab\, OSU",2014-07-16,public,"fastq,run.zq,sra","gs,ncbi,s3","gs.us-east1,ncbi.public,s3.us-east-1",Influenza A infection,SRX22861773,USA,North America,USA: Indiana,Sub_adult,Sus scrofa domesticus,snout,Illumina MiSeq,pigID-37200,nasal wipe,3030938318_ZZYV8WQ7_v1_S324,PAIRED,RT-PCR,VIRAL RNA,Influenza A virus,No passages prior to sequencing,ILLUMINA,2023-12-12T00:00:00Z,2023-12-12T01:10:00Z,1,30.1,pig37200_day5,14SW5896,SRP477429,Poland,H3N2,female
SRR27181527,WGS,300,127265700,"Andrew S. Bowman\, The Ohio State University",PRJNA1051292,SAMN38768326,Viral,54968902,EMORY UNIVERSITY,"Bowman Lab\, OSU",2014-07-16,public,"fastq,run.zq,sra","gs,ncbi,s3","gs.us-east1,ncbi.public,s3.us-east-1",Influenza A infection,SRX22861772,USA,North America,USA: Indiana,Sub_adult,Sus scrofa domesticus,snout,Illumina MiSeq,pigID-37199,nasal wipe,3030938213_ZZYV8WNA_v1_S354,PAIRED,RT-PCR,VIRAL RNA,Influenza A virus,No passages prior to sequencing,ILLUMINA,2023-12-12T00:00:00Z,2023-12-12T01:10:00Z,1,27.7,pig37199_day5,14SW5895,SRP477429,mix,H3N2,male
SRR27181528,WGS,300,142688400,"Andrew S. Bowman\, The Ohio State University",PRJNA1051292,SAMN38768329,Viral,61804475,EMORY UNIVERSITY,"Bowman Lab\, OSU",2014-07-16,public,"fastq,run.zq,sra","gs,ncbi,s3","gs.us-east1,ncbi.public,s3.us-east-1",Influenza A infection,SRX22861775,USA,North America,USA: Indiana,Sub_adult,Sus scrofa domesticus,snout,Illumina MiSeq,pigID-20595,nasal wipe,3030938247_ZZYV8WO8_v1_S108,PAIRED,RT-PCR,VIRAL RNA,Influenza A virus,No passages prior to sequencing,ILLUMINA,2023-12-12T00:00:00Z,2023-12-12T01:11:00Z,1,28.5,pig20595_day5,14SW5898,SRP477429,Spot,H3N2,male
SRR27181529,WGS,300,135791400,"Andrew S. Bowman\, The Ohio State University",PRJNA1051292,SAMN38768325,Viral,58518173,EMORY UNIVERSITY,"Bowman Lab\, OSU",2014-07-16,public,"fastq,run.zq,sra","gs,ncbi,s3","gs.us-east1,ncbi.public,s3.us-east-1",Influenza A infection,SRX22861771,USA,North America,USA: Indiana,Sub_adult,Sus scrofa domesticus,snout,Illumina MiSeq,pigID-37201,nasal wipe,3030938063_ZZYV8WJ4_v1_S341,PAIRED,RT-PCR,VIRAL RNA,Influenza A virus,No passages prior to sequencing,ILLUMINA,2023-12-12T00:00:00Z,2023-12-12T01:12:00Z,1,24.3,pig37201_day5,14SW5894,SRP477429,mix,H3N2,male
SRR27181530,WGS,300,189473700,"Andrew S. Bowman\, The Ohio State University",PRJNA1051292,SAMN38768324,Viral,80642063,EMORY UNIVERSITY,"Bowman Lab\, OSU",2014-07-16,public,"fastq,run.zq,sra","gs,ncbi,s3","gs.us-east1,ncbi.public,s3.us-east-1",Influenza A infection,SRX22861770,USA,North America,USA: Indiana,Sub_adult,Sus scrofa domesticus,snout,Illumina MiSeq,pigID-37285,nasal wipe,3030938074_ZZYV8WJF_v1_S25,PAIRED,RT-PCR,VIRAL RNA,Influenza A virus,No passages prior to sequencing,ILLUMINA,2023-12-12T00:00:00Z,2023-12-12T01:11:00Z,1,24.6,pig37285_day5,14SW5893,SRP477429,Hamp,H3N2,male
SRR27181531,WGS,300,220335900,"Andrew S. Bowman\, The Ohio State University",PRJNA1051292,SAMN38768323,Viral,93158630,EMORY UNIVERSITY,"Bowman Lab\, OSU",2014-07-16,public,"fastq,run.zq,sra","gs,ncbi,s3","gs.us-east1,ncbi.public,s3.us-east-1",Influenza A infection,SRX22861769,USA,North America,USA: Indiana,Sub_adult,Sus scrofa domesticus,snout,Illumina MiSeq,pigID-37286,nasal wipe,3030937961_ZZYV8WGA_v1_S204,PAIRED,RT-PCR,VIRAL RNA,Influenza A virus,No passages prior to sequencing,ILLUMINA,2023-12-12T00:00:00Z,2023-12-12T01:11:00Z,1,22.1,pig37286_day5,14SW5892,SRP477429,Hamp,H1N1/H3N2 double infection,female
SRR27181532,WGS,300,90173400,"Andrew S. Bowman\, The Ohio State University",PRJNA1051292,SAMN38768322,Viral,38313424,EMORY UNIVERSITY,"Bowman Lab\, OSU",2014-07-16,public,"fastq,run.zq,sra","gs,ncbi,s3","gs.us-east1,ncbi.public,s3.us-east-1",Influenza A infection,SRX22861768,USA,North America,USA: Indiana,Sub_adult,Sus scrofa domesticus,snout,Illumina MiSeq,pigID-37133,nasal wipe,3030938121_ZZYV8WKQ_v1_S92,PAIRED,RT-PCR,VIRAL RNA,Influenza A virus,No passages prior to sequencing,ILLUMINA,2023-12-12T00:00:00Z,2023-12-12T01:11:00Z,1,25.7,pig37133_day5,14SW5891,SRP477429,Hamp,H3N2,male
SRR27181533,WGS,300,231336300,"Andrew S. Bowman\, The Ohio State University",PRJNA1051292,SAMN38768320,Viral,98070321,EMORY UNIVERSITY,"Bowman Lab\, OSU",2014-07-16,public,"fastq,run.zq,sra","gs,ncbi,s3","gs.us-east1,ncbi.public,s3.us-east-1",Influenza A infection,SRX22861766,USA,North America,USA: Indiana,Sub_adult,Sus scrofa domesticus,snout,Illumina MiSeq,pigID-20392,nasal wipe,3030937955_ZZYV8WG4_v1_S241,PAIRED,RT-PCR,VIRAL RNA,Influenza A virus,No passages prior to sequencing,ILLUMINA,2023-12-12T00:00:00Z,2023-12-12T01:11:00Z,1,22,pig20392_day5,14SW5889,SRP477429,mix,H3N2,male
SRR27181534,WGS,300,129241500,"Andrew S. Bowman\, The Ohio State University",PRJNA1051292,SAMN38768104,Viral,54952173,EMORY UNIVERSITY,"Bowman Lab\, OSU",2014-07-13,public,"fastq,run.zq,sra","gs,ncbi,s3","gs.us-east1,ncbi.public,s3.us-east-1",Influenza A infection,SRX22861765,USA,North America,USA: Indiana,Sub_adult,Sus scrofa domesticus,snout,Illumina MiSeq,pigID-37279,nasal wipe,3030937882_ZZYV8WE3_v1_S310,PAIRED,RT-PCR,VIRAL RNA,Influenza A virus,No passages prior to sequencing,ILLUMINA,2023-12-12T00:00:00Z,2023-12-12T01:11:00Z,1,18.9,pig37279_day2,14SW4575,SRP477429,,H3N2,
SRR27181535,WGS,300,132638100,"Andrew S. Bowman\, The Ohio State University",PRJNA1051292,SAMN38768319,Viral,57436325,EMORY UNIVERSITY,"Bowman Lab\, OSU",2014-07-16,public,"fastq,run.zq,sra","gs,ncbi,s3","gs.us-east1,ncbi.public,s3.us-east-1",Influenza A infection,SRX22861764,USA,North America,USA: Indiana,Sub_adult,Sus scrofa domesticus,snout,Illumina MiSeq,pigID-20397,nasal wipe,3030938156_ZZYV8WLP_v1_S293,PAIRED,RT-PCR,VIRAL RNA,Influenza A virus,No passages prior to sequencing,ILLUMINA,2023-12-12T00:00:00Z,2023-12-12T01:11:00Z,1,26.5,pig20397_day5,14SW5888,SRP477429,Landrace,H3N2,male
SRR27181536,WGS,300,188478000,"Andrew S. Bowman\, The Ohio State University",PRJNA1051292,SAMN38768321,Viral,80083005,EMORY UNIVERSITY,"Bowman Lab\, OSU",2014-07-16,public,"fastq,run.zq,sra","gs,ncbi,s3","gs.us-east1,ncbi.public,s3.us-east-1",Influenza A infection,SRX22861767,USA,North America,USA: Indiana,Sub_adult,Sus scrofa domesticus,snout,Illumina MiSeq,pigID-1-5,nasal wipe,3030938085_ZZYV8WJQ_v1_S124,PAIRED,RT-PCR,VIRAL RNA,Influenza A virus,No passages prior to sequencing,ILLUMINA,2023-12-12T00:00:00Z,2023-12-12T01:11:00Z,1,24.8,pig1-5_day5,14SW5890,SRP477429,Poland,H3N2,male
SRR27181537,WGS,300,182311200,"Andrew S. Bowman\, The Ohio State University",PRJNA1051292,SAMN38768318,Viral,77803244,EMORY UNIVERSITY,"Bowman Lab\, OSU",2014-07-16,public,"fastq,run.zq,sra","gs,ncbi,s3","gs.us-east1,ncbi.public,s3.us-east-1",Influenza A infection,SRX22861763,USA,North America,USA: Indiana,Sub_adult,Sus scrofa domesticus,snout,Illumina MiSeq,pigID-20387,nasal wipe,3030937950_ZZYV8WFZ_v1_S56,PAIRED,RT-PCR,VIRAL RNA,Influenza A virus,No passages prior to sequencing,ILLUMINA,2023-12-12T00:00:00Z,2023-12-12T01:11:00Z,1,22,pig20387_day5,14SW5887,SRP477429,Duroc,H3N2,male
SRR27181538,WGS,300,111808500,"Andrew S. Bowman\, The Ohio State University",PRJNA1051292,SAMN38768317,Viral,47605476,EMORY UNIVERSITY,"Bowman Lab\, OSU",2014-07-16,public,"fastq,run.zq,sra","gs,ncbi,s3","gs.us-east1,ncbi.public,s3.us-east-1",Influenza A infection,SRX22861762,USA,North America,USA: Indiana,Sub_adult,Sus scrofa domesticus,snout,Illumina MiSeq,pigID-20396,nasal wipe,3030938222_ZZYV8WNJ_v1_S76,PAIRED,RT-PCR,VIRAL RNA,Influenza A virus,No passages prior to sequencing,ILLUMINA,2023-12-12T00:00:00Z,2023-12-12T01:10:00Z,1,28,pig20396_day5,14SW5885,SRP477429,Hamp,H3N2,male
SRR27181539,WGS,300,200188500,"Andrew S. Bowman\, The Ohio State University",PRJNA1051292,SAMN38768316,Viral,85242351,EMORY UNIVERSITY,"Bowman Lab\, OSU",2014-07-16,public,"fastq,run.zq,sra","gs,ncbi,s3","gs.us-east1,ncbi.public,s3.us-east-1",Influenza A infection,SRX22861761,USA,North America,USA: Indiana,Sub_adult,Sus scrofa domesticus,snout,Illumina MiSeq,pigID-20395,nasal wipe,3030938093_ZZYV8WJY_v1_S272,PAIRED,RT-PCR,VIRAL RNA,Influenza A virus,No passages prior to sequencing,ILLUMINA,2023-12-12T00:00:00Z,2023-12-12T01:11:00Z,1,24.9,pig20395_day5,14SW5884,SRP477429,Hamp,H3N2,male
SRR27181540,WGS,300,169005000,"Andrew S. Bowman\, The Ohio State University",PRJNA1051292,SAMN38768315,Viral,73279285,EMORY UNIVERSITY,"Bowman Lab\, OSU",2014-07-16,public,"fastq,run.zq,sra","gs,ncbi,s3","gs.us-east1,ncbi.public,s3.us-east-1",Influenza A infection,SRX22861760,USA,North America,USA: Indiana,Sub_adult,Sus scrofa domesticus,snout,Illumina MiSeq,pigID-37365,nasal wipe,3030938328_ZZYV8WQH_v1_S145,PAIRED,RT-PCR,VIRAL RNA,Influenza A virus,No passages prior to sequencing,ILLUMINA,2023-12-12T00:00:00Z,2023-12-12T01:12:00Z,1,30.3,pig37365_day5,14SW5882,SRP477429,York,,male
SRR27181541,WGS,300,154007100,"Andrew S. Bowman\, The Ohio State University",PRJNA1051292,SAMN38768314,Viral,66066258,EMORY UNIVERSITY,"Bowman Lab\, OSU",2014-07-16,public,"fastq,run.zq,sra","gs,ncbi,s3","gs.us-east1,ncbi.public,s3.us-east-1",Influenza A infection,SRX22861759,USA,North America,USA: Indiana,Sub_adult,Sus scrofa domesticus,snout,Illumina MiSeq,pigID-37326,nasal wipe,3030938042_ZZYV8WIJ_v1_S304,PAIRED,RT-PCR,VIRAL RNA,Influenza A virus,No passages prior to sequencing,ILLUMINA,2023-12-12T00:00:00Z,2023-12-12T01:11:00Z,1,23.9,pig37326_day5,14SW5881,SRP477429,York,H3N2,male
SRR27181542,WGS,300,114071100,"Andrew S. Bowman\, The Ohio State University",PRJNA1051292,SAMN38768313,Viral,48944412,EMORY UNIVERSITY,"Bowman Lab\, OSU",2014-07-16,public,"fastq,run.zq,sra","gs,ncbi,s3","gs.us-east1,ncbi.public,s3.us-east-1",Influenza A infection,SRX22861758,USA,North America,USA: Indiana,Sub_adult,Sus scrofa domesticus,snout,Illumina MiSeq,pigID-37330,nasal wipe,3030938187_ZZYV8WMK_v1_S256,PAIRED,RT-PCR,VIRAL RNA,Influenza A virus,No passages prior to sequencing,ILLUMINA,2023-12-12T00:00:00Z,2023-12-12T01:11:00Z,1,27.2,pig37330_day5,14SW5880,SRP477429,Duroc,H3N2,male
SRR27181543,WGS,300,6542400,"Andrew S. Bowman\, The Ohio State University",PRJNA1051292,SAMN38768312,Viral,2901219,EMORY UNIVERSITY,"Bowman Lab\, OSU",2014-07-16,public,"fastq,run.zq,sra","gs,ncbi,s3","gs.us-east1,ncbi.public,s3.us-east-1",Influenza A infection,SRX22861757,USA,North America,USA: Indiana,Sub_adult,Sus scrofa domesticus,snout,Illumina MiSeq,pigID-37329,nasal wipe,3030938355_ZZYV8WR8_v1_S245,PAIRED,RT-PCR,VIRAL RNA,Influenza A virus,No passages prior to sequencing,ILLUMINA,2023-12-12T00:00:00Z,2023-12-12T01:10:00Z,1,30.8,pig37329_day5,14SW5879,SRP477429,Duroc,H3N2,male
SRR27181544,WGS,300,88396500,"Andrew S. Bowman\, The Ohio State University",PRJNA1051292,SAMN38768311,Viral,37988223,EMORY UNIVERSITY,"Bowman Lab\, OSU",2014-07-16,public,"fastq,run.zq,sra","gs,ncbi,s3","gs.us-east1,ncbi.public,s3.us-east-1",Influenza A infection,SRX22861756,USA,North America,USA: Indiana,Sub_adult,Sus scrofa domesticus,snout,Illumina MiSeq,pigID-20617,nasal wipe,3030938109_ZZYV8WKE_v1_S369,PAIRED,RT-PCR,VIRAL RNA,Influenza A virus,No passages prior to sequencing,ILLUMINA,2023-12-12T00:00:00Z,2023-12-12T01:11:00Z,1,25.3,pig20617_day5,14SW5877,SRP477429,York,H3N2,male
SRR27181545,WGS,300,138490500,"Andrew S. Bowman\, The Ohio State University",PRJNA1051292,SAMN38768310,Viral,59851493,EMORY UNIVERSITY,"Bowman Lab\, OSU",2014-07-16,public,"fastq,run.zq,sra","gs,ncbi,s3","gs.us-east1,ncbi.public,s3.us-east-1",Influenza A infection,SRX22861755,USA,North America,USA: Indiana,Sub_adult,Sus scrofa domesticus,snout,Illumina MiSeq,pigID-20615,nasal wipe,3030938316_ZZYV8WQ5_v1_S44,PAIRED,RT-PCR,VIRAL RNA,Influenza A virus,No passages prior to sequencing,ILLUMINA,2023-12-12T00:00:00Z,2023-12-12T01:10:00Z,1,30,pig20615_day5,14SW5876,SRP477429,York,H3N2,male
SRR27181546,WGS,300,137335500,"Andrew S. Bowman\, The Ohio State University",PRJNA1051292,SAMN38768252,Viral,59032533,EMORY UNIVERSITY,"Bowman Lab\, OSU",2014-07-15,public,"fastq,run.zq,sra","gs,ncbi,s3","gs.us-east1,ncbi.public,s3.us-east-1",Influenza A infection,SRX22861753,USA,North America,USA: Indiana,Sub_adult,Sus scrofa domesticus,snout,Illumina MiSeq,pigID-37158,nasal wipe,3030937984_ZZYV8WGX_v1_S115,PAIRED,RT-PCR,VIRAL RNA,Influenza A virus,No passages prior to sequencing,ILLUMINA,2023-12-12T00:00:00Z,2023-12-12T01:11:00Z,1,22.5,pig37158_day4,14SW5681,SRP477429,York,H1N1,male
SRR27181547,WGS,300,80955300,"Andrew S. Bowman\, The Ohio State University",PRJNA1051292,SAMN38768251,Viral,36293106,EMORY UNIVERSITY,"Bowman Lab\, OSU",2014-07-15,public,"fastq,run.zq,sra","gs,ncbi,s3","gs.us-east1,ncbi.public,s3.us-east-1",Influenza A infection,SRX22861752,USA,North America,USA: Indiana,Sub_adult,Sus scrofa domesticus,snout,Illumina MiSeq,pigID-37156,nasal wipe,3030938278_ZZYV8WP3_v1_S183,PAIRED,RT-PCR,VIRAL RNA,Influenza A virus,No passages prior to sequencing,ILLUMINA,2023-12-12T00:00:00Z,2023-12-12T01:11:00Z,1,29,pig37156_day4,14SW5680,SRP477429,mix,H1N1,male
SRR27181548,WGS,300,155889600,"Andrew S. Bowman\, The Ohio State University",PRJNA1051292,SAMN38768097,Viral,66459152,EMORY UNIVERSITY,"Bowman Lab\, OSU",2014-07-12,public,"fastq,run.zq,sra","gs,ncbi,s3","gs.us-east1,ncbi.public,s3.us-east-1",Influenza A infection,SRX22861750,USA,North America,USA: Indiana,Sub_adult,Sus scrofa domesticus,snout,Illumina MiSeq,pigID-37279,nasal wipe,3030937887_ZZYV8X6C_v1_S194,PAIRED,RT-PCR,VIRAL RNA,Influenza A virus,No passages prior to sequencing,ILLUMINA,2023-12-12T00:00:00Z,2023-12-12T01:11:00Z,1,19.4,pig37279_day1,14SW4482,SRP477429,,H3N2,
SRR27181549,WGS,300,44495400,"Andrew S. Bowman\, The Ohio State University",PRJNA1051292,SAMN38768249,Viral,18955665,EMORY UNIVERSITY,"Bowman Lab\, OSU",2014-07-15,public,"fastq,run.zq,sra","gs,ncbi,s3","gs.us-east1,ncbi.public,s3.us-east-1",Influenza A infection,SRX22861749,USA,North America,USA: Indiana,Sub_adult,Sus scrofa domesticus,snout,Illumina MiSeq,pigID-37160,nasal wipe,3030937917_ZZYV8WF2_v1_S361,PAIRED,RT-PCR,VIRAL RNA,Influenza A virus,No passages prior to sequencing,ILLUMINA,2023-12-12T00:00:00Z,2023-12-12T01:11:00Z,1,20.6,pig37160_day4,14SW5676,SRP477429,Hamp,H1N1,female
SRR27181550,WGS,300,134197200,"Andrew S. Bowman\, The Ohio State University",PRJNA1051292,SAMN38768248,Viral,57794444,EMORY UNIVERSITY,"Bowman Lab\, OSU",2014-07-15,public,"fastq,run.zq,sra","gs,ncbi,s3","gs.us-east1,ncbi.public,s3.us-east-1",Influenza A infection,SRX22861748,USA,North America,USA: Indiana,Sub_adult,Sus scrofa domesticus,snout,Illumina MiSeq,pigID-37262,nasal wipe,3030938310_ZZYV8WPZ_v1_S295,PAIRED,RT-PCR,VIRAL RNA,Influenza A virus,No passages prior to sequencing,ILLUMINA,2023-12-12T00:00:00Z,2023-12-12T01:11:00Z,1,29.8,pig37262_day4,14SW5660,SRP477429,Spot,H1N1,male
SRR27181551,WGS,300,130154100,"Andrew S. Bowman\, The Ohio State University",PRJNA1051292,SAMN38768250,Viral,55306406,EMORY UNIVERSITY,"Bowman Lab\, OSU",2014-07-15,public,"fastq,run.zq,sra","gs,ncbi,s3","gs.us-east1,ncbi.public,s3.us-east-1",Influenza A infection,SRX22861751,USA,North America,USA: Indiana,Sub_adult,Sus scrofa domesticus,snout,Illumina MiSeq,pigID-37157,nasal wipe,3030938159_ZZYV8WLS_v1_S35,PAIRED,RT-PCR,VIRAL RNA,Influenza A virus,No passages prior to sequencing,ILLUMINA,2023-12-12T00:00:00Z,2023-12-12T01:11:00Z,1,26.5,pig37157_day4,14SW5679,SRP477429,mix,H1N1,male
SRR27181552,WGS,300,18900,"Andrew S. Bowman\, The Ohio State University",PRJNA1051292,SAMN38768247,Viral,71296,EMORY UNIVERSITY,"Bowman Lab\, OSU",2014-07-15,public,"fastq,sra","gs,ncbi,s3","gs.us-east1,ncbi.public,s3.us-east-1",Influenza A infection,SRX22861747,USA,North America,USA: Indiana,Sub_adult,Sus scrofa domesticus,snout,Illumina MiSeq,pigID-37209,nasal wipe,3030937980_ZZYV8WGT_v1_S347,PAIRED,RT-PCR,VIRAL RNA,Influenza A virus,No passages prior to sequencing,ILLUMINA,2023-12-12T00:00:00Z,2023-12-12T01:09:00Z,1,22.4,pig37209_day4,14SW5653,SRP477429,Spot,,female
SRR27181553,WGS,300,181051200,"Andrew S. Bowman\, The Ohio State University",PRJNA1051292,SAMN38768246,Viral,77425215,EMORY UNIVERSITY,"Bowman Lab\, OSU",2014-07-15,public,"fastq,run.zq,sra","gs,ncbi,s3","gs.us-east1,ncbi.public,s3.us-east-1",Influenza A infection,SRX22861746,USA,North America,USA: Indiana,Sub_adult,Sus scrofa domesticus,snout,Illumina MiSeq,pigID-37185,nasal wipe,3030938352_ZZYV8WR5_v1_S163,PAIRED,RT-PCR,VIRAL RNA,Influenza A virus,No passages prior to sequencing,ILLUMINA,2023-12-12T00:00:00Z,2023-12-12T01:11:00Z,1,30.8,pig37185_day4,14SW5651,SRP477429,mix,H1N1,male
SRR27181554,WGS,300,197030700,"Andrew S. Bowman\, The Ohio State University",PRJNA1051292,SAMN38768245,Viral,83474379,EMORY UNIVERSITY,"Bowman Lab\, OSU",2014-07-15,public,"fastq,run.zq,sra","gs,ncbi,s3","gs.us-east1,ncbi.public,s3.us-east-1",Influenza A infection,SRX22861745,USA,North America,USA: Indiana,Sub_adult,Sus scrofa domesticus,snout,Illumina MiSeq,pigID-37184,nasal wipe,3030937946_ZZYV8WFV_v1_S247,PAIRED,RT-PCR,VIRAL RNA,Influenza A virus,No passages prior to sequencing,ILLUMINA,2023-12-12T00:00:00Z,2023-12-12T01:12:00Z,1,21.8,pig37184_day4,14SW5650,SRP477429,mix,H1N1,male
SRR27181555,WGS,300,148839000,"Andrew S. Bowman\, The Ohio State University",PRJNA1051292,SAMN38768244,Viral,64056326,EMORY UNIVERSITY,"Bowman Lab\, OSU",2014-07-15,public,"fastq,run.zq,sra","gs,ncbi,s3","gs.us-east1,ncbi.public,s3.us-east-1",Influenza A infection,SRX22861744,USA,North America,USA: Indiana,Sub_adult,Sus scrofa domesticus,snout,Illumina MiSeq,pigID-37101,nasal wipe,3030938258_ZZYV8WOJ_v1_S336,PAIRED,RT-PCR,VIRAL RNA,Influenza A virus,No passages prior to sequencing,ILLUMINA,2023-12-12T00:00:00Z,2023-12-12T01:12:00Z,1,28.7,pig37101_day4,14SW5649,SRP477429,mix,H1N1,female
SRR27181556,WGS,300,105541800,"Andrew S. Bowman\, The Ohio State University",PRJNA1051292,SAMN38768243,Viral,45571425,EMORY UNIVERSITY,"Bowman Lab\, OSU",2014-07-15,public,"fastq,run.zq,sra","gs,ncbi,s3","gs.us-east1,ncbi.public,s3.us-east-1",Influenza A infection,SRX22861743,USA,North America,USA: Indiana,Sub_adult,Sus scrofa domesticus,snout,Illumina MiSeq,pigID-37102,nasal wipe,3030938359_ZZYV8WRC_v1_S263,PAIRED,RT-PCR,VIRAL RNA,Influenza A virus,No passages prior to sequencing,ILLUMINA,2023-12-12T00:00:00Z,2023-12-12T01:11:00Z,1,30.9,pig37102_day4,14SW5648,SRP477429,mix,,male
SRR27181557,WGS,300,3330300,"Andrew S. Bowman\, The Ohio State University",PRJNA1051292,SAMN38768242,Viral,1501678,EMORY UNIVERSITY,"Bowman Lab\, OSU",2014-07-15,public,"fastq,run.zq,sra","gs,ncbi,s3","gs.us-east1,ncbi.public,s3.us-east-1",Influenza A infection,SRX22861742,USA,North America,USA: Indiana,Sub_adult,Sus scrofa domesticus,snout,Illumina MiSeq,pigID-37151,nasal wipe,3030938302_ZZYV8WPR_v1_S17,PAIRED,RT-PCR,VIRAL RNA,Influenza A virus,No passages prior to sequencing,ILLUMINA,2023-12-12T00:00:00Z,2023-12-12T01:10:00Z,1,29.5,pig37151_day4,14SW5646,SRP477429,Hereford,H1N1/H3N2 double infection,
SRR27181558,WGS,300,126787800,"Andrew S. Bowman\, The Ohio State University",PRJNA1051292,SAMN38768241,Viral,54442352,EMORY UNIVERSITY,"Bowman Lab\, OSU",2014-07-15,public,"fastq,run.zq,sra","gs,ncbi,s3","gs.us-east1,ncbi.public,s3.us-east-1",Influenza A infection,SRX22861741,USA,North America,USA: Indiana,Sub_adult,Sus scrofa domesticus,snout,Illumina MiSeq,pigID-37301,nasal wipe,3030938283_ZZYV8WP8_v1_S283,PAIRED,RT-PCR,VIRAL RNA,Influenza A virus,No passages prior to sequencing,ILLUMINA,2023-12-12T00:00:00Z,2023-12-12T01:11:00Z,1,29.1,pig37301_day4,14SW5642,SRP477429,York,H1N1,male
SRR27181559,WGS,300,145457100,"Andrew S. Bowman\, The Ohio State University",PRJNA1051292,SAMN38768240,Viral,62784942,EMORY UNIVERSITY,"Bowman Lab\, OSU",2014-07-15,public,"fastq,run.zq,sra","gs,ncbi,s3","gs.us-east1,ncbi.public,s3.us-east-1",Influenza A infection,SRX22861740,USA,North America,USA: Indiana,Sub_adult,Sus scrofa domesticus,snout,Illumina MiSeq,pigID-20467,nasal wipe,3030938295_ZZYV8WPK_v1_S211,PAIRED,RT-PCR,VIRAL RNA,Influenza A virus,No passages prior to sequencing,ILLUMINA,2023-12-12T00:00:00Z,2023-12-12T01:11:00Z,1,29.5,pig20467_day4,14SW5635,SRP477429,mix,H1N1,male
SRR27181560,WGS,300,180072300,"Andrew S. Bowman\, The Ohio State University",PRJNA1051292,SAMN38768096,Viral,76933818,EMORY UNIVERSITY,"Bowman Lab\, OSU",2014-07-12,public,"fastq,run.zq,sra","gs,ncbi,s3","gs.us-east1,ncbi.public,s3.us-east-1",Influenza A infection,SRX22861739,USA,North America,USA: Indiana,Sub_adult,Sus scrofa domesticus,snout,Illumina MiSeq,pigID-20644,nasal wipe,3030937906_ZZYV8X6V_v1_S46,PAIRED,RT-PCR,VIRAL RNA,Influenza A virus,No passages prior to sequencing,ILLUMINA,2023-12-12T00:00:00Z,2023-12-12T01:11:00Z,1,20.1,pig20644_day1,14SW4481,SRP477429,mix,H3N2,female
SRR27181561,WGS,300,137592900,"Andrew S. Bowman\, The Ohio State University",PRJNA1051292,SAMN38768238,Viral,58332780,EMORY UNIVERSITY,"Bowman Lab\, OSU",2014-07-15,public,"fastq,run.zq,sra","gs,ncbi,s3","gs.us-east1,ncbi.public,s3.us-east-1",Influenza A infection,SRX22861737,USA,North America,USA: Indiana,Sub_adult,Sus scrofa domesticus,snout,Illumina MiSeq,pigID-20368,nasal wipe,3030938319_ZZYV8WQ8_v1_S311,PAIRED,RT-PCR,VIRAL RNA,Influenza A virus,No passages prior to sequencing,ILLUMINA,2023-12-12T00:00:00Z,2023-12-12T01:11:00Z,1,30.1,pig20368_day4,14SW5612,SRP477429,Duroc,H1N1,male
SRR27181562,WGS,300,110775900,"Andrew S. Bowman\, The Ohio State University",PRJNA1051292,SAMN38768237,Viral,47265175,EMORY UNIVERSITY,"Bowman Lab\, OSU",2014-07-15,public,"fastq,run.zq,sra","gs,ncbi,s3","gs.us-east1,ncbi.public,s3.us-east-1",Influenza A infection,SRX22861736,USA,North America,USA: Indiana,Sub_adult,Sus scrofa domesticus,snout,Illumina MiSeq,pigID-20367,nasal wipe,3030938148_ZZYV8WLH_v1_S331,PAIRED,RT-PCR,VIRAL RNA,Influenza A virus,No passages prior to sequencing,ILLUMINA,2023-12-12T00:00:00Z,2023-12-12T01:11:00Z,1,26.2,pig20367_day4,14SW5611,SRP477429,York,H1N1,male
SRR27181563,WGS,237,1486045267,"Andrew S. Bowman\, The Ohio State University",PRJNA1051292,SAMN38768579,Viral,533239885,EMORY UNIVERSITY,"Bowman Lab\, OSU",2014-07-17,public,"fastq,run.zq,sra","gs,ncbi,s3","gs.us-east1,ncbi.public,s3.us-east-1",Influenza A infection,SRX22862171,USA,North America,USA: Indiana,Sub_adult,Sus scrofa domesticus,snout,Illumina NovaSeq 6000,pigID-37356,nasal wipe,3030938011_ZZYV1QMZ_v2_S95,PAIRED,RT-PCR,VIRAL RNA,Influenza A virus,No passages prior to sequencing,ILLUMINA,2023-12-12T00:00:00Z,2023-12-12T01:14:00Z,1,23,pig37356_day6,14SW6341,SRP477429,Spot,H3N2,male
SRR27181564,WGS,238,1509610407,"Andrew S. Bowman\, The Ohio State University",PRJNA1051292,SAMN38768578,Viral,539085721,EMORY UNIVERSITY,"Bowman Lab\, OSU",2014-07-17,public,"fastq,run.zq,sra","gs,ncbi,s3","gs.us-east1,ncbi.public,s3.us-east-1",Influenza A infection,SRX22862170,USA,North America,USA: Indiana,Sub_adult,Sus scrofa domesticus,snout,Illumina NovaSeq 6000,pigID-37341,nasal wipe,3030937952_ZZYV1QLM_v2_S82,PAIRED,RT-PCR,VIRAL RNA,Influenza A virus,No passages prior to sequencing,ILLUMINA,2023-12-12T00:00:00Z,2023-12-12T01:14:00Z,1,22,pig37341_day6,14SW6340,SRP477429,mix,H3N2,male
SRR27181565,WGS,252,1440362186,"Andrew S. Bowman\, The Ohio State University",PRJNA1051292,SAMN38768577,Viral,515463666,EMORY UNIVERSITY,"Bowman Lab\, OSU",2014-07-17,public,"fastq,run.zq,sra","gs,ncbi,s3","gs.us-east1,ncbi.public,s3.us-east-1",Influenza A infection,SRX22862169,USA,North America,USA: Indiana,Sub_adult,Sus scrofa domesticus,snout,Illumina NovaSeq 6000,pigID-37340,nasal wipe,3030937948_ZZYV1QLI_v2_S69,PAIRED,RT-PCR,VIRAL RNA,Influenza A virus,No passages prior to sequencing,ILLUMINA,2023-12-12T00:00:00Z,2023-12-12T01:13:00Z,1,21.9,pig37340_day6,14SW6339,SRP477429,mix,H3N2,male
SRR27181566,WGS,253,3628956578,"Andrew S. Bowman\, The Ohio State University",PRJNA1051292,SAMN38768580,Viral,1292618534,EMORY UNIVERSITY,"Bowman Lab\, OSU",2014-07-17,public,"fastq,run.zq,sra","gs,ncbi,s3","gs.us-east1,ncbi.public,s3.us-east-1",Influenza A infection,SRX22862172,USA,North America,USA: Indiana,Sub_adult,Sus scrofa domesticus,snout,Illumina NovaSeq 6000,pigID-20512,nasal wipe,3030938231_ZZYV1QRY_v2_S98,PAIRED,RT-PCR,VIRAL RNA,Influenza A virus,No passages prior to sequencing,ILLUMINA,2023-12-12T00:00:00Z,2023-12-12T01:19:00Z,1,28.1,pig20512_day6,14SW6342,SRP477429,Duroc,H3N2,male
SRR27181567,WGS,234,1365078889,"Andrew S. Bowman\, The Ohio State University",PRJNA1051292,SAMN38768576,Viral,486090089,EMORY UNIVERSITY,"Bowman Lab\, OSU",2014-07-17,public,"fastq,run.zq,sra","gs,ncbi,s3","gs.us-east1,ncbi.public,s3.us-east-1",Influenza A infection,SRX22862168,USA,North America,USA: Indiana,Sub_adult,Sus scrofa domesticus,snout,Illumina NovaSeq 6000,pigID-37126,nasal wipe,3030938180_ZZYV1QQW_v2_S56,PAIRED,RT-PCR,VIRAL RNA,Influenza A virus,No passages prior to sequencing,ILLUMINA,2023-12-12T00:00:00Z,2023-12-12T01:12:00Z,1,27.1,pig37126_day6,14SW6337,SRP477429,York,H1N1/H3N2 double infection,male
SRR27181568,WGS,250,1608766847,"Andrew S. Bowman\, The Ohio State University",PRJNA1051292,SAMN38768575,Viral,576671554,EMORY UNIVERSITY,"Bowman Lab\, OSU",2014-07-17,public,"fastq,run.zq,sra","gs,ncbi,s3","gs.us-east1,ncbi.public,s3.us-east-1",Influenza A infection,SRX22862167,USA,North America,USA: Indiana,Sub_adult,Sus scrofa domesticus,snout,Illumina NovaSeq 6000,pigID-37250,nasal wipe,3030937915_ZZYV1QKS_v2_S43,PAIRED,RT-PCR,VIRAL RNA,Influenza A virus,No passages prior to sequencing,ILLUMINA,2023-12-12T00:00:00Z,2023-12-12T01:13:00Z,1,20.5,pig37250_day6,14SW6333,SRP477429,mix,H3N2,female
SRR27181569,WGS,245,1515570675,"Andrew S. Bowman\, The Ohio State University",PRJNA1051292,SAMN38768573,Viral,541526729,EMORY UNIVERSITY,"Bowman Lab\, OSU",2014-07-17,public,"fastq,run.zq,sra","gs,ncbi,s3","gs.us-east1,ncbi.public,s3.us-east-1",Influenza A infection,SRX22862166,USA,North America,USA: Indiana,Sub_adult,Sus scrofa domesticus,snout,Illumina NovaSeq 6000,pigID-37178,nasal wipe,3030937945_ZZYV1QLF_v2_S5,PAIRED,RT-PCR,VIRAL RNA,Influenza A virus,No passages prior to sequencing,ILLUMINA,2023-12-12T00:00:00Z,2023-12-12T01:13:00Z,1,21.8,pig37178_day6,14SW6331,SRP477429,Duroc,H3N2,male
SRR27181570,WGS,300,93188700,"Andrew S. Bowman\, The Ohio State University",PRJNA1051292,SAMN38768167,Viral,39733817,EMORY UNIVERSITY,"Bowman Lab\, OSU",2014-07-14,public,"fastq,run.zq,sra","gs,ncbi,s3","gs.us-east1,ncbi.public,s3.us-east-1",Influenza A infection,SRX22862165,USA,North America,USA: Indiana,Sub_adult,Sus scrofa domesticus,snout,Illumina MiSeq,pigID-20579,nasal wipe,3030937938_ZZYV8WFN_v1_S38,PAIRED,RT-PCR,VIRAL RNA,Influenza A virus,No passages prior to sequencing,ILLUMINA,2023-12-12T00:00:00Z,2023-12-12T01:11:00Z,1,21.4,pig20579_day3,14SW5344,SRP477429,mix,H3N2,female
SRR27181571,WGS,245,2812033068,"Andrew S. Bowman\, The Ohio State University",PRJNA1051292,SAMN38768571,Viral,1012753586,EMORY UNIVERSITY,"Bowman Lab\, OSU",2014-07-17,public,"fastq,run.zq,sra","gs,ncbi,s3","gs.us-east1,ncbi.public,s3.us-east-1",Influenza A infection,SRX22862163,USA,North America,USA: Indiana,Sub_adult,Sus scrofa domesticus,snout,Illumina NovaSeq 6000,pigID-20576,nasal wipe,3030938043_ZZYV1QNP_v2_S114,PAIRED,RT-PCR,VIRAL RNA,Influenza A virus,No passages prior to sequencing,ILLUMINA,2023-12-12T00:00:00Z,2023-12-12T01:14:00Z,1,23.9,pig20576_day6,14SW6328,SRP477429,mix,H3N2,female
SRR27181572,WGS,224,1512322084,"Andrew S. Bowman\, The Ohio State University",PRJNA1051292,SAMN38768570,Viral,539703389,EMORY UNIVERSITY,"Bowman Lab\, OSU",2014-07-17,public,"fastq,run.zq,sra","gs,ncbi,s3","gs.us-east1,ncbi.public,s3.us-east-1",Influenza A infection,SRX22862162,USA,North America,USA: Indiana,Sub_adult,Sus scrofa domesticus,snout,Illumina NovaSeq 6000,pigID-37331,nasal wipe,3030938155_ZZYV1QQA_v2_S83,PAIRED,RT-PCR,VIRAL RNA,Influenza A virus,No passages prior to sequencing,ILLUMINA,2023-12-12T00:00:00Z,2023-12-12T01:14:00Z,1,26.4,pig37331_day6,14SW6326,SRP477429,mix,H3N2,male
SRR27181573,WGS,241,1754089465,"Andrew S. Bowman\, The Ohio State University",PRJNA1051292,SAMN38768569,Viral,626410548,EMORY UNIVERSITY,"Bowman Lab\, OSU",2014-07-17,public,"fastq,run.zq,sra","gs,ncbi,s3","gs.us-east1,ncbi.public,s3.us-east-1",Influenza A infection,SRX22862161,USA,North America,USA: Indiana,Sub_adult,Sus scrofa domesticus,snout,Illumina NovaSeq 6000,pigID-20581,nasal wipe,3030937904_ZZYV1QKH_v2_S70,PAIRED,RT-PCR,VIRAL RNA,Influenza A virus,No passages prior to sequencing,ILLUMINA,2023-12-12T00:00:00Z,2023-12-12T01:13:00Z,1,20,pig20581_day6,14SW6325,SRP477429,mix,H3N2,male
SRR27181574,WGS,259,3334547284,"Andrew S. Bowman\, The Ohio State University",PRJNA1051292,SAMN38768572,Viral,1192297943,EMORY UNIVERSITY,"Bowman Lab\, OSU",2014-07-17,public,"fastq,run.zq,sra","gs,ncbi,s3","gs.us-east1,ncbi.public,s3.us-east-1",Influenza A infection,SRX22862164,USA,North America,USA: Indiana,Sub_adult,Sus scrofa domesticus,snout,Illumina NovaSeq 6000,pigID-37179,nasal wipe,3030938098_ZZYV1QOX_v2_S97,PAIRED,RT-PCR,VIRAL RNA,Influenza A virus,No passages prior to sequencing,ILLUMINA,2023-12-12T00:00:00Z,2023-12-12T01:16:00Z,1,25,pig37179_day6,14SW6330,SRP477429,Hamp,H3N2,male
SRR27181575,WGS,231,1403794392,"Andrew S. Bowman\, The Ohio State University",PRJNA1051292,SAMN38768568,Viral,498194217,EMORY UNIVERSITY,"Bowman Lab\, OSU",2014-07-17,public,"fastq,run.zq,sra","gs,ncbi,s3","gs.us-east1,ncbi.public,s3.us-east-1",Influenza A infection,SRX22862160,USA,North America,USA: Indiana,Sub_adult,Sus scrofa domesticus,snout,Illumina NovaSeq 6000,pigID-37333,nasal wipe,3030938127_ZZYV1QPK_v2_S57,PAIRED,RT-PCR,VIRAL RNA,Influenza A virus,No passages prior to sequencing,ILLUMINA,2023-12-12T00:00:00Z,2023-12-12T01:13:00Z,1,25.8,pig37333_day6,14SW6324,SRP477429,mix,H3N2,male
SRR27181576,WGS,252,1081562683,"Andrew S. Bowman\, The Ohio State University",PRJNA1051292,SAMN38768567,Viral,387947078,EMORY UNIVERSITY,"Bowman Lab\, OSU",2014-07-17,public,"fastq,run.zq,sra","gs,ncbi,s3","gs.us-east1,ncbi.public,s3.us-east-1",Influenza A infection,SRX22861946,USA,North America,USA: Indiana,Sub_adult,Sus scrofa domesticus,snout,Illumina NovaSeq 6000,pigID-20579,nasal wipe,3030938055_ZZYV1QO0_v2_S44,PAIRED,RT-PCR,VIRAL RNA,Influenza A virus,No passages prior to sequencing,ILLUMINA,2023-12-12T00:00:00Z,2023-12-12T01:13:00Z,1,24.1,pig20579_day6,14SW6323,SRP477429,mix,H3N2,female
SRR27181577,WGS,250,1039324928,"Andrew S. Bowman\, The Ohio State University",PRJNA1051292,SAMN38768502,Viral,371472359,EMORY UNIVERSITY,"Bowman Lab\, OSU",2014-07-17,public,"fastq,run.zq,sra","gs,ncbi,s3","gs.us-east1,ncbi.public,s3.us-east-1",Influenza A infection,SRX22862158,USA,North America,USA: Indiana,Sub_adult,Sus scrofa domesticus,snout,Illumina NovaSeq 6000,pigID-37199,nasal wipe,3030938105_ZZYV1QP3_v2_S120,PAIRED,RT-PCR,VIRAL RNA,Influenza A virus,No passages prior to sequencing,ILLUMINA,2023-12-12T00:00:00Z,2023-12-12T01:12:00Z,1,25.2,pig37199_day6,14SW6223,SRP477429,mix,H3N2,male
SRR27181578,WGS,270,1137119637,"Andrew S. Bowman\, The Ohio State University",PRJNA1051292,SAMN38768501,Viral,405850501,EMORY UNIVERSITY,"Bowman Lab\, OSU",2014-07-17,public,"fastq,run.zq,sra","gs,ncbi,s3","gs.us-east1,ncbi.public,s3.us-east-1",Influenza A infection,SRX22862157,USA,North America,USA: Indiana,Sub_adult,Sus scrofa domesticus,snout,Illumina NovaSeq 6000,pigID-37201,nasal wipe,3030937949_ZZYV1QLJ_v2_S108,PAIRED,RT-PCR,VIRAL RNA,Influenza A virus,No passages prior to sequencing,ILLUMINA,2023-12-12T00:00:00Z,2023-12-12T01:12:00Z,1,21.9,pig37201_day6,14SW6222,SRP477429,mix,H3N2,male
SRR27181579,WGS,271,779178214,"Andrew S. Bowman\, The Ohio State University",PRJNA1051292,SAMN38768499,Viral,280415030,EMORY UNIVERSITY,"Bowman Lab\, OSU",2014-07-17,public,"fastq,run.zq,sra","gs,ncbi,s3","gs.us-east1,ncbi.public,s3.us-east-1",Influenza A infection,SRX22862155,USA,North America,USA: Indiana,Sub_adult,Sus scrofa domesticus,snout,Illumina NovaSeq 6000,pigID-37285,nasal wipe,3030938134_ZZYV1QPR_v2_S191,PAIRED,RT-PCR,VIRAL RNA,Influenza A virus,No passages prior to sequencing,ILLUMINA,2023-12-12T00:00:00Z,2023-12-12T01:12:00Z,1,25.9,pig37285_day6,14SW6220,SRP477429,Hamp,H3N2,male
SRR27181580,WGS,264,1076998460,"Andrew S. Bowman\, The Ohio State University",PRJNA1051292,SAMN38768498,Viral,388883634,EMORY UNIVERSITY,"Bowman Lab\, OSU",2014-07-17,public,"fastq,run.zq,sra","gs,ncbi,s3","gs.us-east1,ncbi.public,s3.us-east-1",Influenza A infection,SRX22862154,USA,North America,USA: Indiana,Sub_adult,Sus scrofa domesticus,snout,Illumina NovaSeq 6000,pigID-37133,nasal wipe,3030938340_ZZYUQM9J_v2_S179,PAIRED,RT-PCR,VIRAL RNA,Influenza A virus,No passages prior to sequencing,ILLUMINA,2023-12-12T00:00:00Z,2023-12-12T01:12:00Z,1,30.5,pig37133_day6,14SW6219,SRP477429,Hamp,H3N2,male
SRR27181581,WGS,275,447439856,"Andrew S. Bowman\, The Ohio State University",PRJNA1051292,SAMN38768496,Viral,160391316,EMORY UNIVERSITY,"Bowman Lab\, OSU",2014-07-17,public,"fastq,run.zq,sra","gs,ncbi,s3","gs.us-east1,ncbi.public,s3.us-east-1",Influenza A infection,SRX22862153,USA,North America,USA: Indiana,Sub_adult,Sus scrofa domesticus,snout,Illumina NovaSeq 6000,pigID-20397,nasal wipe,3030938140_ZZYV1QPW_v2_S155,PAIRED,RT-PCR,VIRAL RNA,Influenza A virus,No passages prior to sequencing,ILLUMINA,2023-12-12T00:00:00Z,2023-12-12T01:12:00Z,1,26,pig20397_day6,14SW6217,SRP477429,Landrace,H3N2,male
SRR27181582,WGS,240,1650638018,"Andrew S. Bowman\, The Ohio State University",PRJNA1051292,SAMN38768500,Viral,589320279,EMORY UNIVERSITY,"Bowman Lab\, OSU",2014-07-17,public,"fastq,run.zq,sra","gs,ncbi,s3","gs.us-east1,ncbi.public,s3.us-east-1",Influenza A infection,SRX22862156,USA,North America,USA: Indiana,Sub_adult,Sus scrofa domesticus,snout,Illumina NovaSeq 6000,pigID-37286,nasal wipe,3030938160_ZZYV1QQF_v2_S21,PAIRED,RT-PCR,VIRAL RNA,Influenza A virus,No passages prior to sequencing,ILLUMINA,2023-12-12T00:00:00Z,2023-12-12T01:14:00Z,1,26.5,pig37286_day6,14SW6221,SRP477429,Hamp,H1N1/H3N2 double infection,female
SRR27181583,WGS,300,143140800,"Andrew S. Bowman\, The Ohio State University",PRJNA1051292,SAMN38768160,Viral,61017044,EMORY UNIVERSITY,"Bowman Lab\, OSU",2014-07-14,public,"fastq,run.zq,sra","gs,ncbi,s3","gs.us-east1,ncbi.public,s3.us-east-1",Influenza A infection,SRX22862152,USA,North America,USA: Indiana,Sub_adult,Sus scrofa domesticus,snout,Illumina MiSeq,pigID-20592,nasal wipe,3030938110_ZZYV8WKF_v1_S143,PAIRED,RT-PCR,VIRAL RNA,Influenza A virus,No passages prior to sequencing,ILLUMINA,2023-12-12T00:00:00Z,2023-12-12T01:11:00Z,1,25.3,pig20592_day3,14SW5293,SRP477429,Duroc,H3N2,male
SRR27181584,WGS,220,2105837350,"Andrew S. Bowman\, The Ohio State University",PRJNA1051292,SAMN38768574,Viral,754054978,EMORY UNIVERSITY,"Bowman Lab\, OSU",2014-07-17,public,"fastq,run.zq,sra","gs,ncbi,s3","gs.us-east1,ncbi.public,s3.us-east-1",Influenza A infection,SRX22862151,USA,North America,USA: Indiana,Sub_adult,Sus scrofa domesticus,snout,Illumina NovaSeq 6000,pigID-37177,nasal wipe,3030938211_ZZYV1QRI_v2_S30,PAIRED,RT-PCR,VIRAL RNA,Influenza A virus,No passages prior to sequencing,ILLUMINA,2023-12-12T00:00:00Z,2023-12-12T01:15:00Z,1,27.7,pig37177_day6,14SW6332,SRP477429,York,H3N2,male
SRR27181585,WGS,277,1975327002,"Andrew S. Bowman\, The Ohio State University",PRJNA1051292,SAMN38768495,Viral,705734528,EMORY UNIVERSITY,"Bowman Lab\, OSU",2014-07-17,public,"fastq,run.zq,sra","gs,ncbi,s3","gs.us-east1,ncbi.public,s3.us-east-1",Influenza A infection,SRX22862150,USA,North America,USA: Indiana,Sub_adult,Sus scrofa domesticus,snout,Illumina NovaSeq 6000,pigID-20396,nasal wipe,3030938189_ZZYV1QR4_v2_S143,PAIRED,RT-PCR,VIRAL RNA,Influenza A virus,No passages prior to sequencing,ILLUMINA,2023-12-12T00:00:00Z,2023-12-12T01:12:00Z,1,27.3,pig20396_day6,14SW6216,SRP477429,Hamp,H3N2,male
SRR27181586,WGS,252,1706972717,"Andrew S. Bowman\, The Ohio State University",PRJNA1051292,SAMN38768494,Viral,608068888,EMORY UNIVERSITY,"Bowman Lab\, OSU",2014-07-17,public,"fastq,run.zq,sra","gs,ncbi,s3","gs.us-east1,ncbi.public,s3.us-east-1",Influenza A infection,SRX22862149,USA,North America,USA: Indiana,Sub_adult,Sus scrofa domesticus,snout,Illumina NovaSeq 6000,pigID-37326,nasal wipe,3030937982_ZZYV1QMC_v2_S8,PAIRED,RT-PCR,VIRAL RNA,Influenza A virus,No passages prior to sequencing,ILLUMINA,2023-12-12T00:00:00Z,2023-12-12T01:12:00Z,1,22.5,pig37326_day6,14SW6215,SRP477429,York,H3N2,male
SRR27181587,WGS,273,955557307,"Andrew S. Bowman\, The Ohio State University",PRJNA1051292,SAMN38768492,Viral,339236639,EMORY UNIVERSITY,"Bowman Lab\, OSU",2014-07-17,public,"fastq,run.zq,sra","gs,ncbi,s3","gs.us-east1,ncbi.public,s3.us-east-1",Influenza A infection,SRX22862147,USA,North America,USA: Indiana,Sub_adult,Sus scrofa domesticus,snout,Illumina NovaSeq 6000,pigID-37330,nasal wipe,3030938060_ZZYV1QO5_v2_S119,PAIRED,RT-PCR,VIRAL RNA,Influenza A virus,No passages prior to sequencing,ILLUMINA,2023-12-12T00:00:00Z,2023-12-12T01:12:00Z,1,24.2,pig37330_day6,14SW6212,SRP477429,Duroc,H3N2,male
SRR27181588,WGS,277,865571034,"Andrew S. Bowman\, The Ohio State University",PRJNA1051292,SAMN38768491,Viral,309068018,EMORY UNIVERSITY,"Bowman Lab\, OSU",2014-07-17,public,"fastq,run.zq,sra","gs,ncbi,s3","gs.us-east1,ncbi.public,s3.us-east-1",Influenza A infection,SRX22862146,USA,North America,USA: Indiana,Sub_adult,Sus scrofa domesticus,snout,Illumina NovaSeq 6000,pigID-37120,nasal wipe,3030937869_ZZYV1QJO_v2_S107,PAIRED,RT-PCR,VIRAL RNA,Influenza A virus,No passages prior to sequencing,ILLUMINA,2023-12-12T00:00:00Z,2023-12-12T01:12:00Z,1,17.5,pig37120_day6,14SW6208,SRP477429,Berk,H3N2,male
SRR27181589,WGS,265,855968462,"Andrew S. Bowman\, The Ohio State University",PRJNA1051292,SAMN38768490,Viral,327761552,EMORY UNIVERSITY,"Bowman Lab\, OSU",2014-07-17,public,"fastq,run.zq,sra","gs,ncbi,s3","gs.us-east1,ncbi.public,s3.us-east-1",Influenza A infection,SRX22862145,USA,North America,USA: Indiana,Sub_adult,Sus scrofa domesticus,snout,Illumina NovaSeq 6000,pigID-20352,nasal wipe,3030937996_ZZYV1QMO_v2_S190,PAIRED,RT-PCR,VIRAL RNA,Influenza A virus,No passages prior to sequencing,ILLUMINA,2023-12-12T00:00:00Z,2023-12-12T01:12:00Z,1,22.7,pig20352_day6,14SW6207,SRP477429,York,H3N2,male
SRR27181590,WGS,275,933068145,"Andrew S. Bowman\, The Ohio State University",PRJNA1051292,SAMN38768493,Viral,334176214,EMORY UNIVERSITY,"Bowman Lab\, OSU",2014-07-17,public,"fastq,run.zq,sra","gs,ncbi,s3","gs.us-east1,ncbi.public,s3.us-east-1",Influenza A infection,SRX22862148,USA,North America,USA: Indiana,Sub_adult,Sus scrofa domesticus,snout,Illumina NovaSeq 6000,pigID-37365,nasal wipe,3030938022_ZZYV1QN7_v2_S131,PAIRED,RT-PCR,VIRAL RNA,Influenza A virus,No passages prior to sequencing,ILLUMINA,2023-12-12T00:00:00Z,2023-12-12T01:13:00Z,1,23.2,pig37365_day6,14SW6214,SRP477429,York,H3N2,male
SRR27181591,WGS,266,1148758443,"Andrew S. Bowman\, The Ohio State University",PRJNA1051292,SAMN38768489,Viral,417617676,EMORY UNIVERSITY,"Bowman Lab\, OSU",2014-07-16,public,"fastq,run.zq,sra","gs,ncbi,s3","gs.us-east1,ncbi.public,s3.us-east-1",Influenza A infection,SRX22862144,USA,North America,USA: Indiana,Sub_adult,Sus scrofa domesticus,snout,Illumina NovaSeq 6000,pigID-37174,nasal wipe,3030938141_ZZYV1QPX_v2_S178,PAIRED,RT-PCR,VIRAL RNA,Influenza A virus,No passages prior to sequencing,ILLUMINA,2023-12-12T00:00:00Z,2023-12-12T01:13:00Z,1,26.1,pig37174_day5,14SW6199,SRP477429,Berk,H1N1/H3N2 double infection,male
SRR27181592,WGS,272,1716489721,"Andrew S. Bowman\, The Ohio State University",PRJNA1051292,SAMN38768488,Viral,621353588,EMORY UNIVERSITY,"Bowman Lab\, OSU",2014-07-16,public,"fastq,run.zq,sra","gs,ncbi,s3","gs.us-east1,ncbi.public,s3.us-east-1",Influenza A infection,SRX22862143,USA,North America,USA: Indiana,Sub_adult,Sus scrofa domesticus,snout,Illumina NovaSeq 6000,pigID-37236,nasal wipe,3030938297_ZZYV1QT7_v2_S166,PAIRED,RT-PCR,VIRAL RNA,Influenza A virus,No passages prior to sequencing,ILLUMINA,2023-12-12T00:00:00Z,2023-12-12T01:12:00Z,1,29.5,pig37236_day5,14SW6194,SRP477429,Chester,H3N2,female
SRR27181593,WGS,268,521580794,"Andrew S. Bowman\, The Ohio State University",PRJNA1051292,SAMN38768487,Viral,187602673,EMORY UNIVERSITY,"Bowman Lab\, OSU",2014-07-16,public,"fastq,run.zq,sra","gs,ncbi,s3","gs.us-east1,ncbi.public,s3.us-east-1",Influenza A infection,SRX22862142,USA,North America,USA: Indiana,Sub_adult,Sus scrofa domesticus,snout,Illumina NovaSeq 6000,pigID-37154,nasal wipe,3030938172_ZZYV1QQP_v2_S154,PAIRED,RT-PCR,VIRAL RNA,Influenza A virus,No passages prior to sequencing,ILLUMINA,2023-12-12T00:00:00Z,2023-12-12T01:11:00Z,1,26.8,pig37154_day5,14SW6188,SRP477429,mix,H3N2,male
SRR27181594,WGS,267,1318440461,"Andrew S. Bowman\, The Ohio State University",PRJNA1051292,SAMN38768486,Viral,471469828,EMORY UNIVERSITY,"Bowman Lab\, OSU",2014-07-16,public,"fastq,run.zq,sra","gs,ncbi,s3","gs.us-east1,ncbi.public,s3.us-east-1",Influenza A infection,SRX22862141,USA,North America,USA: Indiana,Sub_adult,Sus scrofa domesticus,snout,Illumina NovaSeq 6000,pigID-37153,nasal wipe,3030938218_ZZYV1QRP_v2_S130,PAIRED,RT-PCR,VIRAL RNA,Influenza A virus,No passages prior to sequencing,ILLUMINA,2023-12-12T00:00:00Z,2023-12-12T01:13:00Z,1,27.8,pig37153_day5,14SW6187,SRP477429,mix,H3N2,female
SRR27181595,WGS,271,1074402100,"Andrew S. Bowman\, The Ohio State University",PRJNA1051292,SAMN38768485,Viral,390088024,EMORY UNIVERSITY,"Bowman Lab\, OSU",2014-07-16,public,"fastq,run.zq,sra","gs,ncbi,s3","gs.us-east1,ncbi.public,s3.us-east-1",Influenza A infection,SRX22862139,USA,North America,USA: Indiana,Sub_adult,Sus scrofa domesticus,snout,Illumina NovaSeq 6000,pigID-37152,nasal wipe,3030938287_ZZYV1QT1_v2_S118,PAIRED,RT-PCR,VIRAL RNA,Influenza A virus,No passages prior to sequencing,ILLUMINA,2023-12-12T00:00:00Z,2023-12-12T01:12:00Z,1,29.3,pig37152_day5,14SW6186,SRP477429,Duroc,H3N2,male
SRR27181596,WGS,275,945443251,"Andrew S. Bowman\, The Ohio State University",PRJNA1051292,SAMN38768484,Viral,343238331,EMORY UNIVERSITY,"Bowman Lab\, OSU",2014-07-16,public,"fastq,run.zq,sra","gs,ncbi,s3","gs.us-east1,ncbi.public,s3.us-east-1",Influenza A infection,SRX22862138,USA,North America,USA: Indiana,Sub_adult,Sus scrofa domesticus,snout,Illumina NovaSeq 6000,pigID-37227,nasal wipe,3030938049_ZZYV1QNV_v2_S106,PAIRED,RT-PCR,VIRAL RNA,Influenza A virus,No passages prior to sequencing,ILLUMINA,2023-12-12T00:00:00Z,2023-12-12T01:13:00Z,1,24,pig37227_day5,14SW6184,SRP477429,mix,H3N2,female
SRR27181597,WGS,241,976905844,"Andrew S. Bowman\, The Ohio State University",PRJNA1051292,SAMN38768402,Viral,351051357,EMORY UNIVERSITY,"Bowman Lab\, OSU",2014-07-16,public,"fastq,run.zq,sra","gs,ncbi,s3","gs.us-east1,ncbi.public,s3.us-east-1",Influenza A infection,SRX22862137,USA,North America,USA: Indiana,Sub_adult,Sus scrofa domesticus,snout,Illumina NovaSeq 6000,pigID-37296,nasal wipe,3030937958_ZZYV1QLR_v2_S22,PAIRED,RT-PCR,VIRAL RNA,Influenza A virus,No passages prior to sequencing,ILLUMINA,2023-12-12T00:00:00Z,2023-12-12T01:13:00Z,1,22.1,pig37296_day5,14SW6034,SRP477429,Duroc,H3N2,male
SRR27181598,WGS,238,1464396426,"Andrew S. Bowman\, The Ohio State University",PRJNA1051292,SAMN38768404,Viral,522670921,EMORY UNIVERSITY,"Bowman Lab\, OSU",2014-07-16,public,"fastq,run.zq,sra","gs,ncbi,s3","gs.us-east1,ncbi.public,s3.us-east-1",Influenza A infection,SRX22861690,USA,North America,USA: Indiana,Sub_adult,Sus scrofa domesticus,snout,Illumina NovaSeq 6000,pigID-37320,nasal wipe,3030938033_ZZYV1QNF_v2_S35,PAIRED,RT-PCR,VIRAL RNA,Influenza A virus,No passages prior to sequencing,ILLUMINA,2023-12-12T00:00:00Z,2023-12-12T01:12:00Z,1,23.7,pig37320_day5,14SW6036,SRP477429,Duroc,H1N1/H3N2 double infection,female
SRR27181599,WGS,271,490165790,"Andrew S. Bowman\, The Ohio State University",PRJNA1051292,SAMN38768401,Viral,175375597,EMORY UNIVERSITY,"Bowman Lab\, OSU",2014-07-16,public,"fastq,run.zq,sra","gs,ncbi,s3","gs.us-east1,ncbi.public,s3.us-east-1",Influenza A infection,SRX22862136,USA,North America,USA: Indiana,Sub_adult,Sus scrofa domesticus,snout,Illumina NovaSeq 6000,pigID-37284,nasal wipe,3030938158_ZZYV1QQD_v2_S146,PAIRED,RT-PCR,VIRAL RNA,Influenza A virus,No passages prior to sequencing,ILLUMINA,2023-12-12T00:00:00Z,2023-12-12T01:11:00Z,1,26.5,pig37284_day5,14SW6032,SRP477429,mix,H3N2,female
SRR27181600,WGS,275,1245720264,"Andrew S. Bowman\, The Ohio State University",PRJNA1051292,SAMN38768399,Viral,442285894,EMORY UNIVERSITY,"Bowman Lab\, OSU",2014-07-16,public,"fastq,run.zq,sra","gs,ncbi,s3","gs.us-east1,ncbi.public,s3.us-east-1",Influenza A infection,SRX22862135,USA,North America,USA: Indiana,Sub_adult,Sus scrofa domesticus,snout,Illumina NovaSeq 6000,pigID-37224,nasal wipe,3030938350_ZZYUQM9Q_v2_S122,PAIRED,RT-PCR,VIRAL RNA,Influenza A virus,No passages prior to sequencing,ILLUMINA,2023-12-12T00:00:00Z,2023-12-12T01:13:00Z,1,30.8,pig37224_day5,14SW6030,SRP477429,Spot,H3N2,male
SRR27181601,WGS,263,1077607660,"Andrew S. Bowman\, The Ohio State University",PRJNA1051292,SAMN38768398,Viral,382555046,EMORY UNIVERSITY,"Bowman Lab\, OSU",2014-07-16,public,"fastq,run.zq,sra","gs,ncbi,s3","gs.us-east1,ncbi.public,s3.us-east-1",Influenza A infection,SRX22862134,USA,North America,USA: Indiana,Sub_adult,Sus scrofa domesticus,snout,Illumina NovaSeq 6000,pigID-37302,nasal wipe,3030938174_ZZYV1QQR_v2_S98,PAIRED,RT-PCR,VIRAL RNA,Influenza A virus,No passages prior to sequencing,ILLUMINA,2023-12-12T00:00:00Z,2023-12-12T01:14:00Z,1,26.8,pig37302_day5,14SW6029,SRP477429,Hamp,H3N2,male
SRR27181602,WGS,271,1147224034,"Andrew S. Bowman\, The Ohio State University",PRJNA1051292,SAMN38768397,Viral,408857246,EMORY UNIVERSITY,"Bowman Lab\, OSU",2014-07-16,public,"fastq,run.zq,sra","gs,ncbi,s3","gs.us-east1,ncbi.public,s3.us-east-1",Influenza A infection,SRX22862133,USA,North America,USA: Indiana,Sub_adult,Sus scrofa domesticus,snout,Illumina NovaSeq 6000,pigID-20466,nasal wipe,3030937970_ZZYV1QM1_v2_S181,PAIRED,RT-PCR,VIRAL RNA,Influenza A virus,No passages prior to sequencing,ILLUMINA,2023-12-12T00:00:00Z,2023-12-12T01:14:00Z,1,22.3,pig20466_day5,14SW6025,SRP477429,mix,H1N1,male
SRR27181603,WGS,269,583191488,"Andrew S. Bowman\, The Ohio State University",PRJNA1051292,SAMN38768395,Viral,219517244,EMORY UNIVERSITY,"Bowman Lab\, OSU",2014-07-16,public,"fastq,run.zq,sra","gs,ncbi,s3","gs.us-east1,ncbi.public,s3.us-east-1",Influenza A infection,SRX22862131,USA,North America,USA: Indiana,Sub_adult,Sus scrofa domesticus,snout,Illumina NovaSeq 6000,pigID-20467,nasal wipe,3030937942_ZZYV1QLD_v2_S157,PAIRED,RT-PCR,VIRAL RNA,Influenza A virus,No passages prior to sequencing,ILLUMINA,2023-12-12T00:00:00Z,2023-12-12T01:12:00Z,1,21.6,pig20467_day5,14SW6023,SRP477429,mix,H1N1,male
SRR27181604,WGS,266,533109178,"Andrew S. Bowman\, The Ohio State University",PRJNA1051292,SAMN38768394,Viral,189166757,EMORY UNIVERSITY,"Bowman Lab\, OSU",2014-07-16,public,"fastq,run.zq,sra","gs,ncbi,s3","gs.us-east1,ncbi.public,s3.us-east-1",Influenza A infection,SRX22862130,USA,North America,USA: Indiana,Sub_adult,Sus scrofa domesticus,snout,Illumina NovaSeq 6000,pigID-37265,nasal wipe,3030938349_ZZYUQM9P_v2_S145,PAIRED,RT-PCR,VIRAL RNA,Influenza A virus,No passages prior to sequencing,ILLUMINA,2023-12-12T00:00:00Z,2023-12-12T01:11:00Z,1,30.7,pig37265_day5,14SW6021,SRP477429,Chester,H1N1,male
SRR27181605,WGS,268,2077189055,"Andrew S. Bowman\, The Ohio State University",PRJNA1051292,SAMN38768393,Viral,741325813,EMORY UNIVERSITY,"Bowman Lab\, OSU",2014-07-16,public,"fastq,run.zq,sra","gs,ncbi,s3","gs.us-east1,ncbi.public,s3.us-east-1",Influenza A infection,SRX22862129,USA,North America,USA: Indiana,Sub_adult,Sus scrofa domesticus,snout,Illumina NovaSeq 6000,pigID-37116,nasal wipe,3030938000_ZZYV1QMR_v2_S133,PAIRED,RT-PCR,VIRAL RNA,Influenza A virus,No passages prior to sequencing,ILLUMINA,2023-12-12T00:00:00Z,2023-12-12T01:14:00Z,1,22.8,pig37116_day5,14SW6011,SRP477429,mix,H1N1/H3N2 double infection,male
SRR27181606,WGS,267,1061756675,"Andrew S. Bowman\, The Ohio State University",PRJNA1051292,SAMN38768396,Viral,380582856,EMORY UNIVERSITY,"Bowman Lab\, OSU",2014-07-16,public,"fastq,run.zq,sra","gs,ncbi,s3","gs.us-east1,ncbi.public,s3.us-east-1",Influenza A infection,SRX22862132,USA,North America,USA: Indiana,Sub_adult,Sus scrofa domesticus,snout,Illumina NovaSeq 6000,pigID-20474,nasal wipe,3030937891_ZZYV1QK6_v2_S169,PAIRED,RT-PCR,VIRAL RNA,Influenza A virus,No passages prior to sequencing,ILLUMINA,2023-12-12T00:00:00Z,2023-12-12T01:12:00Z,1,19.6,pig20474_day5,14SW6024,SRP477429,mix,H1N1,female
SRR27181607,WGS,273,1297955891,"Andrew S. Bowman\, The Ohio State University",PRJNA1051292,SAMN38768391,Viral,459518219,EMORY UNIVERSITY,"Bowman Lab\, OSU",2014-07-16,public,"fastq,run.zq,sra","gs,ncbi,s3","gs.us-east1,ncbi.public,s3.us-east-1",Influenza A infection,SRX22862128,USA,North America,USA: Indiana,Sub_adult,Sus scrofa domesticus,snout,Illumina NovaSeq 6000,pigID-20379,nasal wipe,3030938268_ZZYV1QSP_v2_S121,PAIRED,RT-PCR,VIRAL RNA,Influenza A virus,No passages prior to sequencing,ILLUMINA,2023-12-12T00:00:00Z,2023-12-12T01:13:00Z,1,28.8,pig20379_day5,14SW6005,SRP477429,mix,H3N2,male
SRR27181608,WGS,300,118436100,"Andrew S. Bowman\, The Ohio State University",PRJNA1051292,SAMN38768152,Viral,51276033,EMORY UNIVERSITY,"Bowman Lab\, OSU",2014-07-14,public,"fastq,run.zq,sra","gs,ncbi,s3","gs.us-east1,ncbi.public,s3.us-east-1",Influenza A infection,SRX22862127,USA,North America,USA: Indiana,Sub_adult,Sus scrofa domesticus,snout,Illumina MiSeq,pigID-20423,nasal wipe,3030938238_ZZYV8WNZ_v1_S95,PAIRED,RT-PCR,VIRAL RNA,Influenza A virus,No passages prior to sequencing,ILLUMINA,2023-12-12T00:00:00Z,2023-12-12T01:12:00Z,1,28.3,pig20423_day3,14SW5145,SRP477429,mix,H1N1,female
SRR27181609,WGS,232,1601810383,"Andrew S. Bowman\, The Ohio State University",PRJNA1051292,SAMN38768389,Viral,566425775,EMORY UNIVERSITY,"Bowman Lab\, OSU",2014-07-16,public,"fastq,run.zq,sra","gs,ncbi,s3","gs.us-east1,ncbi.public,s3.us-east-1",Influenza A infection,SRX22862126,USA,North America,USA: Indiana,Sub_adult,Sus scrofa domesticus,snout,Illumina NovaSeq 6000,pigID-20366,nasal wipe,3030938084_ZZYV1QOM_v2_S9,PAIRED,RT-PCR,VIRAL RNA,Influenza A virus,No passages prior to sequencing,ILLUMINA,2023-12-12T00:00:00Z,2023-12-12T01:12:00Z,1,24.7,pig20366_day5,14SW6003,SRP477429,mix,H1N1/H3N2 double infection,male
SRR27181610,WGS,252,1305885795,"Andrew S. Bowman\, The Ohio State University",PRJNA1051292,SAMN38768388,Viral,463300615,EMORY UNIVERSITY,"Bowman Lab\, OSU",2014-07-16,public,"fastq,run.zq,sra","gs,ncbi,s3","gs.us-east1,ncbi.public,s3.us-east-1",Influenza A infection,SRX22862125,USA,North America,USA: Indiana,Sub_adult,Sus scrofa domesticus,snout,Illumina NovaSeq 6000,pigID-37309,nasal wipe,3030938276_ZZYV1QSV_v2_S109,PAIRED,RT-PCR,VIRAL RNA,Influenza A virus,No passages prior to sequencing,ILLUMINA,2023-12-12T00:00:00Z,2023-12-12T01:12:00Z,1,29,pig37309_day5,14SW6002,SRP477429,Berk,,male
SRR27181611,WGS,272,942253470,"Andrew S. Bowman\, The Ohio State University",PRJNA1051292,SAMN38768386,Viral,342903404,EMORY UNIVERSITY,"Bowman Lab\, OSU",2014-07-16,public,"fastq,run.zq,sra","gs,ncbi,s3","gs.us-east1,ncbi.public,s3.us-east-1",Influenza A infection,SRX22862123,USA,North America,USA: Indiana,Sub_adult,Sus scrofa domesticus,snout,Illumina NovaSeq 6000,pigID-37135,nasal wipe,3030938135_ZZYV1QPS_v2_S211,PAIRED,RT-PCR,VIRAL RNA,Influenza A virus,No passages prior to sequencing,ILLUMINA,2023-12-12T00:00:00Z,2023-12-12T01:12:00Z,1,25.9,pig37135_day5,14SW6000,SRP477429,mix,H3N2,male
SRR27181612,WGS,267,980989220,"Andrew S. Bowman\, The Ohio State University",PRJNA1051292,SAMN38768384,Viral,360075578,EMORY UNIVERSITY,"Bowman Lab\, OSU",2014-07-16,public,"fastq,run.zq,sra","gs,ncbi,s3","gs.us-east1,ncbi.public,s3.us-east-1",Influenza A infection,SRX22862122,USA,North America,USA: Indiana,Sub_adult,Sus scrofa domesticus,snout,Illumina NovaSeq 6000,pigID-37290,nasal wipe,3030937977_ZZYV1QM8_v2_S199,PAIRED,RT-PCR,VIRAL RNA,Influenza A virus,No passages prior to sequencing,ILLUMINA,2023-12-12T00:00:00Z,2023-12-12T01:12:00Z,1,22.4,pig37290_day5,14SW5998,SRP477429,Berk,H1N1,female
SRR27181613,WGS,237,1617347211,"Andrew S. Bowman\, The Ohio State University",PRJNA1051292,SAMN38768381,Viral,576188726,EMORY UNIVERSITY,"Bowman Lab\, OSU",2014-07-16,public,"fastq,run.zq,sra","gs,ncbi,s3","gs.us-east1,ncbi.public,s3.us-east-1",Influenza A infection,SRX22862121,USA,North America,USA: Indiana,Sub_adult,Sus scrofa domesticus,snout,Illumina NovaSeq 6000,pigID-37241,nasal wipe,3030937912_ZZYV1QKP_v2_S91,PAIRED,RT-PCR,VIRAL RNA,Influenza A virus,No passages prior to sequencing,ILLUMINA,2023-12-12T00:00:00Z,2023-12-12T01:14:00Z,1,20.4,pig37241_day5,14SW5994,SRP477429,Berk,H1N1/H3N2 double infection,male
SRR27181614,WGS,263,1272798280,"Andrew S. Bowman\, The Ohio State University",PRJNA1051292,SAMN38768387,Viral,453033669,EMORY UNIVERSITY,"Bowman Lab\, OSU",2014-07-16,public,"fastq,run.zq,sra","gs,ncbi,s3","gs.us-east1,ncbi.public,s3.us-east-1",Influenza A infection,SRX22862124,USA,North America,USA: Indiana,Sub_adult,Sus scrofa domesticus,snout,Illumina NovaSeq 6000,pigID-37310,nasal wipe,3030937979_ZZYV1QMA_v2_S97,PAIRED,RT-PCR,VIRAL RNA,Influenza A virus,No passages prior to sequencing,ILLUMINA,2023-12-12T00:00:00Z,2023-12-12T01:13:00Z,1,22.4,pig37310_day5,14SW6001,SRP477429,Berk,H3N2,male
SRR27181615,WGS,265,1043856304,"Andrew S. Bowman\, The Ohio State University",PRJNA1051292,SAMN38768380,Viral,374912645,EMORY UNIVERSITY,"Bowman Lab\, OSU",2014-07-16,public,"fastq,run.zq,sra","gs,ncbi,s3","gs.us-east1,ncbi.public,s3.us-east-1",Influenza A infection,SRX22862120,USA,North America,USA: Indiana,Sub_adult,Sus scrofa domesticus,snout,Illumina NovaSeq 6000,pigID-37240,nasal wipe,3030938337_ZZYUQM9I_v2_S187,PAIRED,RT-PCR,VIRAL RNA,Influenza A virus,No passages prior to sequencing,ILLUMINA,2023-12-12T00:00:00Z,2023-12-12T01:12:00Z,1,30.5,pig37240_day5,14SW5993,SRP477429,Hamp,H3N2,female
SRR27181616,WGS,236,1586495730,"Andrew S. Bowman\, The Ohio State University",PRJNA1051292,SAMN38768378,Viral,567470812,EMORY UNIVERSITY,"Bowman Lab\, OSU",2014-07-16,public,"fastq,run.zq,sra","gs,ncbi,s3","gs.us-east1,ncbi.public,s3.us-east-1",Influenza A infection,SRX22862119,USA,North America,USA: Indiana,Sub_adult,Sus scrofa domesticus,snout,Illumina NovaSeq 6000,pigID-37128,nasal wipe,3030937886_ZZYV1QK1_v2_S78,PAIRED,RT-PCR,VIRAL RNA,Influenza A virus,No passages prior to sequencing,ILLUMINA,2023-12-12T00:00:00Z,2023-12-12T01:13:00Z,1,19.4,pig37128_day5,14SW5990,SRP477429,mix,H1N1/H3N2 double infection,female
SRR27181617,WGS,243,1368217800,"Andrew S. Bowman\, The Ohio State University",PRJNA1051292,SAMN38768377,Viral,483194649,EMORY UNIVERSITY,"Bowman Lab\, OSU",2014-07-16,public,"fastq,run.zq,sra","gs,ncbi,s3","gs.us-east1,ncbi.public,s3.us-east-1",Influenza A infection,SRX22862118,USA,North America,USA: Indiana,Sub_adult,Sus scrofa domesticus,snout,Illumina NovaSeq 6000,pigID-20431,nasal wipe,3030938228_ZZYV1QRX_v2_S65,PAIRED,RT-PCR,VIRAL RNA,Influenza A virus,No passages prior to sequencing,ILLUMINA,2023-12-12T00:00:00Z,2023-12-12T01:12:00Z,1,28,pig20431_day5,14SW5989,SRP477429,mix,H1N1/H3N2 double infection,male
SRR27181618,WGS,257,1086177440,"Andrew S. Bowman\, The Ohio State University",PRJNA1051292,SAMN38768376,Viral,389595947,EMORY UNIVERSITY,"Bowman Lab\, OSU",2014-07-16,public,"fastq,run.zq,sra","gs,ncbi,s3","gs.us-east1,ncbi.public,s3.us-east-1",Influenza A infection,SRX22862117,USA,North America,USA: Indiana,Sub_adult,Sus scrofa domesticus,snout,Illumina NovaSeq 6000,pigID-37197,nasal wipe,3030938249_ZZYV1QSD_v2_S175,PAIRED,RT-PCR,VIRAL RNA,Influenza A virus,No passages prior to sequencing,ILLUMINA,2023-12-12T00:00:00Z,2023-12-12T01:13:00Z,1,28.5,pig37197_day5,14SW5987,SRP477429,mix,H3N2,female
SRR27181619,WGS,280,725134641,"Andrew S. Bowman\, The Ohio State University",PRJNA1051292,SAMN38768299,Viral,263983497,EMORY UNIVERSITY,"Bowman Lab\, OSU",2014-07-15,public,"fastq,run.zq,sra","gs,ncbi,s3","gs.us-east1,ncbi.public,s3.us-east-1",Influenza A infection,SRX22862115,USA,North America,USA: Indiana,Sub_adult,Sus scrofa domesticus,snout,Illumina NovaSeq 6000,pigID-20652,nasal wipe,3030938124_ZZYV1QPI_v2_S159,PAIRED,RT-PCR,VIRAL RNA,Influenza A virus,No passages prior to sequencing,ILLUMINA,2023-12-12T00:00:00Z,2023-12-12T01:13:00Z,1,25.7,pig20652_day4,14SW5853,SRP477429,mix,H1N1,female
SRR27181620,WGS,276,915102253,"Andrew S. Bowman\, The Ohio State University",PRJNA1051292,SAMN38768297,Viral,335029939,EMORY UNIVERSITY,"Bowman Lab\, OSU",2014-07-15,public,"fastq,run.zq,sra","gs,ncbi,s3","gs.us-east1,ncbi.public,s3.us-east-1",Influenza A infection,SRX22862114,USA,North America,USA: Indiana,Sub_adult,Sus scrofa domesticus,snout,Illumina NovaSeq 6000,pigID-37320,nasal wipe,3030937878_ZZYV1QJV_v2_S147,PAIRED,RT-PCR,VIRAL RNA,Influenza A virus,No passages prior to sequencing,ILLUMINA,2023-12-12T00:00:00Z,2023-12-12T01:11:00Z,1,18.8,pig37320_day4,14SW5840,SRP477429,Duroc,H1N1/H3N2 double infection,female
SRR27181621,WGS,300,217785900,"Andrew S. Bowman\, The Ohio State University",PRJNA1051292,SAMN38768145,Viral,92386154,EMORY UNIVERSITY,"Bowman Lab\, OSU",2014-07-14,public,"fastq,run.zq,sra","gs,ncbi,s3","gs.us-east1,ncbi.public,s3.us-east-1",Influenza A infection,SRX22862113,USA,North America,USA: Indiana,Sub_adult,Sus scrofa domesticus,snout,Illumina MiSeq,pigID-37132,nasal wipe,3030937957_ZZYV8WG6_v1_S170,PAIRED,RT-PCR,VIRAL RNA,Influenza A virus,No passages prior to sequencing,ILLUMINA,2023-12-12T00:00:00Z,2023-12-12T01:11:00Z,1,22,pig37132_day3,14SW5130,SRP477429,Duroc,H3N2,male
SRR27181622,WGS,276,794771088,"Andrew S. Bowman\, The Ohio State University",PRJNA1051292,SAMN38768300,Viral,286024880,EMORY UNIVERSITY,"Bowman Lab\, OSU",2014-07-16,public,"fastq,run.zq,sra","gs,ncbi,s3","gs.us-east1,ncbi.public,s3.us-east-1",Influenza A infection,SRX22862116,USA,North America,USA: Indiana,Sub_adult,Sus scrofa domesticus,snout,Illumina NovaSeq 6000,pigID-20352,nasal wipe,3030938067_ZZYV1QO9_v2_S171,PAIRED,RT-PCR,VIRAL RNA,Influenza A virus,No passages prior to sequencing,ILLUMINA,2023-12-12T00:00:00Z,2023-12-12T01:13:00Z,1,24.3,pig20352_day5,14SW5866,SRP477429,York,H3N2,male
SRR27181623,WGS,274,1140683147,"Andrew S. Bowman\, The Ohio State University",PRJNA1051292,SAMN38768294,Viral,412038917,EMORY UNIVERSITY,"Bowman Lab\, OSU",2014-07-15,public,"fastq,run.zq,sra","gs,ncbi,s3","gs.us-east1,ncbi.public,s3.us-east-1",Influenza A infection,SRX22862112,USA,North America,USA: Indiana,Sub_adult,Sus scrofa domesticus,snout,Illumina NovaSeq 6000,pigID-37222,nasal wipe,3030938273_ZZYV1QSS_v2_S135,PAIRED,RT-PCR,VIRAL RNA,Influenza A virus,No passages prior to sequencing,ILLUMINA,2023-12-12T00:00:00Z,2023-12-12T01:13:00Z,1,29,pig37222_day4,14SW5811,SRP477429,mix,H3N2,female
SRR27181624,WGS,272,778390268,"Andrew S. Bowman\, The Ohio State University",PRJNA1051292,SAMN38768293,Viral,279025160,EMORY UNIVERSITY,"Bowman Lab\, OSU",2014-07-15,public,"fastq,run.zq,sra","gs,ncbi,s3","gs.us-east1,ncbi.public,s3.us-east-1",Influenza A infection,SRX22862111,USA,North America,USA: Indiana,Sub_adult,Sus scrofa domesticus,snout,Illumina NovaSeq 6000,pigID-37248,nasal wipe,3030938313_ZZYV1QTI_v2_S123,PAIRED,RT-PCR,VIRAL RNA,Influenza A virus,No passages prior to sequencing,ILLUMINA,2023-12-12T00:00:00Z,2023-12-12T01:12:00Z,1,30,pig37248_day4,14SW5802,SRP477429,Berk,H3N2,male
SRR27181625,WGS,278,857935759,"Andrew S. Bowman\, The Ohio State University",PRJNA1051292,SAMN38768292,Viral,308820550,EMORY UNIVERSITY,"Bowman Lab\, OSU",2014-07-15,public,"fastq,run.zq,sra","gs,ncbi,s3","gs.us-east1,ncbi.public,s3.us-east-1",Influenza A infection,SRX22862110,USA,North America,USA: Indiana,Sub_adult,Sus scrofa domesticus,snout,Illumina NovaSeq 6000,pigID-37208,nasal wipe,3030938272_ZZYV1QSR_v2_S206,PAIRED,RT-PCR,VIRAL RNA,Influenza A virus,No passages prior to sequencing,ILLUMINA,2023-12-12T00:00:00Z,2023-12-12T01:13:00Z,1,29,pig37208_day4,14SW5781,SRP477429,Spot,H3N2,male
SRR27181626,WGS,258,3726972075,"Andrew S. Bowman\, The Ohio State University",PRJNA1051292,SAMN38768291,Viral,1330086004,EMORY UNIVERSITY,"Bowman Lab\, OSU",2014-07-15,public,"fastq,run.zq,sra","gs,ncbi,s3","gs.us-east1,ncbi.public,s3.us-east-1",Influenza A infection,SRX22862109,USA,North America,USA: Indiana,Sub_adult,Sus scrofa domesticus,snout,Illumina NovaSeq 6000,pigID-37348,nasal wipe,3030938029_ZZYV1QNC_v2_S108,PAIRED,RT-PCR,VIRAL RNA,Influenza A virus,No passages prior to sequencing,ILLUMINA,2023-12-12T00:00:00Z,2023-12-12T01:14:00Z,1,23.5,pig37348_day4,14SW5773,SRP477429,mix,H1N1/H3N2 double infection,male
SRR27181627,WGS,276,799015437,"Andrew S. Bowman\, The Ohio State University",PRJNA1051292,SAMN38768288,Viral,287677336,EMORY UNIVERSITY,"Bowman Lab\, OSU",2014-07-15,public,"fastq,run.zq,sra","gs,ncbi,s3","gs.us-east1,ncbi.public,s3.us-east-1",Influenza A infection,SRX22862107,USA,North America,USA: Indiana,Sub_adult,Sus scrofa domesticus,snout,Illumina NovaSeq 6000,pigID-37363,nasal wipe,3030938146_ZZYV1QQ2_v2_S170,PAIRED,RT-PCR,VIRAL RNA,Influenza A virus,No passages prior to sequencing,ILLUMINA,2023-12-12T00:00:00Z,2023-12-12T01:12:00Z,1,26.1,pig37363_day4,14SW5770,SRP477429,mix,H3N2,female
SRR27181628,WGS,283,788535489,"Andrew S. Bowman\, The Ohio State University",PRJNA1051292,SAMN38768287,Viral,286796796,EMORY UNIVERSITY,"Bowman Lab\, OSU",2014-07-15,public,"fastq,run.zq,sra","gs,ncbi,s3","gs.us-east1,ncbi.public,s3.us-east-1",Influenza A infection,SRX22862106,USA,North America,USA: Indiana,Sub_adult,Sus scrofa domesticus,snout,Illumina NovaSeq 6000,pigID-37362,nasal wipe,3030937881_ZZYV1QJX_v2_S158,PAIRED,RT-PCR,VIRAL RNA,Influenza A virus,No passages prior to sequencing,ILLUMINA,2023-12-12T00:00:00Z,2023-12-12T01:12:00Z,1,18.8,pig37362_day4,14SW5769,SRP477429,Duroc,H3N2,female
SRR27181629,WGS,277,695978367,"Andrew S. Bowman\, The Ohio State University",PRJNA1051292,SAMN38768286,Viral,253522810,EMORY UNIVERSITY,"Bowman Lab\, OSU",2014-07-15,public,"fastq,run.zq,sra","gs,ncbi,s3","gs.us-east1,ncbi.public,s3.us-east-1",Influenza A infection,SRX22862105,USA,North America,USA: Indiana,Sub_adult,Sus scrofa domesticus,snout,Illumina NovaSeq 6000,pigID-37349,nasal wipe,3030937920_ZZYV1QKW_v2_S172,PAIRED,RT-PCR,VIRAL RNA,Influenza A virus,No passages prior to sequencing,ILLUMINA,2023-12-12T00:00:00Z,2023-12-12T01:12:00Z,1,20.7,pig37349_day4,14SW5768,SRP477429,Spot,H3N2,female
SRR27181630,WGS,276,1061132002,"Andrew S. Bowman\, The Ohio State University",PRJNA1051292,SAMN38768290,Viral,384972220,EMORY UNIVERSITY,"Bowman Lab\, OSU",2014-07-15,public,"fastq,run.zq,sra","gs,ncbi,s3","gs.us-east1,ncbi.public,s3.us-east-1",Influenza A infection,SRX22862108,USA,North America,USA: Indiana,Sub_adult,Sus scrofa domesticus,snout,Illumina NovaSeq 6000,pigID-37346,nasal wipe,3030938100_ZZYV1QOZ_v2_S194,PAIRED,RT-PCR,VIRAL RNA,Influenza A virus,No passages prior to sequencing,ILLUMINA,2023-12-12T00:00:00Z,2023-12-12T01:13:00Z,1,25,pig37346_day4,14SW5772,SRP477429,mix,H1N1/H3N2 double infection,male
SRR27181631,WGS,268,1282017215,"Andrew S. Bowman\, The Ohio State University",PRJNA1051292,SAMN38768285,Viral,462819942,EMORY UNIVERSITY,"Bowman Lab\, OSU",2014-07-15,public,"fastq,run.zq,sra","gs,ncbi,s3","gs.us-east1,ncbi.public,s3.us-east-1",Influenza A infection,SRX22862104,USA,North America,USA: Indiana,Sub_adult,Sus scrofa domesticus,snout,Illumina NovaSeq 6000,pigID-20510,nasal wipe,3030938203_ZZYV1QRE_v2_S146,PAIRED,RT-PCR,VIRAL RNA,Influenza A virus,No passages prior to sequencing,ILLUMINA,2023-12-12T00:00:00Z,2023-12-12T01:12:00Z,1,27.6,pig20510_day4,14SW5766,SRP477429,Hereford,H3N2,male
SRR27181632,WGS,279,1223800544,"Andrew S. Bowman\, The Ohio State University",PRJNA1051292,SAMN38768284,Viral,442278994,EMORY UNIVERSITY,"Bowman Lab\, OSU",2014-07-15,public,"fastq,run.zq,sra","gs,ncbi,s3","gs.us-east1,ncbi.public,s3.us-east-1",Influenza A infection,SRX22862103,USA,North America,USA: Indiana,Sub_adult,Sus scrofa domesticus,snout,Illumina NovaSeq 6000,pigID-37356,nasal wipe,3030937864_ZZYV1QJL_v2_S134,PAIRED,RT-PCR,VIRAL RNA,Influenza A virus,No passages prior to sequencing,ILLUMINA,2023-12-12T00:00:00Z,2023-12-12T01:13:00Z,1,16,pig37356_day4,14SW5763,SRP477429,Spot,H3N2,male
SRR27181633,WGS,300,71212500,"Andrew S. Bowman\, The Ohio State University",PRJNA1051292,SAMN38768144,Viral,33264681,EMORY UNIVERSITY,"Bowman Lab\, OSU",2014-07-14,public,"fastq,run.zq,sra","gs,ncbi,s3","gs.us-east1,ncbi.public,s3.us-east-1",Influenza A infection,SRX22862102,USA,North America,USA: Indiana,Sub_adult,Sus scrofa domesticus,snout,Illumina MiSeq,pigID-37188,nasal wipe,3030938115_ZZYV8WKK_v1_S202,PAIRED,RT-PCR,VIRAL RNA,Influenza A virus,No passages prior to sequencing,ILLUMINA,2023-12-12T00:00:00Z,2023-12-12T01:11:00Z,1,25.6,pig37188_day3,14SW5129,SRP477429,Hamp,H3N2,male
SRR27181634,WGS,276,769879333,"Andrew S. Bowman\, The Ohio State University",PRJNA1051292,SAMN38768283,Viral,276103610,EMORY UNIVERSITY,"Bowman Lab\, OSU",2014-07-15,public,"fastq,run.zq,sra","gs,ncbi,s3","gs.us-east1,ncbi.public,s3.us-east-1",Influenza A infection,SRX22862101,USA,North America,USA: Indiana,Sub_adult,Sus scrofa domesticus,snout,Illumina NovaSeq 6000,pigID-37126,nasal wipe,3030938210_ZZYV1QRH_v2_S122,PAIRED,RT-PCR,VIRAL RNA,Influenza A virus,No passages prior to sequencing,ILLUMINA,2023-12-12T00:00:00Z,2023-12-12T01:13:00Z,1,27.7,pig37126_day4,14SW5757,SRP477429,York,H1N1,male
SRR27181635,WGS,276,1015953501,"Andrew S. Bowman\, The Ohio State University",PRJNA1051292,SAMN38768276,Viral,371381787,EMORY UNIVERSITY,"Bowman Lab\, OSU",2014-07-15,public,"fastq,run.zq,sra","gs,ncbi,s3","gs.us-east1,ncbi.public,s3.us-east-1",Influenza A infection,SRX22862099,USA,North America,USA: Indiana,Sub_adult,Sus scrofa domesticus,snout,Illumina NovaSeq 6000,pigID-20579,nasal wipe,3030937885_ZZYV1QK0_v2_S193,PAIRED,RT-PCR,VIRAL RNA,Influenza A virus,No passages prior to sequencing,ILLUMINA,2023-12-12T00:00:00Z,2023-12-12T01:12:00Z,1,19.4,pig20579_day4,14SW5738,SRP477429,mix,H3N2,female
SRR27181636,WGS,263,1002935881,"Andrew S. Bowman\, The Ohio State University",PRJNA1051292,SAMN38768275,Viral,363554776,EMORY UNIVERSITY,"Bowman Lab\, OSU",2014-07-15,public,"fastq,run.zq,sra","gs,ncbi,s3","gs.us-east1,ncbi.public,s3.us-east-1",Influenza A infection,SRX22862098,USA,North America,USA: Indiana,Sub_adult,Sus scrofa domesticus,snout,Illumina NovaSeq 6000,pigID-37139,nasal wipe,3030938329_ZZYV1QTN_v2_S181,PAIRED,RT-PCR,VIRAL RNA,Influenza A virus,No passages prior to sequencing,ILLUMINA,2023-12-12T00:00:00Z,2023-12-12T01:12:00Z,1,30.3,pig37139_day4,14SW5736,SRP477429,York,H3N2,male
SRR27181637,WGS,275,599735392,"Andrew S. Bowman\, The Ohio State University",PRJNA1051292,SAMN38768274,Viral,219630586,EMORY UNIVERSITY,"Bowman Lab\, OSU",2014-07-15,public,"fastq,run.zq,sra","gs,ncbi,s3","gs.us-east1,ncbi.public,s3.us-east-1",Influenza A infection,SRX22862097,USA,North America,USA: Indiana,Sub_adult,Sus scrofa domesticus,snout,Illumina NovaSeq 6000,pigID-37141,nasal wipe,3030938104_ZZYV1QP2_v2_S169,PAIRED,RT-PCR,VIRAL RNA,Influenza A virus,No passages prior to sequencing,ILLUMINA,2023-12-12T00:00:00Z,2023-12-12T01:12:00Z,1,25.1,pig37141_day4,14SW5732,SRP477429,mix,H3N2,male
SRR27181638,WGS,272,978059069,"Andrew S. Bowman\, The Ohio State University",PRJNA1051292,SAMN38768282,Viral,355017655,EMORY UNIVERSITY,"Bowman Lab\, OSU",2014-07-15,public,"fastq,run.zq,sra","gs,ncbi,s3","gs.us-east1,ncbi.public,s3.us-east-1",Influenza A infection,SRX22862100,USA,North America,USA: Indiana,Sub_adult,Sus scrofa domesticus,snout,Illumina NovaSeq 6000,pigID-37186,nasal wipe,3030938254_ZZYV1QSG_v2_S205,PAIRED,RT-PCR,VIRAL RNA,Influenza A virus,No passages prior to sequencing,ILLUMINA,2023-12-12T00:00:00Z,2023-12-12T01:12:00Z,1,28.5,pig37186_day4,14SW5754,SRP477429,Duroc,H3N2,female
SRR27181639,WGS,281,864107053,"Andrew S. Bowman\, The Ohio State University",PRJNA1051292,SAMN38768273,Viral,316402338,EMORY UNIVERSITY,"Bowman Lab\, OSU",2014-07-15,public,"fastq,run.zq,sra","gs,ncbi,s3","gs.us-east1,ncbi.public,s3.us-east-1",Influenza A infection,SRX22862096,USA,North America,USA: Indiana,Sub_adult,Sus scrofa domesticus,snout,Illumina NovaSeq 6000,pigID-37104,nasal wipe,3030937861_ZZYV1QJK_v2_S157,PAIRED,RT-PCR,VIRAL RNA,Influenza A virus,No passages prior to sequencing,ILLUMINA,2023-12-12T00:00:00Z,2023-12-12T01:12:00Z,1,15.2,pig37104_day4,14SW5731,SRP477429,mix,H3N2,male
SRR27181640,WGS,271,957256887,"Andrew S. Bowman\, The Ohio State University",PRJNA1051292,SAMN38768270,Viral,353271420,EMORY UNIVERSITY,"Bowman Lab\, OSU",2014-07-15,public,"fastq,run.zq,sra","gs,ncbi,s3","gs.us-east1,ncbi.public,s3.us-east-1",Influenza A infection,SRX22861882,USA,North America,USA: Indiana,Sub_adult,Sus scrofa domesticus,snout,Illumina NovaSeq 6000,pigID-37299,nasal wipe,3030938090_ZZYV1QOQ_v2_S145,PAIRED,RT-PCR,VIRAL RNA,Influenza A virus,No passages prior to sequencing,ILLUMINA,2023-12-12T00:00:00Z,2023-12-12T01:11:00Z,1,24.9,pig37299_day4,14SW5724,SRP477429,mix,H1N1/H3N2 double infection,female
SRR27181641,WGS,287,1102883831,"Andrew S. Bowman\, The Ohio State University",PRJNA1051292,SAMN38768179,Viral,401036080,EMORY UNIVERSITY,"Bowman Lab\, OSU",2014-07-15,public,"fastq,run.zq,sra","gs,ncbi,s3","gs.us-east1,ncbi.public,s3.us-east-1",Influenza A infection,SRX22862094,USA,North America,USA: Indiana,Sub_adult,Sus scrofa domesticus,snout,Illumina NovaSeq 6000,pigID-37345,nasal wipe,3030937899_ZZYV1QKD_v2_S44,PAIRED,RT-PCR,VIRAL RNA,Influenza A virus,No passages prior to sequencing,ILLUMINA,2023-12-12T00:00:00Z,2023-12-12T01:12:00Z,1,19.9,pig37345_day4,14SW5450,SRP477429,,H3N2,
SRR27181642,WGS,277,1522404876,"Andrew S. Bowman\, The Ohio State University",PRJNA1051292,SAMN38768177,Viral,544828573,EMORY UNIVERSITY,"Bowman Lab\, OSU",2014-07-15,public,"fastq,run.zq,sra","gs,ncbi,s3","gs.us-east1,ncbi.public,s3.us-east-1",Influenza A infection,SRX22862093,USA,North America,USA: Indiana,Sub_adult,Sus scrofa domesticus,snout,Illumina NovaSeq 6000,pigID-37131,nasal wipe,3030938216_ZZYV1QRN_v2_S32,PAIRED,RT-PCR,VIRAL RNA,Influenza A virus,No passages prior to sequencing,ILLUMINA,2023-12-12T00:00:00Z,2023-12-12T01:13:00Z,1,27.8,pig37131_day4,14SW5446,SRP477429,,H3N2,
SRR27181643,WGS,279,812219391,"Andrew S. Bowman\, The Ohio State University",PRJNA1051292,SAMN38768174,Viral,292155994,EMORY UNIVERSITY,"Bowman Lab\, OSU",2014-07-15,public,"fastq,run.zq,sra","gs,ncbi,s3","gs.us-east1,ncbi.public,s3.us-east-1",Influenza A infection,SRX22862091,USA,North America,USA: Indiana,Sub_adult,Sus scrofa domesticus,snout,Illumina NovaSeq 6000,pigID-20350,nasal wipe,3030938036_ZZYV1QNI_v2_S8,PAIRED,RT-PCR,VIRAL RNA,Influenza A virus,No passages prior to sequencing,ILLUMINA,2023-12-12T00:00:00Z,2023-12-12T01:13:00Z,1,23.7,pig20350_day4,14SW5442,SRP477429,York,H3N2,male
SRR27181644,WGS,280,1084673421,"Andrew S. Bowman\, The Ohio State University",PRJNA1051292,SAMN38768173,Viral,386191717,EMORY UNIVERSITY,"Bowman Lab\, OSU",2014-07-15,public,"fastq,run.zq,sra","gs,ncbi,s3","gs.us-east1,ncbi.public,s3.us-east-1",Influenza A infection,SRX22862090,USA,North America,USA: Indiana,Sub_adult,Sus scrofa domesticus,snout,Illumina NovaSeq 6000,pigID-20352,nasal wipe,3030938002_ZZYV1QMS_v2_S91,PAIRED,RT-PCR,VIRAL RNA,Influenza A virus,No passages prior to sequencing,ILLUMINA,2023-12-12T00:00:00Z,2023-12-12T01:13:00Z,1,22.8,pig20352_day4,14SW5441,SRP477429,York,H3N2,male
SRR27181645,WGS,276,1115723178,"Andrew S. Bowman\, The Ohio State University",PRJNA1051292,SAMN38768172,Viral,398603203,EMORY UNIVERSITY,"Bowman Lab\, OSU",2014-07-14,public,"fastq,run.zq,sra","gs,ncbi,s3","gs.us-east1,ncbi.public,s3.us-east-1",Influenza A infection,SRX22862089,USA,North America,USA: Indiana,Sub_adult,Sus scrofa domesticus,snout,Illumina NovaSeq 6000,pigID-37348,nasal wipe,3030937959_ZZYV1QLS_v2_S79,PAIRED,RT-PCR,VIRAL RNA,Influenza A virus,No passages prior to sequencing,ILLUMINA,2023-12-12T00:00:00Z,2023-12-12T01:13:00Z,1,22.1,pig37348_day3,14SW5380,SRP477429,mix,H3N2,male
SRR27181646,WGS,285,749895961,"Andrew S. Bowman\, The Ohio State University",PRJNA1051292,SAMN38768176,Viral,274208346,EMORY UNIVERSITY,"Bowman Lab\, OSU",2014-07-15,public,"fastq,run.zq,sra","gs,ncbi,s3","gs.us-east1,ncbi.public,s3.us-east-1",Influenza A infection,SRX22862092,USA,North America,USA: Indiana,Sub_adult,Sus scrofa domesticus,snout,Illumina NovaSeq 6000,pigID-20694,nasal wipe,3030937866_ZZYV1QJM_v2_S20,PAIRED,RT-PCR,VIRAL RNA,Influenza A virus,No passages prior to sequencing,ILLUMINA,2023-12-12T00:00:00Z,2023-12-12T01:13:00Z,1,16.7,pig20694_day4,14SW5444,SRP477429,mix,H3N2,female
SRR27181647,WGS,300,647400,"Andrew S. Bowman\, The Ohio State University",PRJNA1051292,SAMN38768137,Viral,354463,EMORY UNIVERSITY,"Bowman Lab\, OSU",2014-07-14,public,"fastq,run.zq,sra","gs,ncbi,s3","gs.us-east1,ncbi.public,s3.us-east-1",Influenza A infection,SRX22862088,USA,North America,USA: Indiana,Sub_adult,Sus scrofa domesticus,snout,Illumina MiSeq,pigID-37354,nasal wipe,3030938356_ZZYV8WR9_v1_S306,PAIRED,RT-PCR,VIRAL RNA,Influenza A virus,No passages prior to sequencing,ILLUMINA,2023-12-12T00:00:00Z,2023-12-12T01:10:00Z,1,30.8,pig37354_day3,14SW5082,SRP477429,Hamp,,male
SRR27181648,WGS,275,896353566,"Andrew S. Bowman\, The Ohio State University",PRJNA1051292,SAMN38768171,Viral,323390647,EMORY UNIVERSITY,"Bowman Lab\, OSU",2014-07-14,public,"fastq,run.zq,sra","gs,ncbi,s3","gs.us-east1,ncbi.public,s3.us-east-1",Influenza A infection,SRX22862087,USA,North America,USA: Indiana,Sub_adult,Sus scrofa domesticus,snout,Illumina NovaSeq 6000,pigID-37362,nasal wipe,3030938097_ZZYV1QOW_v2_S67,PAIRED,RT-PCR,VIRAL RNA,Influenza A virus,No passages prior to sequencing,ILLUMINA,2023-12-12T00:00:00Z,2023-12-12T01:13:00Z,1,25,pig37362_day3,14SW5377,SRP477429,Duroc,H1N1/H3N2 double infection,female
SRR27181649,WGS,281,899801879,"Andrew S. Bowman\, The Ohio State University",PRJNA1051292,SAMN38768169,Viral,321788626,EMORY UNIVERSITY,"Bowman Lab\, OSU",2014-07-14,public,"fastq,run.zq,sra","gs,ncbi,s3","gs.us-east1,ncbi.public,s3.us-east-1",Influenza A infection,SRX22862086,USA,North America,USA: Indiana,Sub_adult,Sus scrofa domesticus,snout,Illumina NovaSeq 6000,pigID-37357,nasal wipe,3030938076_ZZYV1QOH_v2_S55,PAIRED,RT-PCR,VIRAL RNA,Influenza A virus,No passages prior to sequencing,ILLUMINA,2023-12-12T00:00:00Z,2023-12-12T01:13:00Z,1,24.6,pig37357_day3,14SW5372,SRP477429,Spot,H3N2,female
SRR27181650,WGS,281,1055321434,"Andrew S. Bowman\, The Ohio State University",PRJNA1051292,SAMN38768168,Viral,376531384,EMORY UNIVERSITY,"Bowman Lab\, OSU",2014-07-14,public,"fastq,run.zq,sra","gs,ncbi,s3","gs.us-east1,ncbi.public,s3.us-east-1",Influenza A infection,SRX22862085,USA,North America,USA: Indiana,Sub_adult,Sus scrofa domesticus,snout,Illumina NovaSeq 6000,pigID-20581,nasal wipe,3030938125_ZZYV1QPJ_v2_S43,PAIRED,RT-PCR,VIRAL RNA,Influenza A virus,No passages prior to sequencing,ILLUMINA,2023-12-12T00:00:00Z,2023-12-12T01:14:00Z,1,25.7,pig20581_day3,14SW5346,SRP477429,mix,H3N2,male
SRR27181651,WGS,288,762904533,"Andrew S. Bowman\, The Ohio State University",PRJNA1051292,SAMN38768165,Viral,273285518,EMORY UNIVERSITY,"Bowman Lab\, OSU",2014-07-14,public,"fastq,run.zq,sra","gs,ncbi,s3","gs.us-east1,ncbi.public,s3.us-east-1",Influenza A infection,SRX22862083,USA,North America,USA: Indiana,Sub_adult,Sus scrofa domesticus,snout,Illumina NovaSeq 6000,pigID-37317,nasal wipe,3030937941_ZZYV1QLC_v2_S19,PAIRED,RT-PCR,VIRAL RNA,Influenza A virus,No passages prior to sequencing,ILLUMINA,2023-12-12T00:00:00Z,2023-12-12T01:12:00Z,1,21.5,pig37317_day3,14SW5331,SRP477429,Spot,H3N2,male
SRR27181652,WGS,279,857325454,"Andrew S. Bowman\, The Ohio State University",PRJNA1051292,SAMN38768163,Viral,305097138,EMORY UNIVERSITY,"Bowman Lab\, OSU",2014-07-14,public,"fastq,run.zq,sra","gs,ncbi,s3","gs.us-east1,ncbi.public,s3.us-east-1",Influenza A infection,SRX22862082,USA,North America,USA: Indiana,Sub_adult,Sus scrofa domesticus,snout,Illumina NovaSeq 6000,pigID-37183,nasal wipe,3030938182_ZZYV1QQY_v2_S7,PAIRED,RT-PCR,VIRAL RNA,Influenza A virus,No passages prior to sequencing,ILLUMINA,2023-12-12T00:00:00Z,2023-12-12T01:12:00Z,1,27.1,pig37183_day3,14SW5306,SRP477429,mix,H1N1,male
SRR27181653,WGS,277,903131210,"Andrew S. Bowman\, The Ohio State University",PRJNA1051292,SAMN38768161,Viral,325952862,EMORY UNIVERSITY,"Bowman Lab\, OSU",2014-07-14,public,"fastq,run.zq,sra","gs,ncbi,s3","gs.us-east1,ncbi.public,s3.us-east-1",Influenza A infection,SRX22862081,USA,North America,USA: Indiana,Sub_adult,Sus scrofa domesticus,snout,Illumina NovaSeq 6000,pigID-20606,nasal wipe,3030937867_ZZYV1QJN_v2_S90,PAIRED,RT-PCR,VIRAL RNA,Influenza A virus,No passages prior to sequencing,ILLUMINA,2023-12-12T00:00:00Z,2023-12-12T01:11:00Z,1,16.8,pig20606_day3,14SW5296,SRP477429,mix,H3N2,female
SRR27181654,WGS,280,1214754519,"Andrew S. Bowman\, The Ohio State University",PRJNA1051292,SAMN38768167,Viral,434306988,EMORY UNIVERSITY,"Bowman Lab\, OSU",2014-07-14,public,"fastq,run.zq,sra","gs,ncbi,s3","gs.us-east1,ncbi.public,s3.us-east-1",Influenza A infection,SRX22862084,USA,North America,USA: Indiana,Sub_adult,Sus scrofa domesticus,snout,Illumina NovaSeq 6000,pigID-20579,nasal wipe,3030937938_ZZYV1QL9_v2_S31,PAIRED,RT-PCR,VIRAL RNA,Influenza A virus,No passages prior to sequencing,ILLUMINA,2023-12-12T00:00:00Z,2023-12-12T01:11:00Z,1,21.4,pig20579_day3,14SW5344,SRP477429,mix,H3N2,female
SRR27181655,WGS,270,1118330682,"Andrew S. Bowman\, The Ohio State University",PRJNA1051292,SAMN38768160,Viral,405000028,EMORY UNIVERSITY,"Bowman Lab\, OSU",2014-07-14,public,"fastq,run.zq,sra","gs,ncbi,s3","gs.us-east1,ncbi.public,s3.us-east-1",Influenza A infection,SRX22862080,USA,North America,USA: Indiana,Sub_adult,Sus scrofa domesticus,snout,Illumina NovaSeq 6000,pigID-20592,nasal wipe,3030938110_ZZYV1QP6_v2_S78,PAIRED,RT-PCR,VIRAL RNA,Influenza A virus,No passages prior to sequencing,ILLUMINA,2023-12-12T00:00:00Z,2023-12-12T01:12:00Z,1,25.3,pig20592_day3,14SW5293,SRP477429,Duroc,H3N2,male
SRR27181656,WGS,265,1178652354,"Andrew S. Bowman\, The Ohio State University",PRJNA1051292,SAMN38768159,Viral,430880384,EMORY UNIVERSITY,"Bowman Lab\, OSU",2014-07-14,public,"fastq,run.zq,sra","gs,ncbi,s3","gs.us-east1,ncbi.public,s3.us-east-1",Influenza A infection,SRX22862079,USA,North America,USA: Indiana,Sub_adult,Sus scrofa domesticus,snout,Illumina NovaSeq 6000,pigID-37159,nasal wipe,3030937924_ZZYV1QL0_v2_S66,PAIRED,RT-PCR,VIRAL RNA,Influenza A virus,No passages prior to sequencing,ILLUMINA,2023-12-12T00:00:00Z,2023-12-12T01:11:00Z,1,21,pig37159_day3,14SW5285,SRP477429,Hamp,H1N1,female
SRR27181657,WGS,279,908271321,"Andrew S. Bowman\, The Ohio State University",PRJNA1051292,SAMN38768158,Viral,330695721,EMORY UNIVERSITY,"Bowman Lab\, OSU",2014-07-14,public,"fastq,run.zq,sra","gs,ncbi,s3","gs.us-east1,ncbi.public,s3.us-east-1",Influenza A infection,SRX22862078,USA,North America,USA: Indiana,Sub_adult,Sus scrofa domesticus,snout,Illumina NovaSeq 6000,pigID-37158,nasal wipe,3030937907_ZZYV1QKK_v2_S54,PAIRED,RT-PCR,VIRAL RNA,Influenza A virus,No passages prior to sequencing,ILLUMINA,2023-12-12T00:00:00Z,2023-12-12T01:12:00Z,1,20.2,pig37158_day3,14SW5284,SRP477429,York,H1N1,male
SRR27181658,WGS,300,197871000,"Andrew S. Bowman\, The Ohio State University",PRJNA1051292,SAMN38768136,Viral,84838872,EMORY UNIVERSITY,"Bowman Lab\, OSU",2014-07-14,public,"fastq,run.zq,sra","gs,ncbi,s3","gs.us-east1,ncbi.public,s3.us-east-1",Influenza A infection,SRX22862077,USA,North America,USA: Indiana,Sub_adult,Sus scrofa domesticus,snout,Illumina MiSeq,pigID-20625,nasal wipe,3030938142_ZZYV8WLB_v1_S352,PAIRED,RT-PCR,VIRAL RNA,Influenza A virus,No passages prior to sequencing,ILLUMINA,2023-12-12T00:00:00Z,2023-12-12T01:12:00Z,1,26.1,pig20625_day3,14SW5051,SRP477429,mix,H3N2,female
SRR27181659,WGS,281,1119085116,"Andrew S. Bowman\, The Ohio State University",PRJNA1051292,SAMN38768155,Viral,403929884,EMORY UNIVERSITY,"Bowman Lab\, OSU",2014-07-14,public,"fastq,run.zq,sra","gs,ncbi,s3","gs.us-east1,ncbi.public,s3.us-east-1",Influenza A infection,SRX22862075,USA,North America,USA: Indiana,Sub_adult,Sus scrofa domesticus,snout,Illumina NovaSeq 6000,pigID-20467,nasal wipe,3030937901_ZZYV1QKF_v2_S30,PAIRED,RT-PCR,VIRAL RNA,Influenza A virus,No passages prior to sequencing,ILLUMINA,2023-12-12T00:00:00Z,2023-12-12T01:12:00Z,1,19.9,pig20467_day3,14SW5205,SRP477429,mix,H1N1,male
SRR27181660,WGS,279,937355354,"Andrew S. Bowman\, The Ohio State University",PRJNA1051292,SAMN38768154,Viral,338298920,EMORY UNIVERSITY,"Bowman Lab\, OSU",2014-07-14,public,"fastq,run.zq,sra","gs,ncbi,s3","gs.us-east1,ncbi.public,s3.us-east-1",Influenza A infection,SRX22862074,USA,North America,USA: Indiana,Sub_adult,Sus scrofa domesticus,snout,Illumina NovaSeq 6000,pigID-20474,nasal wipe,3030938285_ZZYV1QSZ_v2_S18,PAIRED,RT-PCR,VIRAL RNA,Influenza A virus,No passages prior to sequencing,ILLUMINA,2023-12-12T00:00:00Z,2023-12-12T01:13:00Z,1,29.1,pig20474_day3,14SW5203,SRP477429,mix,H1N1/H3N2 double infection,female
SRR27181661,WGS,300,103814100,"Andrew S. Bowman\, The Ohio State University",PRJNA1051292,SAMN38768579,Viral,59398207,EMORY UNIVERSITY,"Bowman Lab\, OSU",2014-07-17,public,"fastq,run.zq,sra","gs,ncbi,s3","gs.us-east1,ncbi.public,s3.us-east-1",Influenza A infection,SRX22862073,USA,North America,USA: Indiana,Sub_adult,Sus scrofa domesticus,snout,Illumina MiSeq,pigID-37356,nasal wipe,3030938011_ZZYV8WHO_v1_S44,PAIRED,RT-PCR,VIRAL RNA,Influenza A virus,No passages prior to sequencing,ILLUMINA,2023-12-12T00:00:00Z,2023-12-12T01:11:00Z,1,23,pig37356_day6,14SW6341,SRP477429,Spot,H3N2,male
SRR27181662,WGS,300,37714500,"Andrew S. Bowman\, The Ohio State University",PRJNA1051292,SAMN38768580,Viral,16250252,EMORY UNIVERSITY,"Bowman Lab\, OSU",2014-07-17,public,"fastq,run.zq,sra","gs,ncbi,s3","gs.us-east1,ncbi.public,s3.us-east-1",Influenza A infection,SRX22861626,USA,North America,USA: Indiana,Sub_adult,Sus scrofa domesticus,snout,Illumina MiSeq,pigID-20512,nasal wipe,3030938231_ZZYV8WNS_v1_S137,PAIRED,RT-PCR,VIRAL RNA,Influenza A virus,No passages prior to sequencing,ILLUMINA,2023-12-12T00:00:00Z,2023-12-12T01:10:00Z,1,28.1,pig20512_day6,14SW6342,SRP477429,Duroc,H3N2,male
SRR27181663,WGS,300,82174200,"Andrew S. Bowman\, The Ohio State University",PRJNA1051292,SAMN38768578,Viral,44718602,EMORY UNIVERSITY,"Bowman Lab\, OSU",2014-07-17,public,"fastq,run.zq,sra","gs,ncbi,s3","gs.us-east1,ncbi.public,s3.us-east-1",Influenza A infection,SRX22862072,USA,North America,USA: Indiana,Sub_adult,Sus scrofa domesticus,snout,Illumina MiSeq,pigID-37341,nasal wipe,3030937952_ZZYV8WG1_v1_S62,PAIRED,RT-PCR,VIRAL RNA,Influenza A virus,No passages prior to sequencing,ILLUMINA,2023-12-12T00:00:00Z,2023-12-12T01:11:00Z,1,22,pig37341_day6,14SW6340,SRP477429,mix,H3N2,male
SRR27181664,WGS,300,59479800,"Andrew S. Bowman\, The Ohio State University",PRJNA1051292,SAMN38768577,Viral,33201755,EMORY UNIVERSITY,"Bowman Lab\, OSU",2014-07-17,public,"fastq,run.zq,sra","gs,ncbi,s3","gs.us-east1,ncbi.public,s3.us-east-1",Influenza A infection,SRX22862071,USA,North America,USA: Indiana,Sub_adult,Sus scrofa domesticus,snout,Illumina MiSeq,pigID-37340,nasal wipe,3030937948_ZZYV8WFX_v1_S6,PAIRED,RT-PCR,VIRAL RNA,Influenza A virus,No passages prior to sequencing,ILLUMINA,2023-12-12T00:00:00Z,2023-12-12T01:12:00Z,1,21.9,pig37340_day6,14SW6339,SRP477429,mix,H3N2,male
SRR27181665,WGS,300,78168300,"Andrew S. Bowman\, The Ohio State University",PRJNA1051292,SAMN38768576,Viral,43615252,EMORY UNIVERSITY,"Bowman Lab\, OSU",2014-07-17,public,"fastq,run.zq,sra","gs,ncbi,s3","gs.us-east1,ncbi.public,s3.us-east-1",Influenza A infection,SRX22862070,USA,North America,USA: Indiana,Sub_adult,Sus scrofa domesticus,snout,Illumina MiSeq,pigID-37126,nasal wipe,3030938180_ZZYV8WMD_v1_S50,PAIRED,RT-PCR,VIRAL RNA,Influenza A virus,No passages prior to sequencing,ILLUMINA,2023-12-12T00:00:00Z,2023-12-12T01:12:00Z,1,27.1,pig37126_day6,14SW6337,SRP477429,York,H1N1/H3N2 double infection,male
SRR27181666,WGS,300,200514000,"Andrew S. Bowman\, The Ohio State University",PRJNA1051292,SAMN38768575,Viral,84823508,EMORY UNIVERSITY,"Bowman Lab\, OSU",2014-07-17,public,"fastq,run.zq,sra","gs,ncbi,s3","gs.us-east1,ncbi.public,s3.us-east-1",Influenza A infection,SRX22862069,USA,North America,USA: Indiana,Sub_adult,Sus scrofa domesticus,snout,Illumina MiSeq,pigID-37250,nasal wipe,3030937915_ZZYV8WF0_v1_S268,PAIRED,RT-PCR,VIRAL RNA,Influenza A virus,No passages prior to sequencing,ILLUMINA,2023-12-12T00:00:00Z,2023-12-12T01:12:00Z,1,20.5,pig37250_day6,14SW6333,SRP477429,mix,H3N2,female
SRR27181667,WGS,300,188119800,"Andrew S. Bowman\, The Ohio State University",PRJNA1051292,SAMN38768573,Viral,83249418,EMORY UNIVERSITY,"Bowman Lab\, OSU",2014-07-17,public,"fastq,run.zq,sra","gs,ncbi,s3","gs.us-east1,ncbi.public,s3.us-east-1",Influenza A infection,SRX22862067,USA,North America,USA: Indiana,Sub_adult,Sus scrofa domesticus,snout,Illumina MiSeq,pigID-37178,nasal wipe,3030937945_ZZYV8WFU_v1_S367,PAIRED,RT-PCR,VIRAL RNA,Influenza A virus,No passages prior to sequencing,ILLUMINA,2023-12-12T00:00:00Z,2023-12-12T01:11:00Z,1,21.8,pig37178_day6,14SW6331,SRP477429,Duroc,H3N2,male
SRR27181668,WGS,300,139275900,"Andrew S. Bowman\, The Ohio State University",PRJNA1051292,SAMN38768572,Viral,58308361,EMORY UNIVERSITY,"Bowman Lab\, OSU",2014-07-17,public,"fastq,run.zq,sra","gs,ncbi,s3","gs.us-east1,ncbi.public,s3.us-east-1",Influenza A infection,SRX22862066,USA,North America,USA: Indiana,Sub_adult,Sus scrofa domesticus,snout,Illumina MiSeq,pigID-37179,nasal wipe,3030938098_ZZYV8WK3_v1_S320,PAIRED,RT-PCR,VIRAL RNA,Influenza A virus,No passages prior to sequencing,ILLUMINA,2023-12-12T00:00:00Z,2023-12-12T01:11:00Z,1,25,pig37179_day6,14SW6330,SRP477429,Hamp,H3N2,male
SRR27181669,WGS,300,173680500,"Andrew S. Bowman\, The Ohio State University",PRJNA1051292,SAMN38768571,Viral,73515291,EMORY UNIVERSITY,"Bowman Lab\, OSU",2014-07-17,public,"fastq,run.zq,sra","gs,ncbi,s3","gs.us-east1,ncbi.public,s3.us-east-1",Influenza A infection,SRX22862065,USA,North America,USA: Indiana,Sub_adult,Sus scrofa domesticus,snout,Illumina MiSeq,pigID-20576,nasal wipe,3030938043_ZZYV8WIK_v1_S220,PAIRED,RT-PCR,VIRAL RNA,Influenza A virus,No passages prior to sequencing,ILLUMINA,2023-12-12T00:00:00Z,2023-12-12T01:11:00Z,1,23.9,pig20576_day6,14SW6328,SRP477429,mix,H3N2,female
SRR27181670,WGS,300,67812600,"Andrew S. Bowman\, The Ohio State University",PRJNA1051292,SAMN38768574,Viral,38675308,EMORY UNIVERSITY,"Bowman Lab\, OSU",2014-07-17,public,"fastq,run.zq,sra","gs,ncbi,s3","gs.us-east1,ncbi.public,s3.us-east-1",Influenza A infection,SRX22862068,USA,North America,USA: Indiana,Sub_adult,Sus scrofa domesticus,snout,Illumina MiSeq,pigID-37177,nasal wipe,3030938211_ZZYV8WN8_v1_S69,PAIRED,RT-PCR,VIRAL RNA,Influenza A virus,No passages prior to sequencing,ILLUMINA,2023-12-12T00:00:00Z,2023-12-12T01:10:00Z,1,27.7,pig37177_day6,14SW6332,SRP477429,York,H3N2,male
SRR27181671,WGS,300,87599100,"Andrew S. Bowman\, The Ohio State University",PRJNA1051292,SAMN38768570,Viral,49146276,EMORY UNIVERSITY,"Bowman Lab\, OSU",2014-07-17,public,"fastq,run.zq,sra","gs,ncbi,s3","gs.us-east1,ncbi.public,s3.us-east-1",Influenza A infection,SRX22862064,USA,North America,USA: Indiana,Sub_adult,Sus scrofa domesticus,snout,Illumina MiSeq,pigID-37331,nasal wipe,3030938155_ZZYV8WLO_v1_S20,PAIRED,RT-PCR,VIRAL RNA,Influenza A virus,No passages prior to sequencing,ILLUMINA,2023-12-12T00:00:00Z,2023-12-12T01:11:00Z,1,26.4,pig37331_day6,14SW6326,SRP477429,mix,H3N2,male
SRR27181672,WGS,300,260872500,"Andrew S. Bowman\, The Ohio State University",PRJNA1051292,SAMN38768129,Viral,110438214,EMORY UNIVERSITY,"Bowman Lab\, OSU",2014-07-14,public,"fastq,run.zq,sra","gs,ncbi,s3","gs.us-east1,ncbi.public,s3.us-east-1",Influenza A infection,SRX22862063,USA,North America,USA: Indiana,Sub_adult,Sus scrofa domesticus,snout,Illumina MiSeq,pigID-20352,nasal wipe,3030937929_ZZYV8WFE_v1_S286,PAIRED,RT-PCR,VIRAL RNA,Influenza A virus,No passages prior to sequencing,ILLUMINA,2023-12-12T00:00:00Z,2023-12-12T01:11:00Z,1,21.2,pig20352_day3,14SW5033,SRP477429,York,H3N2,male
SRR27181673,WGS,300,169728300,"Andrew S. Bowman\, The Ohio State University",PRJNA1051292,SAMN38768569,Viral,71579765,EMORY UNIVERSITY,"Bowman Lab\, OSU",2014-07-17,public,"fastq,run.zq,sra","gs,ncbi,s3","gs.us-east1,ncbi.public,s3.us-east-1",Influenza A infection,SRX22862062,USA,North America,USA: Indiana,Sub_adult,Sus scrofa domesticus,snout,Illumina MiSeq,pigID-20581,nasal wipe,3030937904_ZZYV8WEP_v1_S23,PAIRED,RT-PCR,VIRAL RNA,Influenza A virus,No passages prior to sequencing,ILLUMINA,2023-12-12T00:00:00Z,2023-12-12T01:11:00Z,1,20,pig20581_day6,14SW6325,SRP477429,mix,H3N2,male
SRR27181674,WGS,300,82527000,"Andrew S. Bowman\, The Ohio State University",PRJNA1051292,SAMN38768568,Viral,34838936,EMORY UNIVERSITY,"Bowman Lab\, OSU",2014-07-17,public,"fastq,run.zq,sra","gs,ncbi,s3","gs.us-east1,ncbi.public,s3.us-east-1",Influenza A infection,SRX22862061,USA,North America,USA: Indiana,Sub_adult,Sus scrofa domesticus,snout,Illumina MiSeq,pigID-37333,nasal wipe,3030938127_ZZYV8WKW_v1_S41,PAIRED,RT-PCR,VIRAL RNA,Influenza A virus,No passages prior to sequencing,ILLUMINA,2023-12-12T00:00:00Z,2023-12-12T01:11:00Z,1,25.8,pig37333_day6,14SW6324,SRP477429,mix,H3N2,male
SRR27181675,WGS,300,67970700,"Andrew S. Bowman\, The Ohio State University",PRJNA1051292,SAMN38768566,Viral,37813393,EMORY UNIVERSITY,"Bowman Lab\, OSU",2014-07-17,public,"fastq,run.zq,sra","gs,ncbi,s3","gs.us-east1,ncbi.public,s3.us-east-1",Influenza A infection,SRX22862059,USA,North America,USA: Indiana,Sub_adult,Sus scrofa domesticus,snout,Illumina MiSeq,pigID-20578,nasal wipe,3030938028_ZZYV8WI5_v1_S24,PAIRED,RT-PCR,VIRAL RNA,Influenza A virus,No passages prior to sequencing,ILLUMINA,2023-12-12T00:00:00Z,2023-12-12T01:12:00Z,1,23.4,pig20578_day6,14SW6322,SRP477429,mix,H3N2,
SRR27181676,WGS,300,78668100,"Andrew S. Bowman\, The Ohio State University",PRJNA1051292,SAMN38768565,Viral,42741801,EMORY UNIVERSITY,"Bowman Lab\, OSU",2014-07-17,public,"fastq,run.zq,sra","gs,ncbi,s3","gs.us-east1,ncbi.public,s3.us-east-1",Influenza A infection,SRX22862058,USA,North America,USA: Indiana,Sub_adult,Sus scrofa domesticus,snout,Illumina MiSeq,pigID-37104,nasal wipe,3030938035_ZZYV8WIC_v1_S4,PAIRED,RT-PCR,VIRAL RNA,Influenza A virus,No passages prior to sequencing,ILLUMINA,2023-12-12T00:00:00Z,2023-12-12T01:11:00Z,1,23.7,pig37104_day6,14SW6321,SRP477429,mix,H3N2,male
SRR27181677,WGS,300,188260800,"Andrew S. Bowman\, The Ohio State University",PRJNA1051292,SAMN38768564,Viral,79428925,EMORY UNIVERSITY,"Bowman Lab\, OSU",2014-07-17,public,"fastq,run.zq,sra","gs,ncbi,s3","gs.us-east1,ncbi.public,s3.us-east-1",Influenza A infection,SRX22862057,USA,North America,USA: Indiana,Sub_adult,Sus scrofa domesticus,snout,Illumina MiSeq,pigID-37141,nasal wipe,3030937872_ZZYV8WDT_v1_S300,PAIRED,RT-PCR,VIRAL RNA,Influenza A virus,No passages prior to sequencing,ILLUMINA,2023-12-12T00:00:00Z,2023-12-12T01:11:00Z,1,18,pig37141_day6,14SW6320,SRP477429,mix,H3N2,male
SRR27181678,WGS,300,169640700,"Andrew S. Bowman\, The Ohio State University",PRJNA1051292,SAMN38768567,Viral,71359494,EMORY UNIVERSITY,"Bowman Lab\, OSU",2014-07-17,public,"fastq,run.zq,sra","gs,ncbi,s3","gs.us-east1,ncbi.public,s3.us-east-1",Influenza A infection,SRX22862060,USA,North America,USA: Indiana,Sub_adult,Sus scrofa domesticus,snout,Illumina MiSeq,pigID-20579,nasal wipe,3030938055_ZZYV8WIW_v1_S252,PAIRED,RT-PCR,VIRAL RNA,Influenza A virus,No passages prior to sequencing,ILLUMINA,2023-12-12T00:00:00Z,2023-12-12T01:11:00Z,1,24.1,pig20579_day6,14SW6323,SRP477429,mix,H3N2,female
SRR27181679,WGS,300,142204500,"Andrew S. Bowman\, The Ohio State University",PRJNA1051292,SAMN38768563,Viral,60290140,EMORY UNIVERSITY,"Bowman Lab\, OSU",2014-07-17,public,"fastq,run.zq,sra","gs,ncbi,s3","gs.us-east1,ncbi.public,s3.us-east-1",Influenza A infection,SRX22862056,USA,North America,USA: Indiana,Sub_adult,Sus scrofa domesticus,snout,Illumina MiSeq,pigID-20601,nasal wipe,3030937902_ZZYV8WEN_v1_S121,PAIRED,RT-PCR,VIRAL RNA,Influenza A virus,No passages prior to sequencing,ILLUMINA,2023-12-12T00:00:00Z,2023-12-12T01:12:00Z,1,19.9,pig20601_day6,14SW6319,SRP477429,Hamp,H3N2,male
SRR27181680,WGS,300,52911900,"Andrew S. Bowman\, The Ohio State University",PRJNA1051292,SAMN38768562,Viral,31104455,EMORY UNIVERSITY,"Bowman Lab\, OSU",2014-07-17,public,"fastq,run.zq,sra","gs,ncbi,s3","gs.us-east1,ncbi.public,s3.us-east-1",Influenza A infection,SRX22862055,USA,North America,USA: Indiana,Sub_adult,Sus scrofa domesticus,snout,Illumina MiSeq,pigID-37318,nasal wipe,3030937991_ZZYV8WH4_v1_S59,PAIRED,RT-PCR,VIRAL RNA,Influenza A virus,No passages prior to sequencing,ILLUMINA,2023-12-12T00:00:00Z,2023-12-12T01:11:00Z,1,22.7,pig37318_day6,14SW6318,SRP477429,mix,H3N2,male
SRR27181681,WGS,300,63909600,"Andrew S. Bowman\, The Ohio State University",PRJNA1051292,SAMN38768561,Viral,35354001,EMORY UNIVERSITY,"Bowman Lab\, OSU",2014-07-17,public,"fastq,run.zq,sra","gs,ncbi,s3","gs.us-east1,ncbi.public,s3.us-east-1",Influenza A infection,SRX22862054,USA,North America,USA: Indiana,Sub_adult,Sus scrofa domesticus,snout,Illumina MiSeq,pigID-37319,nasal wipe,3030937966_ZZYV8WGF_v1_S30,PAIRED,RT-PCR,VIRAL RNA,Influenza A virus,No passages prior to sequencing,ILLUMINA,2023-12-12T00:00:00Z,2023-12-12T01:11:00Z,1,22.2,pig37319_day6,14SW6317,SRP477429,mix,H3N2,male
SRR27181682,WGS,300,113507400,"Andrew S. Bowman\, The Ohio State University",PRJNA1051292,SAMN38768560,Viral,47709613,EMORY UNIVERSITY,"Bowman Lab\, OSU",2014-07-17,public,"fastq,run.zq,sra","gs,ncbi,s3","gs.us-east1,ncbi.public,s3.us-east-1",Influenza A infection,SRX22862053,USA,North America,USA: Indiana,Sub_adult,Sus scrofa domesticus,snout,Illumina MiSeq,pigID-37317,nasal wipe,3030937969_ZZYV8WGI_v1_S89,PAIRED,RT-PCR,VIRAL RNA,Influenza A virus,No passages prior to sequencing,ILLUMINA,2023-12-12T00:00:00Z,2023-12-12T01:11:00Z,1,22.3,pig37317_day6,14SW6316,SRP477429,Spot,H3N2,male
SRR27181683,WGS,300,124824300,"Andrew S. Bowman\, The Ohio State University",PRJNA1051292,SAMN38768500,Viral,53015095,EMORY UNIVERSITY,"Bowman Lab\, OSU",2014-07-17,public,"fastq,run.zq,sra","gs,ncbi,s3","gs.us-east1,ncbi.public,s3.us-east-1",Influenza A infection,SRX22862051,USA,North America,USA: Indiana,Sub_adult,Sus scrofa domesticus,snout,Illumina MiSeq,pigID-37286,nasal wipe,3030938160_ZZYV8WLT_v1_S65,PAIRED,RT-PCR,VIRAL RNA,Influenza A virus,No passages prior to sequencing,ILLUMINA,2023-12-12T00:00:00Z,2023-12-12T01:11:00Z,1,26.5,pig37286_day6,14SW6221,SRP477429,Hamp,H1N1/H3N2 double infection,female
SRR27181684,WGS,300,166129500,"Andrew S. Bowman\, The Ohio State University",PRJNA1051292,SAMN38768122,Viral,71392972,EMORY UNIVERSITY,"Bowman Lab\, OSU",2014-07-14,public,"fastq,run.zq,sra","gs,ncbi,s3","gs.us-east1,ncbi.public,s3.us-east-1",Influenza A infection,SRX22862050,USA,North America,USA: Indiana,Sub_adult,Sus scrofa domesticus,snout,Illumina MiSeq,pigID-20617,nasal wipe,3030938201_ZZYV8WMY_v1_S338,PAIRED,RT-PCR,VIRAL RNA,Influenza A virus,No passages prior to sequencing,ILLUMINA,2023-12-12T00:00:00Z,2023-12-12T01:12:00Z,1,27.5,pig20617_day3,14SW5019,SRP477429,York,H3N2,male
SRR27181685,WGS,300,102993600,"Andrew S. Bowman\, The Ohio State University",PRJNA1051292,SAMN38768499,Viral,56201505,EMORY UNIVERSITY,"Bowman Lab\, OSU",2014-07-17,public,"fastq,run.zq,sra","gs,ncbi,s3","gs.us-east1,ncbi.public,s3.us-east-1",Influenza A infection,SRX22862049,USA,North America,USA: Indiana,Sub_adult,Sus scrofa domesticus,snout,Illumina MiSeq,pigID-37285,nasal wipe,3030938134_ZZYV8WL3_v1_S43,PAIRED,RT-PCR,VIRAL RNA,Influenza A virus,No passages prior to sequencing,ILLUMINA,2023-12-12T00:00:00Z,2023-12-12T01:11:00Z,1,25.9,pig37285_day6,14SW6220,SRP477429,Hamp,H3N2,male
SRR27181686,WGS,300,45429900,"Andrew S. Bowman\, The Ohio State University",PRJNA1051292,SAMN38768501,Viral,25737472,EMORY UNIVERSITY,"Bowman Lab\, OSU",2014-07-17,public,"fastq,run.zq,sra","gs,ncbi,s3","gs.us-east1,ncbi.public,s3.us-east-1",Influenza A infection,SRX22862052,USA,North America,USA: Indiana,Sub_adult,Sus scrofa domesticus,snout,Illumina MiSeq,pigID-37201,nasal wipe,3030937949_ZZYV8WFY_v1_S32,PAIRED,RT-PCR,VIRAL RNA,Influenza A virus,No passages prior to sequencing,ILLUMINA,2023-12-12T00:00:00Z,2023-12-12T01:11:00Z,1,21.9,pig37201_day6,14SW6222,SRP477429,mix,H3N2,male
SRR27181687,WGS,300,76691400,"Andrew S. Bowman\, The Ohio State University",PRJNA1051292,SAMN38768498,Viral,43980085,EMORY UNIVERSITY,"Bowman Lab\, OSU",2014-07-17,public,"fastq,run.zq,sra","gs,ncbi,s3","gs.us-east1,ncbi.public,s3.us-east-1",Influenza A infection,SRX22862048,USA,North America,USA: Indiana,Sub_adult,Sus scrofa domesticus,snout,Illumina MiSeq,pigID-37133,nasal wipe,3030938340_ZZYV8WQT_v1_S12,PAIRED,RT-PCR,VIRAL RNA,Influenza A virus,No passages prior to sequencing,ILLUMINA,2023-12-12T00:00:00Z,2023-12-12T01:11:00Z,1,30.5,pig37133_day6,14SW6219,SRP477429,Hamp,H3N2,male
SRR27181688,WGS,300,158789400,"Andrew S. Bowman\, The Ohio State University",PRJNA1051292,SAMN38768497,Viral,67595926,EMORY UNIVERSITY,"Bowman Lab\, OSU",2014-07-17,public,"fastq,run.zq,sra","gs,ncbi,s3","gs.us-east1,ncbi.public,s3.us-east-1",Influenza A infection,SRX22862047,USA,North America,USA: Indiana,Sub_adult,Sus scrofa domesticus,snout,Illumina MiSeq,pigID-1-5,nasal wipe,3030937978_ZZYV8WGR_v1_S113,PAIRED,RT-PCR,VIRAL RNA,Influenza A virus,No passages prior to sequencing,ILLUMINA,2023-12-12T00:00:00Z,2023-12-12T01:11:00Z,1,22.4,pig1-5_day6,14SW6218,SRP477429,Poland,H3N2,male
SRR27181689,WGS,300,94596000,"Andrew S. Bowman\, The Ohio State University",PRJNA1051292,SAMN38768496,Viral,39870068,EMORY UNIVERSITY,"Bowman Lab\, OSU",2014-07-17,public,"fastq,run.zq,sra","gs,ncbi,s3","gs.us-east1,ncbi.public,s3.us-east-1",Influenza A infection,SRX22862046,USA,North America,USA: Indiana,Sub_adult,Sus scrofa domesticus,snout,Illumina MiSeq,pigID-20397,nasal wipe,3030938140_ZZYV8WL9_v1_S85,PAIRED,RT-PCR,VIRAL RNA,Influenza A virus,No passages prior to sequencing,ILLUMINA,2023-12-12T00:00:00Z,2023-12-12T01:11:00Z,1,26,pig20397_day6,14SW6217,SRP477429,Landrace,H3N2,male
SRR27181690,WGS,300,79796400,"Andrew S. Bowman\, The Ohio State University",PRJNA1051292,SAMN38768495,Viral,45058377,EMORY UNIVERSITY,"Bowman Lab\, OSU",2014-07-17,public,"fastq,run.zq,sra","gs,ncbi,s3","gs.us-east1,ncbi.public,s3.us-east-1",Influenza A infection,SRX22862045,USA,North America,USA: Indiana,Sub_adult,Sus scrofa domesticus,snout,Illumina MiSeq,pigID-20396,nasal wipe,3030938189_ZZYV8WMM_v1_S58,PAIRED,RT-PCR,VIRAL RNA,Influenza A virus,No passages prior to sequencing,ILLUMINA,2023-12-12T00:00:00Z,2023-12-12T01:11:00Z,1,27.3,pig20396_day6,14SW6216,SRP477429,Hamp,H3N2,male
SRR27181691,WGS,300,152150100,"Andrew S. Bowman\, The Ohio State University",PRJNA1051292,SAMN38768493,Viral,64474379,EMORY UNIVERSITY,"Bowman Lab\, OSU",2014-07-17,public,"fastq,run.zq,sra","gs,ncbi,s3","gs.us-east1,ncbi.public,s3.us-east-1",Influenza A infection,SRX22862043,USA,North America,USA: Indiana,Sub_adult,Sus scrofa domesticus,snout,Illumina MiSeq,pigID-37365,nasal wipe,3030938022_ZZYV8WHZ_v1_S117,PAIRED,RT-PCR,VIRAL RNA,Influenza A virus,No passages prior to sequencing,ILLUMINA,2023-12-12T00:00:00Z,2023-12-12T01:12:00Z,1,23.2,pig37365_day6,14SW6214,SRP477429,York,H3N2,male
SRR27181692,WGS,300,137349000,"Andrew S. Bowman\, The Ohio State University",PRJNA1051292,SAMN38768492,Viral,57966628,EMORY UNIVERSITY,"Bowman Lab\, OSU",2014-07-17,public,"fastq,run.zq,sra","gs,ncbi,s3","gs.us-east1,ncbi.public,s3.us-east-1",Influenza A infection,SRX22862042,USA,North America,USA: Indiana,Sub_adult,Sus scrofa domesticus,snout,Illumina MiSeq,pigID-37330,nasal wipe,3030938060_ZZYV8WJ1_v1_S216,PAIRED,RT-PCR,VIRAL RNA,Influenza A virus,No passages prior to sequencing,ILLUMINA,2023-12-12T00:00:00Z,2023-12-12T01:11:00Z,1,24.2,pig37330_day6,14SW6212,SRP477429,Duroc,H3N2,male
SRR27181693,WGS,300,181797900,"Andrew S. Bowman\, The Ohio State University",PRJNA1051292,SAMN38768491,Viral,76682661,EMORY UNIVERSITY,"Bowman Lab\, OSU",2014-07-17,public,"fastq,run.zq,sra","gs,ncbi,s3","gs.us-east1,ncbi.public,s3.us-east-1",Influenza A infection,SRX22862041,USA,North America,USA: Indiana,Sub_adult,Sus scrofa domesticus,snout,Illumina MiSeq,pigID-37120,nasal wipe,3030937869_ZZYV8WDQ_v1_S153,PAIRED,RT-PCR,VIRAL RNA,Influenza A virus,No passages prior to sequencing,ILLUMINA,2023-12-12T00:00:00Z,2023-12-12T01:11:00Z,1,17.5,pig37120_day6,14SW6208,SRP477429,Berk,H3N2,male
SRR27181694,WGS,300,101830200,"Andrew S. Bowman\, The Ohio State University",PRJNA1051292,SAMN38768494,Viral,43340983,EMORY UNIVERSITY,"Bowman Lab\, OSU",2014-07-17,public,"fastq,run.zq,sra","gs,ncbi,s3","gs.us-east1,ncbi.public,s3.us-east-1",Influenza A infection,SRX22862044,USA,North America,USA: Indiana,Sub_adult,Sus scrofa domesticus,snout,Illumina MiSeq,pigID-37326,nasal wipe,3030937982_ZZYV8WGV_v1_S19,PAIRED,RT-PCR,VIRAL RNA,Influenza A virus,No passages prior to sequencing,ILLUMINA,2023-12-12T00:00:00Z,2023-12-12T01:12:00Z,1,22.5,pig37326_day6,14SW6215,SRP477429,York,H3N2,male
SRR27181695,WGS,300,122366700,"Andrew S. Bowman\, The Ohio State University",PRJNA1051292,SAMN38768490,Viral,51746561,EMORY UNIVERSITY,"Bowman Lab\, OSU",2014-07-17,public,"fastq,run.zq,sra","gs,ncbi,s3","gs.us-east1,ncbi.public,s3.us-east-1",Influenza A infection,SRX22862040,USA,North America,USA: Indiana,Sub_adult,Sus scrofa domesticus,snout,Illumina MiSeq,pigID-20352,nasal wipe,3030937996_ZZYV8WH9_v1_S248,PAIRED,RT-PCR,VIRAL RNA,Influenza A virus,No passages prior to sequencing,ILLUMINA,2023-12-12T00:00:00Z,2023-12-12T01:11:00Z,1,22.7,pig20352_day6,14SW6207,SRP477429,York,H3N2,male
SRR27181696,WGS,300,115734300,"Andrew S. Bowman\, The Ohio State University",PRJNA1051292,SAMN38768121,Viral,49609175,EMORY UNIVERSITY,"Bowman Lab\, OSU",2014-07-14,public,"fastq,run.zq,sra","gs,ncbi,s3","gs.us-east1,ncbi.public,s3.us-east-1",Influenza A infection,SRX22862039,USA,North America,USA: Indiana,Sub_adult,Sus scrofa domesticus,snout,Illumina MiSeq,pigID-37330,nasal wipe,3030938301_ZZYV8WPQ_v1_S178,PAIRED,RT-PCR,VIRAL RNA,Influenza A virus,No passages prior to sequencing,ILLUMINA,2023-12-12T00:00:00Z,2023-12-12T01:11:00Z,1,29.5,pig37330_day3,14SW5017,SRP477429,Duroc,H3N2,male
SRR27181697,WGS,300,98589900,"Andrew S. Bowman\, The Ohio State University",PRJNA1051292,SAMN38768489,Viral,42469386,EMORY UNIVERSITY,"Bowman Lab\, OSU",2014-07-16,public,"fastq,run.zq,sra","gs,ncbi,s3","gs.us-east1,ncbi.public,s3.us-east-1",Influenza A infection,SRX22862038,USA,North America,USA: Indiana,Sub_adult,Sus scrofa domesticus,snout,Illumina MiSeq,pigID-37174,nasal wipe,3030938141_ZZYV8WLA_v1_S363,PAIRED,RT-PCR,VIRAL RNA,Influenza A virus,No passages prior to sequencing,ILLUMINA,2023-12-12T00:00:00Z,2023-12-12T01:11:00Z,1,26.1,pig37174_day5,14SW6199,SRP477429,Berk,H1N1/H3N2 double infection,male
SRR27181698,WGS,300,20203200,"Andrew S. Bowman\, The Ohio State University",PRJNA1051292,SAMN38768488,Viral,9522792,EMORY UNIVERSITY,"Bowman Lab\, OSU",2014-07-16,public,"fastq,run.zq,sra","gs,ncbi,s3","gs.us-east1,ncbi.public,s3.us-east-1",Influenza A infection,SRX22862037,USA,North America,USA: Indiana,Sub_adult,Sus scrofa domesticus,snout,Illumina MiSeq,pigID-37236,nasal wipe,3030938297_ZZYV8WPM_v1_S200,PAIRED,RT-PCR,VIRAL RNA,Influenza A virus,No passages prior to sequencing,ILLUMINA,2023-12-12T00:00:00Z,2023-12-12T01:12:00Z,1,29.5,pig37236_day5,14SW6194,SRP477429,Chester,H3N2,female
SRR27181699,WGS,300,76243200,"Andrew S. Bowman\, The Ohio State University",PRJNA1051292,SAMN38768486,Viral,43092889,EMORY UNIVERSITY,"Bowman Lab\, OSU",2014-07-16,public,"fastq,run.zq,sra","gs,ncbi,s3","gs.us-east1,ncbi.public,s3.us-east-1",Influenza A infection,SRX22862035,USA,North America,USA: Indiana,Sub_adult,Sus scrofa domesticus,snout,Illumina MiSeq,pigID-37153,nasal wipe,3030938218_ZZYV8WNF_v1_S3,PAIRED,RT-PCR,VIRAL RNA,Influenza A virus,No passages prior to sequencing,ILLUMINA,2023-12-12T00:00:00Z,2023-12-12T01:11:00Z,1,27.8,pig37153_day5,14SW6187,SRP477429,mix,H3N2,female
SRR27181700,WGS,300,99468000,"Andrew S. Bowman\, The Ohio State University",PRJNA1051292,SAMN38768485,Viral,55171266,EMORY UNIVERSITY,"Bowman Lab\, OSU",2014-07-16,public,"fastq,run.zq,sra","gs,ncbi,s3","gs.us-east1,ncbi.public,s3.us-east-1",Influenza A infection,SRX22862034,USA,North America,USA: Indiana,Sub_adult,Sus scrofa domesticus,snout,Illumina MiSeq,pigID-37152,nasal wipe,3030938287_ZZYV8WPC_v1_S23,PAIRED,RT-PCR,VIRAL RNA,Influenza A virus,No passages prior to sequencing,ILLUMINA,2023-12-12T00:00:00Z,2023-12-12T01:12:00Z,1,29.3,pig37152_day5,14SW6186,SRP477429,Duroc,H3N2,male
SRR27181701,WGS,300,44268600,"Andrew S. Bowman\, The Ohio State University",PRJNA1051292,SAMN38768484,Viral,18820598,EMORY UNIVERSITY,"Bowman Lab\, OSU",2014-07-16,public,"fastq,run.zq,sra","gs,ncbi,s3","gs.us-east1,ncbi.public,s3.us-east-1",Influenza A infection,SRX22862033,USA,North America,USA: Indiana,Sub_adult,Sus scrofa domesticus,snout,Illumina MiSeq,pigID-37227,nasal wipe,3030938049_ZZYV8WIQ_v1_S336,PAIRED,RT-PCR,VIRAL RNA,Influenza A virus,No passages prior to sequencing,ILLUMINA,2023-12-12T00:00:00Z,2023-12-12T01:11:00Z,1,24,pig37227_day5,14SW6184,SRP477429,mix,H3N2,female
SRR27181702,WGS,300,52484400,"Andrew S. Bowman\, The Ohio State University",PRJNA1051292,SAMN38768487,Viral,22284979,EMORY UNIVERSITY,"Bowman Lab\, OSU",2014-07-16,public,"fastq,run.zq,sra","gs,ncbi,s3","gs.us-east1,ncbi.public,s3.us-east-1",Influenza A infection,SRX22862036,USA,North America,USA: Indiana,Sub_adult,Sus scrofa domesticus,snout,Illumina MiSeq,pigID-37154,nasal wipe,3030938172_ZZYV8WM5_v1_S185,PAIRED,RT-PCR,VIRAL RNA,Influenza A virus,No passages prior to sequencing,ILLUMINA,2023-12-12T00:00:00Z,2023-12-12T01:11:00Z,1,26.8,pig37154_day5,14SW6188,SRP477429,mix,H3N2,male
SRR27181703,WGS,300,169779600,"Andrew S. Bowman\, The Ohio State University",PRJNA1051292,SAMN38768483,Viral,72160949,EMORY UNIVERSITY,"Bowman Lab\, OSU",2014-07-16,public,"fastq,run.zq,sra","gs,ncbi,s3","gs.us-east1,ncbi.public,s3.us-east-1",Influenza A infection,SRX22862032,USA,North America,USA: Indiana,Sub_adult,Sus scrofa domesticus,snout,Illumina MiSeq,pigID-37248,nasal wipe,3030938005_ZZYV8WHI_v1_S149,PAIRED,RT-PCR,VIRAL RNA,Influenza A virus,No passages prior to sequencing,ILLUMINA,2023-12-12T00:00:00Z,2023-12-12T01:12:00Z,1,22.8,pig37248_day5,14SW6183,SRP477429,Berk,H3N2,male
SRR27181704,WGS,300,152128200,"Andrew S. Bowman\, The Ohio State University",PRJNA1051292,SAMN38768482,Viral,64367853,EMORY UNIVERSITY,"Bowman Lab\, OSU",2014-07-16,public,"fastq,run.zq,sra","gs,ncbi,s3","gs.us-east1,ncbi.public,s3.us-east-1",Influenza A infection,SRX22861818,USA,North America,USA: Indiana,Sub_adult,Sus scrofa domesticus,snout,Illumina MiSeq,pigID-37228,nasal wipe,3030937988_ZZYV8WH1_v1_S53,PAIRED,RT-PCR,VIRAL RNA,Influenza A virus,No passages prior to sequencing,ILLUMINA,2023-12-12T00:00:00Z,2023-12-12T01:12:00Z,1,22.6,pig37228_day5,14SW6182,SRP477429,York,H3N2,male
SRR27181705,WGS,300,130690800,"Andrew S. Bowman\, The Ohio State University",PRJNA1051292,SAMN38768424,Viral,56554322,EMORY UNIVERSITY,"Bowman Lab\, OSU",2014-07-16,public,"fastq,run.zq,sra","gs,ncbi,s3","gs.us-east1,ncbi.public,s3.us-east-1",Influenza A infection,SRX22862030,USA,North America,USA: Indiana,Sub_adult,Sus scrofa domesticus,snout,Illumina MiSeq,pigID-37159,nasal wipe,3030938274_ZZYV8WOZ_v1_S173,PAIRED,RT-PCR,VIRAL RNA,Influenza A virus,No passages prior to sequencing,ILLUMINA,2023-12-12T00:00:00Z,2023-12-12T01:12:00Z,1,29,pig37159_day5,14SW6086,SRP477429,Hamp,H1N1,female
SRR27181706,WGS,300,6258900,"Andrew S. Bowman\, The Ohio State University",PRJNA1051292,SAMN38768423,Viral,2745542,EMORY UNIVERSITY,"Bowman Lab\, OSU",2014-07-16,public,"fastq,run.zq,sra","gs,ncbi,s3","gs.us-east1,ncbi.public,s3.us-east-1",Influenza A infection,SRX22862029,USA,North America,USA: Indiana,Sub_adult,Sus scrofa domesticus,snout,Illumina MiSeq,pigID-37157,nasal wipe,3030938232_ZZYV8WNT_v1_S221,PAIRED,RT-PCR,VIRAL RNA,Influenza A virus,No passages prior to sequencing,ILLUMINA,2023-12-12T00:00:00Z,2023-12-12T01:11:00Z,1,28.1,pig37157_day5,14SW6085,SRP477429,mix,H1N1,male
SRR27181707,WGS,300,206880900,"Andrew S. Bowman\, The Ohio State University",PRJNA1051292,SAMN38768421,Viral,87575920,EMORY UNIVERSITY,"Bowman Lab\, OSU",2014-07-16,public,"fastq,run.zq,sra","gs,ncbi,s3","gs.us-east1,ncbi.public,s3.us-east-1",Influenza A infection,SRX22862027,USA,North America,USA: Indiana,Sub_adult,Sus scrofa domesticus,snout,Illumina MiSeq,pigID-37161,nasal wipe,3030937916_ZZYV8WF1_v1_S129,PAIRED,RT-PCR,VIRAL RNA,Influenza A virus,No passages prior to sequencing,ILLUMINA,2023-12-12T00:00:00Z,2023-12-12T01:11:00Z,1,20.6,pig37161_day5,14SW6081,SRP477429,Spot,H1N1,female
SRR27181708,WGS,300,115754400,"Andrew S. Bowman\, The Ohio State University",PRJNA1051292,SAMN38768420,Viral,49662925,EMORY UNIVERSITY,"Bowman Lab\, OSU",2014-07-16,public,"fastq,run.zq,sra","gs,ncbi,s3","gs.us-east1,ncbi.public,s3.us-east-1",Influenza A infection,SRX22862026,USA,North America,USA: Indiana,Sub_adult,Sus scrofa domesticus,snout,Illumina MiSeq,pigID-37189,nasal wipe,3030938243_ZZYV8WO4_v1_S77,PAIRED,RT-PCR,VIRAL RNA,Influenza A virus,No passages prior to sequencing,ILLUMINA,2023-12-12T00:00:00Z,2023-12-12T01:12:00Z,1,28.4,pig37189_day5,14SW6075,SRP477429,Duroc,H1N1,female
SRR27181709,WGS,300,166362900,"Andrew S. Bowman\, The Ohio State University",PRJNA1051292,SAMN38768114,Viral,71005977,EMORY UNIVERSITY,"Bowman Lab\, OSU",2014-07-13,public,"fastq,run.zq,sra","gs,ncbi,s3","gs.us-east1,ncbi.public,s3.us-east-1",Influenza A infection,SRX22862025,USA,North America,USA: Indiana,Sub_adult,Sus scrofa domesticus,snout,Illumina MiSeq,pigID-37159,nasal wipe,3030938129_ZZYV8WKY_v1_S374,PAIRED,RT-PCR,VIRAL RNA,Influenza A virus,No passages prior to sequencing,ILLUMINA,2023-12-12T00:00:00Z,2023-12-12T01:11:00Z,1,25.8,pig37159_day2,14SW4861,SRP477429,Hamp,H1N1,female
SRR27181710,WGS,300,186720300,"Andrew S. Bowman\, The Ohio State University",PRJNA1051292,SAMN38768422,Viral,78954107,EMORY UNIVERSITY,"Bowman Lab\, OSU",2014-07-16,public,"fastq,run.zq,sra","gs,ncbi,s3","gs.us-east1,ncbi.public,s3.us-east-1",Influenza A infection,SRX22862028,USA,North America,USA: Indiana,Sub_adult,Sus scrofa domesticus,snout,Illumina MiSeq,pigID-37155,nasal wipe,3030938111_ZZYV8WKG_v1_S269,PAIRED,RT-PCR,VIRAL RNA,Influenza A virus,No passages prior to sequencing,ILLUMINA,2023-12-12T00:00:00Z,2023-12-12T01:12:00Z,1,25.3,pig37155_day5,14SW6083,SRP477429,mix,H1N1,male
SRR27181711,WGS,300,1718700,"Andrew S. Bowman\, The Ohio State University",PRJNA1051292,SAMN38768419,Viral,819563,EMORY UNIVERSITY,"Bowman Lab\, OSU",2014-07-16,public,"fastq,run.zq,sra","gs,ncbi,s3","gs.us-east1,ncbi.public,s3.us-east-1",Influenza A infection,SRX22862024,USA,North America,USA: Indiana,Sub_adult,Sus scrofa domesticus,snout,Illumina MiSeq,pigID-37257,nasal wipe,3030938326_ZZYV8WQF_v1_S359,PAIRED,RT-PCR,VIRAL RNA,Influenza A virus,No passages prior to sequencing,ILLUMINA,2023-12-12T00:00:00Z,2023-12-12T01:11:00Z,1,30.2,pig37257_day5,14SW6068,SRP477429,mix,,female
SRR27181712,WGS,300,199317600,"Andrew S. Bowman\, The Ohio State University",PRJNA1051292,SAMN38768418,Viral,85208446,EMORY UNIVERSITY,"Bowman Lab\, OSU",2014-07-16,public,"fastq,run.zq,sra","gs,ncbi,s3","gs.us-east1,ncbi.public,s3.us-east-1",Influenza A infection,SRX22862023,USA,North America,USA: Indiana,Sub_adult,Sus scrofa domesticus,snout,Illumina MiSeq,pigID-37261,nasal wipe,3030938024_ZZYV8WI1_v1_S309,PAIRED,RT-PCR,VIRAL RNA,Influenza A virus,No passages prior to sequencing,ILLUMINA,2023-12-12T00:00:00Z,2023-12-12T01:12:00Z,1,23.3,pig37261_day5,14SW6065,SRP477429,Spot,H1N1,male
SRR27181713,WGS,300,212742900,"Andrew S. Bowman\, The Ohio State University",PRJNA1051292,SAMN38768417,Viral,91108543,EMORY UNIVERSITY,"Bowman Lab\, OSU",2014-07-16,public,"fastq,run.zq,sra","gs,ncbi,s3","gs.us-east1,ncbi.public,s3.us-east-1",Influenza A infection,SRX22862022,USA,North America,USA: Indiana,Sub_adult,Sus scrofa domesticus,snout,Illumina MiSeq,pigID-37262,nasal wipe,3030937910_ZZYV8WEV_v1_S169,PAIRED,RT-PCR,VIRAL RNA,Influenza A virus,No passages prior to sequencing,ILLUMINA,2023-12-12T00:00:00Z,2023-12-12T01:12:00Z,1,20.3,pig37262_day5,14SW6064,SRP477429,Spot,H1N1,male
SRR27181714,WGS,300,228990600,"Andrew S. Bowman\, The Ohio State University",PRJNA1051292,SAMN38768416,Viral,96721366,EMORY UNIVERSITY,"Bowman Lab\, OSU",2014-07-16,public,"fastq,run.zq,sra","gs,ncbi,s3","gs.us-east1,ncbi.public,s3.us-east-1",Influenza A infection,SRX22862021,USA,North America,USA: Indiana,Sub_adult,Sus scrofa domesticus,snout,Illumina MiSeq,pigID-37260,nasal wipe,3030937900_ZZYV8WEL_v1_S217,PAIRED,RT-PCR,VIRAL RNA,Influenza A virus,No passages prior to sequencing,ILLUMINA,2023-12-12T00:00:00Z,2023-12-12T01:11:00Z,1,19.9,pig37260_day5,14SW6063,SRP477429,York,H3N2,male
SRR27181715,WGS,300,58406400,"Andrew S. Bowman\, The Ohio State University",PRJNA1051292,SAMN38768414,Viral,25153776,EMORY UNIVERSITY,"Bowman Lab\, OSU",2014-07-16,public,"fastq,run.zq,sra","gs,ncbi,s3","gs.us-east1,ncbi.public,s3.us-east-1",Influenza A infection,SRX22862019,USA,North America,USA: Indiana,Sub_adult,Sus scrofa domesticus,snout,Illumina MiSeq,pigID-37164,nasal wipe,3030938205_ZZYV8WN2_v1_S69,PAIRED,RT-PCR,VIRAL RNA,Influenza A virus,No passages prior to sequencing,ILLUMINA,2023-12-12T00:00:00Z,2023-12-12T01:11:00Z,1,27.6,pig37164_day5,14SW6059,SRP477429,mix,H1N1,male
SRR27181716,WGS,300,3012300,"Andrew S. Bowman\, The Ohio State University",PRJNA1051292,SAMN38768413,Viral,1369305,EMORY UNIVERSITY,"Bowman Lab\, OSU",2014-07-16,public,"fastq,run.zq,sra","gs,ncbi,s3","gs.us-east1,ncbi.public,s3.us-east-1",Influenza A infection,SRX22862018,USA,North America,USA: Indiana,Sub_adult,Sus scrofa domesticus,snout,Illumina MiSeq,pigID-37101,nasal wipe,3030938317_ZZYV8WQ6_v1_S257,PAIRED,RT-PCR,VIRAL RNA,Influenza A virus,No passages prior to sequencing,ILLUMINA,2023-12-12T00:00:00Z,2023-12-12T01:11:00Z,1,30,pig37101_day5,14SW6058,SRP477429,mix,H1N1,female
SRR27181717,WGS,300,100782600,"Andrew S. Bowman\, The Ohio State University",PRJNA1051292,SAMN38768412,Viral,43501829,EMORY UNIVERSITY,"Bowman Lab\, OSU",2014-07-16,public,"fastq,run.zq,sra","gs,ncbi,s3","gs.us-east1,ncbi.public,s3.us-east-1",Influenza A infection,SRX22862017,USA,North America,USA: Indiana,Sub_adult,Sus scrofa domesticus,snout,Illumina MiSeq,pigID-37102,nasal wipe,3030938212_ZZYV8WN9_v1_S22,PAIRED,RT-PCR,VIRAL RNA,Influenza A virus,No passages prior to sequencing,ILLUMINA,2023-12-12T00:00:00Z,2023-12-12T01:12:00Z,1,27.7,pig37102_day5,14SW6057,SRP477429,mix,H1N1/H3N2 double infection,male
SRR27181718,WGS,300,185393100,"Andrew S. Bowman\, The Ohio State University",PRJNA1051292,SAMN38768415,Viral,78667552,EMORY UNIVERSITY,"Bowman Lab\, OSU",2014-07-16,public,"fastq,run.zq,sra","gs,ncbi,s3","gs.us-east1,ncbi.public,s3.us-east-1",Influenza A infection,SRX22862020,USA,North America,USA: Indiana,Sub_adult,Sus scrofa domesticus,snout,Illumina MiSeq,pigID-37216,nasal wipe,3030937897_ZZYV8WEI_v1_S65,PAIRED,RT-PCR,VIRAL RNA,Influenza A virus,No passages prior to sequencing,ILLUMINA,2023-12-12T00:00:00Z,2023-12-12T01:11:00Z,1,19.8,pig37216_day5,14SW6062,SRP477429,York,H3N2,male
SRR27181719,WGS,300,2607600,"Andrew S. Bowman\, The Ohio State University",PRJNA1051292,SAMN38768411,Viral,1206333,EMORY UNIVERSITY,"Bowman Lab\, OSU",2014-07-16,public,"fastq,run.zq,sra","gs,ncbi,s3","gs.us-east1,ncbi.public,s3.us-east-1",Influenza A infection,SRX22862016,USA,North America,USA: Indiana,Sub_adult,Sus scrofa domesticus,snout,Illumina MiSeq,pigID-37151,nasal wipe,3030937989_ZZYV8WH2_v1_S355,PAIRED,RT-PCR,VIRAL RNA,Influenza A virus,No passages prior to sequencing,ILLUMINA,2023-12-12T00:00:00Z,2023-12-12T01:11:00Z,1,22.6,pig37151_day5,14SW6056,SRP477429,Hereford,H1N1,
SRR27181720,WGS,300,182899800,"Andrew S. Bowman\, The Ohio State University",PRJNA1051292,SAMN38768410,Viral,77781599,EMORY UNIVERSITY,"Bowman Lab\, OSU",2014-07-16,public,"fastq,run.zq,sra","gs,ncbi,s3","gs.us-east1,ncbi.public,s3.us-east-1",Influenza A infection,SRX22862015,USA,North America,USA: Indiana,Sub_adult,Sus scrofa domesticus,snout,Illumina MiSeq,pigID-20648,nasal wipe,3030938069_ZZYV8WJA_v1_S213,PAIRED,RT-PCR,VIRAL RNA,Influenza A virus,No passages prior to sequencing,ILLUMINA,2023-12-12T00:00:00Z,2023-12-12T01:12:00Z,1,24.4,pig20648_day5,14SW6053,SRP477429,mix,H3N2,female
SRR27181721,WGS,300,124374300,"Andrew S. Bowman\, The Ohio State University",PRJNA1051292,SAMN38768113,Viral,53908995,EMORY UNIVERSITY,"Bowman Lab\, OSU",2014-07-13,public,"fastq,run.zq,sra","gs,ncbi,s3","gs.us-east1,ncbi.public,s3.us-east-1",Influenza A infection,SRX22862014,USA,North America,USA: Indiana,Sub_adult,Sus scrofa domesticus,snout,Illumina MiSeq,pigID-37355,nasal wipe,3030938157_ZZYV8WLQ_v1_S258,PAIRED,RT-PCR,VIRAL RNA,Influenza A virus,No passages prior to sequencing,ILLUMINA,2023-12-12T00:00:00Z,2023-12-12T01:11:00Z,1,26.5,pig37355_day2,14SW4632,SRP477429,Duroc,H3N2,male
SRR27181722,WGS,300,97392600,"Andrew S. Bowman\, The Ohio State University",PRJNA1051292,SAMN38768409,Viral,42099231,EMORY UNIVERSITY,"Bowman Lab\, OSU",2014-07-16,public,"fastq,run.zq,sra","gs,ncbi,s3","gs.us-east1,ncbi.public,s3.us-east-1",Influenza A infection,SRX22862013,USA,North America,USA: Indiana,Sub_adult,Sus scrofa domesticus,snout,Illumina MiSeq,pigID-20647,nasal wipe,3030938246_ZZYV8WO7_v1_S305,PAIRED,RT-PCR,VIRAL RNA,Influenza A virus,No passages prior to sequencing,ILLUMINA,2023-12-12T00:00:00Z,2023-12-12T01:12:00Z,1,28.4,pig20647_day5,14SW6052,SRP477429,mix,H3N2,female
SRR27181723,WGS,300,20583300,"Andrew S. Bowman\, The Ohio State University",PRJNA1051292,SAMN38768407,Viral,8999441,EMORY UNIVERSITY,"Bowman Lab\, OSU",2014-07-16,public,"fastq,run.zq,sra","gs,ncbi,s3","gs.us-east1,ncbi.public,s3.us-east-1",Influenza A infection,SRX22862011,USA,North America,USA: Indiana,Sub_adult,Sus scrofa domesticus,snout,Illumina MiSeq,pigID-37338,nasal wipe,3030938339_ZZYV8WQS_v1_S161,PAIRED,RT-PCR,VIRAL RNA,Influenza A virus,No passages prior to sequencing,ILLUMINA,2023-12-12T00:00:00Z,2023-12-12T01:12:00Z,1,30.5,pig37338_day5,14SW6045,SRP477429,York,H3N2,male
SRR27181724,WGS,300,193499700,"Andrew S. Bowman\, The Ohio State University",PRJNA1051292,SAMN38768406,Viral,83169696,EMORY UNIVERSITY,"Bowman Lab\, OSU",2014-07-16,public,"fastq,run.zq,sra","gs,ncbi,s3","gs.us-east1,ncbi.public,s3.us-east-1",Influenza A infection,SRX22862010,USA,North America,USA: Indiana,Sub_adult,Sus scrofa domesticus,snout,Illumina MiSeq,pigID-20399,nasal wipe,3030938081_ZZYV8WJM_v1_S165,PAIRED,RT-PCR,VIRAL RNA,Influenza A virus,No passages prior to sequencing,ILLUMINA,2023-12-12T00:00:00Z,2023-12-12T01:12:00Z,1,24.7,pig20399_day5,14SW6044,SRP477429,York,H3N2,female
SRR27181725,WGS,300,114837900,"Andrew S. Bowman\, The Ohio State University",PRJNA1051292,SAMN38768348,Viral,48875613,EMORY UNIVERSITY,"Bowman Lab\, OSU",2014-07-16,public,"fastq,run.zq,sra","gs,ncbi,s3","gs.us-east1,ncbi.public,s3.us-east-1",Influenza A infection,SRX22862009,USA,North America,USA: Indiana,Sub_adult,Sus scrofa domesticus,snout,Illumina MiSeq,pigID-37204,nasal wipe,3030938192_ZZYV8WMP_v1_S136,PAIRED,RT-PCR,VIRAL RNA,Influenza A virus,No passages prior to sequencing,ILLUMINA,2023-12-12T00:00:00Z,2023-12-12T01:11:00Z,1,27.3,pig37204_day5,14SW5931,SRP477429,mix,H1N1/H3N2 double infection,male
SRR27181726,WGS,300,36658800,"Andrew S. Bowman\, The Ohio State University",PRJNA1051292,SAMN38768350,Viral,15679509,EMORY UNIVERSITY,"Bowman Lab\, OSU",2014-07-16,public,"fastq,run.zq,sra","gs,ncbi,s3","gs.us-east1,ncbi.public,s3.us-east-1",Influenza A infection,SRX22861562,USA,North America,USA: Indiana,Sub_adult,Sus scrofa domesticus,snout,Illumina MiSeq,pigID-37220,nasal wipe,3030938260_ZZYV8WOL_v1_S57,PAIRED,RT-PCR,VIRAL RNA,Influenza A virus,No passages prior to sequencing,ILLUMINA,2023-12-12T00:00:00Z,2023-12-12T01:11:00Z,1,28.7,pig37220_day5,14SW5934,SRP477429,mix,H1N1/H3N2 double infection,female
SRR27181727,WGS,300,209174400,"Andrew S. Bowman\, The Ohio State University",PRJNA1051292,SAMN38768347,Viral,88476859,EMORY UNIVERSITY,"Bowman Lab\, OSU",2014-07-16,public,"fastq,run.zq,sra","gs,ncbi,s3","gs.us-east1,ncbi.public,s3.us-east-1",Influenza A infection,SRX22862008,USA,North America,USA: Indiana,Sub_adult,Sus scrofa domesticus,snout,Illumina MiSeq,pigID-37353,nasal wipe,3030938096_ZZYV8WK1_v1_S105,PAIRED,RT-PCR,VIRAL RNA,Influenza A virus,No passages prior to sequencing,ILLUMINA,2023-12-12T00:00:00Z,2023-12-12T01:11:00Z,1,25,pig37353_day5,14SW5930,SRP477429,Hamp,H3N2,male
SRR27181728,WGS,300,13509900,"Andrew S. Bowman\, The Ohio State University",PRJNA1051292,SAMN38768346,Viral,5857918,EMORY UNIVERSITY,"Bowman Lab\, OSU",2014-07-16,public,"fastq,run.zq,sra","gs,ncbi,s3","gs.us-east1,ncbi.public,s3.us-east-1",Influenza A infection,SRX22862007,USA,North America,USA: Indiana,Sub_adult,Sus scrofa domesticus,snout,Illumina MiSeq,pigID-37355,nasal wipe,3030938171_ZZYV8WM4_v1_S168,PAIRED,RT-PCR,VIRAL RNA,Influenza A virus,No passages prior to sequencing,ILLUMINA,2023-12-12T00:00:00Z,2023-12-12T01:11:00Z,1,26.8,pig37355_day5,14SW5929,SRP477429,Duroc,H3N2,male
SRR27181729,WGS,300,99184500,"Andrew S. Bowman\, The Ohio State University",PRJNA1051292,SAMN38768345,Viral,42621663,EMORY UNIVERSITY,"Bowman Lab\, OSU",2014-07-16,public,"fastq,run.zq,sra","gs,ncbi,s3","gs.us-east1,ncbi.public,s3.us-east-1",Influenza A infection,SRX22862006,USA,North America,USA: Indiana,Sub_adult,Sus scrofa domesticus,snout,Illumina MiSeq,pigID-37354,nasal wipe,3030938130_ZZYV8WKZ_v1_S366,PAIRED,RT-PCR,VIRAL RNA,Influenza A virus,No passages prior to sequencing,ILLUMINA,2023-12-12T00:00:00Z,2023-12-12T01:11:00Z,1,25.8,pig37354_day5,14SW5928,SRP477429,Hamp,H1N1/H3N2 double infection,male
SRR27181730,WGS,300,228463500,"Andrew S. Bowman\, The Ohio State University",PRJNA1051292,SAMN38768344,Viral,96649945,EMORY UNIVERSITY,"Bowman Lab\, OSU",2014-07-16,public,"fastq,run.zq,sra","gs,ncbi,s3","gs.us-east1,ncbi.public,s3.us-east-1",Influenza A infection,SRX22862005,USA,North America,USA: Indiana,Sub_adult,Sus scrofa domesticus,snout,Illumina MiSeq,pigID-37352,nasal wipe,3030938293_ZZYV8WPI_v1_S252,PAIRED,RT-PCR,VIRAL RNA,Influenza A virus,No passages prior to sequencing,ILLUMINA,2023-12-12T00:00:00Z,2023-12-12T01:12:00Z,1,29.4,pig37352_day5,14SW5927,SRP477429,Hamp,H3N2,female
SRR27181731,WGS,300,136638000,"Andrew S. Bowman\, The Ohio State University",PRJNA1051292,SAMN38768342,Viral,58835376,EMORY UNIVERSITY,"Bowman Lab\, OSU",2014-07-16,public,"fastq,run.zq,sra","gs,ncbi,s3","gs.us-east1,ncbi.public,s3.us-east-1",Influenza A infection,SRX22862003,USA,North America,USA: Indiana,Sub_adult,Sus scrofa domesticus,snout,Illumina MiSeq,pigID-37350,nasal wipe,3030938267_ZZYV8XGW_v1_S12,PAIRED,RT-PCR,VIRAL RNA,Influenza A virus,No passages prior to sequencing,ILLUMINA,2023-12-12T00:00:00Z,2023-12-12T01:12:00Z,1,28.8,pig37350_day5,14SW5925,SRP477429,Duroc,H1N1/H3N2 double infection,female
SRR27181732,WGS,300,138746700,"Andrew S. Bowman\, The Ohio State University",PRJNA1051292,SAMN38768341,Viral,59379234,EMORY UNIVERSITY,"Bowman Lab\, OSU",2014-07-16,public,"fastq,run.zq,sra","gs,ncbi,s3","gs.us-east1,ncbi.public,s3.us-east-1",Influenza A infection,SRX22862002,USA,North America,USA: Indiana,Sub_adult,Sus scrofa domesticus,snout,Illumina MiSeq,pigID-37192,nasal wipe,3030938057_ZZYV8WIY_v1_S320,PAIRED,RT-PCR,VIRAL RNA,Influenza A virus,No passages prior to sequencing,ILLUMINA,2023-12-12T00:00:00Z,2023-12-12T01:12:00Z,1,24.2,pig37192_day5,14SW5924,SRP477429,York,H3N2,male
SRR27181733,WGS,300,200772900,"Andrew S. Bowman\, The Ohio State University",PRJNA1051292,SAMN38768340,Viral,85184011,EMORY UNIVERSITY,"Bowman Lab\, OSU",2014-07-16,public,"fastq,run.zq,sra","gs,ncbi,s3","gs.us-east1,ncbi.public,s3.us-east-1",Influenza A infection,SRX22862001,USA,North America,USA: Indiana,Sub_adult,Sus scrofa domesticus,snout,Illumina MiSeq,pigID-20513,nasal wipe,3030938107_ZZYV8WKC_v1_S120,PAIRED,RT-PCR,VIRAL RNA,Influenza A virus,No passages prior to sequencing,ILLUMINA,2023-12-12T00:00:00Z,2023-12-12T01:12:00Z,1,25.3,pig20513_day5,14SW5922,SRP477429,Duroc,H3N2,male
SRR27181734,WGS,300,102973200,"Andrew S. Bowman\, The Ohio State University",PRJNA1051292,SAMN38768343,Viral,43811119,EMORY UNIVERSITY,"Bowman Lab\, OSU",2014-07-16,public,"fastq,run.zq,sra","gs,ncbi,s3","gs.us-east1,ncbi.public,s3.us-east-1",Influenza A infection,SRX22862004,USA,North America,USA: Indiana,Sub_adult,Sus scrofa domesticus,snout,Illumina MiSeq,pigID-37351,nasal wipe,3030938179_ZZYV8WMC_v1_S88,PAIRED,RT-PCR,VIRAL RNA,Influenza A virus,No passages prior to sequencing,ILLUMINA,2023-12-12T00:00:00Z,2023-12-12T01:11:00Z,1,27.1,pig37351_day5,14SW5926,SRP477429,Hamp,H3N2,female
SRR27181735,WGS,300,153850800,"Andrew S. Bowman\, The Ohio State University",PRJNA1051292,SAMN38768106,Viral,65034693,EMORY UNIVERSITY,"Bowman Lab\, OSU",2014-07-13,public,"fastq,run.zq,sra","gs,ncbi,s3","gs.us-east1,ncbi.public,s3.us-east-1",Influenza A infection,SRX22862000,USA,North America,USA: Indiana,Sub_adult,Sus scrofa domesticus,snout,Illumina MiSeq,pigID-20422,nasal wipe,3030937962_ZZYV8WGB_v1_S330,PAIRED,RT-PCR,VIRAL RNA,Influenza A virus,No passages prior to sequencing,ILLUMINA,2023-12-12T00:00:00Z,2023-12-12T01:12:00Z,1,22.1,pig20422_day2,14SW4593,SRP477429,Hamp,H1N1,male
SRR27181736,WGS,300,45582900,"Andrew S. Bowman\, The Ohio State University",PRJNA1051292,SAMN38768339,Viral,19721615,EMORY UNIVERSITY,"Bowman Lab\, OSU",2014-07-16,public,"fastq,run.zq,sra","gs,ncbi,s3","gs.us-east1,ncbi.public,s3.us-east-1",Influenza A infection,SRX22861999,USA,North America,USA: Indiana,Sub_adult,Sus scrofa domesticus,snout,Illumina MiSeq,pigID-37166,nasal wipe,3030938101_ZZYV8WK6_v1_S21,PAIRED,RT-PCR,VIRAL RNA,Influenza A virus,No passages prior to sequencing,ILLUMINA,2023-12-12T00:00:00Z,2023-12-12T01:11:00Z,1,25,pig37166_day5,14SW5921,SRP477429,Duroc,H1N1/H3N2 double infection,female
SRR27181737,WGS,300,52464300,"Andrew S. Bowman\, The Ohio State University",PRJNA1051292,SAMN38768338,Viral,22639933,EMORY UNIVERSITY,"Bowman Lab\, OSU",2014-07-16,public,"fastq,run.zq,sra","gs,ncbi,s3","gs.us-east1,ncbi.public,s3.us-east-1",Influenza A infection,SRX22861998,USA,North America,USA: Indiana,Sub_adult,Sus scrofa domesticus,snout,Illumina MiSeq,pigID-37167,nasal wipe,3030938351_ZZYV8WR4_v1_S351,PAIRED,RT-PCR,VIRAL RNA,Influenza A virus,No passages prior to sequencing,ILLUMINA,2023-12-12T00:00:00Z,2023-12-12T01:11:00Z,1,30.8,pig37167_day5,14SW5920,SRP477429,Hamp,,male
SRR27181738,WGS,300,55251900,"Andrew S. Bowman\, The Ohio State University",PRJNA1051292,SAMN38768337,Viral,23590097,EMORY UNIVERSITY,"Bowman Lab\, OSU",2014-07-16,public,"fastq,run.zq,sra","gs,ncbi,s3","gs.us-east1,ncbi.public,s3.us-east-1",Influenza A infection,SRX22861997,USA,North America,USA: Indiana,Sub_adult,Sus scrofa domesticus,snout,Illumina MiSeq,pigID-37171,nasal wipe,3030938116_ZZYV8WKL_v1_S220,PAIRED,RT-PCR,VIRAL RNA,Influenza A virus,No passages prior to sequencing,ILLUMINA,2023-12-12T00:00:00Z,2023-12-12T01:11:00Z,1,25.6,pig37171_day5,14SW5918,SRP477429,Duroc,H3N2,male
SRR27181739,WGS,300,13177500,"Andrew S. Bowman\, The Ohio State University",PRJNA1051292,SAMN38768335,Viral,5748490,EMORY UNIVERSITY,"Bowman Lab\, OSU",2014-07-16,public,"fastq,run.zq,sra","gs,ncbi,s3","gs.us-east1,ncbi.public,s3.us-east-1",Influenza A infection,SRX22861995,USA,North America,USA: Indiana,Sub_adult,Sus scrofa domesticus,snout,Illumina MiSeq,pigID-37194,nasal wipe,3030938348_ZZYV8WR1_v1_S72,PAIRED,RT-PCR,VIRAL RNA,Influenza A virus,No passages prior to sequencing,ILLUMINA,2023-12-12T00:00:00Z,2023-12-12T01:11:00Z,1,30.7,pig37194_day5,14SW5916,SRP477429,Spot,,female
SRR27181740,WGS,300,133676700,"Andrew S. Bowman\, The Ohio State University",PRJNA1051292,SAMN38768334,Viral,56855741,EMORY UNIVERSITY,"Bowman Lab\, OSU",2014-07-16,public,"fastq,run.zq,sra","gs,ncbi,s3","gs.us-east1,ncbi.public,s3.us-east-1",Influenza A infection,SRX22861994,USA,North America,USA: Indiana,Sub_adult,Sus scrofa domesticus,snout,Illumina MiSeq,pigID-37193,nasal wipe,3030938046_ZZYV8WIN_v1_S40,PAIRED,RT-PCR,VIRAL RNA,Influenza A virus,No passages prior to sequencing,ILLUMINA,2023-12-12T00:00:00Z,2023-12-12T01:11:00Z,1,23.9,pig37193_day5,14SW5915,SRP477429,Spot,H3N2,male
SRR27181741,WGS,300,99008100,"Andrew S. Bowman\, The Ohio State University",PRJNA1051292,SAMN38768333,Viral,42778690,EMORY UNIVERSITY,"Bowman Lab\, OSU",2014-07-16,public,"fastq,run.zq,sra","gs,ncbi,s3","gs.us-east1,ncbi.public,s3.us-east-1",Influenza A infection,SRX22861993,USA,North America,USA: Indiana,Sub_adult,Sus scrofa domesticus,snout,Illumina MiSeq,pigID-37162,nasal wipe,3030938177_ZZYV8WMA_v1_S188,PAIRED,RT-PCR,VIRAL RNA,Influenza A virus,No passages prior to sequencing,ILLUMINA,2023-12-12T00:00:00Z,2023-12-12T01:11:00Z,1,26.9,pig37162_day5,14SW5914,SRP477429,York,H3N2,male
SRR27181742,WGS,300,226742100,"Andrew S. Bowman\, The Ohio State University",PRJNA1051292,SAMN38768336,Viral,95930212,EMORY UNIVERSITY,"Bowman Lab\, OSU",2014-07-16,public,"fastq,run.zq,sra","gs,ncbi,s3","gs.us-east1,ncbi.public,s3.us-east-1",Influenza A infection,SRX22861996,USA,North America,USA: Indiana,Sub_adult,Sus scrofa domesticus,snout,Illumina MiSeq,pigID-37170,nasal wipe,3030938010_ZZYV8WHN_v1_S140,PAIRED,RT-PCR,VIRAL RNA,Influenza A virus,No passages prior to sequencing,ILLUMINA,2023-12-12T00:00:00Z,2023-12-12T01:12:00Z,1,23,pig37170_day5,14SW5917,SRP477429,Hamp,H1N1/H3N2 double infection,female
SRR27181743,WGS,300,151639500,"Andrew S. Bowman\, The Ohio State University",PRJNA1051292,SAMN38768332,Viral,65496594,EMORY UNIVERSITY,"Bowman Lab\, OSU",2014-07-16,public,"fastq,run.zq,sra","gs,ncbi,s3","gs.us-east1,ncbi.public,s3.us-east-1",Influenza A infection,SRX22861992,USA,North America,USA: Indiana,Sub_adult,Sus scrofa domesticus,snout,Illumina MiSeq,pigID-37163,nasal wipe,3030938209_ZZYV8XFA_v1_S289,PAIRED,RT-PCR,VIRAL RNA,Influenza A virus,No passages prior to sequencing,ILLUMINA,2023-12-12T00:00:00Z,2023-12-12T01:12:00Z,1,27.7,pig37163_day5,14SW5913,SRP477429,York,H3N2,male
SRR27181744,WGS,300,44752800,"Andrew S. Bowman\, The Ohio State University",PRJNA1051292,SAMN38768331,Viral,19321904,EMORY UNIVERSITY,"Bowman Lab\, OSU",2014-07-16,public,"fastq,run.zq,sra","gs,ncbi,s3","gs.us-east1,ncbi.public,s3.us-east-1",Influenza A infection,SRX22861991,USA,North America,USA: Indiana,Sub_adult,Sus scrofa domesticus,snout,Illumina MiSeq,pigID-37231,nasal wipe,3030938299_ZZYV8XHS_v1_S104,PAIRED,RT-PCR,VIRAL RNA,Influenza A virus,No passages prior to sequencing,ILLUMINA,2023-12-12T00:00:00Z,2023-12-12T01:12:00Z,1,29.5,pig37231_day5,14SW5902,SRP477429,York,H1N1/H3N2 double infection,female
SRR27181745,WGS,300,144698100,"Andrew S. Bowman\, The Ohio State University",PRJNA1051292,SAMN38768330,Viral,61861266,EMORY UNIVERSITY,"Bowman Lab\, OSU",2014-07-16,public,"fastq,run.zq,sra","gs,ncbi,s3","gs.us-east1,ncbi.public,s3.us-east-1",Influenza A infection,SRX22861990,USA,North America,USA: Indiana,Sub_adult,Sus scrofa domesticus,snout,Illumina MiSeq,pigID-37206,nasal wipe,3030938064_ZZYV8WJ5_v1_S172,PAIRED,RT-PCR,VIRAL RNA,Influenza A virus,No passages prior to sequencing,ILLUMINA,2023-12-12T00:00:00Z,2023-12-12T01:12:00Z,1,24.3,pig37206_day5,14SW5899,SRP477429,Poland,H1N1/H3N2 double infection,male
SRR27181746,WGS,300,125551500,"Andrew S. Bowman\, The Ohio State University",PRJNA1051292,SAMN38768105,Viral,54243744,EMORY UNIVERSITY,"Bowman Lab\, OSU",2014-07-13,public,"fastq,run.zq,sra","gs,ncbi,s3","gs.us-east1,ncbi.public,s3.us-east-1",Influenza A infection,SRX22861989,USA,North America,USA: Indiana,Sub_adult,Sus scrofa domesticus,snout,Illumina MiSeq,pigID-20499,nasal wipe,3030938062_ZZYV8WJ3_v1_S94,PAIRED,RT-PCR,VIRAL RNA,Influenza A virus,No passages prior to sequencing,ILLUMINA,2023-12-12T00:00:00Z,2023-12-12T01:11:00Z,1,24.2,pig20499_day2,14SW4583,SRP477429,mix,H1N1/H3N2 double infection,female
SRR27181747,WGS,300,116780100,"Andrew S. Bowman\, The Ohio State University",PRJNA1051292,SAMN38768271,Viral,49303897,EMORY UNIVERSITY,"Bowman Lab\, OSU",2014-07-15,public,"fastq,run.zq,sra","gs,ncbi,s3","gs.us-east1,ncbi.public,s3.us-east-1",Influenza A infection,SRX22861987,USA,North America,USA: Indiana,Sub_adult,Sus scrofa domesticus,snout,Illumina MiSeq,pigID-37317,nasal wipe,3030937862_ZZYV8WDJ_v1_S87,PAIRED,RT-PCR,VIRAL RNA,Influenza A virus,No passages prior to sequencing,ILLUMINA,2023-12-12T00:00:00Z,2023-12-12T01:12:00Z,1,15.7,pig37317_day4,14SW5726,SRP477429,Spot,H3N2,male
SRR27181748,WGS,300,168816000,"Andrew S. Bowman\, The Ohio State University",PRJNA1051292,SAMN38768270,Viral,71821408,EMORY UNIVERSITY,"Bowman Lab\, OSU",2014-07-15,public,"fastq,run.zq,sra","gs,ncbi,s3","gs.us-east1,ncbi.public,s3.us-east-1",Influenza A infection,SRX22861986,USA,North America,USA: Indiana,Sub_adult,Sus scrofa domesticus,snout,Illumina MiSeq,pigID-37299,nasal wipe,3030938090_ZZYV8WJV_v1_S67,PAIRED,RT-PCR,VIRAL RNA,Influenza A virus,No passages prior to sequencing,ILLUMINA,2023-12-12T00:00:00Z,2023-12-12T01:11:00Z,1,24.9,pig37299_day4,14SW5724,SRP477429,mix,H1N1/H3N2 double infection,female
SRR27181749,WGS,300,97149000,"Andrew S. Bowman\, The Ohio State University",PRJNA1051292,SAMN38768099,Viral,41884207,EMORY UNIVERSITY,"Bowman Lab\, OSU",2014-07-13,public,"fastq,run.zq,sra","gs,ncbi,s3","gs.us-east1,ncbi.public,s3.us-east-1",Influenza A infection,SRX22861985,USA,North America,USA: Indiana,Sub_adult,Sus scrofa domesticus,snout,Illumina MiSeq,pigID-37365,nasal wipe,3030938123_ZZYV8XCW_v1_S282,PAIRED,RT-PCR,VIRAL RNA,Influenza A virus,No passages prior to sequencing,ILLUMINA,2023-12-12T00:00:00Z,2023-12-12T01:12:00Z,1,25.7,pig37365_day2,14SW4556,SRP477429,York,,male
SRR27181750,WGS,300,227952300,"Andrew S. Bowman\, The Ohio State University",PRJNA1051292,SAMN38768269,Viral,95935546,EMORY UNIVERSITY,"Bowman Lab\, OSU",2014-07-15,public,"fastq,run.zq,sra","gs,ncbi,s3","gs.us-east1,ncbi.public,s3.us-east-1",Influenza A infection,SRX22861984,USA,North America,USA: Indiana,Sub_adult,Sus scrofa domesticus,snout,Illumina MiSeq,pigID-37268,nasal wipe,3030937890_ZZYV8WEB_v1_S219,PAIRED,RT-PCR,VIRAL RNA,Influenza A virus,No passages prior to sequencing,ILLUMINA,2023-12-12T00:00:00Z,2023-12-12T01:12:00Z,1,19.6,pig37268_day4,14SW5718,SRP477429,Hamp,H1N1/H3N2 double infection,female
SRR27181751,WGS,300,157317300,"Andrew S. Bowman\, The Ohio State University",PRJNA1051292,SAMN38768268,Viral,67732995,EMORY UNIVERSITY,"Bowman Lab\, OSU",2014-07-15,public,"fastq,run.zq,sra","gs,ncbi,s3","gs.us-east1,ncbi.public,s3.us-east-1",Influenza A infection,SRX22861983,USA,North America,USA: Indiana,Sub_adult,Sus scrofa domesticus,snout,Illumina MiSeq,pigID-37307,nasal wipe,3030938019_ZZYV8WHW_v1_S99,PAIRED,RT-PCR,VIRAL RNA,Influenza A virus,No passages prior to sequencing,ILLUMINA,2023-12-12T00:00:00Z,2023-12-12T01:12:00Z,1,23.1,pig37307_day4,14SW5717,SRP477429,mix,H1N1/H3N2 reassortant,male
SRR27181752,WGS,300,229851900,"Andrew S. Bowman\, The Ohio State University",PRJNA1051292,SAMN38768267,Viral,97927504,EMORY UNIVERSITY,"Bowman Lab\, OSU",2014-07-15,public,"fastq,run.zq,sra","gs,ncbi,s3","gs.us-east1,ncbi.public,s3.us-east-1",Influenza A infection,SRX22861982,USA,North America,USA: Indiana,Sub_adult,Sus scrofa domesticus,snout,Illumina MiSeq,pigID-37282,nasal wipe,3030937911_ZZYV8WEW_v1_S240,PAIRED,RT-PCR,VIRAL RNA,Influenza A virus,No passages prior to sequencing,ILLUMINA,2023-12-12T00:00:00Z,2023-12-12T01:12:00Z,1,20.4,pig37282_day4,14SW5715,SRP477429,Duroc,H3N2,female
SRR27181753,WGS,300,111174000,"Andrew S. Bowman\, The Ohio State University",PRJNA1051292,SAMN38768266,Viral,47450125,EMORY UNIVERSITY,"Bowman Lab\, OSU",2014-07-15,public,"fastq,run.zq,sra","gs,ncbi,s3","gs.us-east1,ncbi.public,s3.us-east-1",Influenza A infection,SRX22861981,USA,North America,USA: Indiana,Sub_adult,Sus scrofa domesticus,snout,Illumina MiSeq,pigID-37181,nasal wipe,3030938047_ZZYV8WIO_v1_S299,PAIRED,RT-PCR,VIRAL RNA,Influenza A virus,No passages prior to sequencing,ILLUMINA,2023-12-12T00:00:00Z,2023-12-12T01:12:00Z,1,23.9,pig37181_day4,14SW5705,SRP477429,mix,H1N1,male
SRR27181754,WGS,300,174874200,"Andrew S. Bowman\, The Ohio State University",PRJNA1051292,SAMN38768264,Viral,74216453,EMORY UNIVERSITY,"Bowman Lab\, OSU",2014-07-15,public,"fastq,run.zq,sra","gs,ncbi,s3","gs.us-east1,ncbi.public,s3.us-east-1",Influenza A infection,SRX22861979,USA,North America,USA: Indiana,Sub_adult,Sus scrofa domesticus,snout,Illumina MiSeq,pigID-37182,nasal wipe,3030938162_ZZYV8WLV_v1_S167,PAIRED,RT-PCR,VIRAL RNA,Influenza A virus,No passages prior to sequencing,ILLUMINA,2023-12-12T00:00:00Z,2023-12-12T01:12:00Z,1,26.6,pig37182_day4,14SW5703,SRP477429,mix,H1N1,female
SRR27181755,WGS,300,109567200,"Andrew S. Bowman\, The Ohio State University",PRJNA1051292,SAMN38768263,Viral,47829896,EMORY UNIVERSITY,"Bowman Lab\, OSU",2014-07-15,public,"fastq,run.zq,sra","gs,ncbi,s3","gs.us-east1,ncbi.public,s3.us-east-1",Influenza A infection,SRX22861978,USA,North America,USA: Indiana,Sub_adult,Sus scrofa domesticus,snout,Illumina MiSeq,pigID-37242,nasal wipe,3030938304_ZZYV8WPT_v1_S235,PAIRED,RT-PCR,VIRAL RNA,Influenza A virus,No passages prior to sequencing,ILLUMINA,2023-12-12T00:00:00Z,2023-12-12T01:11:00Z,1,29.6,pig37242_day4,14SW5701,SRP477429,mix,,female
SRR27181756,WGS,300,189503700,"Andrew S. Bowman\, The Ohio State University",PRJNA1051292,SAMN38768262,Viral,80030822,EMORY UNIVERSITY,"Bowman Lab\, OSU",2014-07-15,public,"fastq,run.zq,sra","gs,ncbi,s3","gs.us-east1,ncbi.public,s3.us-east-1",Influenza A infection,SRX22861977,USA,North America,USA: Indiana,Sub_adult,Sus scrofa domesticus,snout,Illumina MiSeq,pigID-20609,nasal wipe,3030937868_ZZYV8WDP_v1_S319,PAIRED,RT-PCR,VIRAL RNA,Influenza A virus,No passages prior to sequencing,ILLUMINA,2023-12-12T00:00:00Z,2023-12-12T01:11:00Z,1,17.1,pig20609_day4,14SW5697,SRP477429,mix,H3N2,male
SRR27181757,WGS,300,17071200,"Andrew S. Bowman\, The Ohio State University",PRJNA1051292,SAMN38768265,Viral,7431683,EMORY UNIVERSITY,"Bowman Lab\, OSU",2014-07-15,public,"fastq,run.zq,sra","gs,ncbi,s3","gs.us-east1,ncbi.public,s3.us-east-1",Influenza A infection,SRX22861980,USA,North America,USA: Indiana,Sub_adult,Sus scrofa domesticus,snout,Illumina MiSeq,pigID-37183,nasal wipe,3030938194_ZZYV8WMR_v1_S365,PAIRED,RT-PCR,VIRAL RNA,Influenza A virus,No passages prior to sequencing,ILLUMINA,2023-12-12T00:00:00Z,2023-12-12T01:11:00Z,1,27.4,pig37183_day4,14SW5704,SRP477429,mix,H1N1/H3N2 double infection,male
SRR27181758,WGS,300,133213500,"Andrew S. Bowman\, The Ohio State University",PRJNA1051292,SAMN38768261,Viral,56714212,EMORY UNIVERSITY,"Bowman Lab\, OSU",2014-07-15,public,"fastq,run.zq,sra","gs,ncbi,s3","gs.us-east1,ncbi.public,s3.us-east-1",Influenza A infection,SRX22861976,USA,North America,USA: Indiana,Sub_adult,Sus scrofa domesticus,snout,Illumina MiSeq,pigID-20607,nasal wipe,3030938188_ZZYV8WML_v1_S267,PAIRED,RT-PCR,VIRAL RNA,Influenza A virus,No passages prior to sequencing,ILLUMINA,2023-12-12T00:00:00Z,2023-12-12T01:12:00Z,1,27.2,pig20607_day4,14SW5696,SRP477429,Hamp,H3N2,female
SRR27181759,WGS,300,155882100,"Andrew S. Bowman\, The Ohio State University",PRJNA1051292,SAMN38768260,Viral,65988055,EMORY UNIVERSITY,"Bowman Lab\, OSU",2014-07-15,public,"fastq,run.zq,sra","gs,ncbi,s3","gs.us-east1,ncbi.public,s3.us-east-1",Influenza A infection,SRX22861975,USA,North America,USA: Indiana,Sub_adult,Sus scrofa domesticus,snout,Illumina MiSeq,pigID-20606,nasal wipe,3030937903_ZZYV8WEO_v1_S187,PAIRED,RT-PCR,VIRAL RNA,Influenza A virus,No passages prior to sequencing,ILLUMINA,2023-12-12T00:00:00Z,2023-12-12T01:12:00Z,1,20,pig20606_day4,14SW5695,SRP477429,mix,H3N2,female
SRR27181760,WGS,300,152897700,"Andrew S. Bowman\, The Ohio State University",PRJNA1051292,SAMN38768098,Viral,65549032,EMORY UNIVERSITY,"Bowman Lab\, OSU",2014-07-13,public,"fastq,run.zq,sra","gs,ncbi,s3","gs.us-east1,ncbi.public,s3.us-east-1",Influenza A infection,SRX22861974,USA,North America,USA: Indiana,Sub_adult,Sus scrofa domesticus,snout,Illumina MiSeq,pigID-37361,nasal wipe,3030938257_ZZYV8XGM_v1_S182,PAIRED,RT-PCR,VIRAL RNA,Influenza A virus,No passages prior to sequencing,ILLUMINA,2023-12-12T00:00:00Z,2023-12-12T01:12:00Z,1,28.6,pig37361_day2,14SW4508,SRP477429,Spot,H3N2,female
SRR27181761,WGS,300,211015500,"Andrew S. Bowman\, The Ohio State University",PRJNA1051292,SAMN38768259,Viral,89562380,EMORY UNIVERSITY,"Bowman Lab\, OSU",2014-07-15,public,"fastq,run.zq,sra","gs,ncbi,s3","gs.us-east1,ncbi.public,s3.us-east-1",Influenza A infection,SRX22861973,USA,North America,USA: Indiana,Sub_adult,Sus scrofa domesticus,snout,Illumina MiSeq,pigID-20610,nasal wipe,3030938016_ZZYV8WHT_v1_S199,PAIRED,RT-PCR,VIRAL RNA,Influenza A virus,No passages prior to sequencing,ILLUMINA,2023-12-12T00:00:00Z,2023-12-12T01:11:00Z,1,23.1,pig20610_day4,14SW5694,SRP477429,Landrace,H3N2,male
SRR27181762,WGS,300,108833700,"Andrew S. Bowman\, The Ohio State University",PRJNA1051292,SAMN38768257,Viral,47741270,EMORY UNIVERSITY,"Bowman Lab\, OSU",2014-07-15,public,"fastq,run.zq,sra","gs,ncbi,s3","gs.us-east1,ncbi.public,s3.us-east-1",Influenza A infection,SRX22861971,USA,North America,USA: Indiana,Sub_adult,Sus scrofa domesticus,snout,Illumina MiSeq,pigID-20589,nasal wipe,3030938331_ZZYV8WQK_v1_S288,PAIRED,RT-PCR,VIRAL RNA,Influenza A virus,No passages prior to sequencing,ILLUMINA,2023-12-12T00:00:00Z,2023-12-12T01:12:00Z,1,30.4,pig20589_day4,14SW5687,SRP477429,mix,H1N1,male
SRR27181763,WGS,300,140450400,"Andrew S. Bowman\, The Ohio State University",PRJNA1051292,SAMN38768256,Viral,59993356,EMORY UNIVERSITY,"Bowman Lab\, OSU",2014-07-15,public,"fastq,run.zq,sra","gs,ncbi,s3","gs.us-east1,ncbi.public,s3.us-east-1",Influenza A infection,SRX22861970,USA,North America,USA: Indiana,Sub_adult,Sus scrofa domesticus,snout,Illumina MiSeq,pigID-20590,nasal wipe,3030938336_ZZYV8WQP_v1_S32,PAIRED,RT-PCR,VIRAL RNA,Influenza A virus,No passages prior to sequencing,ILLUMINA,2023-12-12T00:00:00Z,2023-12-12T01:12:00Z,1,30.5,pig20590_day4,14SW5686,SRP477429,Hamp,,female
SRR27181764,WGS,300,106633500,"Andrew S. Bowman\, The Ohio State University",PRJNA1051292,SAMN38768255,Viral,45123104,EMORY UNIVERSITY,"Bowman Lab\, OSU",2014-07-15,public,"fastq,run.zq,sra","gs,ncbi,s3","gs.us-east1,ncbi.public,s3.us-east-1",Influenza A infection,SRX22861969,USA,North America,USA: Indiana,Sub_adult,Sus scrofa domesticus,snout,Illumina MiSeq,pigID-20591,nasal wipe,3030938118_ZZYV8WKN_v1_S315,PAIRED,RT-PCR,VIRAL RNA,Influenza A virus,No passages prior to sequencing,ILLUMINA,2023-12-12T00:00:00Z,2023-12-12T01:12:00Z,1,25.6,pig20591_day4,14SW5685,SRP477429,Hamp,H1N1/H3N2 double infection,female
SRR27181765,WGS,300,94627500,"Andrew S. Bowman\, The Ohio State University",PRJNA1051292,SAMN38768258,Viral,40889040,EMORY UNIVERSITY,"Bowman Lab\, OSU",2014-07-15,public,"fastq,run.zq,sra","gs,ncbi,s3","gs.us-east1,ncbi.public,s3.us-east-1",Influenza A infection,SRX22861972,USA,North America,USA: Indiana,Sub_adult,Sus scrofa domesticus,snout,Illumina MiSeq,pigID-20456,nasal wipe,3030938197_ZZYV8WMU_v1_S135,PAIRED,RT-PCR,VIRAL RNA,Influenza A virus,No passages prior to sequencing,ILLUMINA,2023-12-12T00:00:00Z,2023-12-12T01:12:00Z,1,27.4,pig20456_day4,14SW5692,SRP477429,Duroc,H3N2,female
SRR27181766,WGS,300,195450900,"Andrew S. Bowman\, The Ohio State University",PRJNA1051292,SAMN38768254,Viral,83381736,EMORY UNIVERSITY,"Bowman Lab\, OSU",2014-07-15,public,"fastq,run.zq,sra","gs,ncbi,s3","gs.us-east1,ncbi.public,s3.us-east-1",Influenza A infection,SRX22861968,USA,North America,USA: Indiana,Sub_adult,Sus scrofa domesticus,snout,Illumina MiSeq,pigID-20457,nasal wipe,3030938263_ZZYV8WOO_v1_S195,PAIRED,RT-PCR,VIRAL RNA,Influenza A virus,No passages prior to sequencing,ILLUMINA,2023-12-12T00:00:00Z,2023-12-12T01:11:00Z,1,28.8,pig20457_day4,14SW5684,SRP477429,mix,H1N1,female
SRR27181767,WGS,300,163989000,"Andrew S. Bowman\, The Ohio State University",PRJNA1051292,SAMN38768196,Viral,69836946,EMORY UNIVERSITY,"Bowman Lab\, OSU",2014-07-15,public,"fastq,run.zq,sra","gs,ncbi,s3","gs.us-east1,ncbi.public,s3.us-east-1",Influenza A infection,SRX22861967,USA,North America,USA: Indiana,Sub_adult,Sus scrofa domesticus,snout,Illumina MiSeq,pigID-20630,nasal wipe,3030937947_ZZYV8WFW_v1_S255,PAIRED,RT-PCR,VIRAL RNA,Influenza A virus,No passages prior to sequencing,ILLUMINA,2023-12-12T00:00:00Z,2023-12-12T01:12:00Z,1,21.9,pig20630_day4,14SW5469,SRP477429,York,H3N2,male
SRR27181768,WGS,300,152191800,"Andrew S. Bowman\, The Ohio State University",PRJNA1051292,SAMN38768199,Viral,65056710,EMORY UNIVERSITY,"Bowman Lab\, OSU",2014-07-15,public,"fastq,run.zq,sra","gs,ncbi,s3","gs.us-east1,ncbi.public,s3.us-east-1",Influenza A infection,SRX22861520,USA,North America,USA: Indiana,Sub_adult,Sus scrofa domesticus,snout,Illumina MiSeq,pigID-20387,nasal wipe,3030938214_ZZYV8WNB_v1_S275,PAIRED,RT-PCR,VIRAL RNA,Influenza A virus,No passages prior to sequencing,ILLUMINA,2023-12-12T00:00:00Z,2023-12-12T01:12:00Z,1,27.8,pig20387_day4,14SW5474,SRP477429,Duroc,H3N2,male
SRR27181769,WGS,300,221990100,"Andrew S. Bowman\, The Ohio State University",PRJNA1051292,SAMN38768253,Viral,94059987,EMORY UNIVERSITY,"Bowman Lab\, OSU",2014-07-15,public,"fastq,run.zq,sra","gs,ncbi,s3","gs.us-east1,ncbi.public,s3.us-east-1",Influenza A infection,SRX22861754,USA,North America,USA: Indiana,Sub_adult,Sus scrofa domesticus,snout,Illumina MiSeq,pigID-37159,nasal wipe,3030938007_ZZYV8WHK_v1_S215,PAIRED,RT-PCR,VIRAL RNA,Influenza A virus,No passages prior to sequencing,ILLUMINA,2023-12-12T00:00:00Z,2023-12-12T01:12:00Z,1,22.9,pig37159_day4,14SW5682,SRP477429,Hamp,H1N1,female
SRR27181770,WGS,300,144360600,"Andrew S. Bowman\, The Ohio State University",PRJNA1051292,SAMN38768195,Viral,61641886,EMORY UNIVERSITY,"Bowman Lab\, OSU",2014-07-15,public,"fastq,run.zq,sra","gs,ncbi,s3","gs.us-east1,ncbi.public,s3.us-east-1",Influenza A infection,SRX22861966,USA,North America,USA: Indiana,Sub_adult,Sus scrofa domesticus,snout,Illumina MiSeq,pigID-20629,nasal wipe,3030937965_ZZYV8WGE_v1_S123,PAIRED,RT-PCR,VIRAL RNA,Influenza A virus,No passages prior to sequencing,ILLUMINA,2023-12-12T00:00:00Z,2023-12-12T01:12:00Z,1,22.2,pig20629_day4,14SW5468,SRP477429,mix,H3N2,male
SRR27181771,WGS,300,212146500,"Andrew S. Bowman\, The Ohio State University",PRJNA1051292,SAMN38768194,Viral,89929628,EMORY UNIVERSITY,"Bowman Lab\, OSU",2014-07-15,public,"fastq,run.zq,sra","gs,ncbi,s3","gs.us-east1,ncbi.public,s3.us-east-1",Influenza A infection,SRX22861965,USA,North America,USA: Indiana,Sub_adult,Sus scrofa domesticus,snout,Illumina MiSeq,pigID-37326,nasal wipe,3030937888_ZZYV8WE9_v1_S287,PAIRED,RT-PCR,VIRAL RNA,Influenza A virus,No passages prior to sequencing,ILLUMINA,2023-12-12T00:00:00Z,2023-12-12T01:11:00Z,1,19.5,pig37326_day4,14SW5467,SRP477429,York,H3N2,male
SRR27181772,WGS,300,93237300,"Andrew S. Bowman\, The Ohio State University",PRJNA1051292,SAMN38768193,Viral,40196949,EMORY UNIVERSITY,"Bowman Lab\, OSU",2014-07-15,public,"fastq,run.zq,sra","gs,ncbi,s3","gs.us-east1,ncbi.public,s3.us-east-1",Influenza A infection,SRX22861964,USA,North America,USA: Indiana,Sub_adult,Sus scrofa domesticus,snout,Illumina MiSeq,pigID-37365,nasal wipe,3030938106_ZZYV8WKB_v1_S134,PAIRED,RT-PCR,VIRAL RNA,Influenza A virus,No passages prior to sequencing,ILLUMINA,2023-12-12T00:00:00Z,2023-12-12T01:11:00Z,1,25.2,pig37365_day4,14SW5466,SRP477429,York,H3N2,male
SRR27181773,WGS,300,124452900,"Andrew S. Bowman\, The Ohio State University",PRJNA1051292,SAMN38768192,Viral,54069201,EMORY UNIVERSITY,"Bowman Lab\, OSU",2014-07-15,public,"fastq,run.zq,sra","gs,ncbi,s3","gs.us-east1,ncbi.public,s3.us-east-1",Influenza A infection,SRX22861963,USA,North America,USA: Indiana,Sub_adult,Sus scrofa domesticus,snout,Illumina MiSeq,pigID-20645,nasal wipe,3030938234_ZZYV8WNV_v1_S346,PAIRED,RT-PCR,VIRAL RNA,Influenza A virus,No passages prior to sequencing,ILLUMINA,2023-12-12T00:00:00Z,2023-12-12T01:12:00Z,1,28.2,pig20645_day4,14SW5465,SRP477429,York,H3N2,female
SRR27181774,WGS,300,146884500,"Andrew S. Bowman\, The Ohio State University",PRJNA1051292,SAMN38768190,Viral,62099977,EMORY UNIVERSITY,"Bowman Lab\, OSU",2014-07-15,public,"fastq,run.zq,sra","gs,ncbi,s3","gs.us-east1,ncbi.public,s3.us-east-1",Influenza A infection,SRX22861961,USA,North America,USA: Indiana,Sub_adult,Sus scrofa domesticus,snout,Illumina MiSeq,pigID-20643,nasal wipe,3030937875_ZZYV8WDW_v1_S186,PAIRED,RT-PCR,VIRAL RNA,Influenza A virus,No passages prior to sequencing,ILLUMINA,2023-12-12T00:00:00Z,2023-12-12T01:12:00Z,1,18.4,pig20643_day4,14SW5463,SRP477429,Hamp,H3N2,female
SRR27181775,WGS,300,201252600,"Andrew S. Bowman\, The Ohio State University",PRJNA1051292,SAMN38768091,Viral,85876202,EMORY UNIVERSITY,"Bowman Lab\, OSU",2014-07-12,public,"fastq,run.zq,sra","gs,ncbi,s3","gs.us-east1,ncbi.public,s3.us-east-1",Influenza A infection,SRX22861960,USA,North America,USA: Indiana,Sub_adult,Sus scrofa domesticus,snout,Illumina MiSeq,pigID-20430,nasal wipe,3030937932_ZZYV8X7L_v1_S294,PAIRED,RT-PCR,VIRAL RNA,Influenza A virus,No passages prior to sequencing,ILLUMINA,2023-12-12T00:00:00Z,2023-12-12T01:12:00Z,1,21.3,pig20430_day1,14SW4079,SRP477429,mix,H1N1,female
SRR27181776,WGS,300,29967600,"Andrew S. Bowman\, The Ohio State University",PRJNA1051292,SAMN38768189,Viral,12994254,EMORY UNIVERSITY,"Bowman Lab\, OSU",2014-07-15,public,"fastq,run.zq,sra","gs,ncbi,s3","gs.us-east1,ncbi.public,s3.us-east-1",Influenza A infection,SRX22861959,USA,North America,USA: Indiana,Sub_adult,Sus scrofa domesticus,snout,Illumina MiSeq,pigID-20614,nasal wipe,3030937998_ZZYV8WHB_v1_S144,PAIRED,RT-PCR,VIRAL RNA,Influenza A virus,No passages prior to sequencing,ILLUMINA,2023-12-12T00:00:00Z,2023-12-12T01:12:00Z,1,22.7,pig20614_day4,14SW5462,SRP477429,Duroc,H3N2,female
SRR27181777,WGS,300,146096100,"Andrew S. Bowman\, The Ohio State University",PRJNA1051292,SAMN38768191,Viral,62579370,EMORY UNIVERSITY,"Bowman Lab\, OSU",2014-07-15,public,"fastq,run.zq,sra","gs,ncbi,s3","gs.us-east1,ncbi.public,s3.us-east-1",Influenza A infection,SRX22861962,USA,North America,USA: Indiana,Sub_adult,Sus scrofa domesticus,snout,Illumina MiSeq,pigID-20644,nasal wipe,3030938120_ZZYV8WKP_v1_S34,PAIRED,RT-PCR,VIRAL RNA,Influenza A virus,No passages prior to sequencing,ILLUMINA,2023-12-12T00:00:00Z,2023-12-12T01:12:00Z,1,25.7,pig20644_day4,14SW5464,SRP477429,mix,H3N2,female
SRR27181778,WGS,300,140788500,"Andrew S. Bowman\, The Ohio State University",PRJNA1051292,SAMN38768188,Viral,59840794,EMORY UNIVERSITY,"Bowman Lab\, OSU",2014-07-15,public,"fastq,run.zq,sra","gs,ncbi,s3","gs.us-east1,ncbi.public,s3.us-east-1",Influenza A infection,SRX22861958,USA,North America,USA: Indiana,Sub_adult,Sus scrofa domesticus,snout,Illumina MiSeq,pigID-20627,nasal wipe,3030937973_ZZYV8WGM_v1_S223,PAIRED,RT-PCR,VIRAL RNA,Influenza A virus,No passages prior to sequencing,ILLUMINA,2023-12-12T00:00:00Z,2023-12-12T01:12:00Z,1,22.3,pig20627_day4,14SW5461,SRP477429,Hamp,H3N2,female
SRR27181779,WGS,300,174000600,"Andrew S. Bowman\, The Ohio State University",PRJNA1051292,SAMN38768187,Viral,74820762,EMORY UNIVERSITY,"Bowman Lab\, OSU",2014-07-15,public,"fastq,run.zq,sra","gs,ncbi,s3","gs.us-east1,ncbi.public,s3.us-east-1",Influenza A infection,SRX22861957,USA,North America,USA: Indiana,Sub_adult,Sus scrofa domesticus,snout,Illumina MiSeq,pigID-20641,nasal wipe,3030938259_ZZYV8WOK_v1_S98,PAIRED,RT-PCR,VIRAL RNA,Influenza A virus,No passages prior to sequencing,ILLUMINA,2023-12-12T00:00:00Z,2023-12-12T01:12:00Z,1,28.7,pig20641_day4,14SW5460,SRP477429,Hamp,H1N1/H3N2 double infection,female
SRR27181780,WGS,300,159936000,"Andrew S. Bowman\, The Ohio State University",PRJNA1051292,SAMN38768186,Viral,67878623,EMORY UNIVERSITY,"Bowman Lab\, OSU",2014-07-15,public,"fastq,run.zq,sra","gs,ncbi,s3","gs.us-east1,ncbi.public,s3.us-east-1",Influenza A infection,SRX22861956,USA,North America,USA: Indiana,Sub_adult,Sus scrofa domesticus,snout,Illumina MiSeq,pigID-20628,nasal wipe,3030938003_ZZYV8WHG_v1_S91,PAIRED,RT-PCR,VIRAL RNA,Influenza A virus,No passages prior to sequencing,ILLUMINA,2023-12-12T00:00:00Z,2023-12-12T01:13:00Z,1,22.8,pig20628_day4,14SW5459,SRP477429,mix,H3N2,male
SRR27181781,WGS,300,94952700,"Andrew S. Bowman\, The Ohio State University",PRJNA1051292,SAMN38768185,Viral,41161978,EMORY UNIVERSITY,"Bowman Lab\, OSU",2014-07-15,public,"fastq,run.zq,sra","gs,ncbi,s3","gs.us-east1,ncbi.public,s3.us-east-1",Influenza A infection,SRX22861955,USA,North America,USA: Indiana,Sub_adult,Sus scrofa domesticus,snout,Illumina MiSeq,pigID-20625,nasal wipe,3030938208_ZZYV8WN5_v1_S114,PAIRED,RT-PCR,VIRAL RNA,Influenza A virus,No passages prior to sequencing,ILLUMINA,2023-12-12T00:00:00Z,2023-12-12T01:12:00Z,1,27.6,pig20625_day4,14SW5458,SRP477429,mix,H3N2,female
SRR27181782,WGS,300,161622600,"Andrew S. Bowman\, The Ohio State University",PRJNA1051292,SAMN38768183,Viral,69028334,EMORY UNIVERSITY,"Bowman Lab\, OSU",2014-07-15,public,"fastq,run.zq,sra","gs,ncbi,s3","gs.us-east1,ncbi.public,s3.us-east-1",Influenza A infection,SRX22861953,USA,North America,USA: Indiana,Sub_adult,Sus scrofa domesticus,snout,Illumina MiSeq,pigID-20617,nasal wipe,3030938001_ZZYV8WHE_v1_S244,PAIRED,RT-PCR,VIRAL RNA,Influenza A virus,No passages prior to sequencing,ILLUMINA,2023-12-12T00:00:00Z,2023-12-12T01:12:00Z,1,22.8,pig20617_day4,14SW5454,SRP477429,York,H3N2,male
SRR27181783,WGS,300,156889500,"Andrew S. Bowman\, The Ohio State University",PRJNA1051292,SAMN38768182,Viral,67306380,EMORY UNIVERSITY,"Bowman Lab\, OSU",2014-07-15,public,"fastq,run.zq,sra","gs,ncbi,s3","gs.us-east1,ncbi.public,s3.us-east-1",Influenza A infection,SRX22861952,USA,North America,USA: Indiana,Sub_adult,Sus scrofa domesticus,snout,Illumina MiSeq,pigID-20615,nasal wipe,3030938133_ZZYV8WL2_v1_S314,PAIRED,RT-PCR,VIRAL RNA,Influenza A virus,No passages prior to sequencing,ILLUMINA,2023-12-12T00:00:00Z,2023-12-12T01:12:00Z,1,25.9,pig20615_day4,14SW5453,SRP477429,York,H3N2,male
SRR27181784,WGS,300,226238100,"Andrew S. Bowman\, The Ohio State University",PRJNA1051292,SAMN38768181,Viral,95971252,EMORY UNIVERSITY,"Bowman Lab\, OSU",2014-07-15,public,"fastq,run.zq,sra","gs,ncbi,s3","gs.us-east1,ncbi.public,s3.us-east-1",Influenza A infection,SRX22861951,USA,North America,USA: Indiana,Sub_adult,Sus scrofa domesticus,snout,Illumina MiSeq,pigID-37364,nasal wipe,3030937943_ZZYV8WFS_v1_S24,PAIRED,RT-PCR,VIRAL RNA,Influenza A virus,No passages prior to sequencing,ILLUMINA,2023-12-12T00:00:00Z,2023-12-12T01:12:00Z,1,21.7,pig37364_day4,14SW5452,SRP477429,Hamp,H3N2,male
SRR27181785,WGS,300,178728000,"Andrew S. Bowman\, The Ohio State University",PRJNA1051292,SAMN38768184,Viral,76038589,EMORY UNIVERSITY,"Bowman Lab\, OSU",2014-07-15,public,"fastq,run.zq,sra","gs,ncbi,s3","gs.us-east1,ncbi.public,s3.us-east-1",Influenza A infection,SRX22861954,USA,North America,USA: Indiana,Sub_adult,Sus scrofa domesticus,snout,Illumina MiSeq,pigID-37344,nasal wipe,3030938039_ZZYV8WIG_v1_S234,PAIRED,RT-PCR,VIRAL RNA,Influenza A virus,No passages prior to sequencing,ILLUMINA,2023-12-12T00:00:00Z,2023-12-12T01:12:00Z,1,23.8,pig37344_day4,14SW5455,SRP477429,York,H3N2,male
SRR27181786,WGS,300,87114900,"Andrew S. Bowman\, The Ohio State University",PRJNA1051292,SAMN38768180,Viral,37374344,EMORY UNIVERSITY,"Bowman Lab\, OSU",2014-07-15,public,"fastq,run.zq,sra","gs,ncbi,s3","gs.us-east1,ncbi.public,s3.us-east-1",Influenza A infection,SRX22861950,USA,North America,USA: Indiana,Sub_adult,Sus scrofa domesticus,snout,Illumina MiSeq,pigID-20632,nasal wipe,3030938131_ZZYV8WL0_v1_S214,PAIRED,RT-PCR,VIRAL RNA,Influenza A virus,No passages prior to sequencing,ILLUMINA,2023-12-12T00:00:00Z,2023-12-12T01:12:00Z,1,25.8,pig20632_day4,14SW5451,SRP477429,Hamp,H3N2,male
SRR27181787,WGS,300,147256200,"Andrew S. Bowman\, The Ohio State University",PRJNA1051292,SAMN38768090,Viral,63136202,EMORY UNIVERSITY,"Bowman Lab\, OSU",2014-07-12,public,"fastq,run.zq,sra","gs,ncbi,s3","gs.us-east1,ncbi.public,s3.us-east-1",Influenza A infection,SRX22861949,USA,North America,USA: Indiana,Sub_adult,Sus scrofa domesticus,snout,Illumina MiSeq,pigID-20429,nasal wipe,3030938132_ZZYV8XD5_v1_S146,PAIRED,RT-PCR,VIRAL RNA,Influenza A virus,No passages prior to sequencing,ILLUMINA,2023-12-12T00:00:00Z,2023-12-12T01:12:00Z,1,25.8,pig20429_day1,14SW4077,SRP477429,Hamp,H1N1,
SRR27181788,WGS,277,2055963083,"Andrew S. Bowman\, The Ohio State University",PRJNA1051292,SAMN38768400,Viral,734203495,EMORY UNIVERSITY,"Bowman Lab\, OSU",2014-07-16,public,"fastq,run.zq,sra","gs,ncbi,s3","gs.us-east1,ncbi.public,s3.us-east-1",Influenza A infection,SRX22861948,USA,North America,USA: Indiana,Sub_adult,Sus scrofa domesticus,snout,Illumina NovaSeq 6000,pigID-37229,nasal wipe,3030937893_ZZYV1QK8_v2_S134,PAIRED,RT-PCR,VIRAL RNA,Influenza A virus,No passages prior to sequencing,ILLUMINA,2023-12-12T00:00:00Z,2023-12-12T01:12:00Z,1,19.7,pig37229_day5,14SW6031,SRP477429,Duroc,H3N2,female
SRR27181789,WGS,219,1806645422,"Andrew S. Bowman\, The Ohio State University",PRJNA1051292,SAMN38768105,Viral,645078205,EMORY UNIVERSITY,"Bowman Lab\, OSU",2014-07-13,public,"fastq,run.zq,sra","gs,ncbi,s3","gs.us-east1,ncbi.public,s3.us-east-1",Influenza A infection,SRX22861947,USA,North America,USA: Indiana,Sub_adult,Sus scrofa domesticus,snout,Illumina NovaSeq 6000,pigID-20499,nasal wipe,3030938062_ZZYV1QO7_v2_S29,PAIRED,RT-PCR,VIRAL RNA,Influenza A virus,No passages prior to sequencing,ILLUMINA,2023-12-12T00:00:00Z,2023-12-12T01:14:00Z,1,24.2,pig20499_day2,14SW4583,SRP477429,mix,H1N1/H3N2 double infection,female
