ENROLLID,mutation,DPS1,DPS2,freq1,freq2,Subset
50246,PB1_T1365C,0,4,0.219946,0.269822,1
50418,NA_A1080C,1,2,0.037153,0.030507,1
50727,PB1_G1725A,0,1,0.025824,0.024024,1
