ENROLLID,mutation,DPS1,DPS2,freq1,freq2,Subset
50001,PB2_G1072A,0,6,0.096753,0,1
50141,HA_A982G,1,2,0.024175,0.003213,1
50167,HA_T462C,1,4,0.28996,0.004924,1
50207,PB2_A1866T,0,1,0.055128,0.00398,1
50318,PB1_A969C,0,3,0.057981,0,1
50319,PB2_C853T,0,1,0.037168,0.010528,1
50468,HA_G990A,0,2,0.044657,0.00798,1
50968,HA_A850C,1,2,0.035847,0.002085,1
50993,PA_A1774G,2,5,0.104037,0,1
51000,PA_T1044C,0,2,0.025726,0,1
51055,NS_A427G,0,2,0.148959,0.004096,1
