pigID,segment,DPS1,DPS2,freq1,freq2,Subset
20352,PA_G1923T,4,5,0.095038,0,1
20352,PB1_C1344T,5,6,0.162707,0,1
20368,PA_G1389A,4,6,0.054936,0,1
20387,PB1_G1089A,4,5,0.307672,0,1
20396,HA_G1046A,5,6,0.119372,0,1
20426,PA_C1627T,2,4,0.033737,0,1
20430,NP_T716C,1,2,0.030419,0,1
20464,PB2_T1964C,4,5,0.112385,0,1
20467,PB1_T246G,3,5,0.025459,0,1
20513,NP_A1168G,4,6,0.519636,0,1
20592,PB1_T1128A,3,5,0.220953,0.007044,1
20607,PA_A1100G,4,5,0.246085,0,1
20609,PB1_A1370G,2,5,0.060262,0.012538,1
20630,NP_A408C,3,4,0.223439,0,1
37135,HA_C366T,5,6,0.1594,0,1
37141,PB2_A1380G,4,6,0.364315,0.998183,1
37158,PA_G1026A,4,5,0.435805,0.997728,1
37159,NP_A585G,4,5,0.152099,0,1
37177,PB2_A861C,5,6,0.088314,0,1
37182,NA_G694T,4,5,0.056759,0,1
37188,PB2_A813G,3,4,0.480526,0,1
37199,PA_A1347G,5,6,0.309573,0,1
37201,HA_T568C,4,6,0.296052,0,1
37208,PA_G1552A,4,6,0.081628,0,1
37228,PB1_G1647A,5,6,0.079439,0,1
37248,NP_T264C,4,6,0.094902,0,1
37250,PB1_C455A,5,6,0.069346,0,1
37260,NS_A387G,5,6,0.103515,0.00917,1
37262,PA_A1166G,4,5,0.352147,0,1
37271,NP_C1218T,4,6,0.498521,0,1
37280,PA_C582A,5,6,0.026559,0,1
37281,HA_A418G,5,6,0.15334,0,1
37284,PB1_G1390A,5,6,0.054452,0.009048,1
37301,NA_G420A,4,6,0.170073,0,1
37302,PB2_A1278G,5,6,0.185709,0.998175,1
37310,PA_G1773T,5,6,0.030656,0,1
37355,PB1_G799A,2,5,0.156777,0,1
