ID,date,clinic,duplicate,segment,pos,ref_nt,A,C,G,T,data,upos
50001,2014-12-25,False,False,HA,167,G,1.0,0.0,0.0,0.0,mccrone,221
50001,2014-12-25,False,False,HA,364,G,0.998490329564,0.0,0.0015096704360000324,0.0,mccrone,425
50001,2014-12-25,False,False,HA,556,A,0.0009295230829999834,0.999070476917,0.0,0.0,mccrone,647
50001,2014-12-25,False,False,HA,593,A,0.0014241295010000155,0.0,0.998575870499,0.0,mccrone,684
50001,2014-12-25,False,False,HA,658,C,0.0,0.0017299015830000153,0.0,0.998270098417,mccrone,749
50001,2014-12-25,False,False,HA,683,C,1.0,0.0,0.0,0.0,mccrone,774
50001,2014-12-25,False,False,HA,685,T,0.0,1.0,0.0,0.0,mccrone,776
50001,2014-12-25,False,False,HA,917,A,0.000710862437000026,0.0,0.999289137563,0.0,mccrone,1043
50001,2014-12-25,False,False,HA,1466,C,1.0,0.0,0.0,0.0,mccrone,1592
50001,2014-12-25,False,False,MP,292,C,0.0,0.0,0.0,1.0,mccrone,292
50001,2014-12-25,False,False,MP,320,C,0.0,0.0,0.0,1.0,mccrone,320
50001,2014-12-25,False,False,MP,349,A,0.0,0.0,1.0,0.0,mccrone,349
50001,2014-12-25,False,False,MP,427,A,0.0,0.0,1.0,0.0,mccrone,427
50001,2014-12-25,False,False,MP,549,G,0.998506522297,0.0,0.0014934777030000124,0.0,mccrone,549
50001,2014-12-25,False,False,MP,694,C,0.0,0.0015452965040000377,0.0,0.998454703496,mccrone,694
50001,2014-12-25,False,False,NA,103,T,0.0,1.0,0.0,0.0,mccrone,105
50001,2014-12-25,False,False,NA,211,A,0.0,0.0,1.0,0.0,mccrone,226
50001,2014-12-25,False,False,NA,223,A,0.0,0.0,1.0,0.0,mccrone,238
50001,2014-12-25,False,False,NA,226,T,0.0,1.0,0.0,0.0,mccrone,241
50001,2014-12-25,False,False,NA,446,G,0.998513931889,0.0,0.0014860681110000495,0.0,mccrone,463
50001,2014-12-25,False,False,NA,710,A,0.0015285189460000348,0.0,0.998471481054,0.0,mccrone,737
50001,2014-12-25,False,False,NA,819,C,1.0,0.0,0.0,0.0,mccrone,846
50001,2014-12-25,False,False,NA,907,G,0.997720892743,0.0,0.0022791072569999793,0.0,mccrone,934
50001,2014-12-25,False,False,NA,1108,A,0.0,0.0,1.0,0.0,mccrone,1135
50001,2014-12-25,False,False,NA,1157,A,0.0009104452910000393,0.0,0.999089554709,0.0,mccrone,1184
50001,2014-12-25,False,False,NA,1194,C,0.0,0.0,0.0,1.0,mccrone,1221
50001,2014-12-25,False,False,NP,207,G,0.998221400114,0.0,0.001778599886000043,0.0,mccrone,207
50001,2014-12-25,False,False,NP,208,C,0.997966339411,0.002033660589000008,0.0,0.0,mccrone,208
50001,2014-12-25,False,False,NP,347,G,0.998991121872,0.0,0.0010088781279999903,0.0,mccrone,347
50001,2014-12-25,False,False,NP,492,G,0.998140743193,0.0,0.0018592568070000537,0.0,mccrone,492
50001,2014-12-25,False,False,NP,493,A,0.0019701944940000438,0.998029805506,0.0,0.0,mccrone,493
50001,2014-12-25,False,False,NP,606,G,0.998442367601,0.0,0.0015576323989999752,0.0,mccrone,606
50001,2014-12-25,False,False,NP,638,A,0.99199276778672,0.0,0.00800723221328,0.0,mccrone,638
50001,2014-12-25,False,False,NP,885,G,0.99905278965,0.0,0.0009472103500000051,0.0,mccrone,885
50001,2014-12-25,False,False,NP,909,G,0.0,0.0,0.0,1.0,mccrone,909
50001,2014-12-25,False,False,NP,918,C,0.0,0.0,0.0,1.0,mccrone,918
50001,2014-12-25,False,False,NP,1002,C,0.0,0.0007681228999999457,0.0,0.9992318771,mccrone,1002
50001,2014-12-25,False,False,NP,1092,A,0.0021241202820000415,0.0,0.997875879718,0.0,mccrone,1092
50001,2014-12-25,False,False,NP,1186,T,0.0,1.0,0.0,0.0,mccrone,1186
50001,2014-12-25,False,False,NP,1188,A,0.0013062193849999737,0.0,0.998693780615,0.0,mccrone,1188
50001,2014-12-25,False,False,NP,1224,G,0.997630877562,0.0,0.0023691224380000264,0.0,mccrone,1224
50001,2014-12-25,False,False,NP,1407,C,1.0,0.0,0.0,0.0,mccrone,1407
50001,2014-12-25,False,False,NS,125,T,0.0,1.0,0.0,0.0,mccrone,125
50001,2014-12-25,False,False,NS,180,T,0.0,1.0,0.0,0.0,mccrone,180
50001,2014-12-25,False,False,NS,246,A,0.0008745428530000376,0.0,0.999125457147,0.0,mccrone,246
50001,2014-12-25,False,False,NS,299,C,0.0,0.0009159186660000485,0.0,0.999084081334,mccrone,299
50001,2014-12-25,False,False,NS,553,A,0.99617341673721,0.0,0.0,0.00382658326279,mccrone,553
50001,2014-12-25,False,False,NS,570,G,1.0,0.0,0.0,0.0,mccrone,570
50001,2014-12-25,False,False,NS,744,A,0.0,0.0,1.0,0.0,mccrone,744
50001,2014-12-25,False,False,NS,813,G,1.0,0.0,0.0,0.0,mccrone,813
50001,2014-12-25,False,False,NS,843,C,0.0,0.0,0.0,1.0,mccrone,843
50001,2014-12-25,False,False,PA,153,C,0.0,0.0,1.0,0.0,mccrone,177
50001,2014-12-25,False,False,PA,258,C,0.0,0.0,0.0,1.0,mccrone,282
50001,2014-12-25,False,False,PA,282,A,0.0022286379979999937,0.997771362002,0.0,0.0,mccrone,306
50001,2014-12-25,False,False,PA,292,G,0.088459720965,0.0,0.911540279035,0.0,mccrone,316
50001,2014-12-25,False,False,PA,501,T,0.0,0.99868871334,0.0,0.0013112866600000217,mccrone,525
50001,2014-12-25,False,False,PA,552,C,0.99900338246,0.0009966175400000221,0.0,0.0,mccrone,576
50001,2014-12-25,False,False,PA,836,A,0.0,0.0,1.0,0.0,mccrone,860
50001,2014-12-25,False,False,PA,858,G,0.998952849946,0.0,0.0010471500540000234,0.0,mccrone,882
50001,2014-12-25,False,False,PA,1001,G,0.998994918756,0.0,0.0010050812440000056,0.0,mccrone,1025
50001,2014-12-25,False,False,PA,1014,T,0.0,0.998949115044,0.0,0.001050884956000031,mccrone,1038
50001,2014-12-25,False,False,PA,1137,G,1.0,0.0,0.0,0.0,mccrone,1161
50001,2014-12-25,False,False,PA,1193,A,0.002374015322999967,0.0,0.997625984677,0.0,mccrone,1217
50001,2014-12-25,False,False,PA,1443,T,0.0,0.991192319265,0.0,0.008807680735000045,mccrone,1467
50001,2014-12-25,False,False,PA,1552,T,0.0,1.0,0.0,0.0,mccrone,1576
50001,2014-12-25,False,False,PA,1578,T,0.0,1.0,0.0,0.0,mccrone,1602
50001,2014-12-25,False,False,PA,1608,C,0.0,0.0008448800270000056,0.0,0.999155119973,mccrone,1632
50001,2014-12-25,False,False,PA,1684,G,0.0,0.0,0.9875568623158,0.0124431376842,mccrone,1708
50001,2014-12-25,False,False,PA,1794,G,0.998638573744,0.0,0.001361426255999998,0.0,mccrone,1818
50001,2014-12-25,False,False,PA,1848,A,0.01263126973600004,0.0,0.987368730264,0.0,mccrone,1872
50001,2014-12-25,False,False,PA,1850,A,0.00248968823200002,0.0,0.997510311768,0.0,mccrone,1874
50001,2014-12-25,False,False,PA,2001,G,1.0,0.0,0.0,0.0,mccrone,2025
50001,2014-12-25,False,False,PA,2049,T,0.0,1.0,0.0,0.0,mccrone,2073
50001,2014-12-25,False,False,PB1,364,A,0.0,0.0,1.0,0.0,mccrone,372
50001,2014-12-25,False,False,PB1,424,T,0.0,0.998761456527,0.0,0.0012385434730000089,mccrone,432
50001,2014-12-25,False,False,PB1,470,A,0.0,0.0,0.0,1.0,mccrone,478
50001,2014-12-25,False,False,PB1,502,A,0.001567281140000043,0.0,0.99843271886,0.0,mccrone,510
50001,2014-12-25,False,False,PB1,513,A,0.0,0.0,0.0,1.0,mccrone,521
50001,2014-12-25,False,False,PB1,589,G,0.999016232169,0.0,0.0009837678309999598,0.0,mccrone,597
50001,2014-12-25,False,False,PB1,643,G,0.997900894701,0.0,0.002099105299000037,0.0,mccrone,651
50001,2014-12-25,False,False,PB1,655,C,0.0,0.0,0.0,1.0,mccrone,663
50001,2014-12-25,False,False,PB1,892,C,0.0,0.00035558084099995835,0.0,0.999644419159,mccrone,900
50001,2014-12-25,False,False,PB1,913,C,0.0,0.0007345225599999505,0.0,0.99926547744,mccrone,921
50001,2014-12-25,False,False,PB1,1003,G,0.999123667975,0.0,0.0008763320250000373,0.0,mccrone,1011
50001,2014-12-25,False,False,PB1,1159,T,0.0,1.0,0.0,0.0,mccrone,1167
50001,2014-12-25,False,False,PB1,1345,C,0.0,0.0010254234290000275,0.0,0.998974576571,mccrone,1353
50001,2014-12-25,False,False,PB1,1570,T,0.0,1.0,0.0,0.0,mccrone,1578
50001,2014-12-25,False,False,PB1,1624,C,0.0,0.0,0.0,1.0,mccrone,1632
50001,2014-12-25,False,False,PB1,1690,A,0.0012165872989999826,0.0,0.998783412701,0.0,mccrone,1698
50001,2014-12-25,False,False,PB1,2074,G,0.998097179749,0.0,0.0019028202509999703,0.0,mccrone,2082
50001,2014-12-25,False,False,PB2,57,G,0.999029126214,0.0,0.000970873786000026,0.0,mccrone,57
50001,2014-12-25,False,False,PB2,214,G,0.99875249501,0.0,0.0012475049900000368,0.0,mccrone,214
50001,2014-12-25,False,False,PB2,264,C,0.0,0.0,0.0,1.0,mccrone,264
50001,2014-12-25,False,False,PB2,573,A,0.0,0.0,1.0,0.0,mccrone,573
50001,2014-12-25,False,False,PB2,608,G,0.0070625431264,0.0,0.9929374568736,0.0,mccrone,608
50001,2014-12-25,False,False,PB2,705,T,0.0,0.998242104625,0.0,0.0017578953750000403,mccrone,705
50001,2014-12-25,False,False,PB2,843,A,0.0007626834249999659,0.0,0.999237316575,0.0,mccrone,843
50001,2014-12-25,False,False,PB2,856,T,0.0,0.999046124496,0.0,0.0009538755039999458,mccrone,856
50001,2014-12-25,False,False,PB2,945,A,0.0017590411729999644,0.0,0.998240958827,0.0,mccrone,945
50001,2014-12-25,False,False,PB2,1059,G,0.0,0.0,0.0,1.0,mccrone,1059
50001,2014-12-25,False,False,PB2,1099,G,0.0999685429417,0.0,0.9000314570583,0.0,mccrone,1099
50001,2014-12-25,False,False,PB2,1149,A,0.0,0.0,1.0,0.0,mccrone,1149
50001,2014-12-25,False,False,PB2,1413,A,0.004009935062999959,0.0,0.995990064937,0.0,mccrone,1413
50001,2014-12-25,False,False,PB2,1581,T,0.0,0.998727850977,0.0,0.001272149022999991,mccrone,1581
50001,2014-12-25,False,False,PB2,1602,G,1.0,0.0,0.0,0.0,mccrone,1602
50001,2014-12-25,False,False,PB2,1659,A,0.0019934543289999995,0.0,0.998006545671,0.0,mccrone,1659
50001,2014-12-25,False,False,PB2,1662,C,0.0,0.0,0.0,1.0,mccrone,1662
50001,2014-12-25,False,False,PB2,1707,T,0.0,1.0,0.0,0.0,mccrone,1707
50001,2014-12-25,False,False,PB2,1790,T,0.0,1.0,0.0,0.0,mccrone,1790
50001,2014-12-25,False,False,PB2,1818,A,0.0,0.0,1.0,0.0,mccrone,1818
50001,2014-12-25,False,False,PB2,1885,T,0.0,1.0,0.0,0.0,mccrone,1885
50001,2014-12-25,False,False,PB2,1886,C,0.00422229841661,0.99577770158339,0.0,0.0,mccrone,1886
50001,2014-12-25,False,False,PB2,2145,T,1.0,0.0,0.0,0.0,mccrone,2150
50001,2014-12-25,False,False,PB2,2184,A,0.0,0.0,1.0,0.0,mccrone,2189
50001,2014-12-31,True,True,HA,167,G,1.0,0.0,0.0,0.0,mccrone,221
50001,2014-12-31,True,True,HA,364,G,0.999123191583,0.0,0.0008768084169999968,0.0,mccrone,425
50001,2014-12-31,True,True,HA,556,A,0.0,1.0,0.0,0.0,mccrone,647
50001,2014-12-31,True,True,HA,593,A,0.005655042412999967,0.0,0.994344957587,0.0,mccrone,684
50001,2014-12-31,True,True,HA,658,C,0.0,0.0013692377909999554,0.0,0.998630762209,mccrone,749
50001,2014-12-31,True,True,HA,683,C,0.994375827084,0.0056241729160000364,0.0,0.0,mccrone,774
50001,2014-12-31,True,True,HA,685,T,0.0,1.0,0.0,0.0,mccrone,776
50001,2014-12-31,True,True,HA,917,A,0.004877542548999969,0.0,0.995122457451,0.0,mccrone,1043
50001,2014-12-31,True,True,HA,1466,C,1.0,0.0,0.0,0.0,mccrone,1592
50001,2014-12-31,True,True,MP,292,C,0.0,0.0049410540919999635,0.0,0.995058945908,mccrone,292
50001,2014-12-31,True,True,MP,320,C,0.0,0.004348163676999972,0.0,0.995651836323,mccrone,320
50001,2014-12-31,True,True,MP,349,A,0.0016365447559999469,0.0,0.998363455244,0.0,mccrone,349
50001,2014-12-31,True,True,MP,427,A,0.0007883326759999809,0.0,0.999211667324,0.0,mccrone,427
50001,2014-12-31,True,True,MP,549,G,0.998741105638,0.0,0.001258894361999996,0.0,mccrone,549
50001,2014-12-31,True,True,MP,694,C,0.0,0.0007941664859999475,0.0,0.999205833514,mccrone,694
50001,2014-12-31,True,True,NA,103,T,0.0,1.0,0.0,0.0,mccrone,105
50001,2014-12-31,True,True,NA,211,A,0.0,0.0,1.0,0.0,mccrone,226
50001,2014-12-31,True,True,NA,223,A,0.0,0.0,1.0,0.0,mccrone,238
50001,2014-12-31,True,True,NA,226,T,0.0,1.0,0.0,0.0,mccrone,241
50001,2014-12-31,True,True,NA,446,G,0.997741273101,0.0,0.0022587268989999743,0.0,mccrone,463
50001,2014-12-31,True,True,NA,710,A,0.0,0.0,1.0,0.0,mccrone,737
50001,2014-12-31,True,True,NA,819,C,1.0,0.0,0.0,0.0,mccrone,846
50001,2014-12-31,True,True,NA,907,G,0.998497667431,0.0,0.0015023325690000089,0.0,mccrone,934
50001,2014-12-31,True,True,NA,1108,A,0.0,0.0,1.0,0.0,mccrone,1135
50001,2014-12-31,True,True,NA,1157,A,0.0,0.0,1.0,0.0,mccrone,1184
50001,2014-12-31,True,True,NA,1194,C,0.0,0.0,0.0,1.0,mccrone,1221
50001,2014-12-31,True,True,NP,207,G,0.997797963116,0.0,0.0022020368840000026,0.0,mccrone,207
50001,2014-12-31,True,True,NP,208,C,0.995948136143,0.00405186385699996,0.0,0.0,mccrone,208
50001,2014-12-31,True,True,NP,347,G,0.998072722601,0.0,0.0019272773990000047,0.0,mccrone,347
50001,2014-12-31,True,True,NP,492,G,0.996269352733,0.0,0.003730647267000009,0.0,mccrone,492
50001,2014-12-31,True,True,NP,493,A,0.004066167636999962,0.995933832363,0.0,0.0,mccrone,493
50001,2014-12-31,True,True,NP,606,G,0.997842037117,0.0,0.002157962882999964,0.0,mccrone,606
50001,2014-12-31,True,True,NP,885,G,1.0,0.0,0.0,0.0,mccrone,885
50001,2014-12-31,True,True,NP,909,G,0.0,0.0,0.0007376671280000524,0.999262332872,mccrone,909
50001,2014-12-31,True,True,NP,918,C,0.0,0.0,0.0,1.0,mccrone,918
50001,2014-12-31,True,True,NP,1002,C,0.0,0.0,0.0,1.0,mccrone,1002
50001,2014-12-31,True,True,NP,1092,A,0.0,0.0,1.0,0.0,mccrone,1092
50001,2014-12-31,True,True,NP,1186,T,0.0,1.0,0.0,0.0,mccrone,1186
50001,2014-12-31,True,True,NP,1188,A,0.0,0.0,1.0,0.0,mccrone,1188
50001,2014-12-31,True,True,NP,1224,G,0.997009399032,0.0,0.002990600967999968,0.0,mccrone,1224
50001,2014-12-31,True,True,NP,1407,C,1.0,0.0,0.0,0.0,mccrone,1407
50001,2014-12-31,True,True,NS,125,T,0.0,1.0,0.0,0.0,mccrone,125
50001,2014-12-31,True,True,NS,180,T,0.0,1.0,0.0,0.0,mccrone,180
50001,2014-12-31,True,True,NS,246,A,0.0,0.0,1.0,0.0,mccrone,246
50001,2014-12-31,True,True,NS,299,C,0.0,0.0024643548670000293,0.0,0.997535645133,mccrone,299
50001,2014-12-31,True,True,NS,570,G,1.0,0.0,0.0,0.0,mccrone,570
50001,2014-12-31,True,True,NS,744,A,0.0,0.0,1.0,0.0,mccrone,744
50001,2014-12-31,True,True,NS,813,G,1.0,0.0,0.0,0.0,mccrone,813
50001,2014-12-31,True,True,NS,843,C,0.0,0.0,0.0,1.0,mccrone,843
50001,2014-12-31,True,True,PA,153,C,0.0,0.0,1.0,0.0,mccrone,177
50001,2014-12-31,True,True,PA,258,C,0.0,0.015167930660999973,0.0,0.984832069339,mccrone,282
50001,2014-12-31,True,True,PA,282,A,0.0,1.0,0.0,0.0,mccrone,306
50001,2014-12-31,True,True,PA,501,T,0.0,1.0,0.0,0.0,mccrone,525
50001,2014-12-31,True,True,PA,552,C,0.994420087684,0.005579912315999969,0.0,0.0,mccrone,576
50001,2014-12-31,True,True,PA,836,A,0.0,0.0,1.0,0.0,mccrone,860
50001,2014-12-31,True,True,PA,858,G,1.0,0.0,0.0,0.0,mccrone,882
50001,2014-12-31,True,True,PA,1001,G,0.998711340206,0.0,0.0012886597939999467,0.0,mccrone,1025
50001,2014-12-31,True,True,PA,1014,T,0.0,0.995530012771,0.0,0.00446998722900005,mccrone,1038
50001,2014-12-31,True,True,PA,1137,G,1.0,0.0,0.0,0.0,mccrone,1161
50001,2014-12-31,True,True,PA,1193,A,0.008738828202999982,0.0,0.991261171797,0.0,mccrone,1217
50001,2014-12-31,True,True,PA,1443,T,0.0,0.992725803193,0.0,0.007274196807000033,mccrone,1467
50001,2014-12-31,True,True,PA,1552,T,0.0,0.998930099857,0.0,0.0010699001430000132,mccrone,1576
50001,2014-12-31,True,True,PA,1578,T,0.0,1.0,0.0,0.0,mccrone,1602
50001,2014-12-31,True,True,PA,1608,C,0.0,0.0,0.0,1.0,mccrone,1632
50001,2014-12-31,True,True,PA,1794,G,0.992659909123,0.0,0.0073400908770000495,0.0,mccrone,1818
50001,2014-12-31,True,True,PA,1848,A,0.01208273602300003,0.0,0.987917263977,0.0,mccrone,1872
50001,2014-12-31,True,True,PA,1850,A,0.006932773108999979,0.0,0.993067226891,0.0,mccrone,1874
50001,2014-12-31,True,True,PA,2001,G,1.0,0.0,0.0,0.0,mccrone,2025
50001,2014-12-31,True,True,PA,2049,T,0.0,1.0,0.0,0.0,mccrone,2073
50001,2014-12-31,True,True,PB1,364,A,0.0,0.0,1.0,0.0,mccrone,372
50001,2014-12-31,True,True,PB1,424,T,0.0,1.0,0.0,0.0,mccrone,432
50001,2014-12-31,True,True,PB1,470,A,0.0,0.0,0.0,1.0,mccrone,478
50001,2014-12-31,True,True,PB1,502,A,0.0,0.0,1.0,0.0,mccrone,510
50001,2014-12-31,True,True,PB1,513,A,0.0,0.0,0.0,1.0,mccrone,521
50001,2014-12-31,True,True,PB1,589,G,1.0,0.0,0.0,0.0,mccrone,597
50001,2014-12-31,True,True,PB1,643,G,1.0,0.0,0.0,0.0,mccrone,651
50001,2014-12-31,True,True,PB1,655,C,0.0,0.0,0.0,1.0,mccrone,663
50001,2014-12-31,True,True,PB1,892,C,0.0,0.000755857899000012,0.0,0.999244142101,mccrone,900
50001,2014-12-31,True,True,PB1,913,C,0.0,0.0012764871070000128,0.0,0.998723512893,mccrone,921
50001,2014-12-31,True,True,PB1,1003,G,1.0,0.0,0.0,0.0,mccrone,1011
50001,2014-12-31,True,True,PB1,1159,T,0.0,1.0,0.0,0.0,mccrone,1167
50001,2014-12-31,True,True,PB1,1345,C,0.0,0.004271070614999983,0.0,0.995728929385,mccrone,1353
50001,2014-12-31,True,True,PB1,1570,T,0.0,1.0,0.0,0.0,mccrone,1578
50001,2014-12-31,True,True,PB1,1624,C,0.0,0.0,0.0,1.0,mccrone,1632
50001,2014-12-31,True,True,PB1,1690,A,0.0,0.0,1.0,0.0,mccrone,1698
50001,2014-12-31,True,True,PB1,2074,G,0.997917751171,0.0,0.0020822488289999885,0.0,mccrone,2082
50001,2014-12-31,True,True,PB2,57,G,1.0,0.0,0.0,0.0,mccrone,57
50001,2014-12-31,True,True,PB2,214,G,1.0,0.0,0.0,0.0,mccrone,214
50001,2014-12-31,True,True,PB2,264,C,0.0,0.0,0.0,1.0,mccrone,264
50001,2014-12-31,True,True,PB2,573,A,0.00024968789000001657,0.0,0.99975031211,0.0,mccrone,573
50001,2014-12-31,True,True,PB2,705,T,0.0,0.99410093948,0.0,0.005899060519999999,mccrone,705
50001,2014-12-31,True,True,PB2,843,A,0.000680272109000013,0.0,0.999319727891,0.0,mccrone,843
50001,2014-12-31,True,True,PB2,856,T,0.0,1.0,0.0,0.0,mccrone,856
50001,2014-12-31,True,True,PB2,945,A,0.01027014958700001,0.0,0.989729850413,0.0,mccrone,945
50001,2014-12-31,True,True,PB2,1059,G,0.0,0.0,0.0,1.0,mccrone,1059
50001,2014-12-31,True,True,PB2,1149,A,0.007672634270999956,0.0,0.992327365729,0.0,mccrone,1149
50001,2014-12-31,True,True,PB2,1413,A,0.004534212695999962,0.0,0.995465787304,0.0,mccrone,1413
50001,2014-12-31,True,True,PB2,1581,T,0.0,1.0,0.0,0.0,mccrone,1581
50001,2014-12-31,True,True,PB2,1602,G,0.998906625847,0.0,0.0010933741530000374,0.0,mccrone,1602
50001,2014-12-31,True,True,PB2,1659,A,0.0,0.0,1.0,0.0,mccrone,1659
50001,2014-12-31,True,True,PB2,1662,C,0.0,0.002090106828000038,0.0,0.997909893172,mccrone,1662
50001,2014-12-31,True,True,PB2,1707,T,0.0,1.0,0.0,0.0,mccrone,1707
50001,2014-12-31,True,True,PB2,1790,T,0.0,1.0,0.0,0.0,mccrone,1790
50001,2014-12-31,True,True,PB2,1818,A,0.003307607496999987,0.0,0.996692392503,0.0,mccrone,1818
50001,2014-12-31,True,True,PB2,1885,T,0.0,1.0,0.0,0.0,mccrone,1885
50001,2014-12-31,True,True,PB2,2145,T,1.0,0.0,0.0,0.0,mccrone,2150
50001,2014-12-31,True,True,PB2,2184,A,0.0,0.0,1.0,0.0,mccrone,2189
50003,2014-12-25,False,True,HA,167,G,1.0,0.0,0.0,0.0,mccrone,221
50003,2014-12-25,False,True,HA,364,G,0.998984028935,0.0,0.0010159710649999543,0.0,mccrone,425
50003,2014-12-25,False,True,HA,556,A,0.0,1.0,0.0,0.0,mccrone,647
50003,2014-12-25,False,True,HA,593,A,0.0007365989219999536,0.0,0.999263401078,0.0,mccrone,684
50003,2014-12-25,False,True,HA,658,C,0.0,0.0009199934289999545,0.0,0.999080006571,mccrone,749
50003,2014-12-25,False,True,HA,683,C,1.0,0.0,0.0,0.0,mccrone,774
50003,2014-12-25,False,True,HA,685,T,0.0,1.0,0.0,0.0,mccrone,776
50003,2014-12-25,False,True,HA,917,A,0.0009635149019999734,0.0,0.999036485098,0.0,mccrone,1043
50003,2014-12-25,False,True,HA,1466,C,1.0,0.0,0.0,0.0,mccrone,1592
50003,2014-12-25,False,True,MP,292,C,0.0,0.0,0.0,1.0,mccrone,292
50003,2014-12-25,False,True,MP,320,C,0.0,0.0014810663680000502,0.0,0.998518933632,mccrone,320
50003,2014-12-25,False,True,MP,349,A,0.0,0.0,1.0,0.0,mccrone,349
50003,2014-12-25,False,True,MP,427,A,0.0,0.0,1.0,0.0,mccrone,427
50003,2014-12-25,False,True,MP,549,G,0.99863097049,0.0,0.0013690295099999528,0.0,mccrone,549
50003,2014-12-25,False,True,MP,694,C,0.0,0.0016107281989999889,0.0,0.998389271801,mccrone,694
50003,2014-12-25,False,True,NA,103,T,0.0,1.0,0.0,0.0,mccrone,105
50003,2014-12-25,False,True,NA,211,A,0.0,0.0,1.0,0.0,mccrone,226
50003,2014-12-25,False,True,NA,223,A,0.0,0.0,1.0,0.0,mccrone,238
50003,2014-12-25,False,True,NA,226,T,0.0,1.0,0.0,0.0,mccrone,241
50003,2014-12-25,False,True,NA,446,G,0.998613445378,0.0,0.0013865546219999914,0.0,mccrone,463
50003,2014-12-25,False,True,NA,710,A,0.0,0.0,1.0,0.0,mccrone,737
50003,2014-12-25,False,True,NA,819,C,1.0,0.0,0.0,0.0,mccrone,846
50003,2014-12-25,False,True,NA,907,G,0.997789682688,0.0,0.002210317312000054,0.0,mccrone,934
50003,2014-12-25,False,True,NA,1108,A,0.0,0.0,1.0,0.0,mccrone,1135
50003,2014-12-25,False,True,NA,1157,A,0.0,0.0,1.0,0.0,mccrone,1184
50003,2014-12-25,False,True,NA,1194,C,0.0,0.0,0.0,1.0,mccrone,1221
50003,2014-12-25,False,True,NP,207,G,0.997571131159,0.0,0.0024288688410000203,0.0,mccrone,207
50003,2014-12-25,False,True,NP,208,C,0.997500568053,0.002499431946999975,0.0,0.0,mccrone,208
50003,2014-12-25,False,True,NP,347,G,0.998955379794,0.0,0.0010446202060000465,0.0,mccrone,347
50003,2014-12-25,False,True,NP,492,G,0.998993602185,0.0,0.0010063978150000041,0.0,mccrone,492
50003,2014-12-25,False,True,NP,493,A,0.001220124883000051,0.998779875117,0.0,0.0,mccrone,493
50003,2014-12-25,False,True,NP,606,G,0.998873258672,0.0,0.0011267413279999472,0.0,mccrone,606
50003,2014-12-25,False,True,NP,885,G,1.0,0.0,0.0,0.0,mccrone,885
50003,2014-12-25,False,True,NP,909,G,0.0,0.0,0.0,1.0,mccrone,909
50003,2014-12-25,False,True,NP,918,C,0.0,0.0,0.0,1.0,mccrone,918
50003,2014-12-25,False,True,NP,1002,C,0.0,0.0,0.0,1.0,mccrone,1002
50003,2014-12-25,False,True,NP,1092,A,0.0,0.0,1.0,0.0,mccrone,1092
50003,2014-12-25,False,True,NP,1186,T,0.0,1.0,0.0,0.0,mccrone,1186
50003,2014-12-25,False,True,NP,1188,A,0.0,0.0,1.0,0.0,mccrone,1188
50003,2014-12-25,False,True,NP,1224,G,0.997700699574,0.0,0.002299300426000017,0.0,mccrone,1224
50003,2014-12-25,False,True,NP,1407,C,1.0,0.0,0.0,0.0,mccrone,1407
50003,2014-12-25,False,True,NS,125,T,0.0,1.0,0.0,0.0,mccrone,125
50003,2014-12-25,False,True,NS,180,T,0.0,1.0,0.0,0.0,mccrone,180
50003,2014-12-25,False,True,NS,246,A,0.0,0.0,1.0,0.0,mccrone,246
50003,2014-12-25,False,True,NS,299,C,0.0,0.0006853338550000254,0.0,0.999314666145,mccrone,299
50003,2014-12-25,False,True,NS,570,G,0.999228395062,0.0,0.0007716049379999923,0.0,mccrone,570
50003,2014-12-25,False,True,NS,744,A,0.0,0.0,1.0,0.0,mccrone,744
50003,2014-12-25,False,True,NS,813,G,1.0,0.0,0.0,0.0,mccrone,813
50003,2014-12-25,False,True,NS,843,C,0.0,0.0,0.0,1.0,mccrone,843
50003,2014-12-25,False,True,PA,153,C,0.0,0.0,1.0,0.0,mccrone,177
50003,2014-12-25,False,True,PA,258,C,0.0,0.0022008571760000484,0.0,0.997799142824,mccrone,282
50003,2014-12-25,False,True,PA,282,A,0.0,1.0,0.0,0.0,mccrone,306
50003,2014-12-25,False,True,PA,501,T,0.0,1.0,0.0,0.0,mccrone,525
50003,2014-12-25,False,True,PA,552,C,1.0,0.0,0.0,0.0,mccrone,576
50003,2014-12-25,False,True,PA,836,A,0.0,0.0,1.0,0.0,mccrone,860
50003,2014-12-25,False,True,PA,858,G,0.999181196417,0.0,0.0008188035830000162,0.0,mccrone,882
50003,2014-12-25,False,True,PA,1001,G,0.999327117178,0.0,0.0006728828219999539,0.0,mccrone,1025
50003,2014-12-25,False,True,PA,1014,T,0.0,0.999001521491,0.0,0.0009984785090000337,mccrone,1038
50003,2014-12-25,False,True,PA,1137,G,0.999634051507,0.0,0.000365948492999979,0.0,mccrone,1161
50003,2014-12-25,False,True,PA,1193,A,0.0011504832030000411,0.0,0.998849516797,0.0,mccrone,1217
50003,2014-12-25,False,True,PA,1443,T,0.0,0.997903368588,0.0,0.002096631412000005,mccrone,1467
50003,2014-12-25,False,True,PA,1552,T,0.0,1.0,0.0,0.0,mccrone,1576
50003,2014-12-25,False,True,PA,1578,T,0.0,1.0,0.0,0.0,mccrone,1602
50003,2014-12-25,False,True,PA,1608,C,0.0,0.0,0.0,1.0,mccrone,1632
50003,2014-12-25,False,True,PA,1794,G,0.999108734403,0.0,0.0008912655970000349,0.0,mccrone,1818
50003,2014-12-25,False,True,PA,1848,A,0.008164052456000048,0.0,0.991835947544,0.0,mccrone,1872
50003,2014-12-25,False,True,PA,1850,A,0.0,0.0,1.0,0.0,mccrone,1874
50003,2014-12-25,False,True,PA,2001,G,1.0,0.0,0.0,0.0,mccrone,2025
50003,2014-12-25,False,True,PA,2049,T,0.0,1.0,0.0,0.0,mccrone,2073
50003,2014-12-25,False,True,PB1,364,A,0.0,0.0,1.0,0.0,mccrone,372
50003,2014-12-25,False,True,PB1,424,T,0.0,1.0,0.0,0.0,mccrone,432
50003,2014-12-25,False,True,PB1,470,A,0.0,0.0,0.0,1.0,mccrone,478
50003,2014-12-25,False,True,PB1,502,A,0.0,0.0,1.0,0.0,mccrone,510
50003,2014-12-25,False,True,PB1,513,A,0.0,0.0,0.0,1.0,mccrone,521
50003,2014-12-25,False,True,PB1,589,G,0.998887587822,0.0,0.0011124121779999552,0.0,mccrone,597
50003,2014-12-25,False,True,PB1,643,G,0.996963968609,0.0,0.0030360313909999492,0.0,mccrone,651
50003,2014-12-25,False,True,PB1,655,C,0.0,0.0,0.0,1.0,mccrone,663
50003,2014-12-25,False,True,PB1,892,C,0.0,0.0,0.0,1.0,mccrone,900
50003,2014-12-25,False,True,PB1,913,C,0.0,0.0009222823410000025,0.0,0.999077717659,mccrone,921
50003,2014-12-25,False,True,PB1,1003,G,1.0,0.0,0.0,0.0,mccrone,1011
50003,2014-12-25,False,True,PB1,1159,T,0.0,1.0,0.0,0.0,mccrone,1167
50003,2014-12-25,False,True,PB1,1345,C,0.0,0.0,0.0,1.0,mccrone,1353
50003,2014-12-25,False,True,PB1,1570,T,0.0,0.99861277508,0.0,0.0013872249199999853,mccrone,1578
50003,2014-12-25,False,True,PB1,1624,C,0.0,0.0,0.0,1.0,mccrone,1632
50003,2014-12-25,False,True,PB1,1690,A,0.0,0.0,1.0,0.0,mccrone,1698
50003,2014-12-25,False,True,PB1,2074,G,0.997863247863,0.0,0.002136752137000042,0.0,mccrone,2082
50003,2014-12-25,False,True,PB2,57,G,1.0,0.0,0.0,0.0,mccrone,57
50003,2014-12-25,False,True,PB2,214,G,1.0,0.0,0.0,0.0,mccrone,214
50003,2014-12-25,False,True,PB2,264,C,0.0,0.0,0.0,1.0,mccrone,264
50003,2014-12-25,False,True,PB2,573,A,0.0,0.0,1.0,0.0,mccrone,573
50003,2014-12-25,False,True,PB2,705,T,0.0,0.99811754863,0.0,0.0018824513699999823,mccrone,705
50003,2014-12-25,False,True,PB2,843,A,0.0010695759130000537,0.0,0.998930424087,0.0,mccrone,843
50003,2014-12-25,False,True,PB2,856,T,0.0,1.0,0.0,0.0,mccrone,856
50003,2014-12-25,False,True,PB2,945,A,0.001404713595000051,0.0,0.998595286405,0.0,mccrone,945
50003,2014-12-25,False,True,PB2,1059,G,0.0,0.0,0.0,1.0,mccrone,1059
50003,2014-12-25,False,True,PB2,1149,A,0.0014569935689999758,0.0,0.998543006431,0.0,mccrone,1149
50003,2014-12-25,False,True,PB2,1413,A,0.001320376042999949,0.0,0.998679623957,0.0,mccrone,1413
50003,2014-12-25,False,True,PB2,1581,T,0.0,1.0,0.0,0.0,mccrone,1581
50003,2014-12-25,False,True,PB2,1602,G,0.999371530324,0.0,0.0006284696760000541,0.0,mccrone,1602
50003,2014-12-25,False,True,PB2,1659,A,0.0,0.0,1.0,0.0,mccrone,1659
50003,2014-12-25,False,True,PB2,1662,C,0.0,0.0,0.0,1.0,mccrone,1662
50003,2014-12-25,False,True,PB2,1707,T,0.0,0.998062328435,0.0,0.001937671565000021,mccrone,1707
50003,2014-12-25,False,True,PB2,1790,T,0.0,1.0,0.0,0.0,mccrone,1790
50003,2014-12-25,False,True,PB2,1818,A,0.0,0.0,1.0,0.0,mccrone,1818
50003,2014-12-25,False,True,PB2,1885,T,0.0,1.0,0.0,0.0,mccrone,1885
50003,2014-12-25,False,True,PB2,2145,T,1.0,0.0,0.0,0.0,mccrone,2150
50003,2014-12-25,False,True,PB2,2184,A,0.0,0.0,1.0,0.0,mccrone,2189
50003,2014-12-31,True,True,HA,167,G,1.0,0.0,0.0,0.0,mccrone,221
50003,2014-12-31,True,True,HA,364,G,1.0,0.0,0.0,0.0,mccrone,425
50003,2014-12-31,True,True,HA,556,A,0.0,1.0,0.0,0.0,mccrone,647
50003,2014-12-31,True,True,HA,593,A,0.0075662042880000335,0.0,0.992433795712,0.0,mccrone,684
50003,2014-12-31,True,True,HA,658,C,0.0,0.0,0.0,1.0,mccrone,749
50003,2014-12-31,True,True,HA,683,C,0.997947876052,0.0020521239480000286,0.0,0.0,mccrone,774
50003,2014-12-31,True,True,HA,685,T,0.0,1.0,0.0,0.0,mccrone,776
50003,2014-12-31,True,True,HA,917,A,0.001349527664999961,0.0,0.998650472335,0.0,mccrone,1043
50003,2014-12-31,True,True,HA,1466,C,1.0,0.0,0.0,0.0,mccrone,1592
50003,2014-12-31,True,True,MP,292,C,0.0,0.0,0.0,1.0,mccrone,292
50003,2014-12-31,True,True,MP,320,C,0.0,0.004401942927000024,0.0,0.995598057073,mccrone,320
50003,2014-12-31,True,True,MP,349,A,0.0,0.0,1.0,0.0,mccrone,349
50003,2014-12-31,True,True,MP,427,A,0.00100919488700002,0.0,0.998990805113,0.0,mccrone,427
50003,2014-12-31,True,True,MP,549,G,0.998466761581,0.0,0.0015332384189999937,0.0,mccrone,549
50003,2014-12-31,True,True,MP,694,C,0.0,0.0012301804259999827,0.0,0.998769819574,mccrone,694
50003,2014-12-31,True,True,NA,103,T,0.0,1.0,0.0,0.0,mccrone,105
50003,2014-12-31,True,True,NA,211,A,0.0,0.0,1.0,0.0,mccrone,226
50003,2014-12-31,True,True,NA,223,A,0.0,0.0,1.0,0.0,mccrone,238
50003,2014-12-31,True,True,NA,226,T,0.0,0.998842592593,0.0,0.0011574074069999885,mccrone,241
50003,2014-12-31,True,True,NA,446,G,0.99792413663,0.0,0.0020758633699999862,0.0,mccrone,463
50003,2014-12-31,True,True,NA,710,A,0.0010270455319999483,0.0,0.998972954468,0.0,mccrone,737
50003,2014-12-31,True,True,NA,819,C,1.0,0.0,0.0,0.0,mccrone,846
50003,2014-12-31,True,True,NA,907,G,0.998530372306,0.0,0.001469627694000053,0.0,mccrone,934
50003,2014-12-31,True,True,NA,1108,A,0.0,0.0,1.0,0.0,mccrone,1135
50003,2014-12-31,True,True,NA,1157,A,0.0009548818329999653,0.0,0.999045118167,0.0,mccrone,1184
50003,2014-12-31,True,True,NA,1194,C,0.0,0.0,0.0,1.0,mccrone,1221
50003,2014-12-31,True,True,NP,207,G,1.0,0.0,0.0,0.0,mccrone,207
50003,2014-12-31,True,True,NP,208,C,0.996399639964,0.00360036003599995,0.0,0.0,mccrone,208
50003,2014-12-31,True,True,NP,347,G,1.0,0.0,0.0,0.0,mccrone,347
50003,2014-12-31,True,True,NP,492,G,0.996761904762,0.0,0.003238095238000005,0.0,mccrone,492
50003,2014-12-31,True,True,NP,493,A,0.002468666920000029,0.99753133308,0.0,0.0,mccrone,493
50003,2014-12-31,True,True,NP,606,G,0.997581395349,0.0,0.002418604650999967,0.0,mccrone,606
50003,2014-12-31,True,True,NP,885,G,1.0,0.0,0.0,0.0,mccrone,885
50003,2014-12-31,True,True,NP,909,G,0.0,0.0,0.0,1.0,mccrone,909
50003,2014-12-31,True,True,NP,918,C,0.0,0.0007698229410000312,0.0,0.999230177059,mccrone,918
50003,2014-12-31,True,True,NP,1002,C,0.0,0.0,0.0,1.0,mccrone,1002
50003,2014-12-31,True,True,NP,1092,A,0.0,0.0,1.0,0.0,mccrone,1092
50003,2014-12-31,True,True,NP,1186,T,0.0,1.0,0.0,0.0,mccrone,1186
50003,2014-12-31,True,True,NP,1188,A,0.0,0.0,1.0,0.0,mccrone,1188
50003,2014-12-31,True,True,NP,1224,G,0.996822033898,0.0,0.0031779661020000516,0.0,mccrone,1224
50003,2014-12-31,True,True,NP,1407,C,1.0,0.0,0.0,0.0,mccrone,1407
50003,2014-12-31,True,True,NS,125,T,0.0,1.0,0.0,0.0,mccrone,125
50003,2014-12-31,True,True,NS,180,T,0.0,1.0,0.0,0.0,mccrone,180
50003,2014-12-31,True,True,NS,246,A,0.0,0.0,1.0,0.0,mccrone,246
50003,2014-12-31,True,True,NS,299,C,0.0,0.0015166835190000283,0.0,0.998483316481,mccrone,299
50003,2014-12-31,True,True,NS,570,G,1.0,0.0,0.0,0.0,mccrone,570
50003,2014-12-31,True,True,NS,744,A,0.0,0.0,1.0,0.0,mccrone,744
50003,2014-12-31,True,True,NS,813,G,1.0,0.0,0.0,0.0,mccrone,813
50003,2014-12-31,True,True,NS,843,C,0.0,0.0,0.0,1.0,mccrone,843
50003,2014-12-31,True,True,PA,153,C,0.0,0.0,1.0,0.0,mccrone,177
50003,2014-12-31,True,True,PA,258,C,0.0,0.011619958987999945,0.0,0.988380041012,mccrone,282
50003,2014-12-31,True,True,PA,282,A,0.0,1.0,0.0,0.0,mccrone,306
50003,2014-12-31,True,True,PA,501,T,0.0,1.0,0.0,0.0,mccrone,525
50003,2014-12-31,True,True,PA,552,C,1.0,0.0,0.0,0.0,mccrone,576
50003,2014-12-31,True,True,PA,836,A,0.0,0.0,1.0,0.0,mccrone,860
50003,2014-12-31,True,True,PA,858,G,1.0,0.0,0.0,0.0,mccrone,882
50003,2014-12-31,True,True,PA,1001,G,1.0,0.0,0.0,0.0,mccrone,1025
50003,2014-12-31,True,True,PA,1014,T,0.0,0.997921718046,0.0,0.0020782819539999497,mccrone,1038
50003,2014-12-31,True,True,PA,1137,G,1.0,0.0,0.0,0.0,mccrone,1161
50003,2014-12-31,True,True,PA,1193,A,0.0,0.0,1.0,0.0,mccrone,1217
50003,2014-12-31,True,True,PA,1443,T,0.0,0.994015748031,0.0,0.005984251968999987,mccrone,1467
50003,2014-12-31,True,True,PA,1552,T,0.0,1.0,0.0,0.0,mccrone,1576
50003,2014-12-31,True,True,PA,1578,T,0.0,1.0,0.0,0.0,mccrone,1602
50003,2014-12-31,True,True,PA,1608,C,0.0,0.0,0.0,1.0,mccrone,1632
50003,2014-12-31,True,True,PA,1794,G,0.998940116587,0.0,0.0010598834130000068,0.0,mccrone,1818
50003,2014-12-31,True,True,PA,1848,A,0.12148685403399995,0.0,0.878513145966,0.0,mccrone,1872
50003,2014-12-31,True,True,PA,1850,A,0.002469135802000033,0.0,0.997530864198,0.0,mccrone,1874
50003,2014-12-31,True,True,PA,2001,G,0.999370673379,0.0,0.0006293266210000148,0.0,mccrone,2025
50003,2014-12-31,True,True,PA,2049,T,0.0,1.0,0.0,0.0,mccrone,2073
50003,2014-12-31,True,True,PB1,364,A,0.0009564801529999833,0.0,0.999043519847,0.0,mccrone,372
50003,2014-12-31,True,True,PB1,424,T,0.0,1.0,0.0,0.0,mccrone,432
50003,2014-12-31,True,True,PB1,470,A,0.0,0.0,0.0,1.0,mccrone,478
50003,2014-12-31,True,True,PB1,502,A,0.0,0.0,1.0,0.0,mccrone,510
50003,2014-12-31,True,True,PB1,513,A,0.0,0.0,0.0,1.0,mccrone,521
50003,2014-12-31,True,True,PB1,589,G,1.0,0.0,0.0,0.0,mccrone,597
50003,2014-12-31,True,True,PB1,643,G,0.996902281048,0.0,0.0030977189519999504,0.0,mccrone,651
50003,2014-12-31,True,True,PB1,655,C,0.0,0.0,0.0,1.0,mccrone,663
50003,2014-12-31,True,True,PB1,892,C,0.0,0.0,0.0,1.0,mccrone,900
50003,2014-12-31,True,True,PB1,913,C,0.0,0.0,0.0,1.0,mccrone,921
50003,2014-12-31,True,True,PB1,1003,G,1.0,0.0,0.0,0.0,mccrone,1011
50003,2014-12-31,True,True,PB1,1159,T,0.0,1.0,0.0,0.0,mccrone,1167
50003,2014-12-31,True,True,PB1,1345,C,0.0,0.0011244377810000206,0.0,0.998875562219,mccrone,1353
50003,2014-12-31,True,True,PB1,1570,T,0.0,1.0,0.0,0.0,mccrone,1578
50003,2014-12-31,True,True,PB1,1624,C,0.0,0.0,0.0,1.0,mccrone,1632
50003,2014-12-31,True,True,PB1,1690,A,0.0,0.0,1.0,0.0,mccrone,1698
50003,2014-12-31,True,True,PB1,1852,G,0.0428052289357,0.0,0.9571947710643,0.0,mccrone,1860
50003,2014-12-31,True,True,PB1,2074,G,1.0,0.0,0.0,0.0,mccrone,2082
50003,2014-12-31,True,True,PB2,57,G,1.0,0.0,0.0,0.0,mccrone,57
50003,2014-12-31,True,True,PB2,214,G,0.997229916898,0.0,0.0027700831019999983,0.0,mccrone,214
50003,2014-12-31,True,True,PB2,264,C,0.0,0.0,0.0,1.0,mccrone,264
50003,2014-12-31,True,True,PB2,573,A,0.0,0.0,1.0,0.0,mccrone,573
50003,2014-12-31,True,True,PB2,705,T,0.0,0.997008973081,0.0,0.002991026918999995,mccrone,705
50003,2014-12-31,True,True,PB2,843,A,0.0,0.0,1.0,0.0,mccrone,843
50003,2014-12-31,True,True,PB2,856,T,0.0,1.0,0.0,0.0,mccrone,856
50003,2014-12-31,True,True,PB2,945,A,0.0025550942190000203,0.0,0.997444905781,0.0,mccrone,945
50003,2014-12-31,True,True,PB2,1059,G,0.0,0.0,0.0,1.0,mccrone,1059
50003,2014-12-31,True,True,PB2,1149,A,0.0036900369000000266,0.0,0.9963099631,0.0,mccrone,1149
50003,2014-12-31,True,True,PB2,1413,A,0.0,0.0,1.0,0.0,mccrone,1413
50003,2014-12-31,True,True,PB2,1581,T,0.0,1.0,0.0,0.0,mccrone,1581
50003,2014-12-31,True,True,PB2,1602,G,1.0,0.0,0.0,0.0,mccrone,1602
50003,2014-12-31,True,True,PB2,1659,A,0.0,0.0,1.0,0.0,mccrone,1659
50003,2014-12-31,True,True,PB2,1662,C,0.0,0.0,0.0,1.0,mccrone,1662
50003,2014-12-31,True,True,PB2,1707,T,0.0,1.0,0.0,0.0,mccrone,1707
50003,2014-12-31,True,True,PB2,1790,T,0.0,1.0,0.0,0.0,mccrone,1790
50003,2014-12-31,True,True,PB2,1818,A,0.002544529261999995,0.0,0.997455470738,0.0,mccrone,1818
50003,2014-12-31,True,True,PB2,1885,T,0.0,1.0,0.0,0.0,mccrone,1885
50003,2014-12-31,True,True,PB2,2145,T,1.0,0.0,0.0,0.0,mccrone,2150
50003,2014-12-31,True,True,PB2,2184,A,0.0,0.0,1.0,0.0,mccrone,2189
50006,2014-12-07,False,False,HA,149,G,0.0,0.0,0.0,1.0,mccrone,199
50006,2014-12-07,False,False,HA,167,G,1.0,0.0,0.0,0.0,mccrone,221
50006,2014-12-07,False,False,HA,364,G,0.999022813545,0.0,0.000977186455000001,0.0,mccrone,425
50006,2014-12-07,False,False,HA,556,A,0.0,1.0,0.0,0.0,mccrone,647
50006,2014-12-07,False,False,HA,658,C,0.0,0.0011175681720000386,0.0,0.998882431828,mccrone,749
50006,2014-12-07,False,False,HA,685,T,0.0,1.0,0.0,0.0,mccrone,776
50006,2014-12-07,False,False,HA,935,A,0.0021841810689999797,0.0,0.997815818931,0.0,mccrone,1061
50006,2014-12-07,False,False,HA,974,G,0.998452397402,0.0,0.0015476025980000196,0.0,mccrone,1100
50006,2014-12-07,False,False,HA,1316,T,0.0,0.0,0.997617005052,0.0023829949479999835,mccrone,1442
50006,2014-12-07,False,False,HA,1466,C,1.0,0.0,0.0,0.0,mccrone,1592
50006,2014-12-07,False,False,MP,349,A,0.0015119109079999582,0.0,0.998488089092,0.0,mccrone,349
50006,2014-12-07,False,False,MP,427,A,0.0,0.0,1.0,0.0,mccrone,427
50006,2014-12-07,False,False,MP,466,G,0.998612200567,0.0,0.0013877994330000476,0.0,mccrone,466
50006,2014-12-07,False,False,MP,549,G,1.0,0.0,0.0,0.0,mccrone,549
50006,2014-12-07,False,False,MP,694,C,0.0,0.0015261932919999888,0.0,0.998473806708,mccrone,694
50006,2014-12-07,False,False,NA,103,T,0.0,0.998929049531,0.0,0.001070950468999965,mccrone,105
50006,2014-12-07,False,False,NA,127,T,0.0,0.998977156495,0.0,0.0010228435050000373,mccrone,129
50006,2014-12-07,False,False,NA,175,G,0.998791227767,0.0,0.0012087722329999773,0.0,mccrone,185
50006,2014-12-07,False,False,NA,211,A,0.0,0.0,1.0,0.0,mccrone,226
50006,2014-12-07,False,False,NA,223,A,0.0,0.0,1.0,0.0,mccrone,238
50006,2014-12-07,False,False,NA,226,T,0.0,1.0,0.0,0.0,mccrone,241
50006,2014-12-07,False,False,NA,709,C,0.0,0.0015506760950000364,0.0,0.998449323905,mccrone,736
50006,2014-12-07,False,False,NA,710,A,0.0011690509149999695,0.0,0.998830949085,0.0,mccrone,737
50006,2014-12-07,False,False,NA,819,C,1.0,0.0,0.0,0.0,mccrone,846
50006,2014-12-07,False,False,NA,907,G,0.997920997921,0.0,0.002079002079000025,0.0,mccrone,934
50006,2014-12-07,False,False,NA,925,C,0.99870528109,0.0012947189099999923,0.0,0.0,mccrone,952
50006,2014-12-07,False,False,NA,1066,G,0.997669181843,0.0,0.002330818156999981,0.0,mccrone,1093
50006,2014-12-07,False,False,NA,1108,A,0.0,0.0,1.0,0.0,mccrone,1135
50006,2014-12-07,False,False,NA,1157,A,0.0,0.0,1.0,0.0,mccrone,1184
50006,2014-12-07,False,False,NA,1194,C,0.0,0.0,0.0,1.0,mccrone,1221
50006,2014-12-07,False,False,NP,207,G,0.997367818723,0.0,0.0026321812770000452,0.0,mccrone,207
50006,2014-12-07,False,False,NP,347,G,0.998833989214,0.0,0.0011660107859999824,0.0,mccrone,347
50006,2014-12-07,False,False,NP,606,G,0.998591901871,0.0,0.0014080981290000016,0.0,mccrone,606
50006,2014-12-07,False,False,NP,735,T,0.0,0.99816492383,0.0,0.0018350761700000051,mccrone,735
50006,2014-12-07,False,False,NP,885,G,0.998936598264,0.0,0.001063401735999947,0.0,mccrone,885
50006,2014-12-07,False,False,NP,909,G,0.0,0.0,0.0,1.0,mccrone,909
50006,2014-12-07,False,False,NP,918,C,0.0,0.0,0.0,1.0,mccrone,918
50006,2014-12-07,False,False,NP,1002,C,0.0,0.0005263483809999636,0.0,0.999473651619,mccrone,1002
50006,2014-12-07,False,False,NP,1092,A,0.0,0.0,1.0,0.0,mccrone,1092
50006,2014-12-07,False,False,NP,1186,T,0.0,1.0,0.0,0.0,mccrone,1186
50006,2014-12-07,False,False,NP,1188,A,0.0,0.0,1.0,0.0,mccrone,1188
50006,2014-12-07,False,False,NP,1224,G,0.998175931415,0.0,0.0018240685849999494,0.0,mccrone,1224
50006,2014-12-07,False,False,NP,1407,C,0.0,0.0,1.0,0.0,mccrone,1407
50006,2014-12-07,False,False,NS,125,T,0.0,1.0,0.0,0.0,mccrone,125
50006,2014-12-07,False,False,NS,180,T,0.0,1.0,0.0,0.0,mccrone,180
50006,2014-12-07,False,False,NS,233,G,0.997831526272,0.0,0.0021684737279999977,0.0,mccrone,233
50006,2014-12-07,False,False,NS,246,A,0.0,0.0,1.0,0.0,mccrone,246
50006,2014-12-07,False,False,NS,299,C,0.0,0.0016110471810000249,0.0,0.998388952819,mccrone,299
50006,2014-12-07,False,False,NS,570,G,1.0,0.0,0.0,0.0,mccrone,570
50006,2014-12-07,False,False,NS,744,A,0.0,0.0,1.0,0.0,mccrone,744
50006,2014-12-07,False,False,NS,813,G,1.0,0.0,0.0,0.0,mccrone,813
50006,2014-12-07,False,False,NS,843,C,0.0,0.0,0.0,1.0,mccrone,843
50006,2014-12-07,False,False,PA,153,C,0.0,0.0,1.0,0.0,mccrone,177
50006,2014-12-07,False,False,PA,282,A,0.0,1.0,0.0,0.0,mccrone,306
50006,2014-12-07,False,False,PA,501,T,0.0,1.0,0.0,0.0,mccrone,525
50006,2014-12-07,False,False,PA,836,A,0.0,0.0,1.0,0.0,mccrone,860
50006,2014-12-07,False,False,PA,858,G,0.999192828922,0.0,0.0008071710779999908,0.0,mccrone,882
50006,2014-12-07,False,False,PA,1001,G,0.998581560284,0.0,0.001418439715999975,0.0,mccrone,1025
50006,2014-12-07,False,False,PA,1137,G,0.99921402185,0.0,0.0007859781500000329,0.0,mccrone,1161
50006,2014-12-07,False,False,PA,1352,A,0.001149330925000025,0.0,0.998850669075,0.0,mccrone,1376
50006,2014-12-07,False,False,PA,1425,C,0.998378292857,0.0016217071430000285,0.0,0.0,mccrone,1449
50006,2014-12-07,False,False,PA,1552,T,0.0,1.0,0.0,0.0,mccrone,1576
50006,2014-12-07,False,False,PA,1578,T,0.0,0.999267250153,0.0,0.0007327498470000027,mccrone,1602
50006,2014-12-07,False,False,PA,1608,C,0.0,0.0013944643990000394,0.0,0.998605535601,mccrone,1632
50006,2014-12-07,False,False,PA,1809,T,0.0,0.997399219766,0.0,0.002600780234000011,mccrone,1833
50006,2014-12-07,False,False,PA,2001,G,1.0,0.0,0.0,0.0,mccrone,2025
50006,2014-12-07,False,False,PA,2049,T,0.0,1.0,0.0,0.0,mccrone,2073
50006,2014-12-07,False,False,PB1,85,T,0.0,1.0,0.0,0.0,mccrone,93
50006,2014-12-07,False,False,PB1,364,A,0.0011746740279999779,0.0,0.998825325972,0.0,mccrone,372
50006,2014-12-07,False,False,PB1,424,T,0.0,1.0,0.0,0.0,mccrone,432
50006,2014-12-07,False,False,PB1,470,A,0.0,0.0,0.0,1.0,mccrone,478
50006,2014-12-07,False,False,PB1,502,A,0.0,0.0,1.0,0.0,mccrone,510
50006,2014-12-07,False,False,PB1,513,A,0.0008596118170000056,0.0,0.0,0.999140388183,mccrone,521
50006,2014-12-07,False,False,PB1,589,G,0.999249029997,0.0,0.0007509700029999511,0.0,mccrone,597
50006,2014-12-07,False,False,PB1,643,G,0.997874340841,0.0,0.002125659158999982,0.0,mccrone,651
50006,2014-12-07,False,False,PB1,655,C,0.0,0.0007501250210000254,0.0,0.999249874979,mccrone,663
50006,2014-12-07,False,False,PB1,892,C,0.0,0.0,0.0,1.0,mccrone,900
50006,2014-12-07,False,False,PB1,913,C,0.0,0.0007680181089999571,0.0,0.999231981891,mccrone,921
50006,2014-12-07,False,False,PB1,1003,G,0.9988714683,0.0,0.001128531700000046,0.0,mccrone,1011
50006,2014-12-07,False,False,PB1,1109,C,0.997712468983,0.0022875310169999663,0.0,0.0,mccrone,1117
50006,2014-12-07,False,False,PB1,1159,T,0.0,1.0,0.0,0.0,mccrone,1167
50006,2014-12-07,False,False,PB1,1570,T,0.0,0.998663213301,0.0,0.0013367866989999477,mccrone,1578
50006,2014-12-07,False,False,PB1,1624,C,0.0,0.0,0.0,1.0,mccrone,1632
50006,2014-12-07,False,False,PB1,1690,A,0.0,0.0,1.0,0.0,mccrone,1698
50006,2014-12-07,False,False,PB1,2074,G,1.0,0.0,0.0,0.0,mccrone,2082
50006,2014-12-07,False,False,PB2,57,G,1.0,0.0,0.0,0.0,mccrone,57
50006,2014-12-07,False,False,PB2,150,G,0.974780391046,0.0,0.025219608953999995,0.0,mccrone,150
50006,2014-12-07,False,False,PB2,214,G,0.997542997543,0.0,0.0024570024569999793,0.0,mccrone,214
50006,2014-12-07,False,False,PB2,264,C,0.0,0.0,0.0,1.0,mccrone,264
50006,2014-12-07,False,False,PB2,336,A,0.0016600015090000309,0.0,0.998339998491,0.0,mccrone,336
50006,2014-12-07,False,False,PB2,573,A,0.0,0.0,1.0,0.0,mccrone,573
50006,2014-12-07,False,False,PB2,843,A,0.0,0.0,1.0,0.0,mccrone,843
50006,2014-12-07,False,False,PB2,856,T,0.0,1.0,0.0,0.0,mccrone,856
50006,2014-12-07,False,False,PB2,1023,A,0.0018856340989999998,0.0,0.998114365901,0.0,mccrone,1023
50006,2014-12-07,False,False,PB2,1059,G,0.0,0.0,0.0013377329879999955,0.998662267012,mccrone,1059
50006,2014-12-07,False,False,PB2,1376,G,0.998550964644,0.0,0.0014490353560000502,0.0,mccrone,1376
50006,2014-12-07,False,False,PB2,1408,G,0.0156728583398,0.0,0.9843271416602,0.0,mccrone,1408
50006,2014-12-07,False,False,PB2,1581,T,0.0,0.998513791144,0.0,0.0014862088560000375,mccrone,1581
50006,2014-12-07,False,False,PB2,1602,G,0.998964669341,0.0,0.0010353306589999667,0.0,mccrone,1602
50006,2014-12-07,False,False,PB2,1659,A,0.0,0.0,1.0,0.0,mccrone,1659
50006,2014-12-07,False,False,PB2,1662,C,0.0,0.0,0.0,1.0,mccrone,1662
50006,2014-12-07,False,False,PB2,1707,T,0.0,1.0,0.0,0.0,mccrone,1707
50006,2014-12-07,False,False,PB2,1790,T,0.0,1.0,0.0,0.0,mccrone,1790
50006,2014-12-07,False,False,PB2,1885,T,0.0,0.998395751507,0.0,0.0016042484930000045,mccrone,1885
50006,2014-12-07,False,False,PB2,2145,T,1.0,0.0,0.0,0.0,mccrone,2150
50006,2014-12-07,False,False,PB2,2178,A,0.0,0.0,0.0,1.0,mccrone,2183
50006,2014-12-07,False,False,PB2,2184,A,0.002733900364999986,0.0,0.997266099635,0.0,mccrone,2189
50006,2014-12-08,True,False,HA,149,G,0.0,0.0,0.0,1.0,mccrone,199
50006,2014-12-08,True,False,HA,167,G,1.0,0.0,0.0,0.0,mccrone,221
50006,2014-12-08,True,False,HA,364,G,1.0,0.0,0.0,0.0,mccrone,425
50006,2014-12-08,True,False,HA,556,A,0.0,1.0,0.0,0.0,mccrone,647
50006,2014-12-08,True,False,HA,658,C,0.0,0.0010297367889999798,0.0,0.998970263211,mccrone,749
50006,2014-12-08,True,False,HA,685,T,0.0,1.0,0.0,0.0,mccrone,776
50006,2014-12-08,True,False,HA,935,A,0.0021869217269999686,0.0,0.997813078273,0.0,mccrone,1061
50006,2014-12-08,True,False,HA,974,G,0.998145293381,0.0,0.0018547066190000017,0.0,mccrone,1100
50006,2014-12-08,True,False,HA,1121,T,0.0,0.00642138152665,0.0,0.99357861847335,mccrone,1247
50006,2014-12-08,True,False,HA,1316,T,0.0,0.0,0.997895222443,0.002104777557000004,mccrone,1442
50006,2014-12-08,True,False,HA,1466,C,1.0,0.0,0.0,0.0,mccrone,1592
50006,2014-12-08,True,False,MP,349,A,0.0,0.0,1.0,0.0,mccrone,349
50006,2014-12-08,True,False,MP,427,A,0.0,0.0,1.0,0.0,mccrone,427
50006,2014-12-08,True,False,MP,434,G,0.0068625611295,0.0,0.9931374388705,0.0,mccrone,434
50006,2014-12-08,True,False,MP,466,G,0.998289454113,0.0,0.0017105458870000367,0.0,mccrone,466
50006,2014-12-08,True,False,MP,549,G,0.998341750207,0.0,0.0016582497929999995,0.0,mccrone,549
50006,2014-12-08,True,False,MP,694,C,0.0,0.0,0.0,1.0,mccrone,694
50006,2014-12-08,True,False,NA,103,T,0.0,1.0,0.0,0.0,mccrone,105
50006,2014-12-08,True,False,NA,127,T,0.0,1.0,0.0,0.0,mccrone,129
50006,2014-12-08,True,False,NA,175,G,1.0,0.0,0.0,0.0,mccrone,185
50006,2014-12-08,True,False,NA,211,A,0.0,0.0,1.0,0.0,mccrone,226
50006,2014-12-08,True,False,NA,223,A,0.0,0.0,1.0,0.0,mccrone,238
50006,2014-12-08,True,False,NA,226,T,0.0,1.0,0.0,0.0,mccrone,241
50006,2014-12-08,True,False,NA,709,C,0.0,0.0014873852890000538,0.0,0.998512614711,mccrone,736
50006,2014-12-08,True,False,NA,710,A,0.0,0.0,1.0,0.0,mccrone,737
50006,2014-12-08,True,False,NA,819,C,1.0,0.0,0.0,0.0,mccrone,846
50006,2014-12-08,True,False,NA,907,G,0.997567631704,0.0,0.0024323682960000204,0.0,mccrone,934
50006,2014-12-08,True,False,NA,925,C,1.0,0.0,0.0,0.0,mccrone,952
50006,2014-12-08,True,False,NA,1066,G,1.0,0.0,0.0,0.0,mccrone,1093
50006,2014-12-08,True,False,NA,1108,A,0.0,0.0,1.0,0.0,mccrone,1135
50006,2014-12-08,True,False,NA,1157,A,0.0,0.0,1.0,0.0,mccrone,1184
50006,2014-12-08,True,False,NA,1194,C,0.0,0.0,0.0,1.0,mccrone,1221
50006,2014-12-08,True,False,NP,207,G,0.996457698328,0.0,0.003542301671999981,0.0,mccrone,207
50006,2014-12-08,True,False,NP,347,G,0.998384313149,0.0,0.0016156868509999978,0.0,mccrone,347
50006,2014-12-08,True,False,NP,606,G,0.998415056959,0.0,0.0015849430409999865,0.0,mccrone,606
50006,2014-12-08,True,False,NP,735,T,0.0,0.998069593625,0.0,0.0019304063749999711,mccrone,735
50006,2014-12-08,True,False,NP,885,G,0.999384812245,0.0,0.000615187755000024,0.0,mccrone,885
50006,2014-12-08,True,False,NP,909,G,0.0,0.0,0.0,1.0,mccrone,909
50006,2014-12-08,True,False,NP,918,C,0.0,0.0,0.0,1.0,mccrone,918
50006,2014-12-08,True,False,NP,1002,C,0.0,0.0,0.0,1.0,mccrone,1002
50006,2014-12-08,True,False,NP,1092,A,0.0,0.0,1.0,0.0,mccrone,1092
50006,2014-12-08,True,False,NP,1186,T,0.0,1.0,0.0,0.0,mccrone,1186
50006,2014-12-08,True,False,NP,1188,A,0.0,0.0,1.0,0.0,mccrone,1188
50006,2014-12-08,True,False,NP,1224,G,0.997348965723,0.0,0.002651034276999975,0.0,mccrone,1224
50006,2014-12-08,True,False,NP,1407,C,0.0,0.0,1.0,0.0,mccrone,1407
50006,2014-12-08,True,False,NS,125,T,0.0,1.0,0.0,0.0,mccrone,125
50006,2014-12-08,True,False,NS,180,T,0.0,1.0,0.0,0.0,mccrone,180
50006,2014-12-08,True,False,NS,233,G,0.997366688611,0.0,0.002633311389000026,0.0,mccrone,233
50006,2014-12-08,True,False,NS,246,A,0.0,0.0,1.0,0.0,mccrone,246
50006,2014-12-08,True,False,NS,299,C,0.0,0.0,0.0,1.0,mccrone,299
50006,2014-12-08,True,False,NS,455,C,0.00612680817116,0.99387319182884,0.0,0.0,mccrone,455
50006,2014-12-08,True,False,NS,570,G,1.0,0.0,0.0,0.0,mccrone,570
50006,2014-12-08,True,False,NS,744,A,0.0,0.0,1.0,0.0,mccrone,744
50006,2014-12-08,True,False,NS,813,G,1.0,0.0,0.0,0.0,mccrone,813
50006,2014-12-08,True,False,NS,843,C,0.0,0.0,0.0,1.0,mccrone,843
50006,2014-12-08,True,False,PA,153,C,0.0,0.0,1.0,0.0,mccrone,177
50006,2014-12-08,True,False,PA,282,A,0.0,1.0,0.0,0.0,mccrone,306
50006,2014-12-08,True,False,PA,501,T,0.0,1.0,0.0,0.0,mccrone,525
50006,2014-12-08,True,False,PA,836,A,0.0,0.0,1.0,0.0,mccrone,860
50006,2014-12-08,True,False,PA,858,G,0.999141065651,0.0,0.0008589343489999735,0.0,mccrone,882
50006,2014-12-08,True,False,PA,1001,G,0.998722118959,0.0,0.0012778810410000174,0.0,mccrone,1025
50006,2014-12-08,True,False,PA,1062,C,0.0,0.99594839512023,0.0,0.00405160487977,mccrone,1086
50006,2014-12-08,True,False,PA,1137,G,1.0,0.0,0.0,0.0,mccrone,1161
50006,2014-12-08,True,False,PA,1352,A,0.0013503458539999569,0.0,0.998649654146,0.0,mccrone,1376
50006,2014-12-08,True,False,PA,1425,C,1.0,0.0,0.0,0.0,mccrone,1449
50006,2014-12-08,True,False,PA,1552,T,0.0,1.0,0.0,0.0,mccrone,1576
50006,2014-12-08,True,False,PA,1578,T,0.0,0.999350722674,0.0,0.0006492773259999529,mccrone,1602
50006,2014-12-08,True,False,PA,1608,C,0.0,0.0012033341160000433,0.0,0.998796665884,mccrone,1632
50006,2014-12-08,True,False,PA,1809,T,0.0,0.997771252697,0.0,0.002228747303000045,mccrone,1833
50006,2014-12-08,True,False,PA,2001,G,0.99846377749,0.0,0.0015362225099999627,0.0,mccrone,2025
50006,2014-12-08,True,False,PA,2049,T,0.0,1.0,0.0,0.0,mccrone,2073
50006,2014-12-08,True,False,PB1,85,T,0.0,1.0,0.0,0.0,mccrone,93
50006,2014-12-08,True,False,PB1,364,A,0.0009975062339999674,0.0,0.999002493766,0.0,mccrone,372
50006,2014-12-08,True,False,PB1,424,T,0.0,1.0,0.0,0.0,mccrone,432
50006,2014-12-08,True,False,PB1,470,A,0.0,0.0,0.0,1.0,mccrone,478
50006,2014-12-08,True,False,PB1,502,A,0.001125383211999953,0.0,0.998874616788,0.0,mccrone,510
50006,2014-12-08,True,False,PB1,513,A,0.0009990393850000112,0.0,0.0,0.999000960615,mccrone,521
50006,2014-12-08,True,False,PB1,589,G,1.0,0.0,0.0,0.0,mccrone,597
50006,2014-12-08,True,False,PB1,643,G,0.997436452917,0.0,0.002563547082999995,0.0,mccrone,651
50006,2014-12-08,True,False,PB1,655,C,0.0,0.0,0.0,1.0,mccrone,663
50006,2014-12-08,True,False,PB1,892,C,0.0,0.0,0.0,1.0,mccrone,900
50006,2014-12-08,True,False,PB1,913,C,0.0,0.0007883178800000001,0.0,0.99921168212,mccrone,921
50006,2014-12-08,True,False,PB1,1003,G,0.998648750094,0.0,0.001351249905999996,0.0,mccrone,1011
50006,2014-12-08,True,False,PB1,1109,C,1.0,0.0,0.0,0.0,mccrone,1117
50006,2014-12-08,True,False,PB1,1159,T,0.0,1.0,0.0,0.0,mccrone,1167
50006,2014-12-08,True,False,PB1,1570,T,0.0,1.0,0.0,0.0,mccrone,1578
50006,2014-12-08,True,False,PB1,1624,C,0.0,0.0,0.0,1.0,mccrone,1632
50006,2014-12-08,True,False,PB1,1690,A,0.0016992353439999608,0.0,0.998300764656,0.0,mccrone,1698
50006,2014-12-08,True,False,PB1,2074,G,0.997165249291,0.0,0.002834750708999967,0.0,mccrone,2082
50006,2014-12-08,True,False,PB2,57,G,1.0,0.0,0.0,0.0,mccrone,57
50006,2014-12-08,True,False,PB2,150,G,1.0,0.0,0.0,0.0,mccrone,150
50006,2014-12-08,True,False,PB2,214,G,0.997799489482,0.0,0.002200510517999965,0.0,mccrone,214
50006,2014-12-08,True,False,PB2,264,C,0.0,0.0,0.0,1.0,mccrone,264
50006,2014-12-08,True,False,PB2,336,A,0.0029338418659999865,0.0,0.997066158134,0.0,mccrone,336
50006,2014-12-08,True,False,PB2,573,A,0.0,0.0,1.0,0.0,mccrone,573
50006,2014-12-08,True,False,PB2,843,A,0.0,0.0,1.0,0.0,mccrone,843
50006,2014-12-08,True,False,PB2,856,T,0.0,0.999036405794,0.0,0.0009635942060000069,mccrone,856
50006,2014-12-08,True,False,PB2,1023,A,0.0014059228239999833,0.0,0.998594077176,0.0,mccrone,1023
50006,2014-12-08,True,False,PB2,1059,G,0.0,0.0,0.0,1.0,mccrone,1059
50006,2014-12-08,True,False,PB2,1376,G,0.998449701424,0.0,0.0015502985759999754,0.0,mccrone,1376
50006,2014-12-08,True,False,PB2,1408,G,0.0101323339254,0.0,0.9898676660746,0.0,mccrone,1408
50006,2014-12-08,True,False,PB2,1581,T,0.0,0.999122939664,0.0,0.0008770603359999907,mccrone,1581
50006,2014-12-08,True,False,PB2,1602,G,1.0,0.0,0.0,0.0,mccrone,1602
50006,2014-12-08,True,False,PB2,1659,A,0.0,0.0,1.0,0.0,mccrone,1659
50006,2014-12-08,True,False,PB2,1662,C,0.0,0.0012734990899999632,0.0,0.99872650091,mccrone,1662
50006,2014-12-08,True,False,PB2,1707,T,0.0,1.0,0.0,0.0,mccrone,1707
50006,2014-12-08,True,False,PB2,1790,T,0.0,0.998968832119,0.0,0.0010311678809999947,mccrone,1790
50006,2014-12-08,True,False,PB2,1885,T,0.0,1.0,0.0,0.0,mccrone,1885
50006,2014-12-08,True,False,PB2,2145,T,1.0,0.0,0.0,0.0,mccrone,2150
50006,2014-12-08,True,False,PB2,2178,A,0.0020308004739999497,0.0,0.0,0.997969199526,mccrone,2183
50006,2014-12-08,True,False,PB2,2184,A,0.0,0.0,1.0,0.0,mccrone,2189
50120,2014-12-16,False,True,HA,167,G,1.0,0.0,0.0,0.0,mccrone,221
50120,2014-12-16,False,True,HA,364,G,1.0,0.0,0.0,0.0,mccrone,425
50120,2014-12-16,False,True,HA,556,A,0.0,1.0,0.0,0.0,mccrone,647
50120,2014-12-16,False,True,HA,658,C,0.0,0.001450689076999967,0.0,0.998549310923,mccrone,749
50120,2014-12-16,False,True,HA,685,T,0.0,0.998610387355,0.0,0.001389612645000038,mccrone,776
50120,2014-12-16,False,True,HA,1466,C,1.0,0.0,0.0,0.0,mccrone,1592
50120,2014-12-16,False,True,MP,349,A,0.0,0.0,1.0,0.0,mccrone,349
50120,2014-12-16,False,True,MP,427,A,0.0,0.0,1.0,0.0,mccrone,427
50120,2014-12-16,False,True,MP,549,G,0.99842519685,0.0,0.001574803150000026,0.0,mccrone,549
50120,2014-12-16,False,True,MP,694,C,0.0,0.0,0.0,1.0,mccrone,694
50120,2014-12-16,False,True,NA,103,T,0.0,1.0,0.0,0.0,mccrone,105
50120,2014-12-16,False,True,NA,211,A,0.0,0.0,1.0,0.0,mccrone,226
50120,2014-12-16,False,True,NA,223,A,0.0,0.0,1.0,0.0,mccrone,238
50120,2014-12-16,False,True,NA,226,T,0.0,1.0,0.0,0.0,mccrone,241
50120,2014-12-16,False,True,NA,475,G,0.997880947794,0.0,0.0021190522059999495,0.0,mccrone,492
50120,2014-12-16,False,True,NA,491,C,0.0,0.001392316942000038,0.0,0.998607683058,mccrone,508
50120,2014-12-16,False,True,NA,710,A,0.0011953409499999568,0.0,0.99880465905,0.0,mccrone,737
50120,2014-12-16,False,True,NA,753,G,0.998873626374,0.0,0.001126373625999988,0.0,mccrone,780
50120,2014-12-16,False,True,NA,819,C,1.0,0.0,0.0,0.0,mccrone,846
50120,2014-12-16,False,True,NA,862,T,0.0,0.998439415896,0.0,0.0015605841039999513,mccrone,889
50120,2014-12-16,False,True,NA,907,G,0.9976362064,0.0,0.0023637936000000526,0.0,mccrone,934
50120,2014-12-16,False,True,NA,1099,G,0.998892453407,0.0,0.0011075465930000528,0.0,mccrone,1126
50120,2014-12-16,False,True,NA,1108,A,0.0,0.0,1.0,0.0,mccrone,1135
50120,2014-12-16,False,True,NA,1126,G,0.998620521767,0.0,0.0013794782329999977,0.0,mccrone,1153
50120,2014-12-16,False,True,NA,1157,A,0.0,0.0,1.0,0.0,mccrone,1184
50120,2014-12-16,False,True,NA,1194,C,0.0,0.0,0.0,1.0,mccrone,1221
50120,2014-12-16,False,True,NP,207,G,0.997040669654,0.0,0.002959330346000044,0.0,mccrone,207
50120,2014-12-16,False,True,NP,297,C,0.0,0.00106314135200003,0.0,0.998936858648,mccrone,297
50120,2014-12-16,False,True,NP,298,G,0.998702170508,0.0,0.0012978294919999689,0.0,mccrone,298
50120,2014-12-16,False,True,NP,347,G,0.998676097893,0.0,0.0013239021069999524,0.0,mccrone,347
50120,2014-12-16,False,True,NP,606,G,0.998076273169,0.0,0.00192372683099995,0.0,mccrone,606
50120,2014-12-16,False,True,NP,885,G,0.998987054057,0.0,0.0010129459430000542,0.0,mccrone,885
50120,2014-12-16,False,True,NP,909,G,0.0,0.0,0.0,1.0,mccrone,909
50120,2014-12-16,False,True,NP,918,C,0.0,0.0,0.0,1.0,mccrone,918
50120,2014-12-16,False,True,NP,1002,C,0.0,0.0,0.0,1.0,mccrone,1002
50120,2014-12-16,False,True,NP,1092,A,0.0,0.0,1.0,0.0,mccrone,1092
50120,2014-12-16,False,True,NP,1132,G,0.691004763832,0.0,0.30899523616799995,0.0,mccrone,1132
50120,2014-12-16,False,True,NP,1186,T,0.0,1.0,0.0,0.0,mccrone,1186
50120,2014-12-16,False,True,NP,1188,A,0.0,0.0,1.0,0.0,mccrone,1188
50120,2014-12-16,False,True,NP,1224,G,0.997967167843,0.0,0.0020328321570000085,0.0,mccrone,1224
50120,2014-12-16,False,True,NP,1407,C,1.0,0.0,0.0,0.0,mccrone,1407
50120,2014-12-16,False,True,NS,125,T,0.0,1.0,0.0,0.0,mccrone,125
50120,2014-12-16,False,True,NS,140,A,0.0,0.0,1.0,0.0,mccrone,140
50120,2014-12-16,False,True,NS,169,A,0.0,0.0,1.0,0.0,mccrone,169
50120,2014-12-16,False,True,NS,173,T,1.0,0.0,0.0,0.0,mccrone,173
50120,2014-12-16,False,True,NS,180,T,0.0,1.0,0.0,0.0,mccrone,180
50120,2014-12-16,False,True,NS,246,A,0.0013917884480000309,0.0,0.998608211552,0.0,mccrone,246
50120,2014-12-16,False,True,NS,299,C,0.0,0.0013028869229999573,0.0,0.998697113077,mccrone,299
50120,2014-12-16,False,True,NS,570,G,1.0,0.0,0.0,0.0,mccrone,570
50120,2014-12-16,False,True,NS,744,A,0.0,0.0,1.0,0.0,mccrone,744
50120,2014-12-16,False,True,NS,813,G,1.0,0.0,0.0,0.0,mccrone,813
50120,2014-12-16,False,True,NS,843,C,0.0,0.0,0.0,1.0,mccrone,843
50120,2014-12-16,False,True,PA,153,C,0.0,0.0,1.0,0.0,mccrone,177
50120,2014-12-16,False,True,PA,282,A,0.0,1.0,0.0,0.0,mccrone,306
50120,2014-12-16,False,True,PA,501,T,0.0,1.0,0.0,0.0,mccrone,525
50120,2014-12-16,False,True,PA,836,A,0.0,0.0,1.0,0.0,mccrone,860
50120,2014-12-16,False,True,PA,858,G,1.0,0.0,0.0,0.0,mccrone,882
50120,2014-12-16,False,True,PA,1001,G,0.998547750592,0.0,0.0014522494080000392,0.0,mccrone,1025
50120,2014-12-16,False,True,PA,1074,G,0.998111770976,0.0,0.0018882290239999877,0.0,mccrone,1098
50120,2014-12-16,False,True,PA,1137,G,1.0,0.0,0.0,0.0,mccrone,1161
50120,2014-12-16,False,True,PA,1330,C,0.0,0.0,0.0,1.0,mccrone,1354
50120,2014-12-16,False,True,PA,1552,T,0.0,1.0,0.0,0.0,mccrone,1576
50120,2014-12-16,False,True,PA,1578,T,0.0,1.0,0.0,0.0,mccrone,1602
50120,2014-12-16,False,True,PA,1605,A,0.001397862823000029,0.0,0.998602137177,0.0,mccrone,1629
50120,2014-12-16,False,True,PA,1608,C,0.0,0.0,0.0,1.0,mccrone,1632
50120,2014-12-16,False,True,PA,2001,G,1.0,0.0,0.0,0.0,mccrone,2025
50120,2014-12-16,False,True,PA,2049,T,0.0,1.0,0.0,0.0,mccrone,2073
50120,2014-12-16,False,True,PB1,364,A,0.0,0.0,1.0,0.0,mccrone,372
50120,2014-12-16,False,True,PB1,424,T,0.0,1.0,0.0,0.0,mccrone,432
50120,2014-12-16,False,True,PB1,470,A,0.0,0.0,0.0,1.0,mccrone,478
50120,2014-12-16,False,True,PB1,502,A,0.0008647900720000212,0.0,0.999135209928,0.0,mccrone,510
50120,2014-12-16,False,True,PB1,513,A,0.0,0.0,0.0,1.0,mccrone,521
50120,2014-12-16,False,True,PB1,589,G,0.999325396825,0.0,0.0006746031750000103,0.0,mccrone,597
50120,2014-12-16,False,True,PB1,643,G,0.997823721436,0.0,0.002176278564000045,0.0,mccrone,651
50120,2014-12-16,False,True,PB1,650,G,0.999080354064,0.0,0.0009196459360000242,0.0,mccrone,658
50120,2014-12-16,False,True,PB1,655,C,0.0,0.0,0.0,1.0,mccrone,663
50120,2014-12-16,False,True,PB1,892,C,0.0,0.0,0.0,1.0,mccrone,900
50120,2014-12-16,False,True,PB1,913,C,0.0,0.000830499089999992,0.0,0.99916950091,mccrone,921
50120,2014-12-16,False,True,PB1,1003,G,0.998906079075,0.0,0.001093920925000047,0.0,mccrone,1011
50120,2014-12-16,False,True,PB1,1159,T,0.0,1.0,0.0,0.0,mccrone,1167
50120,2014-12-16,False,True,PB1,1570,T,0.0,1.0,0.0,0.0,mccrone,1578
50120,2014-12-16,False,True,PB1,1624,C,0.0,0.0,0.0,1.0,mccrone,1632
50120,2014-12-16,False,True,PB1,1690,A,0.0,0.0,1.0,0.0,mccrone,1698
50120,2014-12-16,False,True,PB1,1898,C,0.0,0.0017912699159999823,0.0,0.998208730084,mccrone,1906
50120,2014-12-16,False,True,PB1,2074,G,0.997711469061,0.0,0.0022885309390000552,0.0,mccrone,2082
50120,2014-12-16,False,True,PB2,57,G,1.0,0.0,0.0,0.0,mccrone,57
50120,2014-12-16,False,True,PB2,214,G,1.0,0.0,0.0,0.0,mccrone,214
50120,2014-12-16,False,True,PB2,264,C,0.0,0.0,0.0,1.0,mccrone,264
50120,2014-12-16,False,True,PB2,352,G,0.998142127264,0.0,0.0018578727360000213,0.0,mccrone,352
50120,2014-12-16,False,True,PB2,501,G,0.997987304536,0.0,0.0020126954639999584,0.0,mccrone,501
50120,2014-12-16,False,True,PB2,573,A,0.001591994541999986,0.0,0.998408005458,0.0,mccrone,573
50120,2014-12-16,False,True,PB2,843,A,0.0,0.0,1.0,0.0,mccrone,843
50120,2014-12-16,False,True,PB2,856,T,0.0,1.0,0.0,0.0,mccrone,856
50120,2014-12-16,False,True,PB2,1059,G,0.0,0.0,0.0,1.0,mccrone,1059
50120,2014-12-16,False,True,PB2,1413,A,0.001689408706999962,0.0,0.998310591293,0.0,mccrone,1413
50120,2014-12-16,False,True,PB2,1581,T,0.0,0.998910962973,0.0,0.0010890370270000282,mccrone,1581
50120,2014-12-16,False,True,PB2,1602,G,1.0,0.0,0.0,0.0,mccrone,1602
50120,2014-12-16,False,True,PB2,1659,A,0.0015015015020000133,0.0,0.998498498498,0.0,mccrone,1659
50120,2014-12-16,False,True,PB2,1662,C,0.0,0.0,0.0,1.0,mccrone,1662
50120,2014-12-16,False,True,PB2,1707,T,0.0,1.0,0.0,0.0,mccrone,1707
50120,2014-12-16,False,True,PB2,1790,T,0.0,1.0,0.0,0.0,mccrone,1790
50120,2014-12-16,False,True,PB2,1869,G,1.0,0.0,0.0,0.0,mccrone,1869
50120,2014-12-16,False,True,PB2,1885,T,0.0,0.997669746886,0.0,0.002330253114000036,mccrone,1885
50120,2014-12-16,False,True,PB2,2113,A,0.67049721095,0.0,0.32950278905,0.0,mccrone,2113
50120,2014-12-16,False,True,PB2,2145,T,1.0,0.0,0.0,0.0,mccrone,2150
50120,2014-12-16,False,True,PB2,2184,A,0.0,0.0,1.0,0.0,mccrone,2189
50120,2014-12-16,True,False,HA,167,G,1.0,0.0,0.0,0.0,mccrone,221
50120,2014-12-16,True,False,HA,364,G,0.998760885279,0.0,0.001239114721000023,0.0,mccrone,425
50120,2014-12-16,True,False,HA,556,A,0.0,1.0,0.0,0.0,mccrone,647
50120,2014-12-16,True,False,HA,658,C,0.0,0.001000543152000044,0.0,0.998999456848,mccrone,749
50120,2014-12-16,True,False,HA,685,T,0.0,0.999142759172,0.0,0.0008572408279999832,mccrone,776
50120,2014-12-16,True,False,HA,1466,C,1.0,0.0,0.0,0.0,mccrone,1592
50120,2014-12-16,True,False,MP,349,A,0.0,0.0,1.0,0.0,mccrone,349
50120,2014-12-16,True,False,MP,427,A,0.0,0.0,1.0,0.0,mccrone,427
50120,2014-12-16,True,False,MP,549,G,0.998277059171,0.0,0.0017229408290000414,0.0,mccrone,549
50120,2014-12-16,True,False,MP,694,C,0.0,0.0,0.0,1.0,mccrone,694
50120,2014-12-16,True,False,NA,103,T,0.0,1.0,0.0,0.0,mccrone,105
50120,2014-12-16,True,False,NA,211,A,0.0,0.0,1.0,0.0,mccrone,226
50120,2014-12-16,True,False,NA,223,A,0.0,0.0,1.0,0.0,mccrone,238
50120,2014-12-16,True,False,NA,226,T,0.0,1.0,0.0,0.0,mccrone,241
50120,2014-12-16,True,False,NA,475,G,0.997952358201,0.0,0.0020476417989999662,0.0,mccrone,492
50120,2014-12-16,True,False,NA,491,C,0.0,0.0011781338359999616,0.0,0.998821866164,mccrone,508
50120,2014-12-16,True,False,NA,710,A,0.0,0.0,1.0,0.0,mccrone,737
50120,2014-12-16,True,False,NA,753,G,0.998493095919,0.0,0.00150690408099996,0.0,mccrone,780
50120,2014-12-16,True,False,NA,819,C,1.0,0.0,0.0,0.0,mccrone,846
50120,2014-12-16,True,False,NA,862,T,0.0,0.998634045653,0.0,0.0013659543470000424,mccrone,889
50120,2014-12-16,True,False,NA,907,G,0.998065160404,0.0,0.0019348395960000486,0.0,mccrone,934
50120,2014-12-16,True,False,NA,1099,G,0.998318407571,0.0,0.0016815924290000117,0.0,mccrone,1126
50120,2014-12-16,True,False,NA,1108,A,0.001825324392000005,0.0,0.998174675608,0.0,mccrone,1135
50120,2014-12-16,True,False,NA,1126,G,0.998055440629,0.0,0.0019445593710000209,0.0,mccrone,1153
50120,2014-12-16,True,False,NA,1157,A,0.0015563835309999607,0.0,0.998443616469,0.0,mccrone,1184
50120,2014-12-16,True,False,NA,1194,C,0.0,0.0,0.0,1.0,mccrone,1221
50120,2014-12-16,True,False,NP,207,G,0.996226731511,0.0,0.003773268488999948,0.0,mccrone,207
50120,2014-12-16,True,False,NP,297,C,0.0,0.0026685964989999755,0.0,0.997331403501,mccrone,297
50120,2014-12-16,True,False,NP,298,G,0.9970476778,0.0,0.0029523221999999683,0.0,mccrone,298
50120,2014-12-16,True,False,NP,347,G,0.998519888992,0.0,0.0014801110080000512,0.0,mccrone,347
50120,2014-12-16,True,False,NP,606,G,0.998639776086,0.0,0.001360223914000036,0.0,mccrone,606
50120,2014-12-16,True,False,NP,885,G,0.999239244491,0.0,0.0007607555090000107,0.0,mccrone,885
50120,2014-12-16,True,False,NP,909,G,0.0,0.0,0.0,1.0,mccrone,909
50120,2014-12-16,True,False,NP,918,C,0.0,0.0,0.0,1.0,mccrone,918
50120,2014-12-16,True,False,NP,1002,C,0.0,0.0,0.0,1.0,mccrone,1002
50120,2014-12-16,True,False,NP,1092,A,0.0,0.0,1.0,0.0,mccrone,1092
50120,2014-12-16,True,False,NP,1132,G,0.668852354145,0.0,0.331147645855,0.0,mccrone,1132
50120,2014-12-16,True,False,NP,1186,T,0.0,1.0,0.0,0.0,mccrone,1186
50120,2014-12-16,True,False,NP,1188,A,0.0,0.0,1.0,0.0,mccrone,1188
50120,2014-12-16,True,False,NP,1224,G,0.998130413217,0.0,0.0018695867829999768,0.0,mccrone,1224
50120,2014-12-16,True,False,NP,1407,C,1.0,0.0,0.0,0.0,mccrone,1407
50120,2014-12-16,True,False,NS,125,T,0.0,0.997804610318,0.0,0.0021953896819999486,mccrone,125
50120,2014-12-16,True,False,NS,140,A,0.0037676609110000037,0.0,0.996232339089,0.0,mccrone,140
50120,2014-12-16,True,False,NS,169,A,0.004124926341000035,0.0,0.995875073659,0.0,mccrone,169
50120,2014-12-16,True,False,NS,173,T,0.9968336748,0.0,0.0,0.003166325200000042,mccrone,173
50120,2014-12-16,True,False,NS,180,T,0.0,0.998444521258,0.0,0.001555478742000016,mccrone,180
50120,2014-12-16,True,False,NS,246,A,0.0,0.0,1.0,0.0,mccrone,246
50120,2014-12-16,True,False,NS,299,C,0.0,0.0009571995079999951,0.0,0.999042800492,mccrone,299
50120,2014-12-16,True,False,NS,570,G,1.0,0.0,0.0,0.0,mccrone,570
50120,2014-12-16,True,False,NS,744,A,0.0,0.0,1.0,0.0,mccrone,744
50120,2014-12-16,True,False,NS,813,G,1.0,0.0,0.0,0.0,mccrone,813
50120,2014-12-16,True,False,NS,843,C,0.0,0.0,0.0,1.0,mccrone,843
50120,2014-12-16,True,False,PA,153,C,0.0,0.0,1.0,0.0,mccrone,177
50120,2014-12-16,True,False,PA,282,A,0.0,1.0,0.0,0.0,mccrone,306
50120,2014-12-16,True,False,PA,501,T,0.0,1.0,0.0,0.0,mccrone,525
50120,2014-12-16,True,False,PA,836,A,0.0,0.0,1.0,0.0,mccrone,860
50120,2014-12-16,True,False,PA,858,G,0.999005928924,0.0,0.0009940710760000249,0.0,mccrone,882
50120,2014-12-16,True,False,PA,1001,G,0.998828182218,0.0,0.0011718177820000397,0.0,mccrone,1025
50120,2014-12-16,True,False,PA,1074,G,0.99789125927,0.0,0.0021087407300000027,0.0,mccrone,1098
50120,2014-12-16,True,False,PA,1137,G,1.0,0.0,0.0,0.0,mccrone,1161
50120,2014-12-16,True,False,PA,1330,C,0.0,0.003309245626999968,0.0,0.996690754373,mccrone,1354
50120,2014-12-16,True,False,PA,1552,T,0.0,0.999047900456,0.0,0.0009520995439999957,mccrone,1576
50120,2014-12-16,True,False,PA,1578,T,0.0,0.999443298294,0.0,0.0005567017059999735,mccrone,1602
50120,2014-12-16,True,False,PA,1605,A,0.00178335534999996,0.0,0.99821664465,0.0,mccrone,1629
50120,2014-12-16,True,False,PA,1608,C,0.0,0.0008094981109999511,0.0,0.999190501889,mccrone,1632
50120,2014-12-16,True,False,PA,2001,G,1.0,0.0,0.0,0.0,mccrone,2025
50120,2014-12-16,True,False,PA,2049,T,0.0,1.0,0.0,0.0,mccrone,2073
50120,2014-12-16,True,False,PB1,364,A,0.0,0.0,1.0,0.0,mccrone,372
50120,2014-12-16,True,False,PB1,424,T,0.0,1.0,0.0,0.0,mccrone,432
50120,2014-12-16,True,False,PB1,470,A,0.0,0.0,0.0,1.0,mccrone,478
50120,2014-12-16,True,False,PB1,502,A,0.0,0.0,1.0,0.0,mccrone,510
50120,2014-12-16,True,False,PB1,513,A,0.0,0.0,0.0,1.0,mccrone,521
50120,2014-12-16,True,False,PB1,589,G,0.99894625922,0.0,0.0010537407799999787,0.0,mccrone,597
50120,2014-12-16,True,False,PB1,643,G,0.998223801066,0.0,0.0017761989340000506,0.0,mccrone,651
50120,2014-12-16,True,False,PB1,650,G,0.999024118221,0.0,0.0009758817789999874,0.0,mccrone,658
50120,2014-12-16,True,False,PB1,655,C,0.0,0.0,0.0,1.0,mccrone,663
50120,2014-12-16,True,False,PB1,892,C,0.0,0.0,0.0,1.0,mccrone,900
50120,2014-12-16,True,False,PB1,913,C,0.0,0.0,0.0,1.0,mccrone,921
50120,2014-12-16,True,False,PB1,1003,G,0.999038564256,0.0,0.0009614357439999832,0.0,mccrone,1011
50120,2014-12-16,True,False,PB1,1159,T,0.0,1.0,0.0,0.0,mccrone,1167
50120,2014-12-16,True,False,PB1,1570,T,0.0,1.0,0.0,0.0,mccrone,1578
50120,2014-12-16,True,False,PB1,1624,C,0.0,0.0,0.0,1.0,mccrone,1632
50120,2014-12-16,True,False,PB1,1690,A,0.0008739561080000069,0.0,0.999126043892,0.0,mccrone,1698
50120,2014-12-16,True,False,PB1,1898,C,0.0,0.00259809119800003,0.0,0.997401908802,mccrone,1906
50120,2014-12-16,True,False,PB1,2074,G,1.0,0.0,0.0,0.0,mccrone,2082
50120,2014-12-16,True,False,PB2,57,G,1.0,0.0,0.0,0.0,mccrone,57
50120,2014-12-16,True,False,PB2,214,G,0.997912317328,0.0,0.002087682671999991,0.0,mccrone,214
50120,2014-12-16,True,False,PB2,264,C,0.0,0.0011802277150000373,0.0,0.998819772285,mccrone,264
50120,2014-12-16,True,False,PB2,352,G,0.998290340423,0.0,0.0017096595769999778,0.0,mccrone,352
50120,2014-12-16,True,False,PB2,501,G,0.99822787869,0.0,0.001772121310000041,0.0,mccrone,501
50120,2014-12-16,True,False,PB2,573,A,0.0,0.0,1.0,0.0,mccrone,573
50120,2014-12-16,True,False,PB2,843,A,0.0011565961030000071,0.0,0.998843403897,0.0,mccrone,843
50120,2014-12-16,True,False,PB2,856,T,0.0,1.0,0.0,0.0,mccrone,856
50120,2014-12-16,True,False,PB2,1059,G,0.0,0.0,0.0,1.0,mccrone,1059
50120,2014-12-16,True,False,PB2,1413,A,0.0018482999129999511,0.0,0.998151700087,0.0,mccrone,1413
50120,2014-12-16,True,False,PB2,1581,T,0.0,0.998822714681,0.0,0.0011772853189999655,mccrone,1581
50120,2014-12-16,True,False,PB2,1602,G,1.0,0.0,0.0,0.0,mccrone,1602
50120,2014-12-16,True,False,PB2,1659,A,0.0,0.0,1.0,0.0,mccrone,1659
50120,2014-12-16,True,False,PB2,1662,C,0.0,0.0,0.0,1.0,mccrone,1662
50120,2014-12-16,True,False,PB2,1707,T,0.0,0.999042383401,0.0,0.0009576165989999552,mccrone,1707
50120,2014-12-16,True,False,PB2,1790,T,0.0,1.0,0.0,0.0,mccrone,1790
50120,2014-12-16,True,False,PB2,1869,G,0.99792107947,0.0,0.002078920530000028,0.0,mccrone,1869
50120,2014-12-16,True,False,PB2,1885,T,0.0,0.998540145985,0.0,0.0014598540150000394,mccrone,1885
50120,2014-12-16,True,False,PB2,2113,A,0.666685681447,0.0,0.333314318553,0.0,mccrone,2113
50120,2014-12-16,True,False,PB2,2145,T,1.0,0.0,0.0,0.0,mccrone,2150
50120,2014-12-16,True,False,PB2,2184,A,0.0,0.0,1.0,0.0,mccrone,2189
50141,2014-12-04,False,False,HA,167,G,1.0,0.0,0.0,0.0,mccrone,221
50141,2014-12-04,False,False,HA,236,C,0.0251913260241,0.9748086739759,0.0,0.0,mccrone,297
50141,2014-12-04,False,False,HA,364,G,1.0,0.0,0.0,0.0,mccrone,425
50141,2014-12-04,False,False,HA,556,A,0.0010923934919999656,0.998907606508,0.0,0.0,mccrone,647
50141,2014-12-04,False,False,HA,614,T,0.0,0.998696182081,0.0,0.0013038179190000276,mccrone,705
50141,2014-12-04,False,False,HA,658,C,0.0,0.0009135200969999646,0.0,0.999086479903,mccrone,749
50141,2014-12-04,False,False,HA,685,T,0.0,1.0,0.0,0.0,mccrone,776
50141,2014-12-04,False,False,HA,1011,A,0.9765416788547,0.0,0.0234583211453,0.0,mccrone,1137
50141,2014-12-04,False,False,HA,1025,G,0.0197867613308,0.0,0.9802132386692,0.0,mccrone,1151
50141,2014-12-04,False,False,HA,1466,C,1.0,0.0,0.0,0.0,mccrone,1592
50141,2014-12-04,False,False,MP,349,A,0.0,0.0,1.0,0.0,mccrone,349
50141,2014-12-04,False,False,MP,427,A,0.0,0.0,1.0,0.0,mccrone,427
50141,2014-12-04,False,False,MP,549,G,1.0,0.0,0.0,0.0,mccrone,549
50141,2014-12-04,False,False,MP,694,C,0.0,0.0016557537439999548,0.0,0.998344246256,mccrone,694
50141,2014-12-04,False,False,NA,67,C,0.0,0.0,0.0,1.0,mccrone,69
50141,2014-12-04,False,False,NA,103,T,0.0,1.0,0.0,0.0,mccrone,105
50141,2014-12-04,False,False,NA,211,A,0.0014510278110000385,0.0,0.998548972189,0.0,mccrone,226
50141,2014-12-04,False,False,NA,223,A,0.0,0.0,1.0,0.0,mccrone,238
50141,2014-12-04,False,False,NA,226,T,0.0,0.997793654129,0.0,0.002206345870999993,mccrone,241
50141,2014-12-04,False,False,NA,475,G,0.997983545733,0.0,0.002016454267000034,0.0,mccrone,492
50141,2014-12-04,False,False,NA,491,C,0.0,0.0,0.0,1.0,mccrone,508
50141,2014-12-04,False,False,NA,625,T,0.998765566569,0.0,0.0,0.0012344334310000482,mccrone,652
50141,2014-12-04,False,False,NA,710,A,0.0008358292119999833,0.0,0.999164170788,0.0,mccrone,737
50141,2014-12-04,False,False,NA,753,G,0.998659931966,0.0,0.001340068033999997,0.0,mccrone,780
50141,2014-12-04,False,False,NA,778,A,0.0009157831710000508,0.0,0.999084216829,0.0,mccrone,805
50141,2014-12-04,False,False,NA,819,C,1.0,0.0,0.0,0.0,mccrone,846
50141,2014-12-04,False,False,NA,862,T,0.0,0.998828416232,0.0,0.001171583767999973,mccrone,889
50141,2014-12-04,False,False,NA,907,G,0.99841923388,0.0,0.0015807661200000211,0.0,mccrone,934
50141,2014-12-04,False,False,NA,1108,A,0.0,0.0,1.0,0.0,mccrone,1135
50141,2014-12-04,False,False,NA,1126,G,0.998735111205,0.0,0.0012648887949999743,0.0,mccrone,1153
50141,2014-12-04,False,False,NA,1157,A,0.0009013881380000033,0.0,0.999098611862,0.0,mccrone,1184
50141,2014-12-04,False,False,NA,1194,C,0.0,0.0,0.0,1.0,mccrone,1221
50141,2014-12-04,False,False,NP,207,G,0.997695611187,0.0,0.002304388812999991,0.0,mccrone,207
50141,2014-12-04,False,False,NP,297,C,0.0,0.0007256083950000214,0.0,0.999274391605,mccrone,297
50141,2014-12-04,False,False,NP,347,G,0.999005649718,0.0,0.0009943502820000116,0.0,mccrone,347
50141,2014-12-04,False,False,NP,606,G,0.998487768718,0.0,0.001512231281999954,0.0,mccrone,606
50141,2014-12-04,False,False,NP,885,G,0.999304144515,0.0,0.0006958554849999521,0.0,mccrone,885
50141,2014-12-04,False,False,NP,909,G,0.0,0.0,0.0009234409720000336,0.999076559028,mccrone,909
50141,2014-12-04,False,False,NP,918,C,0.0,0.0,0.0,1.0,mccrone,918
50141,2014-12-04,False,False,NP,1002,C,0.0,0.0,0.0,1.0,mccrone,1002
50141,2014-12-04,False,False,NP,1092,A,0.0012532981530000153,0.0,0.998746701847,0.0,mccrone,1092
50141,2014-12-04,False,False,NP,1186,T,0.0,0.998863502763,0.0,0.0011364972370000448,mccrone,1186
50141,2014-12-04,False,False,NP,1188,A,0.0010946051600000395,0.0,0.99890539484,0.0,mccrone,1188
50141,2014-12-04,False,False,NP,1224,G,0.998497171146,0.0,0.0015028288539999934,0.0,mccrone,1224
50141,2014-12-04,False,False,NP,1407,C,1.0,0.0,0.0,0.0,mccrone,1407
50141,2014-12-04,False,False,NS,125,T,0.0,1.0,0.0,0.0,mccrone,125
50141,2014-12-04,False,False,NS,140,A,0.0,0.0,1.0,0.0,mccrone,140
50141,2014-12-04,False,False,NS,173,T,1.0,0.0,0.0,0.0,mccrone,173
50141,2014-12-04,False,False,NS,180,T,0.0,1.0,0.0,0.0,mccrone,180
50141,2014-12-04,False,False,NS,246,A,0.0,0.0,1.0,0.0,mccrone,246
50141,2014-12-04,False,False,NS,299,C,0.0,0.0010353306589999667,0.0,0.998964669341,mccrone,299
50141,2014-12-04,False,False,NS,430,A,0.99378721653683,0.0,0.00621278346317,0.0,mccrone,430
50141,2014-12-04,False,False,NS,445,G,0.997558355308,0.0,0.0024416446920000334,0.0,mccrone,445
50141,2014-12-04,False,False,NS,570,G,1.0,0.0,0.0,0.0,mccrone,570
50141,2014-12-04,False,False,NS,652,A,0.9794434980026,0.0,0.0205565019974,0.0,mccrone,652
50141,2014-12-04,False,False,NS,744,A,0.0,0.0,1.0,0.0,mccrone,744
50141,2014-12-04,False,False,NS,813,G,1.0,0.0,0.0,0.0,mccrone,813
50141,2014-12-04,False,False,NS,843,C,0.0,0.0,0.0,1.0,mccrone,843
50141,2014-12-04,False,False,PA,153,C,0.0,0.0,1.0,0.0,mccrone,177
50141,2014-12-04,False,False,PA,282,A,0.0,1.0,0.0,0.0,mccrone,306
50141,2014-12-04,False,False,PA,316,G,0.997533168878,0.0,0.0024668311219999683,0.0,mccrone,340
50141,2014-12-04,False,False,PA,501,T,0.0,1.0,0.0,0.0,mccrone,525
50141,2014-12-04,False,False,PA,836,A,0.0007845188280000137,0.0,0.999215481172,0.0,mccrone,860
50141,2014-12-04,False,False,PA,858,G,0.999216973042,0.0,0.0007830269580000326,0.0,mccrone,882
50141,2014-12-04,False,False,PA,1001,G,0.999117290081,0.0,0.0008827099189999688,0.0,mccrone,1025
50141,2014-12-04,False,False,PA,1137,G,0.998958333333,0.0,0.0010416666670000074,0.0,mccrone,1161
50141,2014-12-04,False,False,PA,1552,T,0.0,1.0,0.0,0.0,mccrone,1576
50141,2014-12-04,False,False,PA,1557,G,0.998768740494,0.0,0.0012312595060000042,0.0,mccrone,1581
50141,2014-12-04,False,False,PA,1578,T,0.0,1.0,0.0,0.0,mccrone,1602
50141,2014-12-04,False,False,PA,1605,A,0.0013818860880000505,0.0,0.998618113912,0.0,mccrone,1629
50141,2014-12-04,False,False,PA,1608,C,0.0,0.0009173259950000512,0.0,0.999082674005,mccrone,1632
50141,2014-12-04,False,False,PA,2001,G,0.998565438093,0.0,0.001434561906999976,0.0,mccrone,2025
50141,2014-12-04,False,False,PA,2049,T,0.0,1.0,0.0,0.0,mccrone,2073
50141,2014-12-04,False,False,PB1,50,G,1.0,0.0,0.0,0.0,mccrone,58
50141,2014-12-04,False,False,PB1,364,A,0.0,0.0,1.0,0.0,mccrone,372
50141,2014-12-04,False,False,PB1,424,T,0.0,0.999262246705,0.0,0.0007377532950000321,mccrone,432
50141,2014-12-04,False,False,PB1,470,A,0.0,0.0,0.0,1.0,mccrone,478
50141,2014-12-04,False,False,PB1,502,A,0.0014066552379999875,0.0,0.998593344762,0.0,mccrone,510
50141,2014-12-04,False,False,PB1,513,A,0.0,0.0,0.0,1.0,mccrone,521
50141,2014-12-04,False,False,PB1,589,G,1.0,0.0,0.0,0.0,mccrone,597
50141,2014-12-04,False,False,PB1,643,G,1.0,0.0,0.0,0.0,mccrone,651
50141,2014-12-04,False,False,PB1,650,G,0.998731970201,0.0,0.0012680297989999811,0.0,mccrone,658
50141,2014-12-04,False,False,PB1,655,C,0.0,0.0,0.0,1.0,mccrone,663
50141,2014-12-04,False,False,PB1,892,C,0.0,0.0,0.0,1.0,mccrone,900
50141,2014-12-04,False,False,PB1,913,C,0.0,0.0005572139299999668,0.0,0.99944278607,mccrone,921
50141,2014-12-04,False,False,PB1,1003,G,0.99880558984,0.0,0.0011944101599999923,0.0,mccrone,1011
50141,2014-12-04,False,False,PB1,1159,T,0.0,1.0,0.0,0.0,mccrone,1167
50141,2014-12-04,False,False,PB1,1570,T,0.0,1.0,0.0,0.0,mccrone,1578
50141,2014-12-04,False,False,PB1,1624,C,0.0,0.0,0.0,1.0,mccrone,1632
50141,2014-12-04,False,False,PB1,1690,A,0.0,0.0,1.0,0.0,mccrone,1698
50141,2014-12-04,False,False,PB1,1902,A,0.99542041440634,0.0,0.00457958559366,0.0,mccrone,1910
50141,2014-12-04,False,False,PB1,2029,C,0.0,0.9825317004202,0.0,0.0174682995798,mccrone,2037
50141,2014-12-04,False,False,PB1,2074,G,1.0,0.0,0.0,0.0,mccrone,2082
50141,2014-12-04,False,False,PB2,57,G,0.999150382328,0.0,0.0008496176719999804,0.0,mccrone,57
50141,2014-12-04,False,False,PB2,214,G,0.998086447546,0.0,0.0019135524540000448,0.0,mccrone,214
50141,2014-12-04,False,False,PB2,264,C,0.0,0.0022894134359999763,0.0,0.997710586564,mccrone,264
50141,2014-12-04,False,False,PB2,352,G,0.998264569221,0.0,0.001735430778999958,0.0,mccrone,352
50141,2014-12-04,False,False,PB2,501,G,0.998332791152,0.0,0.0016672088479999791,0.0,mccrone,501
50141,2014-12-04,False,False,PB2,573,A,0.001169543474999979,0.0,0.998830456525,0.0,mccrone,573
50141,2014-12-04,False,False,PB2,843,A,0.0,0.0,1.0,0.0,mccrone,843
50141,2014-12-04,False,False,PB2,856,T,0.0,1.0,0.0,0.0,mccrone,856
50141,2014-12-04,False,False,PB2,882,C,0.0,0.9929658205441,0.0,0.0070341794559,mccrone,882
50141,2014-12-04,False,False,PB2,982,A,0.9877123999522,0.0,0.0122876000478,0.0,mccrone,982
50141,2014-12-04,False,False,PB2,1059,G,0.0,0.0,0.0,1.0,mccrone,1059
50141,2014-12-04,False,False,PB2,1413,A,0.001872394544999989,0.0,0.998127605455,0.0,mccrone,1413
50141,2014-12-04,False,False,PB2,1581,T,0.0,0.998736462094,0.0,0.0012635379059999785,mccrone,1581
50141,2014-12-04,False,False,PB2,1602,G,1.0,0.0,0.0,0.0,mccrone,1602
50141,2014-12-04,False,False,PB2,1662,C,0.0,0.0009143660979999968,0.0,0.999085633902,mccrone,1662
50141,2014-12-04,False,False,PB2,1707,T,0.0,0.998572944491,0.0,0.0014270555090000192,mccrone,1707
50141,2014-12-04,False,False,PB2,1790,T,0.0,0.999150480751,0.0,0.0008495192490000081,mccrone,1790
50141,2014-12-04,False,False,PB2,1869,G,1.0,0.0,0.0,0.0,mccrone,1869
50141,2014-12-04,False,False,PB2,1885,T,0.0,1.0,0.0,0.0,mccrone,1885
50141,2014-12-04,False,False,PB2,2145,T,1.0,0.0,0.0,0.0,mccrone,2150
50141,2014-12-04,False,False,PB2,2184,A,0.0,0.0,1.0,0.0,mccrone,2189
50141,2014-12-05,True,True,HA,167,G,1.0,0.0,0.0,0.0,mccrone,221
50141,2014-12-05,True,True,HA,364,G,1.0,0.0,0.0,0.0,mccrone,425
50141,2014-12-05,True,True,HA,556,A,0.0,1.0,0.0,0.0,mccrone,647
50141,2014-12-05,True,True,HA,564,G,0.0321867371234,0.0,0.9678132628766,0.0,mccrone,655
50141,2014-12-05,True,True,HA,614,T,0.0,0.99877675841,0.0,0.0012232415899999793,mccrone,705
50141,2014-12-05,True,True,HA,658,C,0.0,0.0016602868609999488,0.0,0.998339713139,mccrone,749
50141,2014-12-05,True,True,HA,685,T,0.0,1.0,0.0,0.0,mccrone,776
50141,2014-12-05,True,True,HA,1025,G,0.0247380531631,0.0,0.9752619468369,0.0,mccrone,1151
50141,2014-12-05,True,True,HA,1466,C,1.0,0.0,0.0,0.0,mccrone,1592
50141,2014-12-05,True,True,MP,349,A,0.0,0.0,1.0,0.0,mccrone,349
50141,2014-12-05,True,True,MP,427,A,0.0,0.0,1.0,0.0,mccrone,427
50141,2014-12-05,True,True,MP,549,G,0.99841736378,0.0,0.0015826362199999888,0.0,mccrone,549
50141,2014-12-05,True,True,MP,694,C,0.0,0.0017117876329999504,0.0,0.998288212367,mccrone,694
50141,2014-12-05,True,True,NA,67,C,0.0,0.0,0.0,1.0,mccrone,69
50141,2014-12-05,True,True,NA,103,T,0.0,1.0,0.0,0.0,mccrone,105
50141,2014-12-05,True,True,NA,211,A,0.0,0.0,1.0,0.0,mccrone,226
50141,2014-12-05,True,True,NA,223,A,0.0,0.0,1.0,0.0,mccrone,238
50141,2014-12-05,True,True,NA,226,T,0.0,1.0,0.0,0.0,mccrone,241
50141,2014-12-05,True,True,NA,475,G,0.997442605603,0.0,0.002557394396999979,0.0,mccrone,492
50141,2014-12-05,True,True,NA,491,C,0.0,0.0010731480940000537,0.0,0.998926851906,mccrone,508
50141,2014-12-05,True,True,NA,625,T,0.998434753954,0.0,0.0,0.0015652460459999462,mccrone,652
50141,2014-12-05,True,True,NA,710,A,0.0,0.0,1.0,0.0,mccrone,737
50141,2014-12-05,True,True,NA,753,G,0.997994330641,0.0,0.0020056693590000396,0.0,mccrone,780
50141,2014-12-05,True,True,NA,778,A,0.0010331421110000294,0.0,0.998966857889,0.0,mccrone,805
50141,2014-12-05,True,True,NA,819,C,1.0,0.0,0.0,0.0,mccrone,846
50141,2014-12-05,True,True,NA,862,T,0.0,0.997532453599,0.0,0.002467546400999998,mccrone,889
50141,2014-12-05,True,True,NA,907,G,0.997485215277,0.0,0.002514784723000041,0.0,mccrone,934
50141,2014-12-05,True,True,NA,1108,A,0.0,0.0,1.0,0.0,mccrone,1135
50141,2014-12-05,True,True,NA,1126,G,0.99799097702,0.0,0.0020090229800000525,0.0,mccrone,1153
50141,2014-12-05,True,True,NA,1157,A,0.0,0.0,1.0,0.0,mccrone,1184
50141,2014-12-05,True,True,NA,1194,C,0.0,0.0,0.0,1.0,mccrone,1221
50141,2014-12-05,True,True,NP,207,G,0.996949197506,0.0,0.0030508024940000267,0.0,mccrone,207
50141,2014-12-05,True,True,NP,297,C,0.0,0.0013979672799999676,0.0,0.99860203272,mccrone,297
50141,2014-12-05,True,True,NP,347,G,0.998466545659,0.0,0.0015334543410000512,0.0,mccrone,347
50141,2014-12-05,True,True,NP,606,G,0.998058117761,0.0,0.0019418822390000479,0.0,mccrone,606
50141,2014-12-05,True,True,NP,885,G,1.0,0.0,0.0,0.0,mccrone,885
50141,2014-12-05,True,True,NP,909,G,0.0,0.0,0.0,1.0,mccrone,909
50141,2014-12-05,True,True,NP,918,C,0.0,0.0009651810919999448,0.0,0.999034818908,mccrone,918
50141,2014-12-05,True,True,NP,1002,C,0.0,0.0,0.0,1.0,mccrone,1002
50141,2014-12-05,True,True,NP,1092,A,0.0,0.0,1.0,0.0,mccrone,1092
50141,2014-12-05,True,True,NP,1186,T,0.0,1.0,0.0,0.0,mccrone,1186
50141,2014-12-05,True,True,NP,1188,A,0.0,0.0,1.0,0.0,mccrone,1188
50141,2014-12-05,True,True,NP,1224,G,0.997536699844,0.0,0.002463300156000048,0.0,mccrone,1224
50141,2014-12-05,True,True,NP,1407,C,1.0,0.0,0.0,0.0,mccrone,1407
50141,2014-12-05,True,True,NS,125,T,0.0,1.0,0.0,0.0,mccrone,125
50141,2014-12-05,True,True,NS,140,A,0.0,0.0,1.0,0.0,mccrone,140
50141,2014-12-05,True,True,NS,173,T,0.998195446974,0.0,0.0,0.001804553026000022,mccrone,173
50141,2014-12-05,True,True,NS,180,T,0.0,1.0,0.0,0.0,mccrone,180
50141,2014-12-05,True,True,NS,246,A,0.0,0.0,1.0,0.0,mccrone,246
50141,2014-12-05,True,True,NS,299,C,0.0,0.0018895653999999595,0.0,0.9981104346,mccrone,299
50141,2014-12-05,True,True,NS,445,G,0.998802098393,0.0,0.0011979016069999515,0.0,mccrone,445
50141,2014-12-05,True,True,NS,570,G,0.998761737695,0.0,0.0012382623050000152,0.0,mccrone,570
50141,2014-12-05,True,True,NS,744,A,0.0,0.0,1.0,0.0,mccrone,744
50141,2014-12-05,True,True,NS,813,G,1.0,0.0,0.0,0.0,mccrone,813
50141,2014-12-05,True,True,NS,843,C,0.0,0.0,0.0,1.0,mccrone,843
50141,2014-12-05,True,True,PA,153,C,0.0,0.0,1.0,0.0,mccrone,177
50141,2014-12-05,True,True,PA,282,A,0.0,1.0,0.0,0.0,mccrone,306
50141,2014-12-05,True,True,PA,316,G,0.998435499929,0.0,0.0015645000709999524,0.0,mccrone,340
50141,2014-12-05,True,True,PA,501,T,0.0,0.99851109908,0.0,0.0014889009199999803,mccrone,525
50141,2014-12-05,True,True,PA,836,A,0.0,0.0,1.0,0.0,mccrone,860
50141,2014-12-05,True,True,PA,858,G,1.0,0.0,0.0,0.0,mccrone,882
50141,2014-12-05,True,True,PA,1001,G,1.0,0.0,0.0,0.0,mccrone,1025
50141,2014-12-05,True,True,PA,1137,G,1.0,0.0,0.0,0.0,mccrone,1161
50141,2014-12-05,True,True,PA,1552,T,0.0,0.999291632018,0.0,0.0007083679820000244,mccrone,1576
50141,2014-12-05,True,True,PA,1557,G,0.998777132375,0.0,0.0012228676250000126,0.0,mccrone,1581
50141,2014-12-05,True,True,PA,1578,T,0.0,1.0,0.0,0.0,mccrone,1602
50141,2014-12-05,True,True,PA,1605,A,0.0016433334390000276,0.0,0.998356666561,0.0,mccrone,1629
50141,2014-12-05,True,True,PA,1608,C,0.0,0.0012853057420000313,0.0,0.998714694258,mccrone,1632
50141,2014-12-05,True,True,PA,1806,G,0.00890510552523,0.0,0.99109489447477,0.0,mccrone,1830
50141,2014-12-05,True,True,PA,2001,G,1.0,0.0,0.0,0.0,mccrone,2025
50141,2014-12-05,True,True,PA,2049,T,0.0,1.0,0.0,0.0,mccrone,2073
50141,2014-12-05,True,True,PB1,50,G,1.0,0.0,0.0,0.0,mccrone,58
50141,2014-12-05,True,True,PB1,364,A,0.0,0.0,1.0,0.0,mccrone,372
50141,2014-12-05,True,True,PB1,424,T,0.0,1.0,0.0,0.0,mccrone,432
50141,2014-12-05,True,True,PB1,470,A,0.0,0.0,0.0,1.0,mccrone,478
50141,2014-12-05,True,True,PB1,502,A,0.0018148820329999538,0.0,0.998185117967,0.0,mccrone,510
50141,2014-12-05,True,True,PB1,513,A,0.0,0.0,0.0,1.0,mccrone,521
50141,2014-12-05,True,True,PB1,589,G,1.0,0.0,0.0,0.0,mccrone,597
50141,2014-12-05,True,True,PB1,643,G,0.996822810591,0.0,0.0031771894090000252,0.0,mccrone,651
50141,2014-12-05,True,True,PB1,650,G,0.998746968472,0.0,0.0012530315280000481,0.0,mccrone,658
50141,2014-12-05,True,True,PB1,655,C,0.0,0.0,0.0,1.0,mccrone,663
50141,2014-12-05,True,True,PB1,892,C,0.0,0.0,0.0,1.0,mccrone,900
50141,2014-12-05,True,True,PB1,913,C,0.0,0.0,0.0,1.0,mccrone,921
50141,2014-12-05,True,True,PB1,1003,G,0.998698650935,0.0,0.0013013490650000126,0.0,mccrone,1011
50141,2014-12-05,True,True,PB1,1159,T,0.0,1.0,0.0,0.0,mccrone,1167
50141,2014-12-05,True,True,PB1,1570,T,0.0,1.0,0.0,0.0,mccrone,1578
50141,2014-12-05,True,True,PB1,1624,C,0.0,0.0,0.0,1.0,mccrone,1632
50141,2014-12-05,True,True,PB1,1690,A,0.0011477639860000277,0.0,0.998852236014,0.0,mccrone,1698
50141,2014-12-05,True,True,PB1,2074,G,0.9979303208,0.0,0.0020696792000000075,0.0,mccrone,2082
50141,2014-12-05,True,True,PB2,57,G,1.0,0.0,0.0,0.0,mccrone,57
50141,2014-12-05,True,True,PB2,214,G,0.998436278342,0.0,0.0015637216580000057,0.0,mccrone,214
50141,2014-12-05,True,True,PB2,264,C,0.0,0.0,0.0,1.0,mccrone,264
50141,2014-12-05,True,True,PB2,352,G,0.998973361431,0.0,0.0010266385689999824,0.0,mccrone,352
50141,2014-12-05,True,True,PB2,501,G,0.997126823793,0.0,0.0028731762070000055,0.0,mccrone,501
50141,2014-12-05,True,True,PB2,573,A,0.0,0.0,1.0,0.0,mccrone,573
50141,2014-12-05,True,True,PB2,843,A,0.0,0.0,1.0,0.0,mccrone,843
50141,2014-12-05,True,True,PB2,856,T,0.0,1.0,0.0,0.0,mccrone,856
50141,2014-12-05,True,True,PB2,982,A,0.9808302273625,0.0,0.0191697726375,0.0,mccrone,982
50141,2014-12-05,True,True,PB2,1059,G,0.0,0.0,0.0,1.0,mccrone,1059
50141,2014-12-05,True,True,PB2,1413,A,0.0017502236399999926,0.0,0.99824977636,0.0,mccrone,1413
50141,2014-12-05,True,True,PB2,1581,T,0.0,1.0,0.0,0.0,mccrone,1581
50141,2014-12-05,True,True,PB2,1602,G,0.998952753051,0.0,0.0010472469490000469,0.0,mccrone,1602
50141,2014-12-05,True,True,PB2,1662,C,0.0,0.0,0.0,1.0,mccrone,1662
50141,2014-12-05,True,True,PB2,1707,T,0.0,1.0,0.0,0.0,mccrone,1707
50141,2014-12-05,True,True,PB2,1790,T,0.0,0.999136665803,0.0,0.0008633341970000208,mccrone,1790
50141,2014-12-05,True,True,PB2,1869,G,0.998178257503,0.0,0.0018217424969999563,0.0,mccrone,1869
50141,2014-12-05,True,True,PB2,1885,T,0.0,0.998670086444,0.0,0.0013299135559999842,mccrone,1885
50141,2014-12-05,True,True,PB2,2145,T,1.0,0.0,0.0,0.0,mccrone,2150
50141,2014-12-05,True,True,PB2,2184,A,0.0,0.0,1.0,0.0,mccrone,2189
50143,2015-01-12,False,False,HA,167,G,1.0,0.0,0.0,0.0,mccrone,221
50143,2015-01-12,False,False,HA,201,C,0.0,0.0,0.0,1.0,mccrone,262
50143,2015-01-12,False,False,HA,364,G,0.998580682728,0.0,0.0014193172719999536,0.0,mccrone,425
50143,2015-01-12,False,False,HA,556,A,0.0,1.0,0.0,0.0,mccrone,647
50143,2015-01-12,False,False,HA,658,C,0.0,0.001068376068000032,0.0,0.998931623932,mccrone,749
50143,2015-01-12,False,False,HA,685,T,0.0,1.0,0.0,0.0,mccrone,776
50143,2015-01-12,False,False,HA,974,G,0.998385949554,0.0,0.0016140504460000482,0.0,mccrone,1100
50143,2015-01-12,False,False,HA,987,G,0.0,0.998032096233,0.0019679037669999566,0.0,mccrone,1113
50143,2015-01-12,False,False,HA,997,G,0.0,0.0,0.11977638015400005,0.880223619846,mccrone,1123
50143,2015-01-12,False,False,HA,1226,A,0.001612608775000024,0.0,0.998387391225,0.0,mccrone,1352
50143,2015-01-12,False,False,HA,1346,C,0.0,0.0018890200710000027,0.0,0.998110979929,mccrone,1472
50143,2015-01-12,False,False,HA,1466,C,1.0,0.0,0.0,0.0,mccrone,1592
50143,2015-01-12,False,False,HA,1589,A,0.0059570059569999945,0.0,0.994042994043,0.0,mccrone,1715
50143,2015-01-12,False,False,MP,349,A,0.0013814756669999761,0.0,0.998618524333,0.0,mccrone,349
50143,2015-01-12,False,False,MP,427,A,0.0,0.0,1.0,0.0,mccrone,427
50143,2015-01-12,False,False,MP,549,G,0.998303602195,0.0,0.0016963978049999717,0.0,mccrone,549
50143,2015-01-12,False,False,MP,694,C,0.0,0.0013619118650000095,0.0,0.998638088135,mccrone,694
50143,2015-01-12,False,False,NA,103,T,0.0,1.0,0.0,0.0,mccrone,105
50143,2015-01-12,False,False,NA,211,A,0.0,0.0,1.0,0.0,mccrone,226
50143,2015-01-12,False,False,NA,223,A,0.0012710207270000273,0.0,0.998728979273,0.0,mccrone,238
50143,2015-01-12,False,False,NA,226,T,0.0,1.0,0.0,0.0,mccrone,241
50143,2015-01-12,False,False,NA,710,A,0.0008673894909999591,0.0,0.999132610509,0.0,mccrone,737
50143,2015-01-12,False,False,NA,753,G,0.998866288763,0.0,0.0011337112370000124,0.0,mccrone,780
50143,2015-01-12,False,False,NA,758,T,1.0,0.0,0.0,0.0,mccrone,785
50143,2015-01-12,False,False,NA,819,C,1.0,0.0,0.0,0.0,mccrone,846
50143,2015-01-12,False,False,NA,825,C,0.0,0.0011815941389999862,0.0,0.998818405861,mccrone,852
50143,2015-01-12,False,False,NA,907,G,0.997899894995,0.0,0.002100105005000019,0.0,mccrone,934
50143,2015-01-12,False,False,NA,910,C,0.998038236553,0.0019617634470000533,0.0,0.0,mccrone,937
50143,2015-01-12,False,False,NA,982,T,0.0,0.998427796557,0.0,0.0015722034430000198,mccrone,1009
50143,2015-01-12,False,False,NA,1108,A,0.0,0.0,1.0,0.0,mccrone,1135
50143,2015-01-12,False,False,NA,1157,A,0.0,0.0,1.0,0.0,mccrone,1184
50143,2015-01-12,False,False,NA,1194,C,0.0,0.0,0.0,1.0,mccrone,1221
50143,2015-01-12,False,False,NP,207,G,0.997323488694,0.0,0.0026765113059999956,0.0,mccrone,207
50143,2015-01-12,False,False,NP,219,G,0.997015888378,0.0,0.002984111621999963,0.0,mccrone,219
50143,2015-01-12,False,False,NP,347,G,0.998645764938,0.0,0.0013542350620000532,0.0,mccrone,347
50143,2015-01-12,False,False,NP,606,G,0.998466803559,0.0,0.0015331964410000287,0.0,mccrone,606
50143,2015-01-12,False,False,NP,885,G,0.999217180283,0.0,0.0007828197170000051,0.0,mccrone,885
50143,2015-01-12,False,False,NP,909,G,0.0,0.0,0.0,1.0,mccrone,909
50143,2015-01-12,False,False,NP,918,C,0.0,0.0009989200859999992,0.0,0.999001079914,mccrone,918
50143,2015-01-12,False,False,NP,998,C,0.998208738,0.0017912620000000157,0.0,0.0,mccrone,998
50143,2015-01-12,False,False,NP,1002,C,0.0,0.0,0.0,1.0,mccrone,1002
50143,2015-01-12,False,False,NP,1092,A,0.0,0.0,1.0,0.0,mccrone,1092
50143,2015-01-12,False,False,NP,1186,T,0.0,1.0,0.0,0.0,mccrone,1186
50143,2015-01-12,False,False,NP,1188,A,0.0,0.0,1.0,0.0,mccrone,1188
50143,2015-01-12,False,False,NP,1224,G,0.99727836702,0.0,0.002721632980000055,0.0,mccrone,1224
50143,2015-01-12,False,False,NP,1407,C,1.0,0.0,0.0,0.0,mccrone,1407
50143,2015-01-12,False,False,NS,125,T,0.0,1.0,0.0,0.0,mccrone,125
50143,2015-01-12,False,False,NS,180,T,0.0,0.998883097543,0.0,0.001116902457000024,mccrone,180
50143,2015-01-12,False,False,NS,218,T,0.0,0.996910528917,0.0,0.0030894710829999505,mccrone,218
50143,2015-01-12,False,False,NS,246,A,0.0,0.0,1.0,0.0,mccrone,246
50143,2015-01-12,False,False,NS,299,C,0.0,0.0019770359670000515,0.0,0.998022964033,mccrone,299
50143,2015-01-12,False,False,NS,570,G,1.0,0.0,0.0,0.0,mccrone,570
50143,2015-01-12,False,False,NS,744,A,0.0,0.0,1.0,0.0,mccrone,744
50143,2015-01-12,False,False,NS,813,G,1.0,0.0,0.0,0.0,mccrone,813
50143,2015-01-12,False,False,NS,843,C,0.0,0.0,0.0,1.0,mccrone,843
50143,2015-01-12,False,False,PA,153,C,0.0,0.0,1.0,0.0,mccrone,177
50143,2015-01-12,False,False,PA,282,A,0.0,1.0,0.0,0.0,mccrone,306
50143,2015-01-12,False,False,PA,501,T,0.0,1.0,0.0,0.0,mccrone,525
50143,2015-01-12,False,False,PA,836,A,0.0008936869950000315,0.0,0.999106313005,0.0,mccrone,860
50143,2015-01-12,False,False,PA,858,G,0.997848999785,0.0,0.002151000215000032,0.0,mccrone,882
50143,2015-01-12,False,False,PA,916,G,0.0475818807204,0.0,0.9524181192796,0.0,mccrone,940
50143,2015-01-12,False,False,PA,1001,G,0.998843052894,0.0,0.0011569471060000058,0.0,mccrone,1025
50143,2015-01-12,False,False,PA,1137,G,0.998795843941,0.0,0.0012041560590000389,0.0,mccrone,1161
50143,2015-01-12,False,False,PA,1552,T,0.0,0.998831454495,0.0,0.001168545505000007,mccrone,1576
50143,2015-01-12,False,False,PA,1578,T,0.0,1.0,0.0,0.0,mccrone,1602
50143,2015-01-12,False,False,PA,1608,C,0.0,0.0009257940460000169,0.0,0.999074205954,mccrone,1632
50143,2015-01-12,False,False,PA,1674,A,0.0018880497559999876,0.0,0.998111950244,0.0,mccrone,1698
50143,2015-01-12,False,False,PA,1806,G,1.0,0.0,0.0,0.0,mccrone,1830
50143,2015-01-12,False,False,PA,2001,G,1.0,0.0,0.0,0.0,mccrone,2025
50143,2015-01-12,False,False,PA,2049,T,0.0,1.0,0.0,0.0,mccrone,2073
50143,2015-01-12,False,False,PB1,163,C,0.0,0.0,0.0,1.0,mccrone,171
50143,2015-01-12,False,False,PB1,334,A,0.002958987063000018,0.997041012937,0.0,0.0,mccrone,342
50143,2015-01-12,False,False,PB1,364,A,0.0,0.0,1.0,0.0,mccrone,372
50143,2015-01-12,False,False,PB1,424,T,0.0,1.0,0.0,0.0,mccrone,432
50143,2015-01-12,False,False,PB1,470,A,0.0,0.0,0.0,1.0,mccrone,478
50143,2015-01-12,False,False,PB1,502,A,0.0,0.0,1.0,0.0,mccrone,510
50143,2015-01-12,False,False,PB1,513,A,0.0,0.0,0.0,1.0,mccrone,521
50143,2015-01-12,False,False,PB1,589,G,0.998953225718,0.0,0.0010467742819999515,0.0,mccrone,597
50143,2015-01-12,False,False,PB1,606,A,0.0023943426689999603,0.0,0.997605657331,0.0,mccrone,614
50143,2015-01-12,False,False,PB1,643,G,0.997014100083,0.0,0.0029858999170000455,0.0,mccrone,651
50143,2015-01-12,False,False,PB1,648,G,0.998102158117,0.0,0.0018978418830000177,0.0,mccrone,656
50143,2015-01-12,False,False,PB1,655,C,0.0,0.0,0.0,1.0,mccrone,663
50143,2015-01-12,False,False,PB1,706,T,0.0,0.00476147417807,0.0,0.99523852582193,mccrone,714
50143,2015-01-12,False,False,PB1,892,C,0.0,0.0,0.0,1.0,mccrone,900
50143,2015-01-12,False,False,PB1,907,G,0.997937454708,0.0,0.0020625452920000065,0.0,mccrone,915
50143,2015-01-12,False,False,PB1,913,C,0.0,0.0007728401879999458,0.0,0.999227159812,mccrone,921
50143,2015-01-12,False,False,PB1,1003,G,1.0,0.0,0.0,0.0,mccrone,1011
50143,2015-01-12,False,False,PB1,1159,T,0.0,1.0,0.0,0.0,mccrone,1167
50143,2015-01-12,False,False,PB1,1570,T,0.0,1.0,0.0,0.0,mccrone,1578
50143,2015-01-12,False,False,PB1,1624,C,0.0,0.0,0.0,1.0,mccrone,1632
50143,2015-01-12,False,False,PB1,1690,A,0.0027917364599999717,0.0,0.99720826354,0.0,mccrone,1698
50143,2015-01-12,False,False,PB1,2074,G,1.0,0.0,0.0,0.0,mccrone,2082
50143,2015-01-12,False,False,PB1,2221,T,1.0,0.0,0.0,0.0,mccrone,2229
50143,2015-01-12,False,False,PB2,57,G,1.0,0.0,0.0,0.0,mccrone,57
50143,2015-01-12,False,False,PB2,214,G,1.0,0.0,0.0,0.0,mccrone,214
50143,2015-01-12,False,False,PB2,264,C,0.0,0.0,0.0,1.0,mccrone,264
50143,2015-01-12,False,False,PB2,365,A,0.99105048993057,0.0,0.00894951006943,0.0,mccrone,365
50143,2015-01-12,False,False,PB2,573,A,0.0,0.0,1.0,0.0,mccrone,573
50143,2015-01-12,False,False,PB2,843,A,0.0,0.0,1.0,0.0,mccrone,843
50143,2015-01-12,False,False,PB2,856,T,0.0,0.999293256839,0.0,0.0007067431609999453,mccrone,856
50143,2015-01-12,False,False,PB2,1059,G,0.0,0.0,0.0,1.0,mccrone,1059
50143,2015-01-12,False,False,PB2,1085,G,0.0371576898886,0.0,0.9628423101114,0.0,mccrone,1085
50143,2015-01-12,False,False,PB2,1200,A,0.0021988377570000273,0.0,0.997801162243,0.0,mccrone,1200
50143,2015-01-12,False,False,PB2,1581,T,0.0,1.0,0.0,0.0,mccrone,1581
50143,2015-01-12,False,False,PB2,1602,G,1.0,0.0,0.0,0.0,mccrone,1602
50143,2015-01-12,False,False,PB2,1659,A,0.0,0.0,1.0,0.0,mccrone,1659
50143,2015-01-12,False,False,PB2,1662,C,0.0,0.0,0.0,1.0,mccrone,1662
50143,2015-01-12,False,False,PB2,1707,T,0.0,0.998779942251,0.0,0.0012200577490000253,mccrone,1707
50143,2015-01-12,False,False,PB2,1790,T,0.0,0.998617801047,0.0,0.0013821989529999579,mccrone,1790
50143,2015-01-12,False,False,PB2,1885,T,0.0,1.0,0.0,0.0,mccrone,1885
50143,2015-01-12,False,False,PB2,2019,G,0.997306270751,0.0,0.002693729249000021,0.0,mccrone,2019
50143,2015-01-12,False,False,PB2,2031,C,0.0,0.0023860192169999905,0.0,0.997613980783,mccrone,2031
50143,2015-01-12,False,False,PB2,2145,T,1.0,0.0,0.0,0.0,mccrone,2150
50143,2015-01-12,False,False,PB2,2184,A,0.0,0.0,1.0,0.0,mccrone,2189
50143,2015-01-13,True,True,HA,167,G,1.0,0.0,0.0,0.0,mccrone,221
50143,2015-01-13,True,True,HA,201,C,0.0,0.003207764435000038,0.0,0.996792235565,mccrone,262
50143,2015-01-13,True,True,HA,364,G,1.0,0.0,0.0,0.0,mccrone,425
50143,2015-01-13,True,True,HA,556,A,0.0,1.0,0.0,0.0,mccrone,647
50143,2015-01-13,True,True,HA,658,C,0.0,0.0010620915029999622,0.0,0.998937908497,mccrone,749
50143,2015-01-13,True,True,HA,685,T,0.0,1.0,0.0,0.0,mccrone,776
50143,2015-01-13,True,True,HA,974,G,0.997085155111,0.0,0.0029148448889999568,0.0,mccrone,1100
50143,2015-01-13,True,True,HA,987,G,0.0,0.996663997865,0.0033360021349999602,0.0,mccrone,1113
50143,2015-01-13,True,True,HA,997,G,0.0,0.0,0.161412927918,0.838587072082,mccrone,1123
50143,2015-01-13,True,True,HA,1226,A,0.0026432983769999474,0.0,0.997356701623,0.0,mccrone,1352
50143,2015-01-13,True,True,HA,1346,C,0.0,0.0024969972820000352,0.0,0.997503002718,mccrone,1472
50143,2015-01-13,True,True,HA,1466,C,1.0,0.0,0.0,0.0,mccrone,1592
50143,2015-01-13,True,True,HA,1589,A,0.008763460824000036,0.0,0.991236539176,0.0,mccrone,1715
50143,2015-01-13,True,True,MP,349,A,0.0,0.0,1.0,0.0,mccrone,349
50143,2015-01-13,True,True,MP,427,A,0.0,0.0,1.0,0.0,mccrone,427
50143,2015-01-13,True,True,MP,549,G,1.0,0.0,0.0,0.0,mccrone,549
50143,2015-01-13,True,True,MP,694,C,0.0,0.0,0.0,1.0,mccrone,694
50143,2015-01-13,True,True,NA,103,T,0.0,1.0,0.0,0.0,mccrone,105
50143,2015-01-13,True,True,NA,211,A,0.0,0.0,1.0,0.0,mccrone,226
50143,2015-01-13,True,True,NA,223,A,0.0,0.0,1.0,0.0,mccrone,238
50143,2015-01-13,True,True,NA,226,T,0.0,1.0,0.0,0.0,mccrone,241
50143,2015-01-13,True,True,NA,710,A,0.0,0.0,1.0,0.0,mccrone,737
50143,2015-01-13,True,True,NA,753,G,1.0,0.0,0.0,0.0,mccrone,780
50143,2015-01-13,True,True,NA,758,T,1.0,0.0,0.0,0.0,mccrone,785
50143,2015-01-13,True,True,NA,819,C,1.0,0.0,0.0,0.0,mccrone,846
50143,2015-01-13,True,True,NA,825,C,0.0,0.002090938087000005,0.0,0.997909061913,mccrone,852
50143,2015-01-13,True,True,NA,907,G,0.998335504415,0.0,0.0016644955850000365,0.0,mccrone,934
50143,2015-01-13,True,True,NA,910,C,0.997164919611,0.0028350803890000442,0.0,0.0,mccrone,937
50143,2015-01-13,True,True,NA,982,T,0.0,0.996548924076,0.0,0.0034510759239999578,mccrone,1009
50143,2015-01-13,True,True,NA,1108,A,0.0,0.0,1.0,0.0,mccrone,1135
50143,2015-01-13,True,True,NA,1157,A,0.0,0.0,1.0,0.0,mccrone,1184
50143,2015-01-13,True,True,NA,1194,C,0.0,0.0,0.0,1.0,mccrone,1221
50143,2015-01-13,True,True,NP,207,G,1.0,0.0,0.0,0.0,mccrone,207
50143,2015-01-13,True,True,NP,219,G,0.996947323584,0.0,0.003052676416000044,0.0,mccrone,219
50143,2015-01-13,True,True,NP,347,G,1.0,0.0,0.0,0.0,mccrone,347
50143,2015-01-13,True,True,NP,606,G,0.998360289185,0.0,0.0016397108150000284,0.0,mccrone,606
50143,2015-01-13,True,True,NP,885,G,0.999035339513,0.0,0.0009646604869999464,0.0,mccrone,885
50143,2015-01-13,True,True,NP,909,G,0.0,0.0,0.0,1.0,mccrone,909
50143,2015-01-13,True,True,NP,918,C,0.0,0.0,0.0,1.0,mccrone,918
50143,2015-01-13,True,True,NP,998,C,1.0,0.0,0.0,0.0,mccrone,998
50143,2015-01-13,True,True,NP,1002,C,0.0,0.0,0.0,1.0,mccrone,1002
50143,2015-01-13,True,True,NP,1092,A,0.0,0.0,1.0,0.0,mccrone,1092
50143,2015-01-13,True,True,NP,1186,T,0.0,1.0,0.0,0.0,mccrone,1186
50143,2015-01-13,True,True,NP,1188,A,0.0,0.0,1.0,0.0,mccrone,1188
50143,2015-01-13,True,True,NP,1224,G,0.997363703469,0.0,0.0026362965309999487,0.0,mccrone,1224
50143,2015-01-13,True,True,NP,1407,C,1.0,0.0,0.0,0.0,mccrone,1407
50143,2015-01-13,True,True,NS,125,T,0.0,1.0,0.0,0.0,mccrone,125
50143,2015-01-13,True,True,NS,180,T,0.0,1.0,0.0,0.0,mccrone,180
50143,2015-01-13,True,True,NS,218,T,0.0,0.997535626272,0.0,0.0024643737280000133,mccrone,218
50143,2015-01-13,True,True,NS,246,A,0.0022725359819999458,0.0,0.997727464018,0.0,mccrone,246
50143,2015-01-13,True,True,NS,299,C,0.0,0.001486940780999979,0.0,0.998513059219,mccrone,299
50143,2015-01-13,True,True,NS,381,A,0.9883631420891,0.0,0.0116368579109,0.0,mccrone,381
50143,2015-01-13,True,True,NS,570,G,1.0,0.0,0.0,0.0,mccrone,570
50143,2015-01-13,True,True,NS,744,A,0.0,0.0,1.0,0.0,mccrone,744
50143,2015-01-13,True,True,NS,813,G,1.0,0.0,0.0,0.0,mccrone,813
50143,2015-01-13,True,True,NS,843,C,0.0,0.0,0.0,1.0,mccrone,843
50143,2015-01-13,True,True,PA,153,C,0.0,0.0,1.0,0.0,mccrone,177
50143,2015-01-13,True,True,PA,282,A,0.0,1.0,0.0,0.0,mccrone,306
50143,2015-01-13,True,True,PA,501,T,0.0,1.0,0.0,0.0,mccrone,525
50143,2015-01-13,True,True,PA,824,T,0.0,0.0161136924544,0.0,0.9838863075456,mccrone,848
50143,2015-01-13,True,True,PA,836,A,0.0,0.0,1.0,0.0,mccrone,860
50143,2015-01-13,True,True,PA,858,G,0.997234991187,0.0,0.002765008813000014,0.0,mccrone,882
50143,2015-01-13,True,True,PA,916,G,0.0365481131744,0.0,0.9634518868256,0.0,mccrone,940
50143,2015-01-13,True,True,PA,1001,G,1.0,0.0,0.0,0.0,mccrone,1025
50143,2015-01-13,True,True,PA,1137,G,0.998622137655,0.0,0.001377862345000036,0.0,mccrone,1161
50143,2015-01-13,True,True,PA,1552,T,0.0,1.0,0.0,0.0,mccrone,1576
50143,2015-01-13,True,True,PA,1578,T,0.0,1.0,0.0,0.0,mccrone,1602
50143,2015-01-13,True,True,PA,1608,C,0.0,0.0,0.0,1.0,mccrone,1632
50143,2015-01-13,True,True,PA,1674,A,0.0023230011789999727,0.0,0.997676998821,0.0,mccrone,1698
50143,2015-01-13,True,True,PA,1806,G,1.0,0.0,0.0,0.0,mccrone,1830
50143,2015-01-13,True,True,PA,2001,G,1.0,0.0,0.0,0.0,mccrone,2025
50143,2015-01-13,True,True,PA,2049,T,0.0,1.0,0.0,0.0,mccrone,2073
50143,2015-01-13,True,True,PB1,163,C,0.0,0.0,0.0,1.0,mccrone,171
50143,2015-01-13,True,True,PB1,334,A,0.0,1.0,0.0,0.0,mccrone,342
50143,2015-01-13,True,True,PB1,364,A,0.0,0.0,1.0,0.0,mccrone,372
50143,2015-01-13,True,True,PB1,424,T,0.0,1.0,0.0,0.0,mccrone,432
50143,2015-01-13,True,True,PB1,470,A,0.0,0.0,0.0,1.0,mccrone,478
50143,2015-01-13,True,True,PB1,502,A,0.0,0.0,1.0,0.0,mccrone,510
50143,2015-01-13,True,True,PB1,513,A,0.0,0.0,0.0,1.0,mccrone,521
50143,2015-01-13,True,True,PB1,589,G,1.0,0.0,0.0,0.0,mccrone,597
50143,2015-01-13,True,True,PB1,606,A,0.001971670211999954,0.0,0.998028329788,0.0,mccrone,614
50143,2015-01-13,True,True,PB1,634,G,0.0115861339927,0.0,0.9884138660073,0.0,mccrone,642
50143,2015-01-13,True,True,PB1,643,G,0.995849802372,0.0,0.004150197627999952,0.0,mccrone,651
50143,2015-01-13,True,True,PB1,648,G,1.0,0.0,0.0,0.0,mccrone,656
50143,2015-01-13,True,True,PB1,655,C,0.0,0.0,0.0,1.0,mccrone,663
50143,2015-01-13,True,True,PB1,892,C,0.0,0.0,0.0,1.0,mccrone,900
50143,2015-01-13,True,True,PB1,907,G,0.9985,0.0,0.0014999999999999458,0.0,mccrone,915
50143,2015-01-13,True,True,PB1,913,C,0.0,0.0,0.0,1.0,mccrone,921
50143,2015-01-13,True,True,PB1,1003,G,0.998630002936,0.0,0.0013699970639999837,0.0,mccrone,1011
50143,2015-01-13,True,True,PB1,1045,G,0.00729710005745,0.0,0.99270289994255,0.0,mccrone,1053
50143,2015-01-13,True,True,PB1,1159,T,0.0,1.0,0.0,0.0,mccrone,1167
50143,2015-01-13,True,True,PB1,1570,T,0.0,1.0,0.0,0.0,mccrone,1578
50143,2015-01-13,True,True,PB1,1624,C,0.0,0.0,0.0,1.0,mccrone,1632
50143,2015-01-13,True,True,PB1,1690,A,0.0005273149119999765,0.0,0.999472685088,0.0,mccrone,1698
50143,2015-01-13,True,True,PB1,2074,G,1.0,0.0,0.0,0.0,mccrone,2082
50143,2015-01-13,True,True,PB1,2221,T,1.0,0.0,0.0,0.0,mccrone,2229
50143,2015-01-13,True,True,PB2,57,G,1.0,0.0,0.0,0.0,mccrone,57
50143,2015-01-13,True,True,PB2,214,G,1.0,0.0,0.0,0.0,mccrone,214
50143,2015-01-13,True,True,PB2,264,C,0.0,0.0,0.0,1.0,mccrone,264
50143,2015-01-13,True,True,PB2,573,A,0.0,0.0,1.0,0.0,mccrone,573
50143,2015-01-13,True,True,PB2,843,A,0.0,0.0,1.0,0.0,mccrone,843
50143,2015-01-13,True,True,PB2,856,T,0.0,1.0,0.0,0.0,mccrone,856
50143,2015-01-13,True,True,PB2,1059,G,0.0,0.0,0.0,1.0,mccrone,1059
50143,2015-01-13,True,True,PB2,1085,G,0.0598420993163,0.0,0.9401579006837,0.0,mccrone,1085
50143,2015-01-13,True,True,PB2,1200,A,0.002446682706000014,0.0,0.997553317294,0.0,mccrone,1200
50143,2015-01-13,True,True,PB2,1581,T,0.0,1.0,0.0,0.0,mccrone,1581
50143,2015-01-13,True,True,PB2,1602,G,1.0,0.0,0.0,0.0,mccrone,1602
50143,2015-01-13,True,True,PB2,1659,A,0.0,0.0,1.0,0.0,mccrone,1659
50143,2015-01-13,True,True,PB2,1662,C,0.0,0.0,0.0,1.0,mccrone,1662
50143,2015-01-13,True,True,PB2,1707,T,0.0,1.0,0.0,0.0,mccrone,1707
50143,2015-01-13,True,True,PB2,1790,T,0.0,1.0,0.0,0.0,mccrone,1790
50143,2015-01-13,True,True,PB2,1885,T,0.0,1.0,0.0,0.0,mccrone,1885
50143,2015-01-13,True,True,PB2,2019,G,1.0,0.0,0.0,0.0,mccrone,2019
50143,2015-01-13,True,True,PB2,2031,C,0.0,0.0,0.0,1.0,mccrone,2031
50143,2015-01-13,True,True,PB2,2145,T,1.0,0.0,0.0,0.0,mccrone,2150
50143,2015-01-13,True,True,PB2,2184,A,0.0,0.0,1.0,0.0,mccrone,2189
50167,2014-12-28,False,True,HA,167,G,1.0,0.0,0.0,0.0,mccrone,221
50167,2014-12-28,False,True,HA,364,G,0.998532414497,0.0,0.0014675855029999685,0.0,mccrone,425
50167,2014-12-28,False,True,HA,425,C,0.0,0.002360744197000053,0.0,0.997639255803,mccrone,504
50167,2014-12-28,False,True,HA,491,T,0.0,0.287317227262,0.0,0.7126827727380001,mccrone,577
50167,2014-12-28,False,True,HA,512,T,0.0,0.997729032258,0.0,0.002270967741999974,mccrone,598
50167,2014-12-28,False,True,HA,556,A,0.0006847640010000378,0.999315235999,0.0,0.0,mccrone,647
50167,2014-12-28,False,True,HA,658,C,0.0,0.001866385910999968,0.0,0.998133614089,mccrone,749
50167,2014-12-28,False,True,HA,685,T,0.0,1.0,0.0,0.0,mccrone,776
50167,2014-12-28,False,True,HA,1466,C,1.0,0.0,0.0,0.0,mccrone,1592
50167,2014-12-28,False,True,MP,349,A,0.0003928611519999903,0.0,0.999607138848,0.0,mccrone,349
50167,2014-12-28,False,True,MP,427,A,0.0,0.0,1.0,0.0,mccrone,427
50167,2014-12-28,False,True,MP,549,G,1.0,0.0,0.0,0.0,mccrone,549
50167,2014-12-28,False,True,MP,694,C,0.0,0.0019677064640000186,0.0,0.998032293536,mccrone,694
50167,2014-12-28,False,True,NA,103,T,0.0,1.0,0.0,0.0,mccrone,105
50167,2014-12-28,False,True,NA,211,A,0.0,0.0,1.0,0.0,mccrone,226
50167,2014-12-28,False,True,NA,223,A,0.0,0.0,1.0,0.0,mccrone,238
50167,2014-12-28,False,True,NA,226,T,0.0,1.0,0.0,0.0,mccrone,241
50167,2014-12-28,False,True,NA,464,G,0.997364656276,0.0,0.0026353437239999833,0.0,mccrone,481
50167,2014-12-28,False,True,NA,475,G,0.996737841044,0.0,0.0032621589560000164,0.0,mccrone,492
50167,2014-12-28,False,True,NA,491,C,0.0,0.002328797030999974,0.0,0.997671202969,mccrone,508
50167,2014-12-28,False,True,NA,710,A,0.0,0.0,1.0,0.0,mccrone,737
50167,2014-12-28,False,True,NA,753,G,0.997740538505,0.0,0.0022594614950000036,0.0,mccrone,780
50167,2014-12-28,False,True,NA,819,C,1.0,0.0,0.0,0.0,mccrone,846
50167,2014-12-28,False,True,NA,862,T,0.0,0.997958678708,0.0,0.0020413212919999646,mccrone,889
50167,2014-12-28,False,True,NA,907,G,0.998079139454,0.0,0.0019208605460000472,0.0,mccrone,934
50167,2014-12-28,False,True,NA,1108,A,0.0,0.0,1.0,0.0,mccrone,1135
50167,2014-12-28,False,True,NA,1126,G,0.997140303843,0.0,0.0028596961569999912,0.0,mccrone,1153
50167,2014-12-28,False,True,NA,1157,A,0.006216415552000032,0.0,0.993783584448,0.0,mccrone,1184
50167,2014-12-28,False,True,NA,1194,C,0.0,0.0,0.0,1.0,mccrone,1221
50167,2014-12-28,False,True,NP,207,G,0.997861343789,0.0,0.0021386562109999563,0.0,mccrone,207
50167,2014-12-28,False,True,NP,297,C,0.0,0.0032416502950000092,0.0,0.996758349705,mccrone,297
50167,2014-12-28,False,True,NP,347,G,0.998791297341,0.0,0.0012087026589999716,0.0,mccrone,347
50167,2014-12-28,False,True,NP,358,A,0.003218727140000044,0.0,0.99678127286,0.0,mccrone,358
50167,2014-12-28,False,True,NP,606,G,0.998754476102,0.0,0.0012455238980000338,0.0,mccrone,606
50167,2014-12-28,False,True,NP,885,G,0.999229148466,0.0,0.0007708515340000277,0.0,mccrone,885
50167,2014-12-28,False,True,NP,909,G,0.0,0.0,0.0019302949060000518,0.998069705094,mccrone,909
50167,2014-12-28,False,True,NP,918,C,0.0,0.0022998341979999504,0.0,0.997700165802,mccrone,918
50167,2014-12-28,False,True,NP,1002,C,0.0,0.0004514163190000309,0.0,0.999548583681,mccrone,1002
50167,2014-12-28,False,True,NP,1092,A,0.0,0.0,1.0,0.0,mccrone,1092
50167,2014-12-28,False,True,NP,1186,T,0.0,1.0,0.0,0.0,mccrone,1186
50167,2014-12-28,False,True,NP,1188,A,0.0,0.0,1.0,0.0,mccrone,1188
50167,2014-12-28,False,True,NP,1224,G,0.998769663415,0.0,0.001230336585000047,0.0,mccrone,1224
50167,2014-12-28,False,True,NP,1407,C,1.0,0.0,0.0,0.0,mccrone,1407
50167,2014-12-28,False,True,NS,125,T,0.0,1.0,0.0,0.0,mccrone,125
50167,2014-12-28,False,True,NS,140,A,0.0,0.0,1.0,0.0,mccrone,140
50167,2014-12-28,False,True,NS,173,T,1.0,0.0,0.0,0.0,mccrone,173
50167,2014-12-28,False,True,NS,180,T,0.0,1.0,0.0,0.0,mccrone,180
50167,2014-12-28,False,True,NS,246,A,0.0,0.0,1.0,0.0,mccrone,246
50167,2014-12-28,False,True,NS,299,C,0.0,0.0,0.0,1.0,mccrone,299
50167,2014-12-28,False,True,NS,570,G,1.0,0.0,0.0,0.0,mccrone,570
50167,2014-12-28,False,True,NS,744,A,0.0,0.0,1.0,0.0,mccrone,744
50167,2014-12-28,False,True,NS,813,G,1.0,0.0,0.0,0.0,mccrone,813
50167,2014-12-28,False,True,NS,843,C,0.0,0.0,0.0,1.0,mccrone,843
50167,2014-12-28,False,True,PA,153,C,0.0,0.0,1.0,0.0,mccrone,177
50167,2014-12-28,False,True,PA,282,A,0.0,1.0,0.0,0.0,mccrone,306
50167,2014-12-28,False,True,PA,501,T,0.0,1.0,0.0,0.0,mccrone,525
50167,2014-12-28,False,True,PA,552,C,0.999230325188,0.0007696748119999652,0.0,0.0,mccrone,576
50167,2014-12-28,False,True,PA,836,A,0.0,0.0,1.0,0.0,mccrone,860
50167,2014-12-28,False,True,PA,858,G,0.999205508475,0.0,0.0007944915249999962,0.0,mccrone,882
50167,2014-12-28,False,True,PA,1001,G,1.0,0.0,0.0,0.0,mccrone,1025
50167,2014-12-28,False,True,PA,1137,G,1.0,0.0,0.0,0.0,mccrone,1161
50167,2014-12-28,False,True,PA,1146,A,0.003631882741999992,0.0,0.996368117258,0.0,mccrone,1170
50167,2014-12-28,False,True,PA,1552,T,0.0,0.999320051676,0.0,0.0006799483239999793,mccrone,1576
50167,2014-12-28,False,True,PA,1578,T,0.0,0.999335989376,0.0,0.000664010624000011,mccrone,1602
50167,2014-12-28,False,True,PA,1605,A,0.002488733435999979,0.0,0.997511266564,0.0,mccrone,1629
50167,2014-12-28,False,True,PA,1608,C,0.0,0.0014612761810000041,0.0,0.998538723819,mccrone,1632
50167,2014-12-28,False,True,PA,1966,C,0.0,0.0024803034720000117,0.0,0.997519696528,mccrone,1990
50167,2014-12-28,False,True,PA,2001,G,1.0,0.0,0.0,0.0,mccrone,2025
50167,2014-12-28,False,True,PA,2049,T,0.0,1.0,0.0,0.0,mccrone,2073
50167,2014-12-28,False,True,PB1,364,A,0.0,0.0,1.0,0.0,mccrone,372
50167,2014-12-28,False,True,PB1,424,T,0.0,1.0,0.0,0.0,mccrone,432
50167,2014-12-28,False,True,PB1,470,A,0.0,0.0,0.0,1.0,mccrone,478
50167,2014-12-28,False,True,PB1,502,A,0.0,0.0,1.0,0.0,mccrone,510
50167,2014-12-28,False,True,PB1,513,A,0.0,0.0,0.0,1.0,mccrone,521
50167,2014-12-28,False,True,PB1,589,G,1.0,0.0,0.0,0.0,mccrone,597
50167,2014-12-28,False,True,PB1,643,G,0.998594698179,0.0,0.0014053018209999601,0.0,mccrone,651
50167,2014-12-28,False,True,PB1,650,G,0.99776133325,0.0,0.0022386667499999513,0.0,mccrone,658
50167,2014-12-28,False,True,PB1,655,C,0.0,0.0,0.0,1.0,mccrone,663
50167,2014-12-28,False,True,PB1,892,C,0.0,0.0,0.0,1.0,mccrone,900
50167,2014-12-28,False,True,PB1,913,C,0.0,0.0,0.0,1.0,mccrone,921
50167,2014-12-28,False,True,PB1,1003,G,1.0,0.0,0.0,0.0,mccrone,1011
50167,2014-12-28,False,True,PB1,1159,T,0.0,1.0,0.0,0.0,mccrone,1167
50167,2014-12-28,False,True,PB1,1570,T,0.0,1.0,0.0,0.0,mccrone,1578
50167,2014-12-28,False,True,PB1,1624,C,0.0,0.0,0.0,1.0,mccrone,1632
50167,2014-12-28,False,True,PB1,1690,A,0.0,0.0,1.0,0.0,mccrone,1698
50167,2014-12-28,False,True,PB1,2074,G,0.994855778064,0.0,0.005144221935999949,0.0,mccrone,2082
50167,2014-12-28,False,True,PB2,57,G,1.0,0.0,0.0,0.0,mccrone,57
50167,2014-12-28,False,True,PB2,214,G,0.99709352026,0.0,0.002906479740000023,0.0,mccrone,214
50167,2014-12-28,False,True,PB2,264,C,0.0,0.0,0.0,1.0,mccrone,264
50167,2014-12-28,False,True,PB2,352,G,0.998182166093,0.0,0.001817833906999966,0.0,mccrone,352
50167,2014-12-28,False,True,PB2,501,G,0.996220139099,0.0,0.0037798609010000206,0.0,mccrone,501
50167,2014-12-28,False,True,PB2,573,A,0.0,0.0,1.0,0.0,mccrone,573
50167,2014-12-28,False,True,PB2,843,A,0.0,0.0,1.0,0.0,mccrone,843
50167,2014-12-28,False,True,PB2,856,T,0.0,1.0,0.0,0.0,mccrone,856
50167,2014-12-28,False,True,PB2,1059,G,0.0,0.0,0.0,1.0,mccrone,1059
50167,2014-12-28,False,True,PB2,1413,A,0.0008446494699999585,0.0,0.99915535053,0.0,mccrone,1413
50167,2014-12-28,False,True,PB2,1581,T,0.0,1.0,0.0,0.0,mccrone,1581
50167,2014-12-28,False,True,PB2,1602,G,0.999592861505,0.0,0.000407138494999959,0.0,mccrone,1602
50167,2014-12-28,False,True,PB2,1659,A,0.0,0.0,1.0,0.0,mccrone,1659
50167,2014-12-28,False,True,PB2,1662,C,0.0,0.0,0.0,1.0,mccrone,1662
50167,2014-12-28,False,True,PB2,1707,T,0.0,1.0,0.0,0.0,mccrone,1707
50167,2014-12-28,False,True,PB2,1790,T,0.0,1.0,0.0,0.0,mccrone,1790
50167,2014-12-28,False,True,PB2,1869,G,0.998254951575,0.0,0.0017450484250000065,0.0,mccrone,1869
50167,2014-12-28,False,True,PB2,1885,T,0.0,1.0,0.0,0.0,mccrone,1885
50167,2014-12-28,False,True,PB2,2145,T,1.0,0.0,0.0,0.0,mccrone,2150
50167,2014-12-28,False,True,PB2,2184,A,0.0,0.0,1.0,0.0,mccrone,2189
50167,2014-12-31,True,True,HA,167,G,1.0,0.0,0.0,0.0,mccrone,221
50167,2014-12-31,True,True,HA,364,G,1.0,0.0,0.0,0.0,mccrone,425
50167,2014-12-31,True,True,HA,425,C,0.0,0.0022869557760000214,0.0,0.997713044224,mccrone,504
50167,2014-12-31,True,True,HA,512,T,0.0,0.997494257674,0.0,0.0025057423259999823,mccrone,598
50167,2014-12-31,True,True,HA,556,A,0.0,1.0,0.0,0.0,mccrone,647
50167,2014-12-31,True,True,HA,658,C,0.0,0.0010809772030000442,0.0,0.998919022797,mccrone,749
50167,2014-12-31,True,True,HA,685,T,0.0,1.0,0.0,0.0,mccrone,776
50167,2014-12-31,True,True,HA,1466,C,1.0,0.0,0.0,0.0,mccrone,1592
50167,2014-12-31,True,True,MP,349,A,0.0,0.0,1.0,0.0,mccrone,349
50167,2014-12-31,True,True,MP,427,A,0.0,0.0,1.0,0.0,mccrone,427
50167,2014-12-31,True,True,MP,549,G,1.0,0.0,0.0,0.0,mccrone,549
50167,2014-12-31,True,True,MP,694,C,0.0,0.0,0.0,1.0,mccrone,694
50167,2014-12-31,True,True,NA,103,T,0.0,1.0,0.0,0.0,mccrone,105
50167,2014-12-31,True,True,NA,211,A,0.0,0.0,1.0,0.0,mccrone,226
50167,2014-12-31,True,True,NA,223,A,0.0,0.0,1.0,0.0,mccrone,238
50167,2014-12-31,True,True,NA,226,T,0.0,1.0,0.0,0.0,mccrone,241
50167,2014-12-31,True,True,NA,464,G,0.997424008243,0.0,0.0025759917569999624,0.0,mccrone,481
50167,2014-12-31,True,True,NA,475,G,0.996868191721,0.0,0.003131808278999948,0.0,mccrone,492
50167,2014-12-31,True,True,NA,491,C,0.0,0.0023621785270000473,0.0,0.997637821473,mccrone,508
50167,2014-12-31,True,True,NA,710,A,0.0,0.0,1.0,0.0,mccrone,737
50167,2014-12-31,True,True,NA,753,G,0.998548414641,0.0,0.0014515853590000294,0.0,mccrone,780
50167,2014-12-31,True,True,NA,819,C,1.0,0.0,0.0,0.0,mccrone,846
50167,2014-12-31,True,True,NA,862,T,0.0,0.9984277196,0.0,0.0015722804000000146,mccrone,889
50167,2014-12-31,True,True,NA,907,G,0.997909878896,0.0,0.0020901211039999756,0.0,mccrone,934
50167,2014-12-31,True,True,NA,1108,A,0.0014554863750000369,0.0,0.998544513625,0.0,mccrone,1135
50167,2014-12-31,True,True,NA,1126,G,0.996955216307,0.0,0.003044783692999986,0.0,mccrone,1153
50167,2014-12-31,True,True,NA,1157,A,0.0,0.0,1.0,0.0,mccrone,1184
50167,2014-12-31,True,True,NA,1194,C,0.0,0.0,0.0,1.0,mccrone,1221
50167,2014-12-31,True,True,NP,207,G,0.998103323699,0.0,0.0018966763009999887,0.0,mccrone,207
50167,2014-12-31,True,True,NP,297,C,0.0,0.0,0.0,1.0,mccrone,297
50167,2014-12-31,True,True,NP,347,G,0.998522146687,0.0,0.0014778533129999882,0.0,mccrone,347
50167,2014-12-31,True,True,NP,358,A,0.003493148055999984,0.0,0.996506851944,0.0,mccrone,358
50167,2014-12-31,True,True,NP,606,G,0.998369332763,0.0,0.0016306672370000053,0.0,mccrone,606
50167,2014-12-31,True,True,NP,885,G,0.999346092905,0.0,0.000653907095000017,0.0,mccrone,885
50167,2014-12-31,True,True,NP,909,G,0.0,0.0,0.0,1.0,mccrone,909
50167,2014-12-31,True,True,NP,918,C,0.0,0.0,0.0,1.0,mccrone,918
50167,2014-12-31,True,True,NP,1002,C,0.0,0.0,0.0,1.0,mccrone,1002
50167,2014-12-31,True,True,NP,1092,A,0.0,0.0,1.0,0.0,mccrone,1092
50167,2014-12-31,True,True,NP,1186,T,0.0,1.0,0.0,0.0,mccrone,1186
50167,2014-12-31,True,True,NP,1188,A,0.0,0.0,1.0,0.0,mccrone,1188
50167,2014-12-31,True,True,NP,1224,G,0.996873900981,0.0,0.0031260990189999616,0.0,mccrone,1224
50167,2014-12-31,True,True,NP,1407,C,1.0,0.0,0.0,0.0,mccrone,1407
50167,2014-12-31,True,True,NS,125,T,0.0,1.0,0.0,0.0,mccrone,125
50167,2014-12-31,True,True,NS,140,A,0.0,0.0,1.0,0.0,mccrone,140
50167,2014-12-31,True,True,NS,173,T,1.0,0.0,0.0,0.0,mccrone,173
50167,2014-12-31,True,True,NS,180,T,0.0,1.0,0.0,0.0,mccrone,180
50167,2014-12-31,True,True,NS,246,A,0.0,0.0,1.0,0.0,mccrone,246
50167,2014-12-31,True,True,NS,299,C,0.0,0.0015799101950000338,0.0,0.998420089805,mccrone,299
50167,2014-12-31,True,True,NS,570,G,1.0,0.0,0.0,0.0,mccrone,570
50167,2014-12-31,True,True,NS,744,A,0.0,0.0,1.0,0.0,mccrone,744
50167,2014-12-31,True,True,NS,813,G,1.0,0.0,0.0,0.0,mccrone,813
50167,2014-12-31,True,True,NS,843,C,0.0,0.0,0.0,1.0,mccrone,843
50167,2014-12-31,True,True,PA,153,C,0.0,0.0,1.0,0.0,mccrone,177
50167,2014-12-31,True,True,PA,282,A,0.0,1.0,0.0,0.0,mccrone,306
50167,2014-12-31,True,True,PA,501,T,0.0,1.0,0.0,0.0,mccrone,525
50167,2014-12-31,True,True,PA,552,C,0.997685644383,0.002314355616999997,0.0,0.0,mccrone,576
50167,2014-12-31,True,True,PA,836,A,0.0,0.0,1.0,0.0,mccrone,860
50167,2014-12-31,True,True,PA,858,G,0.998951717334,0.0,0.0010482826659999889,0.0,mccrone,882
50167,2014-12-31,True,True,PA,1001,G,0.998159452744,0.0,0.0018405472560000247,0.0,mccrone,1025
50167,2014-12-31,True,True,PA,1137,G,1.0,0.0,0.0,0.0,mccrone,1161
50167,2014-12-31,True,True,PA,1146,A,0.004206841491000035,0.0,0.995793158509,0.0,mccrone,1170
50167,2014-12-31,True,True,PA,1551,T,0.0,0.0244930994171,0.0,0.9755069005829,mccrone,1575
50167,2014-12-31,True,True,PA,1552,T,0.0,1.0,0.0,0.0,mccrone,1576
50167,2014-12-31,True,True,PA,1578,T,0.0,1.0,0.0,0.0,mccrone,1602
50167,2014-12-31,True,True,PA,1605,A,0.003508661019000048,0.0,0.996491338981,0.0,mccrone,1629
50167,2014-12-31,True,True,PA,1608,C,0.0,0.0017749728820000144,0.0,0.998225027118,mccrone,1632
50167,2014-12-31,True,True,PA,1674,A,0.9879634196048,0.0,0.0120365803952,0.0,mccrone,1698
50167,2014-12-31,True,True,PA,1966,C,0.0,0.011679530086999956,0.0,0.988320469913,mccrone,1990
50167,2014-12-31,True,True,PA,2001,G,1.0,0.0,0.0,0.0,mccrone,2025
50167,2014-12-31,True,True,PA,2049,T,0.0,1.0,0.0,0.0,mccrone,2073
50167,2014-12-31,True,True,PB1,364,A,0.0,0.0,1.0,0.0,mccrone,372
50167,2014-12-31,True,True,PB1,424,T,0.0,1.0,0.0,0.0,mccrone,432
50167,2014-12-31,True,True,PB1,470,A,0.0,0.0,0.0,1.0,mccrone,478
50167,2014-12-31,True,True,PB1,502,A,0.001371742111999974,0.0,0.998628257888,0.0,mccrone,510
50167,2014-12-31,True,True,PB1,513,A,0.0,0.0,0.0,1.0,mccrone,521
50167,2014-12-31,True,True,PB1,589,G,1.0,0.0,0.0,0.0,mccrone,597
50167,2014-12-31,True,True,PB1,643,G,0.99786641594,0.0,0.002133584059999971,0.0,mccrone,651
50167,2014-12-31,True,True,PB1,650,G,0.998617511521,0.0,0.0013824884790000214,0.0,mccrone,658
50167,2014-12-31,True,True,PB1,655,C,0.0,0.0,0.0,1.0,mccrone,663
50167,2014-12-31,True,True,PB1,892,C,0.0,0.0,0.0,1.0,mccrone,900
50167,2014-12-31,True,True,PB1,913,C,0.0,0.0,0.0,1.0,mccrone,921
50167,2014-12-31,True,True,PB1,1003,G,0.999086180233,0.0,0.0009138197670000014,0.0,mccrone,1011
50167,2014-12-31,True,True,PB1,1129,A,0.99201610663705,0.0,0.00798389336295,0.0,mccrone,1137
50167,2014-12-31,True,True,PB1,1159,T,0.0,1.0,0.0,0.0,mccrone,1167
50167,2014-12-31,True,True,PB1,1570,T,0.0,1.0,0.0,0.0,mccrone,1578
50167,2014-12-31,True,True,PB1,1624,C,0.0,0.0,0.0,1.0,mccrone,1632
50167,2014-12-31,True,True,PB1,1690,A,0.0,0.0,1.0,0.0,mccrone,1698
50167,2014-12-31,True,True,PB1,2074,G,0.997790326541,0.0,0.0022096734590000278,0.0,mccrone,2082
50167,2014-12-31,True,True,PB2,57,G,1.0,0.0,0.0,0.0,mccrone,57
50167,2014-12-31,True,True,PB2,214,G,0.997894736842,0.0,0.0021052631579999703,0.0,mccrone,214
50167,2014-12-31,True,True,PB2,264,C,0.0,0.0,0.0,1.0,mccrone,264
50167,2014-12-31,True,True,PB2,352,G,0.998094128858,0.0,0.0019058711420000263,0.0,mccrone,352
50167,2014-12-31,True,True,PB2,501,G,0.996929218486,0.0,0.003070781513999976,0.0,mccrone,501
50167,2014-12-31,True,True,PB2,573,A,0.0015384038119999888,0.0,0.998461596188,0.0,mccrone,573
50167,2014-12-31,True,True,PB2,843,A,0.0,0.0,1.0,0.0,mccrone,843
50167,2014-12-31,True,True,PB2,856,T,0.0,1.0,0.0,0.0,mccrone,856
50167,2014-12-31,True,True,PB2,1059,G,0.0,0.0,0.0,1.0,mccrone,1059
50167,2014-12-31,True,True,PB2,1413,A,0.003147850608000047,0.0,0.996852149392,0.0,mccrone,1413
50167,2014-12-31,True,True,PB2,1525,C,0.0143032304067,0.9856967695933,0.0,0.0,mccrone,1525
50167,2014-12-31,True,True,PB2,1581,T,0.0,1.0,0.0,0.0,mccrone,1581
50167,2014-12-31,True,True,PB2,1602,G,0.999105367793,0.0,0.0008946322070000345,0.0,mccrone,1602
50167,2014-12-31,True,True,PB2,1659,A,0.0,0.0,1.0,0.0,mccrone,1659
50167,2014-12-31,True,True,PB2,1662,C,0.0,0.0,0.0,1.0,mccrone,1662
50167,2014-12-31,True,True,PB2,1707,T,0.0,1.0,0.0,0.0,mccrone,1707
50167,2014-12-31,True,True,PB2,1790,T,0.0,1.0,0.0,0.0,mccrone,1790
50167,2014-12-31,True,True,PB2,1869,G,0.997477099829,0.0,0.0025229001709999865,0.0,mccrone,1869
50167,2014-12-31,True,True,PB2,1885,T,0.0,1.0,0.0,0.0,mccrone,1885
50167,2014-12-31,True,True,PB2,2145,T,1.0,0.0,0.0,0.0,mccrone,2150
50167,2014-12-31,True,True,PB2,2184,A,0.0,0.0,1.0,0.0,mccrone,2189
50207,2014-11-30,False,False,HA,167,G,1.0,0.0,0.0,0.0,mccrone,221
50207,2014-11-30,False,False,HA,242,T,0.0,0.995666707936,0.0,0.004333292064000016,mccrone,303
50207,2014-11-30,False,False,HA,323,G,0.9962090331,0.0,0.0037909669000000257,0.0,mccrone,384
50207,2014-11-30,False,False,HA,364,G,1.0,0.0,0.0,0.0,mccrone,425
50207,2014-11-30,False,False,HA,556,A,0.0011376564280000112,0.998862343572,0.0,0.0,mccrone,647
50207,2014-11-30,False,False,HA,573,G,0.0104347856287,0.0,0.9895652143713,0.0,mccrone,664
50207,2014-11-30,False,False,HA,658,C,0.0,0.0010054772049999938,0.0,0.998994522795,mccrone,749
50207,2014-11-30,False,False,HA,685,T,0.0,1.0,0.0,0.0,mccrone,776
50207,2014-11-30,False,False,HA,736,G,0.00357052750435,0.0,0.99642947249565,0.0,mccrone,859
50207,2014-11-30,False,False,HA,1466,C,1.0,0.0,0.0,0.0,mccrone,1592
50207,2014-11-30,False,False,HA,1670,G,0.0289438607466,0.0,0.9710561392534,0.0,mccrone,1796
50207,2014-11-30,False,False,MP,68,G,0.996618575293,0.0,0.0033814247069999803,0.0,mccrone,68
50207,2014-11-30,False,False,MP,349,A,0.0,0.0,1.0,0.0,mccrone,349
50207,2014-11-30,False,False,MP,427,A,0.0,0.0,1.0,0.0,mccrone,427
50207,2014-11-30,False,False,MP,514,G,0.996442486871,0.0,0.0035575131289999895,0.0,mccrone,514
50207,2014-11-30,False,False,MP,549,G,0.998413372999,0.0,0.001586627000999985,0.0,mccrone,549
50207,2014-11-30,False,False,MP,559,A,0.0029658777240000322,0.0,0.997034122276,0.0,mccrone,559
50207,2014-11-30,False,False,MP,694,C,0.0,0.001232090682000031,0.0,0.998767909318,mccrone,694
50207,2014-11-30,False,False,MP,887,C,0.995591939547,0.004408060453000018,0.0,0.0,mccrone,887
50207,2014-11-30,False,False,NA,103,T,0.0,1.0,0.0,0.0,mccrone,105
50207,2014-11-30,False,False,NA,211,A,0.0,0.0,1.0,0.0,mccrone,226
50207,2014-11-30,False,False,NA,223,A,0.0,0.0,1.0,0.0,mccrone,238
50207,2014-11-30,False,False,NA,226,T,0.0,1.0,0.0,0.0,mccrone,241
50207,2014-11-30,False,False,NA,349,T,0.996493134446,0.0,0.0,0.003506865554000038,mccrone,366
50207,2014-11-30,False,False,NA,475,G,0.996225286841,0.0,0.0037747131590000205,0.0,mccrone,492
50207,2014-11-30,False,False,NA,491,C,0.0,0.002966381015000019,0.0,0.997033618985,mccrone,508
50207,2014-11-30,False,False,NA,710,A,0.0,0.0,1.0,0.0,mccrone,737
50207,2014-11-30,False,False,NA,753,G,0.99644748528,0.0,0.003552514719999955,0.0,mccrone,780
50207,2014-11-30,False,False,NA,819,C,1.0,0.0,0.0,0.0,mccrone,846
50207,2014-11-30,False,False,NA,862,T,0.0,0.996977107533,0.0,0.003022892467000049,mccrone,889
50207,2014-11-30,False,False,NA,907,G,0.997967337212,0.0,0.0020326627879999615,0.0,mccrone,934
50207,2014-11-30,False,False,NA,1108,A,0.0017343208019999778,0.0,0.998265679198,0.0,mccrone,1135
50207,2014-11-30,False,False,NA,1157,A,0.0013352620450000074,0.0,0.998664737955,0.0,mccrone,1184
50207,2014-11-30,False,False,NA,1194,C,0.0,0.0,0.0,1.0,mccrone,1221
50207,2014-11-30,False,False,NP,207,G,0.998130105305,0.0,0.001869894694999985,0.0,mccrone,207
50207,2014-11-30,False,False,NP,347,G,0.99839046459,0.0,0.0016095354099999737,0.0,mccrone,347
50207,2014-11-30,False,False,NP,495,G,0.0121003315966,0.0,0.9878996684034,0.0,mccrone,495
50207,2014-11-30,False,False,NP,606,G,0.998583067659,0.0,0.0014169323410000434,0.0,mccrone,606
50207,2014-11-30,False,False,NP,885,G,0.999121410137,0.0,0.0008785898630000455,0.0,mccrone,885
50207,2014-11-30,False,False,NP,909,G,0.0,0.0,0.0010415200560000004,0.998958479944,mccrone,909
50207,2014-11-30,False,False,NP,918,C,0.0,0.0010383341749999886,0.0,0.998961665825,mccrone,918
50207,2014-11-30,False,False,NP,1002,C,0.0,0.0008984465569999989,0.0,0.999101553443,mccrone,1002
50207,2014-11-30,False,False,NP,1092,A,0.0013845621320000001,0.0,0.998615437868,0.0,mccrone,1092
50207,2014-11-30,False,False,NP,1186,T,0.0,1.0,0.0,0.0,mccrone,1186
50207,2014-11-30,False,False,NP,1188,A,0.0,0.0,1.0,0.0,mccrone,1188
50207,2014-11-30,False,False,NP,1224,G,0.998243392295,0.0,0.0017566077049999684,0.0,mccrone,1224
50207,2014-11-30,False,False,NP,1407,C,1.0,0.0,0.0,0.0,mccrone,1407
50207,2014-11-30,False,False,NS,125,T,0.0,1.0,0.0,0.0,mccrone,125
50207,2014-11-30,False,False,NS,140,A,0.0027442371020000023,0.0,0.997255762898,0.0,mccrone,140
50207,2014-11-30,False,False,NS,173,T,0.996405228758,0.0,0.0,0.0035947712420000277,mccrone,173
50207,2014-11-30,False,False,NS,180,T,0.0,1.0,0.0,0.0,mccrone,180
50207,2014-11-30,False,False,NS,246,A,0.0,0.0,1.0,0.0,mccrone,246
50207,2014-11-30,False,False,NS,299,C,0.0,0.0018645845470000033,0.0,0.998135415453,mccrone,299
50207,2014-11-30,False,False,NS,570,G,0.998980516538,0.0,0.0010194834619999815,0.0,mccrone,570
50207,2014-11-30,False,False,NS,744,A,0.0,0.0,1.0,0.0,mccrone,744
50207,2014-11-30,False,False,NS,813,G,1.0,0.0,0.0,0.0,mccrone,813
50207,2014-11-30,False,False,NS,843,C,0.0,0.0,0.0,1.0,mccrone,843
50207,2014-11-30,False,False,PA,153,C,0.0,0.0,1.0,0.0,mccrone,177
50207,2014-11-30,False,False,PA,282,A,0.0013208100970000247,0.998679189903,0.0,0.0,mccrone,306
50207,2014-11-30,False,False,PA,501,T,0.0,1.0,0.0,0.0,mccrone,525
50207,2014-11-30,False,False,PA,836,A,0.00065611732899995,0.0,0.999343882671,0.0,mccrone,860
50207,2014-11-30,False,False,PA,858,G,0.999155535084,0.0,0.0008444649159999873,0.0,mccrone,882
50207,2014-11-30,False,False,PA,889,T,0.0,0.984168359719,0.0,0.015831640281000037,mccrone,913
50207,2014-11-30,False,False,PA,1001,G,0.999164673273,0.0,0.0008353267270000408,0.0,mccrone,1025
50207,2014-11-30,False,False,PA,1137,G,0.99875780936,0.0,0.0012421906399999738,0.0,mccrone,1161
50207,2014-11-30,False,False,PA,1552,T,0.0,1.0,0.0,0.0,mccrone,1576
50207,2014-11-30,False,False,PA,1578,T,0.0,0.999174793698,0.0,0.0008252063020000033,mccrone,1602
50207,2014-11-30,False,False,PA,1608,C,0.0,0.0009333800020000504,0.0,0.999066619998,mccrone,1632
50207,2014-11-30,False,False,PA,1665,G,0.98563012499,0.0,0.014369875009999977,0.0,mccrone,1689
50207,2014-11-30,False,False,PA,2001,G,1.0,0.0,0.0,0.0,mccrone,2025
50207,2014-11-30,False,False,PA,2049,T,0.0,1.0,0.0,0.0,mccrone,2073
50207,2014-11-30,False,False,PB1,364,A,0.0013713937420000155,0.0,0.998628606258,0.0,mccrone,372
50207,2014-11-30,False,False,PB1,424,T,0.0,1.0,0.0,0.0,mccrone,432
50207,2014-11-30,False,False,PB1,470,A,0.0,0.0,0.0,1.0,mccrone,478
50207,2014-11-30,False,False,PB1,502,A,0.0,0.0,1.0,0.0,mccrone,510
50207,2014-11-30,False,False,PB1,513,A,0.0,0.0,0.0,1.0,mccrone,521
50207,2014-11-30,False,False,PB1,589,G,0.998868654429,0.0,0.0011313455710000309,0.0,mccrone,597
50207,2014-11-30,False,False,PB1,643,G,0.997712750508,0.0,0.0022872494919999875,0.0,mccrone,651
50207,2014-11-30,False,False,PB1,650,G,0.997912692986,0.0,0.0020873070139999506,0.0,mccrone,658
50207,2014-11-30,False,False,PB1,655,C,0.0,0.0008197026709999555,0.0,0.999180297329,mccrone,663
50207,2014-11-30,False,False,PB1,892,C,0.0,0.0,0.0,1.0,mccrone,900
50207,2014-11-30,False,False,PB1,913,C,0.0,0.0009422679670000322,0.0,0.999057732033,mccrone,921
50207,2014-11-30,False,False,PB1,1003,G,0.998976495961,0.0,0.0010235040389999783,0.0,mccrone,1011
50207,2014-11-30,False,False,PB1,1063,A,0.99009016682891,0.00990983317109,0.0,0.0,mccrone,1071
50207,2014-11-30,False,False,PB1,1108,C,0.0,0.99154806433571,0.0,0.00845193566429,mccrone,1116
50207,2014-11-30,False,False,PB1,1159,T,0.0,1.0,0.0,0.0,mccrone,1167
50207,2014-11-30,False,False,PB1,1570,T,0.0,0.998851256207,0.0,0.0011487437930000066,mccrone,1578
50207,2014-11-30,False,False,PB1,1612,C,0.0,0.9904538295601,0.0,0.0095461704399,mccrone,1620
50207,2014-11-30,False,False,PB1,1624,C,0.0,0.0,0.0,1.0,mccrone,1632
50207,2014-11-30,False,False,PB1,1690,A,0.0010119181469999683,0.0,0.998988081853,0.0,mccrone,1698
50207,2014-11-30,False,False,PB1,2025,G,0.0109199857313,0.0,0.9890800142687,0.0,mccrone,2033
50207,2014-11-30,False,False,PB1,2074,G,0.998087801769,0.0,0.001912198230999973,0.0,mccrone,2082
50207,2014-11-30,False,False,PB2,57,G,1.0,0.0,0.0,0.0,mccrone,57
50207,2014-11-30,False,False,PB2,214,G,1.0,0.0,0.0,0.0,mccrone,214
50207,2014-11-30,False,False,PB2,264,C,0.0,0.0,0.0,1.0,mccrone,264
50207,2014-11-30,False,False,PB2,352,G,0.997189463243,0.0,0.0028105367570000483,0.0,mccrone,352
50207,2014-11-30,False,False,PB2,501,G,0.997061954439,0.0,0.002938045560999969,0.0,mccrone,501
50207,2014-11-30,False,False,PB2,573,A,0.0,0.0,1.0,0.0,mccrone,573
50207,2014-11-30,False,False,PB2,585,T,0.0,0.00475255090175,0.0,0.99524744909825,mccrone,585
50207,2014-11-30,False,False,PB2,843,A,0.000846535251999958,0.0,0.999153464748,0.0,mccrone,843
50207,2014-11-30,False,False,PB2,856,T,0.0,0.998856115696,0.0,0.0011438843040000313,mccrone,856
50207,2014-11-30,False,False,PB2,1059,G,0.0,0.0,0.0,1.0,mccrone,1059
50207,2014-11-30,False,False,PB2,1581,T,0.0,0.999064582765,0.0,0.0009354172350000134,mccrone,1581
50207,2014-11-30,False,False,PB2,1602,G,0.999267484,0.0,0.0007325160000000164,0.0,mccrone,1602
50207,2014-11-30,False,False,PB2,1659,A,0.0014268635999999946,0.0,0.9985731364,0.0,mccrone,1659
50207,2014-11-30,False,False,PB2,1662,C,0.0,0.0011626104480000343,0.0,0.998837389552,mccrone,1662
50207,2014-11-30,False,False,PB2,1707,T,0.0,1.0,0.0,0.0,mccrone,1707
50207,2014-11-30,False,False,PB2,1790,T,0.0,0.998626373626,0.0,0.0013736263739999588,mccrone,1790
50207,2014-11-30,False,False,PB2,1885,T,0.0,0.997924928525,0.0,0.0020750714749999677,mccrone,1885
50207,2014-11-30,False,False,PB2,1893,A,0.9447724848281001,0.0,0.0,0.0552275151719,mccrone,1893
50207,2014-11-30,False,False,PB2,2145,T,1.0,0.0,0.0,0.0,mccrone,2150
50207,2014-11-30,False,False,PB2,2184,A,0.0,0.0,1.0,0.0,mccrone,2189
50207,2014-12-01,True,False,HA,167,G,1.0,0.0,0.0,0.0,mccrone,221
50207,2014-12-01,True,False,HA,242,T,0.0,0.997477874077,0.0,0.0025221259230000515,mccrone,303
50207,2014-12-01,True,False,HA,323,G,1.0,0.0,0.0,0.0,mccrone,384
50207,2014-12-01,True,False,HA,364,G,0.99880256593,0.0,0.0011974340699999475,0.0,mccrone,425
50207,2014-12-01,True,False,HA,556,A,0.0010390591790000459,0.998960940821,0.0,0.0,mccrone,647
50207,2014-12-01,True,False,HA,573,G,0.015720714651,0.0,0.984279285349,0.0,mccrone,664
50207,2014-12-01,True,False,HA,658,C,0.0,0.001428377092000055,0.0,0.998571622908,mccrone,749
50207,2014-12-01,True,False,HA,685,T,0.0,1.0,0.0,0.0,mccrone,776
50207,2014-12-01,True,False,HA,1466,C,1.0,0.0,0.0,0.0,mccrone,1592
50207,2014-12-01,True,False,HA,1670,G,0.0349313418453,0.0,0.9650686581547,0.0,mccrone,1796
50207,2014-12-01,True,False,MP,68,G,1.0,0.0,0.0,0.0,mccrone,68
50207,2014-12-01,True,False,MP,349,A,0.0,0.0,1.0,0.0,mccrone,349
50207,2014-12-01,True,False,MP,427,A,0.0,0.0,1.0,0.0,mccrone,427
50207,2014-12-01,True,False,MP,514,G,0.997458242556,0.0,0.0025417574439999813,0.0,mccrone,514
50207,2014-12-01,True,False,MP,549,G,1.0,0.0,0.0,0.0,mccrone,549
50207,2014-12-01,True,False,MP,559,A,0.0,0.0,1.0,0.0,mccrone,559
50207,2014-12-01,True,False,MP,694,C,0.0,0.0,0.0,1.0,mccrone,694
50207,2014-12-01,True,False,MP,887,C,1.0,0.0,0.0,0.0,mccrone,887
50207,2014-12-01,True,False,NA,103,T,0.0,1.0,0.0,0.0,mccrone,105
50207,2014-12-01,True,False,NA,211,A,0.0,0.0,1.0,0.0,mccrone,226
50207,2014-12-01,True,False,NA,223,A,0.0,0.0,1.0,0.0,mccrone,238
50207,2014-12-01,True,False,NA,226,T,0.0,1.0,0.0,0.0,mccrone,241
50207,2014-12-01,True,False,NA,349,T,0.998299624127,0.0,0.0,0.0017003758729999818,mccrone,366
50207,2014-12-01,True,False,NA,475,G,0.998049623503,0.0,0.0019503764970000281,0.0,mccrone,492
50207,2014-12-01,True,False,NA,491,C,0.0,0.0,0.0,1.0,mccrone,508
50207,2014-12-01,True,False,NA,710,A,0.0,0.0,1.0,0.0,mccrone,737
50207,2014-12-01,True,False,NA,753,G,0.998218405244,0.0,0.0017815947560000378,0.0,mccrone,780
50207,2014-12-01,True,False,NA,819,C,1.0,0.0,0.0,0.0,mccrone,846
50207,2014-12-01,True,False,NA,862,T,0.0,1.0,0.0,0.0,mccrone,889
50207,2014-12-01,True,False,NA,907,G,0.997473566015,0.0,0.002526433984999965,0.0,mccrone,934
50207,2014-12-01,True,False,NA,1108,A,0.0,0.0,1.0,0.0,mccrone,1135
50207,2014-12-01,True,False,NA,1157,A,0.0,0.0,1.0,0.0,mccrone,1184
50207,2014-12-01,True,False,NA,1194,C,0.0,0.0,0.0,1.0,mccrone,1221
50207,2014-12-01,True,False,NP,207,G,0.996915484269,0.0,0.0030845157309999927,0.0,mccrone,207
50207,2014-12-01,True,False,NP,347,G,0.998464309973,0.0,0.0015356900270000473,0.0,mccrone,347
50207,2014-12-01,True,False,NP,606,G,0.998027442395,0.0,0.001972557605000036,0.0,mccrone,606
50207,2014-12-01,True,False,NP,885,G,0.99897570012,0.0,0.001024299879999968,0.0,mccrone,885
50207,2014-12-01,True,False,NP,909,G,0.0,0.0,0.0,1.0,mccrone,909
50207,2014-12-01,True,False,NP,918,C,0.0,0.0010272213659999752,0.0,0.998972778634,mccrone,918
50207,2014-12-01,True,False,NP,1002,C,0.0,0.0,0.0,1.0,mccrone,1002
50207,2014-12-01,True,False,NP,1092,A,0.0,0.0,1.0,0.0,mccrone,1092
50207,2014-12-01,True,False,NP,1186,T,0.0,1.0,0.0,0.0,mccrone,1186
50207,2014-12-01,True,False,NP,1188,A,0.0,0.0,1.0,0.0,mccrone,1188
50207,2014-12-01,True,False,NP,1224,G,0.997802841658,0.0,0.0021971583419999607,0.0,mccrone,1224
50207,2014-12-01,True,False,NP,1407,C,1.0,0.0,0.0,0.0,mccrone,1407
50207,2014-12-01,True,False,NS,125,T,0.0,1.0,0.0,0.0,mccrone,125
50207,2014-12-01,True,False,NS,140,A,0.0,0.0,1.0,0.0,mccrone,140
50207,2014-12-01,True,False,NS,173,T,1.0,0.0,0.0,0.0,mccrone,173
50207,2014-12-01,True,False,NS,180,T,0.0,1.0,0.0,0.0,mccrone,180
50207,2014-12-01,True,False,NS,246,A,0.0,0.0,1.0,0.0,mccrone,246
50207,2014-12-01,True,False,NS,299,C,0.0,0.001835026630000014,0.0,0.99816497337,mccrone,299
50207,2014-12-01,True,False,NS,570,G,0.999142881632,0.0,0.0008571183679999539,0.0,mccrone,570
50207,2014-12-01,True,False,NS,744,A,0.0,0.0,1.0,0.0,mccrone,744
50207,2014-12-01,True,False,NS,813,G,1.0,0.0,0.0,0.0,mccrone,813
50207,2014-12-01,True,False,NS,843,C,0.0,0.0,0.0,1.0,mccrone,843
50207,2014-12-01,True,False,PA,153,C,0.0,0.0,1.0,0.0,mccrone,177
50207,2014-12-01,True,False,PA,282,A,0.0,1.0,0.0,0.0,mccrone,306
50207,2014-12-01,True,False,PA,501,T,0.0,1.0,0.0,0.0,mccrone,525
50207,2014-12-01,True,False,PA,836,A,0.0,0.0,1.0,0.0,mccrone,860
50207,2014-12-01,True,False,PA,858,G,0.999066081789,0.0,0.0009339182109999733,0.0,mccrone,882
50207,2014-12-01,True,False,PA,889,T,0.0,0.998810602628,0.0,0.0011893973719999673,mccrone,913
50207,2014-12-01,True,False,PA,1001,G,1.0,0.0,0.0,0.0,mccrone,1025
50207,2014-12-01,True,False,PA,1137,G,1.0,0.0,0.0,0.0,mccrone,1161
50207,2014-12-01,True,False,PA,1175,G,0.0230061114999,0.0,0.9769938885001,0.0,mccrone,1199
50207,2014-12-01,True,False,PA,1552,T,0.0,1.0,0.0,0.0,mccrone,1576
50207,2014-12-01,True,False,PA,1578,T,0.0,0.999261720192,0.0,0.0007382798080000086,mccrone,1602
50207,2014-12-01,True,False,PA,1608,C,0.0,0.0008174466470000086,0.0,0.999182553353,mccrone,1632
50207,2014-12-01,True,False,PA,1665,G,0.998829356146,0.0,0.0011706438540000086,0.0,mccrone,1689
50207,2014-12-01,True,False,PA,2001,G,1.0,0.0,0.0,0.0,mccrone,2025
50207,2014-12-01,True,False,PA,2049,T,0.0,1.0,0.0,0.0,mccrone,2073
50207,2014-12-01,True,False,PB1,364,A,0.0,0.0,1.0,0.0,mccrone,372
50207,2014-12-01,True,False,PB1,424,T,0.0,0.998930904771,0.0,0.0010690952290000055,mccrone,432
50207,2014-12-01,True,False,PB1,470,A,0.0,0.0,0.0,1.0,mccrone,478
50207,2014-12-01,True,False,PB1,502,A,0.00109677183500001,0.0,0.998903228165,0.0,mccrone,510
50207,2014-12-01,True,False,PB1,513,A,0.0,0.0,0.0,1.0,mccrone,521
50207,2014-12-01,True,False,PB1,589,G,0.999133448873,0.0,0.0008665511269999593,0.0,mccrone,597
50207,2014-12-01,True,False,PB1,643,G,0.998123501407,0.0,0.0018764985929999867,0.0,mccrone,651
50207,2014-12-01,True,False,PB1,650,G,0.998756476684,0.0,0.0012435233159999726,0.0,mccrone,658
50207,2014-12-01,True,False,PB1,655,C,0.0,0.0,0.0,1.0,mccrone,663
50207,2014-12-01,True,False,PB1,892,C,0.0,0.0,0.0,1.0,mccrone,900
50207,2014-12-01,True,False,PB1,913,C,0.0,0.0011041716990000117,0.0,0.998895828301,mccrone,921
50207,2014-12-01,True,False,PB1,1003,G,0.998627269295,0.0,0.0013727307049999915,0.0,mccrone,1011
50207,2014-12-01,True,False,PB1,1108,C,0.0,0.9590206312631,0.0,0.0409793687369,mccrone,1116
50207,2014-12-01,True,False,PB1,1159,T,0.0,1.0,0.0,0.0,mccrone,1167
50207,2014-12-01,True,False,PB1,1213,C,0.0,0.977386499684,0.0,0.022613500316,mccrone,1221
50207,2014-12-01,True,False,PB1,1570,T,0.0,1.0,0.0,0.0,mccrone,1578
50207,2014-12-01,True,False,PB1,1624,C,0.0,0.0,0.0,1.0,mccrone,1632
50207,2014-12-01,True,False,PB1,1690,A,0.0010588878260000545,0.0,0.998941112174,0.0,mccrone,1698
50207,2014-12-01,True,False,PB1,2074,G,0.997470208375,0.0,0.0025297916249999997,0.0,mccrone,2082
50207,2014-12-01,True,False,PB2,57,G,1.0,0.0,0.0,0.0,mccrone,57
50207,2014-12-01,True,False,PB2,214,G,0.997095989326,0.0,0.002904010674000035,0.0,mccrone,214
50207,2014-12-01,True,False,PB2,264,C,0.0,0.0,0.0,1.0,mccrone,264
50207,2014-12-01,True,False,PB2,352,G,0.99854464515,0.0,0.0014553548500000346,0.0,mccrone,352
50207,2014-12-01,True,False,PB2,501,G,0.997907590985,0.0,0.002092409014999963,0.0,mccrone,501
50207,2014-12-01,True,False,PB2,573,A,0.0,0.0,1.0,0.0,mccrone,573
50207,2014-12-01,True,False,PB2,585,T,0.0,0.0160544625762,0.0,0.9839455374238,mccrone,585
50207,2014-12-01,True,False,PB2,587,A,0.9713437786756,0.0,0.0286562213244,0.0,mccrone,587
50207,2014-12-01,True,False,PB2,843,A,0.0009565539370000042,0.0,0.999043446063,0.0,mccrone,843
50207,2014-12-01,True,False,PB2,856,T,0.0,1.0,0.0,0.0,mccrone,856
50207,2014-12-01,True,False,PB2,897,C,0.0,0.9706100278996,0.0,0.0293899721004,mccrone,897
50207,2014-12-01,True,False,PB2,960,C,0.0,0.99578771102353,0.0,0.00421228897647,mccrone,960
50207,2014-12-01,True,False,PB2,1059,G,0.0,0.0,0.0,1.0,mccrone,1059
50207,2014-12-01,True,False,PB2,1581,T,0.0,1.0,0.0,0.0,mccrone,1581
50207,2014-12-01,True,False,PB2,1602,G,1.0,0.0,0.0,0.0,mccrone,1602
50207,2014-12-01,True,False,PB2,1659,A,0.0012397568869999542,0.0,0.998760243113,0.0,mccrone,1659
50207,2014-12-01,True,False,PB2,1662,C,0.0,0.0,0.0,1.0,mccrone,1662
50207,2014-12-01,True,False,PB2,1707,T,0.0,0.999092132862,0.0,0.0009078671379999514,mccrone,1707
50207,2014-12-01,True,False,PB2,1790,T,0.0,1.0,0.0,0.0,mccrone,1790
50207,2014-12-01,True,False,PB2,1885,T,0.0,1.0,0.0,0.0,mccrone,1885
50207,2014-12-01,True,False,PB2,1893,A,0.99609603937548,0.0,0.0,0.00390396062452,mccrone,1893
50207,2014-12-01,True,False,PB2,2145,T,1.0,0.0,0.0,0.0,mccrone,2150
50207,2014-12-01,True,False,PB2,2184,A,0.0,0.0,1.0,0.0,mccrone,2189
50232,2014-12-13,False,True,HA,167,G,1.0,0.0,0.0,0.0,mccrone,221
50232,2014-12-13,False,True,HA,364,G,1.0,0.0,0.0,0.0,mccrone,425
50232,2014-12-13,False,True,HA,496,T,0.0,0.997418771981,0.0,0.0025812280189999592,mccrone,582
50232,2014-12-13,False,True,HA,556,A,0.0,1.0,0.0,0.0,mccrone,647
50232,2014-12-13,False,True,HA,658,C,0.0,0.0012976431179999581,0.0,0.998702356882,mccrone,749
50232,2014-12-13,False,True,HA,685,T,0.0,1.0,0.0,0.0,mccrone,776
50232,2014-12-13,False,True,HA,1466,C,1.0,0.0,0.0,0.0,mccrone,1592
50232,2014-12-13,False,True,MP,349,A,0.0,0.0,1.0,0.0,mccrone,349
50232,2014-12-13,False,True,MP,427,A,0.0,0.0,1.0,0.0,mccrone,427
50232,2014-12-13,False,True,MP,549,G,1.0,0.0,0.0,0.0,mccrone,549
50232,2014-12-13,False,True,MP,694,C,0.0,0.0,0.0,1.0,mccrone,694
50232,2014-12-13,False,True,NA,103,T,0.0,1.0,0.0,0.0,mccrone,105
50232,2014-12-13,False,True,NA,211,A,0.0,0.0,1.0,0.0,mccrone,226
50232,2014-12-13,False,True,NA,223,A,0.0,0.0,1.0,0.0,mccrone,238
50232,2014-12-13,False,True,NA,226,T,0.0,1.0,0.0,0.0,mccrone,241
50232,2014-12-13,False,True,NA,475,G,0.997738770504,0.0,0.00226122949600005,0.0,mccrone,492
50232,2014-12-13,False,True,NA,491,C,0.0,0.001926927871999995,0.0,0.998073072128,mccrone,508
50232,2014-12-13,False,True,NA,710,A,0.0010903323859999814,0.0,0.998909667614,0.0,mccrone,737
50232,2014-12-13,False,True,NA,753,G,0.998464052288,0.0,0.001535947712000052,0.0,mccrone,780
50232,2014-12-13,False,True,NA,819,C,1.0,0.0,0.0,0.0,mccrone,846
50232,2014-12-13,False,True,NA,862,T,0.0,0.998575592951,0.0,0.0014244070490000427,mccrone,889
50232,2014-12-13,False,True,NA,907,G,0.997546931961,0.0,0.002453068039000028,0.0,mccrone,934
50232,2014-12-13,False,True,NA,1108,A,0.0,0.0,1.0,0.0,mccrone,1135
50232,2014-12-13,False,True,NA,1126,G,0.998668028238,0.0,0.0013319717619999505,0.0,mccrone,1153
50232,2014-12-13,False,True,NA,1157,A,0.0,0.0,1.0,0.0,mccrone,1184
50232,2014-12-13,False,True,NA,1194,C,0.0,0.0,0.0,1.0,mccrone,1221
50232,2014-12-13,False,True,NP,207,G,0.996835713675,0.0,0.0031642863249999875,0.0,mccrone,207
50232,2014-12-13,False,True,NP,297,C,0.0,0.0024090462139999547,0.0,0.997590953786,mccrone,297
50232,2014-12-13,False,True,NP,347,G,1.0,0.0,0.0,0.0,mccrone,347
50232,2014-12-13,False,True,NP,606,G,0.998340707965,0.0,0.0016592920350000373,0.0,mccrone,606
50232,2014-12-13,False,True,NP,885,G,0.999100025714,0.0,0.0008999742859999715,0.0,mccrone,885
50232,2014-12-13,False,True,NP,909,G,0.0,0.0,0.0,1.0,mccrone,909
50232,2014-12-13,False,True,NP,918,C,0.0,0.0,0.0,1.0,mccrone,918
50232,2014-12-13,False,True,NP,990,A,0.0018549839050000516,0.0,0.998145016095,0.0,mccrone,990
50232,2014-12-13,False,True,NP,1002,C,0.0,0.0,0.0,1.0,mccrone,1002
50232,2014-12-13,False,True,NP,1092,A,0.0,0.0,1.0,0.0,mccrone,1092
50232,2014-12-13,False,True,NP,1132,G,0.9980406409,0.0,0.001959359100000002,0.0,mccrone,1132
50232,2014-12-13,False,True,NP,1186,T,0.0,1.0,0.0,0.0,mccrone,1186
50232,2014-12-13,False,True,NP,1188,A,0.0,0.0,1.0,0.0,mccrone,1188
50232,2014-12-13,False,True,NP,1224,G,0.997052778532,0.0,0.002947221467999972,0.0,mccrone,1224
50232,2014-12-13,False,True,NP,1407,C,1.0,0.0,0.0,0.0,mccrone,1407
50232,2014-12-13,False,True,NS,125,T,0.0,1.0,0.0,0.0,mccrone,125
50232,2014-12-13,False,True,NS,140,A,0.0,0.0,1.0,0.0,mccrone,140
50232,2014-12-13,False,True,NS,173,T,0.99575410744,0.0,0.0,0.004245892559999964,mccrone,173
50232,2014-12-13,False,True,NS,180,T,0.0,1.0,0.0,0.0,mccrone,180
50232,2014-12-13,False,True,NS,246,A,0.001850709439000009,0.0,0.998149290561,0.0,mccrone,246
50232,2014-12-13,False,True,NS,299,C,0.0,0.0,0.0,1.0,mccrone,299
50232,2014-12-13,False,True,NS,570,G,1.0,0.0,0.0,0.0,mccrone,570
50232,2014-12-13,False,True,NS,744,A,0.0,0.0,1.0,0.0,mccrone,744
50232,2014-12-13,False,True,NS,813,G,1.0,0.0,0.0,0.0,mccrone,813
50232,2014-12-13,False,True,NS,843,C,0.0,0.0,0.0,1.0,mccrone,843
50232,2014-12-13,False,True,PA,153,C,0.0,0.0,1.0,0.0,mccrone,177
50232,2014-12-13,False,True,PA,180,C,0.0,0.0038004750590000524,0.0,0.996199524941,mccrone,204
50232,2014-12-13,False,True,PA,282,A,0.0,1.0,0.0,0.0,mccrone,306
50232,2014-12-13,False,True,PA,501,T,0.0,1.0,0.0,0.0,mccrone,525
50232,2014-12-13,False,True,PA,807,G,0.997943909861,0.0,0.0020560901389999886,0.0,mccrone,831
50232,2014-12-13,False,True,PA,836,A,0.0,0.0,1.0,0.0,mccrone,860
50232,2014-12-13,False,True,PA,858,G,0.998974116162,0.0,0.0010258838379999524,0.0,mccrone,882
50232,2014-12-13,False,True,PA,1001,G,0.998471726949,0.0,0.0015282730510000064,0.0,mccrone,1025
50232,2014-12-13,False,True,PA,1122,G,0.012226202765,0.0,0.987773797235,0.0,mccrone,1146
50232,2014-12-13,False,True,PA,1137,G,1.0,0.0,0.0,0.0,mccrone,1161
50232,2014-12-13,False,True,PA,1552,T,0.0,1.0,0.0,0.0,mccrone,1576
50232,2014-12-13,False,True,PA,1578,T,0.0,1.0,0.0,0.0,mccrone,1602
50232,2014-12-13,False,True,PA,1605,A,0.0026403398000000022,0.0,0.9973596602,0.0,mccrone,1629
50232,2014-12-13,False,True,PA,1608,C,0.0,0.0,0.0,1.0,mccrone,1632
50232,2014-12-13,False,True,PA,2001,G,1.0,0.0,0.0,0.0,mccrone,2025
50232,2014-12-13,False,True,PA,2049,T,0.0,1.0,0.0,0.0,mccrone,2073
50232,2014-12-13,False,True,PB1,364,A,0.0,0.0,1.0,0.0,mccrone,372
50232,2014-12-13,False,True,PB1,424,T,0.0,0.998197115385,0.0,0.001802884615,mccrone,432
50232,2014-12-13,False,True,PB1,470,A,0.0,0.0,0.0,1.0,mccrone,478
50232,2014-12-13,False,True,PB1,502,A,0.0,0.0,1.0,0.0,mccrone,510
50232,2014-12-13,False,True,PB1,513,A,0.0,0.0,0.0,1.0,mccrone,521
50232,2014-12-13,False,True,PB1,589,G,1.0,0.0,0.0,0.0,mccrone,597
50232,2014-12-13,False,True,PB1,643,G,0.997467725919,0.0,0.0025322740809999855,0.0,mccrone,651
50232,2014-12-13,False,True,PB1,650,G,0.995895230649,0.0,0.004104769351000015,0.0,mccrone,658
50232,2014-12-13,False,True,PB1,655,C,0.0,0.0,0.0,1.0,mccrone,663
50232,2014-12-13,False,True,PB1,884,A,0.0019435861659999887,0.0,0.998056413834,0.0,mccrone,892
50232,2014-12-13,False,True,PB1,892,C,0.0,0.0004576891780000425,0.0,0.999542310822,mccrone,900
50232,2014-12-13,False,True,PB1,913,C,0.0,0.0011936735299999945,0.0,0.99880632647,mccrone,921
50232,2014-12-13,False,True,PB1,1003,G,0.998419753086,0.0,0.0015802469140000497,0.0,mccrone,1011
50232,2014-12-13,False,True,PB1,1030,C,0.0,0.0017980221760000026,0.0,0.998201977824,mccrone,1038
50232,2014-12-13,False,True,PB1,1159,T,0.0,1.0,0.0,0.0,mccrone,1167
50232,2014-12-13,False,True,PB1,1570,T,0.0,1.0,0.0,0.0,mccrone,1578
50232,2014-12-13,False,True,PB1,1624,C,0.0,0.0,0.0,1.0,mccrone,1632
50232,2014-12-13,False,True,PB1,1690,A,0.0,0.0,1.0,0.0,mccrone,1698
50232,2014-12-13,False,True,PB1,1820,C,0.998207103746,0.0017928962540000315,0.0,0.0,mccrone,1828
50232,2014-12-13,False,True,PB1,2074,G,1.0,0.0,0.0,0.0,mccrone,2082
50232,2014-12-13,False,True,PB2,57,G,1.0,0.0,0.0,0.0,mccrone,57
50232,2014-12-13,False,True,PB2,214,G,1.0,0.0,0.0,0.0,mccrone,214
50232,2014-12-13,False,True,PB2,264,C,0.0,0.0,0.0,1.0,mccrone,264
50232,2014-12-13,False,True,PB2,352,G,0.998155802862,0.0,0.0018441971379999922,0.0,mccrone,352
50232,2014-12-13,False,True,PB2,501,G,0.997251236943,0.0,0.0027487630570000032,0.0,mccrone,501
50232,2014-12-13,False,True,PB2,573,A,0.0,0.0,1.0,0.0,mccrone,573
50232,2014-12-13,False,True,PB2,843,A,0.0,0.0,1.0,0.0,mccrone,843
50232,2014-12-13,False,True,PB2,856,T,0.0,1.0,0.0,0.0,mccrone,856
50232,2014-12-13,False,True,PB2,1059,G,0.0,0.0,0.0,1.0,mccrone,1059
50232,2014-12-13,False,True,PB2,1413,A,0.0025519183390000366,0.0,0.997448081661,0.0,mccrone,1413
50232,2014-12-13,False,True,PB2,1581,T,0.0,1.0,0.0,0.0,mccrone,1581
50232,2014-12-13,False,True,PB2,1602,G,1.0,0.0,0.0,0.0,mccrone,1602
50232,2014-12-13,False,True,PB2,1644,T,0.0,0.998000266631,0.0,0.0019997333689999452,mccrone,1644
50232,2014-12-13,False,True,PB2,1659,A,0.0009307272969999447,0.0,0.999069272703,0.0,mccrone,1659
50232,2014-12-13,False,True,PB2,1662,C,0.0,0.0,0.0,1.0,mccrone,1662
50232,2014-12-13,False,True,PB2,1707,T,0.0,1.0,0.0,0.0,mccrone,1707
50232,2014-12-13,False,True,PB2,1790,T,0.0,1.0,0.0,0.0,mccrone,1790
50232,2014-12-13,False,True,PB2,1869,G,0.998419440877,0.0,0.001580559123000036,0.0,mccrone,1869
50232,2014-12-13,False,True,PB2,1885,T,0.0,1.0,0.0,0.0,mccrone,1885
50232,2014-12-13,False,True,PB2,2145,T,1.0,0.0,0.0,0.0,mccrone,2150
50232,2014-12-13,False,True,PB2,2184,A,0.0,0.0,1.0,0.0,mccrone,2189
50232,2014-12-15,True,True,HA,167,G,1.0,0.0,0.0,0.0,mccrone,221
50232,2014-12-15,True,True,HA,364,G,1.0,0.0,0.0,0.0,mccrone,425
50232,2014-12-15,True,True,HA,496,T,0.0,0.992886874967,0.0,0.0071131250329999895,mccrone,582
50232,2014-12-15,True,True,HA,556,A,0.0,1.0,0.0,0.0,mccrone,647
50232,2014-12-15,True,True,HA,658,C,0.0,0.0012123563360000311,0.0,0.998787643664,mccrone,749
50232,2014-12-15,True,True,HA,685,T,0.0,1.0,0.0,0.0,mccrone,776
50232,2014-12-15,True,True,HA,1466,C,1.0,0.0,0.0,0.0,mccrone,1592
50232,2014-12-15,True,True,MP,320,C,0.0,0.9892837687361,0.0,0.0107162312639,mccrone,320
50232,2014-12-15,True,True,MP,349,A,0.0,0.0,1.0,0.0,mccrone,349
50232,2014-12-15,True,True,MP,427,A,0.0,0.0,1.0,0.0,mccrone,427
50232,2014-12-15,True,True,MP,549,G,1.0,0.0,0.0,0.0,mccrone,549
50232,2014-12-15,True,True,MP,694,C,0.0,0.0,0.0,1.0,mccrone,694
50232,2014-12-15,True,True,MP,721,T,0.0,0.0755530848731,0.0,0.9244469151269,mccrone,721
50232,2014-12-15,True,True,NA,103,T,0.0,1.0,0.0,0.0,mccrone,105
50232,2014-12-15,True,True,NA,211,A,0.0,0.0,1.0,0.0,mccrone,226
50232,2014-12-15,True,True,NA,223,A,0.0,0.0,1.0,0.0,mccrone,238
50232,2014-12-15,True,True,NA,226,T,0.0,1.0,0.0,0.0,mccrone,241
50232,2014-12-15,True,True,NA,475,G,0.9821945047,0.0,0.017805495299999974,0.0,mccrone,492
50232,2014-12-15,True,True,NA,491,C,0.0,0.016287810989999985,0.0,0.98371218901,mccrone,508
50232,2014-12-15,True,True,NA,710,A,0.0,0.0,1.0,0.0,mccrone,737
50232,2014-12-15,True,True,NA,753,G,0.983891560047,0.0,0.016108439953000042,0.0,mccrone,780
50232,2014-12-15,True,True,NA,819,C,1.0,0.0,0.0,0.0,mccrone,846
50232,2014-12-15,True,True,NA,862,T,0.0,0.984919453093,0.0,0.015080546907000003,mccrone,889
50232,2014-12-15,True,True,NA,907,G,0.997927519184,0.0,0.0020724808159999775,0.0,mccrone,934
50232,2014-12-15,True,True,NA,1108,A,0.0,0.0,1.0,0.0,mccrone,1135
50232,2014-12-15,True,True,NA,1126,G,0.985013169121,0.0,0.01498683087899999,0.0,mccrone,1153
50232,2014-12-15,True,True,NA,1157,A,0.0,0.0,1.0,0.0,mccrone,1184
50232,2014-12-15,True,True,NA,1194,C,0.0,0.0,0.0,1.0,mccrone,1221
50232,2014-12-15,True,True,NP,207,G,0.996625987078,0.0,0.0033740129220000137,0.0,mccrone,207
50232,2014-12-15,True,True,NP,297,C,0.0,0.002928081505000013,0.0,0.997071918495,mccrone,297
50232,2014-12-15,True,True,NP,347,G,1.0,0.0,0.0,0.0,mccrone,347
50232,2014-12-15,True,True,NP,606,G,0.998284938425,0.0,0.0017150615750000098,0.0,mccrone,606
50232,2014-12-15,True,True,NP,885,G,0.999220263693,0.0,0.0007797363070000118,0.0,mccrone,885
50232,2014-12-15,True,True,NP,909,G,0.0,0.0,0.0,1.0,mccrone,909
50232,2014-12-15,True,True,NP,918,C,0.0,0.0,0.0,1.0,mccrone,918
50232,2014-12-15,True,True,NP,990,A,0.0030892103680000282,0.0,0.996910789632,0.0,mccrone,990
50232,2014-12-15,True,True,NP,1002,C,0.0,0.0,0.0,1.0,mccrone,1002
50232,2014-12-15,True,True,NP,1092,A,0.0012681110540000429,0.0,0.998731888946,0.0,mccrone,1092
50232,2014-12-15,True,True,NP,1132,G,0.996117724301,0.0,0.003882275699000015,0.0,mccrone,1132
50232,2014-12-15,True,True,NP,1186,T,0.0,1.0,0.0,0.0,mccrone,1186
50232,2014-12-15,True,True,NP,1188,A,0.0,0.0,1.0,0.0,mccrone,1188
50232,2014-12-15,True,True,NP,1224,G,0.998140495868,0.0,0.0018595041319999783,0.0,mccrone,1224
50232,2014-12-15,True,True,NP,1407,C,1.0,0.0,0.0,0.0,mccrone,1407
50232,2014-12-15,True,True,NS,125,T,0.0,0.996802557954,0.0,0.003197442046000032,mccrone,125
50232,2014-12-15,True,True,NS,140,A,0.07729362820200003,0.0,0.922706371798,0.0,mccrone,140
50232,2014-12-15,True,True,NS,173,T,0.919238613188,0.0,0.0,0.08076138681199996,mccrone,173
50232,2014-12-15,True,True,NS,180,T,0.0,1.0,0.0,0.0,mccrone,180
50232,2014-12-15,True,True,NS,246,A,0.0,0.0,1.0,0.0,mccrone,246
50232,2014-12-15,True,True,NS,299,C,0.0,0.001580861041999948,0.0,0.998419138958,mccrone,299
50232,2014-12-15,True,True,NS,440,T,0.0,0.0,0.0241244183161,0.9758755816839,mccrone,440
50232,2014-12-15,True,True,NS,570,G,1.0,0.0,0.0,0.0,mccrone,570
50232,2014-12-15,True,True,NS,744,A,0.0,0.0,1.0,0.0,mccrone,744
50232,2014-12-15,True,True,NS,813,G,1.0,0.0,0.0,0.0,mccrone,813
50232,2014-12-15,True,True,NS,843,C,0.0,0.0,0.0,1.0,mccrone,843
50232,2014-12-15,True,True,PA,153,C,0.0,0.0,1.0,0.0,mccrone,177
50232,2014-12-15,True,True,PA,180,C,0.0,0.02466960352400005,0.0,0.975330396476,mccrone,204
50232,2014-12-15,True,True,PA,282,A,0.0,1.0,0.0,0.0,mccrone,306
50232,2014-12-15,True,True,PA,501,T,0.0,1.0,0.0,0.0,mccrone,525
50232,2014-12-15,True,True,PA,552,C,0.0224108822864,0.9775891177136,0.0,0.0,mccrone,576
50232,2014-12-15,True,True,PA,807,G,0.975313342853,0.0,0.024686657147000024,0.0,mccrone,831
50232,2014-12-15,True,True,PA,836,A,0.0,0.0,1.0,0.0,mccrone,860
50232,2014-12-15,True,True,PA,858,G,1.0,0.0,0.0,0.0,mccrone,882
50232,2014-12-15,True,True,PA,1001,G,1.0,0.0,0.0,0.0,mccrone,1025
50232,2014-12-15,True,True,PA,1014,T,0.0,0.0235300535364,0.0,0.9764699464636,mccrone,1038
50232,2014-12-15,True,True,PA,1137,G,1.0,0.0,0.0,0.0,mccrone,1161
50232,2014-12-15,True,True,PA,1552,T,0.0,1.0,0.0,0.0,mccrone,1576
50232,2014-12-15,True,True,PA,1578,T,0.0,1.0,0.0,0.0,mccrone,1602
50232,2014-12-15,True,True,PA,1605,A,0.026771845399000016,0.0,0.973228154601,0.0,mccrone,1629
50232,2014-12-15,True,True,PA,1608,C,0.0,0.0005637684789999708,0.0,0.999436231521,mccrone,1632
50232,2014-12-15,True,True,PA,2001,G,1.0,0.0,0.0,0.0,mccrone,2025
50232,2014-12-15,True,True,PA,2049,T,0.0,1.0,0.0,0.0,mccrone,2073
50232,2014-12-15,True,True,PB1,364,A,0.0,0.0,1.0,0.0,mccrone,372
50232,2014-12-15,True,True,PB1,424,T,0.0,1.0,0.0,0.0,mccrone,432
50232,2014-12-15,True,True,PB1,470,A,0.0,0.0,0.0,1.0,mccrone,478
50232,2014-12-15,True,True,PB1,502,A,0.0,0.0,1.0,0.0,mccrone,510
50232,2014-12-15,True,True,PB1,513,A,0.0,0.0,0.0,1.0,mccrone,521
50232,2014-12-15,True,True,PB1,538,G,0.0223448876923,0.0,0.9776551123077,0.0,mccrone,546
50232,2014-12-15,True,True,PB1,589,G,1.0,0.0,0.0,0.0,mccrone,597
50232,2014-12-15,True,True,PB1,643,G,0.997949962346,0.0,0.0020500376540000254,0.0,mccrone,651
50232,2014-12-15,True,True,PB1,650,G,0.973527218494,0.0,0.026472781505999965,0.0,mccrone,658
50232,2014-12-15,True,True,PB1,655,C,0.0,0.0,0.0,1.0,mccrone,663
50232,2014-12-15,True,True,PB1,884,A,0.022364074635999986,0.0,0.977635925364,0.0,mccrone,892
50232,2014-12-15,True,True,PB1,892,C,0.0,0.0,0.0,1.0,mccrone,900
50232,2014-12-15,True,True,PB1,913,C,0.0,0.0,0.0,1.0,mccrone,921
50232,2014-12-15,True,True,PB1,1003,G,0.99933271053,0.0,0.0006672894700000542,0.0,mccrone,1011
50232,2014-12-15,True,True,PB1,1030,C,0.0,0.022448611611999958,0.0,0.977551388388,mccrone,1038
50232,2014-12-15,True,True,PB1,1159,T,0.0,1.0,0.0,0.0,mccrone,1167
50232,2014-12-15,True,True,PB1,1345,C,0.0,0.9378212990957,0.0,0.0621787009043,mccrone,1353
50232,2014-12-15,True,True,PB1,1570,T,0.0,1.0,0.0,0.0,mccrone,1578
50232,2014-12-15,True,True,PB1,1624,C,0.0,0.0,0.0,1.0,mccrone,1632
50232,2014-12-15,True,True,PB1,1690,A,0.0,0.0,1.0,0.0,mccrone,1698
50232,2014-12-15,True,True,PB1,1820,C,0.977046873626,0.022953126374000044,0.0,0.0,mccrone,1828
50232,2014-12-15,True,True,PB1,2074,G,1.0,0.0,0.0,0.0,mccrone,2082
50232,2014-12-15,True,True,PB2,57,G,1.0,0.0,0.0,0.0,mccrone,57
50232,2014-12-15,True,True,PB2,214,G,1.0,0.0,0.0,0.0,mccrone,214
50232,2014-12-15,True,True,PB2,264,C,0.0,0.0,0.0,1.0,mccrone,264
50232,2014-12-15,True,True,PB2,352,G,0.983766084029,0.0,0.01623391597099999,0.0,mccrone,352
50232,2014-12-15,True,True,PB2,501,G,0.9828580155,0.0,0.01714198450000004,0.0,mccrone,501
50232,2014-12-15,True,True,PB2,573,A,0.0,0.0,1.0,0.0,mccrone,573
50232,2014-12-15,True,True,PB2,705,T,0.0,0.0168994243365,0.0,0.9831005756635,mccrone,705
50232,2014-12-15,True,True,PB2,720,T,0.0,0.0,0.00597891112547,0.99402108887453,mccrone,720
50232,2014-12-15,True,True,PB2,843,A,0.0,0.0,1.0,0.0,mccrone,843
50232,2014-12-15,True,True,PB2,856,T,0.0,0.986840154211,0.0,0.01315984578899998,mccrone,856
50232,2014-12-15,True,True,PB2,1059,G,0.0,0.0,0.0,1.0,mccrone,1059
50232,2014-12-15,True,True,PB2,1223,T,0.0,0.006561779111,0.0,0.993438220889,mccrone,1223
50232,2014-12-15,True,True,PB2,1413,A,0.0,0.0,1.0,0.0,mccrone,1413
50232,2014-12-15,True,True,PB2,1581,T,0.0,1.0,0.0,0.0,mccrone,1581
50232,2014-12-15,True,True,PB2,1602,G,0.999343041717,0.0,0.0006569582830000531,0.0,mccrone,1602
50232,2014-12-15,True,True,PB2,1644,T,0.0,0.992810794868,0.0,0.007189205132000054,mccrone,1644
50232,2014-12-15,True,True,PB2,1659,A,0.0,0.0,1.0,0.0,mccrone,1659
50232,2014-12-15,True,True,PB2,1662,C,0.0,0.0,0.0,1.0,mccrone,1662
50232,2014-12-15,True,True,PB2,1707,T,0.0,1.0,0.0,0.0,mccrone,1707
50232,2014-12-15,True,True,PB2,1790,T,0.0,1.0,0.0,0.0,mccrone,1790
50232,2014-12-15,True,True,PB2,1818,A,0.99419356614172,0.0,0.00580643385828,0.0,mccrone,1818
50232,2014-12-15,True,True,PB2,1869,G,0.993288041254,0.0,0.006711958745999946,0.0,mccrone,1869
50232,2014-12-15,True,True,PB2,1885,T,0.0,1.0,0.0,0.0,mccrone,1885
50232,2014-12-15,True,True,PB2,2145,T,1.0,0.0,0.0,0.0,mccrone,2150
50232,2014-12-15,True,True,PB2,2184,A,0.0,0.0,1.0,0.0,mccrone,2189
50246,2015-01-01,False,True,HA,84,A,0.0,1.0,0.0,0.0,mccrone,116
50246,2015-01-01,False,True,HA,91,G,1.0,0.0,0.0,0.0,mccrone,140
50246,2015-01-01,False,True,HA,203,G,0.997474022619,0.0,0.002525977381000022,0.0,mccrone,264
50246,2015-01-01,False,True,HA,261,G,0.997264524558,0.0,0.002735475442000035,0.0,mccrone,322
50246,2015-01-01,False,True,HA,364,G,1.0,0.0,0.0,0.0,mccrone,425
50246,2015-01-01,False,True,HA,425,C,0.0,0.0014070518130000487,0.0,0.998592948187,mccrone,504
50246,2015-01-01,False,True,HA,441,A,0.0012642919959999777,0.0,0.998735708004,0.0,mccrone,527
50246,2015-01-01,False,True,HA,459,A,0.0018081696389999902,0.0,0.998191830361,0.0,mccrone,545
50246,2015-01-01,False,True,HA,501,A,0.00276460224999997,0.0,0.99723539775,0.0,mccrone,587
50246,2015-01-01,False,True,HA,508,G,0.998890782675,0.0,0.0011092173250000226,0.0,mccrone,594
50246,2015-01-01,False,True,HA,547,T,0.0,0.998793889038,0.0,0.0012061109619999622,mccrone,638
50246,2015-01-01,False,True,HA,553,A,0.0011296699749999695,0.0,0.0,0.998870330025,mccrone,644
50246,2015-01-01,False,True,HA,623,T,0.0,0.997886637043,0.0,0.0021133629570000423,mccrone,714
50246,2015-01-01,False,True,HA,658,C,0.0,0.001158249158000002,0.0,0.998841750842,mccrone,749
50246,2015-01-01,False,True,HA,685,T,0.0,1.0,0.0,0.0,mccrone,776
50246,2015-01-01,False,True,HA,692,T,0.0,0.99789181544,0.0,0.0021081845599999482,mccrone,783
50246,2015-01-01,False,True,HA,722,A,0.0014934129820000086,0.0,0.998506587018,0.0,mccrone,845
50246,2015-01-01,False,True,HA,750,G,0.998896218233,0.0,0.0011037817669999894,0.0,mccrone,873
50246,2015-01-01,False,True,HA,1010,T,0.998412658419,0.0,0.0,0.0015873415810000457,mccrone,1136
50246,2015-01-01,False,True,HA,1116,G,0.995496878518,0.0,0.00450312148200005,0.0,mccrone,1242
50246,2015-01-01,False,True,HA,1117,T,0.997986440332,0.0,0.0,0.0020135596679999868,mccrone,1243
50246,2015-01-01,False,True,HA,1289,A,0.002165322361999955,0.0,0.997834677638,0.0,mccrone,1415
50246,2015-01-01,False,True,HA,1325,T,0.998139382165,0.0,0.0,0.0018606178350000224,mccrone,1451
50246,2015-01-01,False,True,HA,1337,C,0.0,0.0018516471370000342,0.0,0.998148352863,mccrone,1463
50246,2015-01-01,False,True,HA,1520,A,0.001691093573999991,0.998308906426,0.0,0.0,mccrone,1646
50246,2015-01-01,False,True,HA,1542,A,0.0,0.0,1.0,0.0,mccrone,1668
50246,2015-01-01,False,True,HA,1547,G,0.997623258899,0.0,0.002376741100999946,0.0,mccrone,1673
50246,2015-01-01,False,True,HA,1562,A,0.0,0.0,0.0,1.0,mccrone,1688
50246,2015-01-01,False,True,MP,349,A,0.0,0.0,1.0,0.0,mccrone,349
50246,2015-01-01,False,True,MP,427,A,0.0,0.0,1.0,0.0,mccrone,427
50246,2015-01-01,False,True,MP,549,G,1.0,0.0,0.0,0.0,mccrone,549
50246,2015-01-01,False,True,MP,586,G,0.997841389019,0.0,0.0021586109810000087,0.0,mccrone,586
50246,2015-01-01,False,True,MP,664,G,0.997646225102,0.0,0.0023537748980000384,0.0,mccrone,664
50246,2015-01-01,False,True,MP,694,C,0.0,0.0014350310020000423,0.0,0.998564968998,mccrone,694
50246,2015-01-01,False,True,MP,866,C,0.0,0.0,0.0,1.0,mccrone,866
50246,2015-01-01,False,True,NA,34,A,0.0,0.0,1.0,0.0,mccrone,36
50246,2015-01-01,False,True,NA,103,T,0.0,1.0,0.0,0.0,mccrone,105
50246,2015-01-01,False,True,NA,116,G,1.0,0.0,0.0,0.0,mccrone,118
50246,2015-01-01,False,True,NA,154,C,0.0,0.0032972209139999764,0.0,0.996702779086,mccrone,163
50246,2015-01-01,False,True,NA,211,A,0.0,0.0,1.0,0.0,mccrone,226
50246,2015-01-01,False,True,NA,221,T,0.0,0.997563946407,0.0,0.0024360535930000315,mccrone,236
50246,2015-01-01,False,True,NA,223,A,0.0,0.0,1.0,0.0,mccrone,238
50246,2015-01-01,False,True,NA,226,T,0.0,1.0,0.0,0.0,mccrone,241
50246,2015-01-01,False,True,NA,397,T,0.0,0.997243048785,0.0,0.0027569512149999698,mccrone,414
50246,2015-01-01,False,True,NA,427,G,0.0,0.0,0.0,1.0,mccrone,444
50246,2015-01-01,False,True,NA,514,T,0.0,0.998296888781,0.0,0.0017031112190000197,mccrone,541
50246,2015-01-01,False,True,NA,520,C,0.0,0.002121019300999949,0.0,0.997878980699,mccrone,547
50246,2015-01-01,False,True,NA,682,T,0.998846929951,0.0,0.0,0.0011530700490000045,mccrone,709
50246,2015-01-01,False,True,NA,710,A,0.0,0.0,1.0,0.0,mccrone,737
50246,2015-01-01,False,True,NA,763,A,0.0,0.0,1.0,0.0,mccrone,790
50246,2015-01-01,False,True,NA,856,T,0.0,0.998503416728,0.0,0.0014965832719999739,mccrone,883
50246,2015-01-01,False,True,NA,907,G,0.99822395621,0.0,0.0017760437899999593,0.0,mccrone,934
50246,2015-01-01,False,True,NA,910,C,0.0,0.002636281086000003,0.0,0.997363718914,mccrone,937
50246,2015-01-01,False,True,NA,1072,C,0.0,0.002078453366999966,0.0,0.997921546633,mccrone,1099
50246,2015-01-01,False,True,NA,1147,C,0.0,0.0,1.0,0.0,mccrone,1174
50246,2015-01-01,False,True,NA,1194,C,0.0,0.0,0.0,1.0,mccrone,1221
50246,2015-01-01,False,True,NA,1205,G,1.0,0.0,0.0,0.0,mccrone,1232
50246,2015-01-01,False,True,NA,1220,G,1.0,0.0,0.0,0.0,mccrone,1247
50246,2015-01-01,False,True,NA,1357,T,0.0,1.0,0.0,0.0,mccrone,1396
50246,2015-01-01,False,True,NP,96,A,0.0,0.0,1.0,0.0,mccrone,96
50246,2015-01-01,False,True,NP,135,G,1.0,0.0,0.0,0.0,mccrone,135
50246,2015-01-01,False,True,NP,159,A,0.0,0.0,1.0,0.0,mccrone,159
50246,2015-01-01,False,True,NP,213,G,1.0,0.0,0.0,0.0,mccrone,213
50246,2015-01-01,False,True,NP,219,G,1.0,0.0,0.0,0.0,mccrone,219
50246,2015-01-01,False,True,NP,273,T,0.0,0.998551744114,0.0,0.0014482558859999495,mccrone,273
50246,2015-01-01,False,True,NP,339,G,0.998651953101,0.0,0.0013480468990000327,0.0,mccrone,339
50246,2015-01-01,False,True,NP,347,G,1.0,0.0,0.0,0.0,mccrone,347
50246,2015-01-01,False,True,NP,681,G,0.996877515673,0.0,0.003122484327000019,0.0,mccrone,681
50246,2015-01-01,False,True,NP,696,T,0.0,0.997547472197,0.0,0.002452527802999982,mccrone,696
50246,2015-01-01,False,True,NP,771,T,0.0,0.0,0.997453169257,0.002546830742999995,mccrone,771
50246,2015-01-01,False,True,NP,835,C,0.0,0.0015478424020000103,0.0,0.998452157598,mccrone,835
50246,2015-01-01,False,True,NP,871,C,0.0,0.0020833826560000546,0.0,0.997916617344,mccrone,871
50246,2015-01-01,False,True,NP,906,T,0.0,0.99806520267,0.0,0.0019347973300000154,mccrone,906
50246,2015-01-01,False,True,NP,912,C,0.0,0.9761540839007,0.0,0.0238459160993,mccrone,912
50246,2015-01-01,False,True,NP,930,A,0.0023781789939999465,0.0,0.997621821006,0.0,mccrone,930
50246,2015-01-01,False,True,NP,972,T,0.0,0.998728948205,0.0,0.0012710517949999778,mccrone,972
50246,2015-01-01,False,True,NP,1053,T,1.0,0.0,0.0,0.0,mccrone,1053
50246,2015-01-01,False,True,NP,1092,A,0.0,0.0,1.0,0.0,mccrone,1092
50246,2015-01-01,False,True,NP,1186,T,0.0,1.0,0.0,0.0,mccrone,1186
50246,2015-01-01,False,True,NP,1188,A,0.0,0.0,1.0,0.0,mccrone,1188
50246,2015-01-01,False,True,NP,1197,G,0.998756290854,0.0,0.0012437091460000271,0.0,mccrone,1197
50246,2015-01-01,False,True,NP,1224,G,1.0,0.0,0.0,0.0,mccrone,1224
50246,2015-01-01,False,True,NP,1308,A,0.0,1.0,0.0,0.0,mccrone,1308
50246,2015-01-01,False,True,NP,1350,A,0.0,0.0,1.0,0.0,mccrone,1350
50246,2015-01-01,False,True,NP,1359,A,0.0,0.0,1.0,0.0,mccrone,1359
50246,2015-01-01,False,True,NP,1383,G,1.0,0.0,0.0,0.0,mccrone,1383
50246,2015-01-01,False,True,NP,1407,C,1.0,0.0,0.0,0.0,mccrone,1407
50246,2015-01-01,False,True,NP,1420,C,1.0,0.0,0.0,0.0,mccrone,1420
50246,2015-01-01,False,True,NP,1422,G,1.0,0.0,0.0,0.0,mccrone,1422
50246,2015-01-01,False,True,NP,1494,C,0.0,0.0,0.0,1.0,mccrone,1494
50246,2015-01-01,False,True,NP,1527,A,0.0,0.0,1.0,0.0,mccrone,1527
50246,2015-01-01,False,True,NS,180,T,0.0,1.0,0.0,0.0,mccrone,180
50246,2015-01-01,False,True,NS,242,A,0.0,0.0,1.0,0.0,mccrone,242
50246,2015-01-01,False,True,NS,246,A,0.0,0.0,1.0,0.0,mccrone,246
50246,2015-01-01,False,True,NS,299,C,0.0,0.00310225510100004,0.0,0.996897744899,mccrone,299
50246,2015-01-01,False,True,NS,455,C,1.0,0.0,0.0,0.0,mccrone,455
50246,2015-01-01,False,True,NS,557,A,0.002259376412000025,0.0,0.997740623588,0.0,mccrone,557
50246,2015-01-01,False,True,NS,570,G,1.0,0.0,0.0,0.0,mccrone,570
50246,2015-01-01,False,True,NS,578,A,0.0023302876070000478,0.997669712393,0.0,0.0,mccrone,578
50246,2015-01-01,False,True,NS,843,C,0.0,0.0,0.0,1.0,mccrone,843
50246,2015-01-01,False,True,PA,153,C,0.0,0.0,1.0,0.0,mccrone,177
50246,2015-01-01,False,True,PA,207,A,0.0,0.0,1.0,0.0,mccrone,231
50246,2015-01-01,False,True,PA,225,A,0.0,0.0,1.0,0.0,mccrone,249
50246,2015-01-01,False,True,PA,261,G,1.0,0.0,0.0,0.0,mccrone,285
50246,2015-01-01,False,True,PA,282,A,0.0,1.0,0.0,0.0,mccrone,306
50246,2015-01-01,False,True,PA,342,G,1.0,0.0,0.0,0.0,mccrone,366
50246,2015-01-01,False,True,PA,465,T,0.0,0.998614058643,0.0,0.0013859413569999868,mccrone,489
50246,2015-01-01,False,True,PA,501,T,0.0,1.0,0.0,0.0,mccrone,525
50246,2015-01-01,False,True,PA,534,C,0.0,0.0,0.0,1.0,mccrone,558
50246,2015-01-01,False,True,PA,564,A,0.0024965848600000395,0.0,0.99750341514,0.0,mccrone,588
50246,2015-01-01,False,True,PA,651,T,0.0,0.99802779434,0.0,0.0019722056600000037,mccrone,675
50246,2015-01-01,False,True,PA,657,C,0.0,0.003849502773000002,0.0,0.996150497227,mccrone,681
50246,2015-01-01,False,True,PA,834,T,0.0,0.99669951868,0.0,0.0033004813200000482,mccrone,858
50246,2015-01-01,False,True,PA,850,T,0.0,0.998127340824,0.0,0.001872659175999991,mccrone,874
50246,2015-01-01,False,True,PA,885,G,0.998463830183,0.0,0.0015361698169999993,0.0,mccrone,909
50246,2015-01-01,False,True,PA,942,G,0.998675371369,0.0,0.0013246286310000244,0.0,mccrone,966
50246,2015-01-01,False,True,PA,969,A,0.0025898196539999585,0.0,0.997410180346,0.0,mccrone,993
50246,2015-01-01,False,True,PA,1001,G,0.999258297793,0.0,0.0007417022069999835,0.0,mccrone,1025
50246,2015-01-01,False,True,PA,1137,G,1.0,0.0,0.0,0.0,mccrone,1161
50246,2015-01-01,False,True,PA,1209,A,0.002257434339000053,0.997742565661,0.0,0.0,mccrone,1233
50246,2015-01-01,False,True,PA,1278,T,0.0,0.998491639373,0.0,0.0015083606269999938,mccrone,1302
50246,2015-01-01,False,True,PA,1329,A,0.002183503408999976,0.0,0.997816496591,0.0,mccrone,1353
50246,2015-01-01,False,True,PA,1461,T,0.0,1.0,0.0,0.0,mccrone,1485
50246,2015-01-01,False,True,PA,1465,C,0.0,0.0,0.0,1.0,mccrone,1489
50246,2015-01-01,False,True,PA,1554,G,0.998664113639,0.0,0.001335886361000016,0.0,mccrone,1578
50246,2015-01-01,False,True,PA,1605,A,0.0,0.0,0.0,1.0,mccrone,1629
50246,2015-01-01,False,True,PA,1617,T,0.0,0.0,0.997673416631,0.002326583369000046,mccrone,1641
50246,2015-01-01,False,True,PA,1620,A,0.002657180816999949,0.0,0.997342819183,0.0,mccrone,1644
50246,2015-01-01,False,True,PA,1662,T,0.0,0.997259452747,0.0,0.002740547252999992,mccrone,1686
50246,2015-01-01,False,True,PA,1708,T,0.0,0.997312618098,0.0,0.002687381902000019,mccrone,1732
50246,2015-01-01,False,True,PA,1824,A,0.0,0.0,1.0,0.0,mccrone,1848
50246,2015-01-01,False,True,PA,1899,A,0.0,0.0,1.0,0.0,mccrone,1923
50246,2015-01-01,False,True,PA,2023,A,0.0,0.0,1.0,0.0,mccrone,2047
50246,2015-01-01,False,True,PA,2046,G,0.0,1.0,0.0,0.0,mccrone,2070
50246,2015-01-01,False,True,PA,2049,T,0.0,1.0,0.0,0.0,mccrone,2073
50246,2015-01-01,False,True,PA,2061,C,0.0,0.0,0.0,1.0,mccrone,2085
50246,2015-01-01,False,True,PB1,61,A,0.0,0.0,1.0,0.0,mccrone,69
50246,2015-01-01,False,True,PB1,163,C,0.0,0.0,0.0,1.0,mccrone,171
50246,2015-01-01,False,True,PB1,364,A,0.0,0.0,1.0,0.0,mccrone,372
50246,2015-01-01,False,True,PB1,470,A,0.0,0.0,0.0,1.0,mccrone,478
50246,2015-01-01,False,True,PB1,502,A,0.0,0.0,1.0,0.0,mccrone,510
50246,2015-01-01,False,True,PB1,513,A,0.0,0.0,0.0,1.0,mccrone,521
50246,2015-01-01,False,True,PB1,589,G,1.0,0.0,0.0,0.0,mccrone,597
50246,2015-01-01,False,True,PB1,655,C,0.0,0.0,0.0,1.0,mccrone,663
50246,2015-01-01,False,True,PB1,660,G,1.0,0.0,0.0,0.0,mccrone,668
50246,2015-01-01,False,True,PB1,742,A,0.002558705789999949,0.0,0.99744129421,0.0,mccrone,750
50246,2015-01-01,False,True,PB1,892,C,0.0,0.0010221465080000325,0.0,0.998977853492,mccrone,900
50246,2015-01-01,False,True,PB1,913,C,0.0,0.00105788761000003,0.0,0.99894211239,mccrone,921
50246,2015-01-01,False,True,PB1,1003,G,0.998622470943,0.0,0.0013775290569999488,0.0,mccrone,1011
50246,2015-01-01,False,True,PB1,1009,A,0.001304801670000022,0.0,0.99869519833,0.0,mccrone,1017
50246,2015-01-01,False,True,PB1,1111,G,0.99900485135,0.0,0.000995148650000055,0.0,mccrone,1119
50246,2015-01-01,False,True,PB1,1159,T,0.0,0.998466702582,0.0,0.0015332974180000125,mccrone,1167
50246,2015-01-01,False,True,PB1,1173,G,0.998058880621,0.0,0.0019411193789999892,0.0,mccrone,1181
50246,2015-01-01,False,True,PB1,1381,T,0.0,0.220612391464,0.0,0.779387608536,mccrone,1389
50246,2015-01-01,False,True,PB1,1417,T,0.0,0.999322751323,0.0,0.0006772486770000308,mccrone,1425
50246,2015-01-01,False,True,PB1,1432,A,0.0019407426580000386,0.0,0.998059257342,0.0,mccrone,1440
50246,2015-01-01,False,True,PB1,1558,G,1.0,0.0,0.0,0.0,mccrone,1566
50246,2015-01-01,False,True,PB1,1738,C,0.0,0.002071902696999972,0.0,0.997928097303,mccrone,1746
50246,2015-01-01,False,True,PB1,1751,C,0.0,0.0,0.0,1.0,mccrone,1759
50246,2015-01-01,False,True,PB1,1775,A,0.0,0.0,1.0,0.0,mccrone,1783
50246,2015-01-01,False,True,PB1,1900,G,1.0,0.0,0.0,0.0,mccrone,1908
50246,2015-01-01,False,True,PB1,1930,A,0.0,0.0,1.0,0.0,mccrone,1938
50246,2015-01-01,False,True,PB1,2074,G,1.0,0.0,0.0,0.0,mccrone,2082
50246,2015-01-01,False,True,PB2,228,T,0.0,1.0,0.0,0.0,mccrone,228
50246,2015-01-01,False,True,PB2,264,C,0.0,0.0,0.0,1.0,mccrone,264
50246,2015-01-01,False,True,PB2,414,C,1.0,0.0,0.0,0.0,mccrone,414
50246,2015-01-01,False,True,PB2,666,G,0.997033669774,0.0,0.0029663302260000135,0.0,mccrone,666
50246,2015-01-01,False,True,PB2,856,T,0.0,1.0,0.0,0.0,mccrone,856
50246,2015-01-01,False,True,PB2,981,A,0.0,0.0,1.0,0.0,mccrone,981
50246,2015-01-01,False,True,PB2,1194,A,0.002393838468000009,0.0,0.997606161532,0.0,mccrone,1194
50246,2015-01-01,False,True,PB2,1383,A,0.001659018708000004,0.0,0.998340981292,0.0,mccrone,1383
50246,2015-01-01,False,True,PB2,1581,T,0.0,1.0,0.0,0.0,mccrone,1581
50246,2015-01-01,False,True,PB2,1647,C,0.0,0.0,0.0,1.0,mccrone,1647
50246,2015-01-01,False,True,PB2,1659,A,0.0,0.0,1.0,0.0,mccrone,1659
50246,2015-01-01,False,True,PB2,1662,C,0.0,0.0,0.0,1.0,mccrone,1662
50246,2015-01-01,False,True,PB2,1707,T,0.0,1.0,0.0,0.0,mccrone,1707
50246,2015-01-01,False,True,PB2,1878,G,1.0,0.0,0.0,0.0,mccrone,1878
50246,2015-01-01,False,True,PB2,1884,C,0.0,0.0,0.0,1.0,mccrone,1884
50246,2015-01-01,False,True,PB2,1885,T,0.0,1.0,0.0,0.0,mccrone,1885
50246,2015-01-01,False,True,PB2,2145,T,1.0,0.0,0.0,0.0,mccrone,2150
50246,2015-01-01,False,True,PB2,2184,A,0.0,0.0,1.0,0.0,mccrone,2189
50246,2015-01-01,False,True,PB2,2238,A,0.0,0.0,1.0,0.0,mccrone,2243
50246,2015-01-05,True,False,HA,84,A,0.0039302382710000305,0.996069761729,0.0,0.0,mccrone,116
50246,2015-01-05,True,False,HA,91,G,0.995286195286,0.0,0.004713804713999958,0.0,mccrone,140
50246,2015-01-05,True,False,HA,203,G,0.99647796581,0.0,0.0035220341899999674,0.0,mccrone,264
50246,2015-01-05,True,False,HA,261,G,0.996577565351,0.0,0.00342243464900005,0.0,mccrone,322
50246,2015-01-05,True,False,HA,364,G,0.999202067026,0.0,0.000797932973999993,0.0,mccrone,425
50246,2015-01-05,True,False,HA,425,C,0.0,0.0019541120580000015,0.0,0.998045887942,mccrone,504
50246,2015-01-05,True,False,HA,441,A,0.0028976917249999845,0.0,0.997102308275,0.0,mccrone,527
50246,2015-01-05,True,False,HA,459,A,0.002998305305999982,0.0,0.997001694694,0.0,mccrone,545
50246,2015-01-05,True,False,HA,501,A,0.0033168009920000463,0.0,0.996683199008,0.0,mccrone,587
50246,2015-01-05,True,False,HA,508,G,0.997225525168,0.0,0.0027744748319999957,0.0,mccrone,594
50246,2015-01-05,True,False,HA,547,T,0.0,0.997392901582,0.0,0.002607098417999998,mccrone,638
50246,2015-01-05,True,False,HA,553,A,0.0026249815659999953,0.0,0.0,0.997375018434,mccrone,644
50246,2015-01-05,True,False,HA,623,T,0.0,0.996948665789,0.0,0.003051334211000012,mccrone,714
50246,2015-01-05,True,False,HA,658,C,0.0,0.0016624150880000244,0.0,0.998337584912,mccrone,749
50246,2015-01-05,True,False,HA,685,T,0.0,1.0,0.0,0.0,mccrone,776
50246,2015-01-05,True,False,HA,687,G,0.00561176735772,0.0,0.99438823264228,0.0,mccrone,778
50246,2015-01-05,True,False,HA,692,T,0.0,0.99783025248,0.0,0.002169747519999987,mccrone,783
50246,2015-01-05,True,False,HA,722,A,0.00189515342400004,0.0,0.998104846576,0.0,mccrone,845
50246,2015-01-05,True,False,HA,750,G,0.998198731046,0.0,0.0018012689540000126,0.0,mccrone,873
50246,2015-01-05,True,False,HA,866,G,0.0,0.055754576684,0.944245423316,0.0,mccrone,989
50246,2015-01-05,True,False,HA,1010,T,0.998461498344,0.0,0.0,0.001538501656000002,mccrone,1136
50246,2015-01-05,True,False,HA,1116,G,0.997752624222,0.0,0.002247375778000049,0.0,mccrone,1242
50246,2015-01-05,True,False,HA,1117,T,0.997474678904,0.0,0.0,0.0025253210960000105,mccrone,1243
50246,2015-01-05,True,False,HA,1289,A,0.0027040986840000114,0.0,0.997295901316,0.0,mccrone,1415
50246,2015-01-05,True,False,HA,1325,T,0.997198879552,0.0,0.0,0.0028011204479999607,mccrone,1451
50246,2015-01-05,True,False,HA,1335,C,0.0,0.99057007185176,0.0,0.00942992814824,mccrone,1461
50246,2015-01-05,True,False,HA,1337,C,0.0,0.00240895115499995,0.0,0.997591048845,mccrone,1463
50246,2015-01-05,True,False,HA,1520,A,0.0022287315329999613,0.997771268467,0.0,0.0,mccrone,1646
50246,2015-01-05,True,False,HA,1542,A,0.0,0.0,1.0,0.0,mccrone,1668
50246,2015-01-05,True,False,HA,1547,G,1.0,0.0,0.0,0.0,mccrone,1673
50246,2015-01-05,True,False,HA,1562,A,0.003052917231999963,0.0,0.0,0.996947082768,mccrone,1688
50246,2015-01-05,True,False,MP,349,A,0.0,0.0,1.0,0.0,mccrone,349
50246,2015-01-05,True,False,MP,427,A,0.0,0.0,1.0,0.0,mccrone,427
50246,2015-01-05,True,False,MP,549,G,0.998364248017,0.0,0.0016357519830000333,0.0,mccrone,549
50246,2015-01-05,True,False,MP,586,G,0.99649770759,0.0,0.0035022924099999964,0.0,mccrone,586
50246,2015-01-05,True,False,MP,664,G,0.997198879552,0.0,0.0028011204479999607,0.0,mccrone,664
50246,2015-01-05,True,False,MP,694,C,0.0,0.0,0.0,1.0,mccrone,694
50246,2015-01-05,True,False,MP,755,A,0.45043405936500003,0.549565940635,0.0,0.0,mccrone,755
50246,2015-01-05,True,False,MP,866,C,0.0,0.003311258278000051,0.0,0.996688741722,mccrone,866
50246,2015-01-05,True,False,NA,34,A,0.0,0.0,1.0,0.0,mccrone,36
50246,2015-01-05,True,False,NA,103,T,0.0,1.0,0.0,0.0,mccrone,105
50246,2015-01-05,True,False,NA,116,G,1.0,0.0,0.0,0.0,mccrone,118
50246,2015-01-05,True,False,NA,154,C,0.0,0.0,0.0,1.0,mccrone,163
50246,2015-01-05,True,False,NA,211,A,0.0,0.0,1.0,0.0,mccrone,226
50246,2015-01-05,True,False,NA,221,T,0.0,0.995485078736,0.0,0.004514921263999994,mccrone,236
50246,2015-01-05,True,False,NA,223,A,0.0,0.0,1.0,0.0,mccrone,238
50246,2015-01-05,True,False,NA,226,T,0.0,1.0,0.0,0.0,mccrone,241
50246,2015-01-05,True,False,NA,397,T,0.0,0.996448284137,0.0,0.00355171586299996,mccrone,414
50246,2015-01-05,True,False,NA,427,G,0.0,0.0,0.0019564250779999792,0.998043574922,mccrone,444
50246,2015-01-05,True,False,NA,514,T,0.0,0.998095767049,0.0,0.0019042329509999512,mccrone,541
50246,2015-01-05,True,False,NA,520,C,0.0,0.0024241476380000293,0.0,0.997575852362,mccrone,547
50246,2015-01-05,True,False,NA,682,T,0.998443337484,0.0,0.0,0.0015566625159999514,mccrone,709
50246,2015-01-05,True,False,NA,710,A,0.0,0.0,1.0,0.0,mccrone,737
50246,2015-01-05,True,False,NA,763,A,0.001970443349999962,0.0,0.99802955665,0.0,mccrone,790
50246,2015-01-05,True,False,NA,856,T,0.0,0.997648735305,0.0,0.0023512646950000216,mccrone,883
50246,2015-01-05,True,False,NA,907,G,0.997051138485,0.0,0.0029488615149999564,0.0,mccrone,934
50246,2015-01-05,True,False,NA,910,C,0.0,0.0033206106869999585,0.0,0.996679389313,mccrone,937
50246,2015-01-05,True,False,NA,1011,G,0.0,0.0,0.9593415989739,0.0406584010261,mccrone,1038
50246,2015-01-05,True,False,NA,1072,C,0.0,0.003425327852999982,0.0,0.996574672147,mccrone,1099
50246,2015-01-05,True,False,NA,1147,C,0.0,0.0025359256129999785,0.997464074387,0.0,mccrone,1174
50246,2015-01-05,True,False,NA,1194,C,0.0,0.0,0.0,1.0,mccrone,1221
50246,2015-01-05,True,False,NA,1205,G,1.0,0.0,0.0,0.0,mccrone,1232
50246,2015-01-05,True,False,NA,1220,G,1.0,0.0,0.0,0.0,mccrone,1247
50246,2015-01-05,True,False,NA,1357,T,0.0,1.0,0.0,0.0,mccrone,1396
50246,2015-01-05,True,False,NP,96,A,0.0,0.0,1.0,0.0,mccrone,96
50246,2015-01-05,True,False,NP,135,G,0.99556418076,0.0,0.004435819240000027,0.0,mccrone,135
50246,2015-01-05,True,False,NP,159,A,0.003286294220000041,0.0,0.99671370578,0.0,mccrone,159
50246,2015-01-05,True,False,NP,213,G,0.996929689899,0.0,0.0030703101010000067,0.0,mccrone,213
50246,2015-01-05,True,False,NP,219,G,0.996773562769,0.0,0.0032264372310000233,0.0,mccrone,219
50246,2015-01-05,True,False,NP,273,T,0.0,1.0,0.0,0.0,mccrone,273
50246,2015-01-05,True,False,NP,339,G,0.997708830549,0.0,0.0022911694510000524,0.0,mccrone,339
50246,2015-01-05,True,False,NP,347,G,0.998215701824,0.0,0.0017842981760000098,0.0,mccrone,347
50246,2015-01-05,True,False,NP,681,G,0.996679746453,0.0,0.0033202535470000516,0.0,mccrone,681
50246,2015-01-05,True,False,NP,696,T,0.0,0.997339789574,0.0,0.0026602104259999537,mccrone,696
50246,2015-01-05,True,False,NP,771,T,0.0,0.0,0.998076759906,0.0019232400940000227,mccrone,771
50246,2015-01-05,True,False,NP,835,C,0.0,0.0021260146889999776,0.0,0.997873985311,mccrone,835
50246,2015-01-05,True,False,NP,871,C,0.0,0.0033414509829999828,0.0,0.996658549017,mccrone,871
50246,2015-01-05,True,False,NP,906,T,0.0,0.997927491389,0.0,0.0020725086109999458,mccrone,906
50246,2015-01-05,True,False,NP,930,A,0.0022484541880000153,0.0,0.997751545812,0.0,mccrone,930
50246,2015-01-05,True,False,NP,972,T,0.0,0.998029825412,0.0,0.0019701745879999732,mccrone,972
50246,2015-01-05,True,False,NP,1053,T,0.997098350641,0.0,0.0,0.002901649358999947,mccrone,1053
50246,2015-01-05,True,False,NP,1092,A,0.0017031792680000102,0.0,0.998296820732,0.0,mccrone,1092
50246,2015-01-05,True,False,NP,1186,T,0.0,1.0,0.0,0.0,mccrone,1186
50246,2015-01-05,True,False,NP,1188,A,0.0,0.0,1.0,0.0,mccrone,1188
50246,2015-01-05,True,False,NP,1197,G,0.997341187058,0.0,0.0026588129419999884,0.0,mccrone,1197
50246,2015-01-05,True,False,NP,1224,G,0.997108651457,0.0,0.002891348542999994,0.0,mccrone,1224
50246,2015-01-05,True,False,NP,1308,A,0.0035194258509999576,0.996480574149,0.0,0.0,mccrone,1308
50246,2015-01-05,True,False,NP,1350,A,0.0,0.0,1.0,0.0,mccrone,1350
50246,2015-01-05,True,False,NP,1359,A,0.0,0.0,1.0,0.0,mccrone,1359
50246,2015-01-05,True,False,NP,1383,G,1.0,0.0,0.0,0.0,mccrone,1383
50246,2015-01-05,True,False,NP,1407,C,1.0,0.0,0.0,0.0,mccrone,1407
50246,2015-01-05,True,False,NP,1420,C,1.0,0.0,0.0,0.0,mccrone,1420
50246,2015-01-05,True,False,NP,1422,G,1.0,0.0,0.0,0.0,mccrone,1422
50246,2015-01-05,True,False,NP,1494,C,0.0,0.0,0.0,1.0,mccrone,1494
50246,2015-01-05,True,False,NP,1527,A,0.0,0.0,1.0,0.0,mccrone,1527
50246,2015-01-05,True,False,NS,180,T,0.0,1.0,0.0,0.0,mccrone,180
50246,2015-01-05,True,False,NS,242,A,0.0,0.0,1.0,0.0,mccrone,242
50246,2015-01-05,True,False,NS,246,A,0.0,0.0,1.0,0.0,mccrone,246
50246,2015-01-05,True,False,NS,299,C,0.0,0.0023327615779999977,0.0,0.997667238422,mccrone,299
50246,2015-01-05,True,False,NS,455,C,1.0,0.0,0.0,0.0,mccrone,455
50246,2015-01-05,True,False,NS,557,A,0.0023861730940000214,0.0,0.997613826906,0.0,mccrone,557
50246,2015-01-05,True,False,NS,570,G,1.0,0.0,0.0,0.0,mccrone,570
50246,2015-01-05,True,False,NS,578,A,0.0,1.0,0.0,0.0,mccrone,578
50246,2015-01-05,True,False,NS,843,C,0.0,0.0,0.0,1.0,mccrone,843
50246,2015-01-05,True,False,PA,153,C,0.0,0.0,1.0,0.0,mccrone,177
50246,2015-01-05,True,False,PA,207,A,0.0,0.0,1.0,0.0,mccrone,231
50246,2015-01-05,True,False,PA,225,A,0.004167192826999955,0.0,0.995832807173,0.0,mccrone,249
50246,2015-01-05,True,False,PA,261,G,0.99672097551,0.0,0.0032790244899999488,0.0,mccrone,285
50246,2015-01-05,True,False,PA,282,A,0.0013572204130000154,0.998642779587,0.0,0.0,mccrone,306
50246,2015-01-05,True,False,PA,342,G,0.998253978913,0.0,0.0017460210869999493,0.0,mccrone,366
50246,2015-01-05,True,False,PA,346,T,0.0,0.0548465106995,0.0,0.9451534893005,mccrone,370
50246,2015-01-05,True,False,PA,363,G,0.0568473674904,0.0,0.9431526325096,0.0,mccrone,387
50246,2015-01-05,True,False,PA,465,T,0.0,0.998546120295,0.0,0.001453879704999994,mccrone,489
50246,2015-01-05,True,False,PA,501,T,0.0,1.0,0.0,0.0,mccrone,525
50246,2015-01-05,True,False,PA,534,C,0.0,0.0018827845900000195,0.0,0.99811721541,mccrone,558
50246,2015-01-05,True,False,PA,564,A,0.001965861143000014,0.0,0.998034138857,0.0,mccrone,588
50246,2015-01-05,True,False,PA,651,T,0.0,0.997973794408,0.0,0.002026205591999952,mccrone,675
50246,2015-01-05,True,False,PA,657,C,0.0,0.002455028344000021,0.0,0.997544971656,mccrone,681
50246,2015-01-05,True,False,PA,834,T,0.0,0.997270165551,0.0,0.0027298344489999904,mccrone,858
50246,2015-01-05,True,False,PA,850,T,0.0,0.998018949182,0.0,0.001981050818000041,mccrone,874
50246,2015-01-05,True,False,PA,885,G,0.998327328873,0.0,0.0016726711269999806,0.0,mccrone,909
50246,2015-01-05,True,False,PA,942,G,0.998573651452,0.0,0.001426348547999945,0.0,mccrone,966
50246,2015-01-05,True,False,PA,969,A,0.002583534275000021,0.0,0.997416465725,0.0,mccrone,993
50246,2015-01-05,True,False,PA,1001,G,0.998833867811,0.0,0.0011661321889999687,0.0,mccrone,1025
50246,2015-01-05,True,False,PA,1137,G,1.0,0.0,0.0,0.0,mccrone,1161
50246,2015-01-05,True,False,PA,1209,A,0.002398888936000043,0.997601111064,0.0,0.0,mccrone,1233
50246,2015-01-05,True,False,PA,1278,T,0.0,0.997904080878,0.0,0.002095919122000023,mccrone,1302
50246,2015-01-05,True,False,PA,1329,A,0.0021744691739999933,0.0,0.997825530826,0.0,mccrone,1353
50246,2015-01-05,True,False,PA,1461,T,0.0,0.998088535558,0.0,0.001911464441999966,mccrone,1485
50246,2015-01-05,True,False,PA,1465,C,0.0,0.0017089522809999869,0.0,0.998291047719,mccrone,1489
50246,2015-01-05,True,False,PA,1554,G,0.998263361264,0.0,0.0017366387360000513,0.0,mccrone,1578
50246,2015-01-05,True,False,PA,1605,A,0.0,0.0,0.0,1.0,mccrone,1629
50246,2015-01-05,True,False,PA,1617,T,0.0,0.0,0.997506456497,0.0024935435030000175,mccrone,1641
50246,2015-01-05,True,False,PA,1620,A,0.0020047222350000338,0.0,0.997995277765,0.0,mccrone,1644
50246,2015-01-05,True,False,PA,1662,T,0.0,0.998050867602,0.0,0.0019491323979999864,mccrone,1686
50246,2015-01-05,True,False,PA,1708,T,0.0,0.997374562427,0.0,0.0026254375730000445,mccrone,1732
50246,2015-01-05,True,False,PA,1824,A,0.0,0.0,1.0,0.0,mccrone,1848
50246,2015-01-05,True,False,PA,1899,A,0.0022610792889999898,0.0,0.997738920711,0.0,mccrone,1923
50246,2015-01-05,True,False,PA,2023,A,0.0025149324109999815,0.0,0.997485067589,0.0,mccrone,2047
50246,2015-01-05,True,False,PA,2046,G,0.0,0.99500104145,0.004998958549999988,0.0,mccrone,2070
50246,2015-01-05,True,False,PA,2049,T,0.0,1.0,0.0,0.0,mccrone,2073
50246,2015-01-05,True,False,PA,2061,C,0.0,0.004147353012999955,0.0,0.995852646987,mccrone,2085
50246,2015-01-05,True,False,PB1,61,A,0.0,0.0,1.0,0.0,mccrone,69
50246,2015-01-05,True,False,PB1,163,C,0.0,0.0,0.0,1.0,mccrone,171
50246,2015-01-05,True,False,PB1,364,A,0.0014007782099999533,0.0,0.99859922179,0.0,mccrone,372
50246,2015-01-05,True,False,PB1,470,A,0.0,0.0,0.0,1.0,mccrone,478
50246,2015-01-05,True,False,PB1,502,A,0.0010022403020000237,0.0,0.998997759698,0.0,mccrone,510
50246,2015-01-05,True,False,PB1,513,A,0.0013952677170000483,0.0,0.0,0.998604732283,mccrone,521
50246,2015-01-05,True,False,PB1,589,G,1.0,0.0,0.0,0.0,mccrone,597
50246,2015-01-05,True,False,PB1,655,C,0.0,0.0,0.0,1.0,mccrone,663
50246,2015-01-05,True,False,PB1,660,G,0.998345911299,0.0,0.0016540887010000338,0.0,mccrone,668
50246,2015-01-05,True,False,PB1,742,A,0.002544124662000047,0.0,0.997455875338,0.0,mccrone,750
50246,2015-01-05,True,False,PB1,892,C,0.0,0.0,0.0,1.0,mccrone,900
50246,2015-01-05,True,False,PB1,913,C,0.0,0.0013926139879999466,0.0,0.998607386012,mccrone,921
50246,2015-01-05,True,False,PB1,1003,G,0.998660898228,0.0,0.0013391017720000287,0.0,mccrone,1011
50246,2015-01-05,True,False,PB1,1009,A,0.001632008423000042,0.0,0.998367991577,0.0,mccrone,1017
50246,2015-01-05,True,False,PB1,1111,G,0.998503740648,0.0,0.00149625935200004,0.0,mccrone,1119
50246,2015-01-05,True,False,PB1,1159,T,0.0,1.0,0.0,0.0,mccrone,1167
50246,2015-01-05,True,False,PB1,1173,G,0.996951669207,0.0,0.0030483307930000425,0.0,mccrone,1181
50246,2015-01-05,True,False,PB1,1381,T,0.0,0.278668534015,0.0,0.721331465985,mccrone,1389
50246,2015-01-05,True,False,PB1,1417,T,0.0,0.998327347862,0.0,0.0016726521380000525,mccrone,1425
50246,2015-01-05,True,False,PB1,1432,A,0.0019195797130000525,0.0,0.998080420287,0.0,mccrone,1440
50246,2015-01-05,True,False,PB1,1558,G,0.998274690228,0.0,0.0017253097720000277,0.0,mccrone,1566
50246,2015-01-05,True,False,PB1,1738,C,0.0,0.001526218249000011,0.0,0.998473781751,mccrone,1746
50246,2015-01-05,True,False,PB1,1751,C,0.0,0.0018625126989999519,0.0,0.998137487301,mccrone,1759
50246,2015-01-05,True,False,PB1,1775,A,0.0038112319249999915,0.0,0.996188768075,0.0,mccrone,1783
50246,2015-01-05,True,False,PB1,1900,G,0.99771414058,0.0,0.002285859420000036,0.0,mccrone,1908
50246,2015-01-05,True,False,PB1,1930,A,0.004490811110000048,0.0,0.99550918889,0.0,mccrone,1938
50246,2015-01-05,True,False,PB1,2074,G,1.0,0.0,0.0,0.0,mccrone,2082
50246,2015-01-05,True,False,PB2,228,T,0.0,0.996772892295,0.0,0.0032271077050000097,mccrone,228
50246,2015-01-05,True,False,PB2,264,C,0.0,0.0,0.0,1.0,mccrone,264
50246,2015-01-05,True,False,PB2,414,C,0.998495675066,0.0015043249339999898,0.0,0.0,mccrone,414
50246,2015-01-05,True,False,PB2,666,G,0.997514792899,0.0,0.0024852071009999754,0.0,mccrone,666
50246,2015-01-05,True,False,PB2,856,T,0.0,0.998899082569,0.0,0.001100917431000048,mccrone,856
50246,2015-01-05,True,False,PB2,981,A,0.0017657445559999818,0.0,0.998234255444,0.0,mccrone,981
50246,2015-01-05,True,False,PB2,1194,A,0.0027236294310000186,0.0,0.997276370569,0.0,mccrone,1194
50246,2015-01-05,True,False,PB2,1353,G,0.0462796586636,0.0,0.9537203413364,0.0,mccrone,1353
50246,2015-01-05,True,False,PB2,1383,A,0.0021312559709999457,0.0,0.997868744029,0.0,mccrone,1383
50246,2015-01-05,True,False,PB2,1581,T,0.0,1.0,0.0,0.0,mccrone,1581
50246,2015-01-05,True,False,PB2,1647,C,0.0,0.0019929307360000426,0.0,0.998007069264,mccrone,1647
50246,2015-01-05,True,False,PB2,1659,A,0.0016925680870000237,0.0,0.998307431913,0.0,mccrone,1659
50246,2015-01-05,True,False,PB2,1662,C,0.0,0.0023461538460000098,0.0,0.997653846154,mccrone,1662
50246,2015-01-05,True,False,PB2,1707,T,0.0,1.0,0.0,0.0,mccrone,1707
50246,2015-01-05,True,False,PB2,1878,G,1.0,0.0,0.0,0.0,mccrone,1878
50246,2015-01-05,True,False,PB2,1884,C,0.0,0.0,0.0,1.0,mccrone,1884
50246,2015-01-05,True,False,PB2,1885,T,0.0,1.0,0.0,0.0,mccrone,1885
50246,2015-01-05,True,False,PB2,2145,T,1.0,0.0,0.0,0.0,mccrone,2150
50246,2015-01-05,True,False,PB2,2184,A,0.0,0.0,1.0,0.0,mccrone,2189
50246,2015-01-05,True,False,PB2,2238,A,0.0,0.0,1.0,0.0,mccrone,2243
50261,2014-12-07,False,False,HA,167,G,1.0,0.0,0.0,0.0,mccrone,221
50261,2014-12-07,False,False,HA,364,G,1.0,0.0,0.0,0.0,mccrone,425
50261,2014-12-07,False,False,HA,556,A,0.0010308028130000535,0.998969197187,0.0,0.0,mccrone,647
50261,2014-12-07,False,False,HA,593,A,0.0017843101679999585,0.0,0.998215689832,0.0,mccrone,684
50261,2014-12-07,False,False,HA,658,C,0.0,0.0008877840909999879,0.0,0.999112215909,mccrone,749
50261,2014-12-07,False,False,HA,683,C,1.0,0.0,0.0,0.0,mccrone,774
50261,2014-12-07,False,False,HA,685,T,0.0,1.0,0.0,0.0,mccrone,776
50261,2014-12-07,False,False,HA,842,G,0.00512182199456,0.0,0.99487817800544,0.0,mccrone,965
50261,2014-12-07,False,False,HA,917,A,0.0009754138340000162,0.0,0.999024586166,0.0,mccrone,1043
50261,2014-12-07,False,False,HA,1466,C,1.0,0.0,0.0,0.0,mccrone,1592
50261,2014-12-07,False,False,MP,292,C,0.0,0.0026708021019999917,0.0,0.997329197898,mccrone,292
50261,2014-12-07,False,False,MP,320,C,0.0,0.0,0.0,1.0,mccrone,320
50261,2014-12-07,False,False,MP,349,A,0.0015427115849999673,0.0,0.998457288415,0.0,mccrone,349
50261,2014-12-07,False,False,MP,427,A,0.0,0.0,1.0,0.0,mccrone,427
50261,2014-12-07,False,False,MP,549,G,1.0,0.0,0.0,0.0,mccrone,549
50261,2014-12-07,False,False,MP,694,C,0.0,0.0016839426710000271,0.0,0.998316057329,mccrone,694
50261,2014-12-07,False,False,NA,103,T,0.0,1.0,0.0,0.0,mccrone,105
50261,2014-12-07,False,False,NA,211,A,0.0,0.0,1.0,0.0,mccrone,226
50261,2014-12-07,False,False,NA,223,A,0.0012549675799999882,0.0,0.99874503242,0.0,mccrone,238
50261,2014-12-07,False,False,NA,226,T,0.0,1.0,0.0,0.0,mccrone,241
50261,2014-12-07,False,False,NA,446,G,0.998128255208,0.0,0.0018717447920000296,0.0,mccrone,463
50261,2014-12-07,False,False,NA,710,A,0.0,0.0,1.0,0.0,mccrone,737
50261,2014-12-07,False,False,NA,819,C,1.0,0.0,0.0,0.0,mccrone,846
50261,2014-12-07,False,False,NA,907,G,0.998303861422,0.0,0.001696138577999995,0.0,mccrone,934
50261,2014-12-07,False,False,NA,1108,A,0.0016314779270000246,0.0,0.998368522073,0.0,mccrone,1135
50261,2014-12-07,False,False,NA,1157,A,0.0,0.0,1.0,0.0,mccrone,1184
50261,2014-12-07,False,False,NA,1194,C,0.0,0.0,0.0,1.0,mccrone,1221
50261,2014-12-07,False,False,NP,207,G,1.0,0.0,0.0,0.0,mccrone,207
50261,2014-12-07,False,False,NP,208,C,1.0,0.0,0.0,0.0,mccrone,208
50261,2014-12-07,False,False,NP,347,G,0.999071782178,0.0,0.0009282178220000326,0.0,mccrone,347
50261,2014-12-07,False,False,NP,492,G,0.9984870862,0.0,0.0015129137999999598,0.0,mccrone,492
50261,2014-12-07,False,False,NP,493,A,0.0013944009440000071,0.998605599056,0.0,0.0,mccrone,493
50261,2014-12-07,False,False,NP,606,G,0.998504622077,0.0,0.0014953779230000297,0.0,mccrone,606
50261,2014-12-07,False,False,NP,885,G,0.999145217969,0.0,0.0008547820309999787,0.0,mccrone,885
50261,2014-12-07,False,False,NP,909,G,0.0,0.0,0.0,1.0,mccrone,909
50261,2014-12-07,False,False,NP,918,C,0.0,0.0,0.0,1.0,mccrone,918
50261,2014-12-07,False,False,NP,1002,C,0.0,0.0004985044869999511,0.0,0.999501495513,mccrone,1002
50261,2014-12-07,False,False,NP,1092,A,0.001193490054000046,0.0,0.998806509946,0.0,mccrone,1092
50261,2014-12-07,False,False,NP,1186,T,0.0,1.0,0.0,0.0,mccrone,1186
50261,2014-12-07,False,False,NP,1188,A,0.0,0.0,1.0,0.0,mccrone,1188
50261,2014-12-07,False,False,NP,1224,G,0.997829232996,0.0,0.002170767003999985,0.0,mccrone,1224
50261,2014-12-07,False,False,NP,1407,C,1.0,0.0,0.0,0.0,mccrone,1407
50261,2014-12-07,False,False,NS,125,T,0.0,1.0,0.0,0.0,mccrone,125
50261,2014-12-07,False,False,NS,180,T,0.0,1.0,0.0,0.0,mccrone,180
50261,2014-12-07,False,False,NS,246,A,0.0,0.0,1.0,0.0,mccrone,246
50261,2014-12-07,False,False,NS,299,C,0.0,0.0009971083859999785,0.0,0.999002891614,mccrone,299
50261,2014-12-07,False,False,NS,570,G,1.0,0.0,0.0,0.0,mccrone,570
50261,2014-12-07,False,False,NS,744,A,0.0,0.0,1.0,0.0,mccrone,744
50261,2014-12-07,False,False,NS,813,G,1.0,0.0,0.0,0.0,mccrone,813
50261,2014-12-07,False,False,NS,843,C,0.0,0.0,0.0,1.0,mccrone,843
50261,2014-12-07,False,False,PA,153,C,0.0,0.0,1.0,0.0,mccrone,177
50261,2014-12-07,False,False,PA,282,A,0.0,1.0,0.0,0.0,mccrone,306
50261,2014-12-07,False,False,PA,501,T,0.0,0.999104171999,0.0,0.0008958280009999653,mccrone,525
50261,2014-12-07,False,False,PA,552,C,1.0,0.0,0.0,0.0,mccrone,576
50261,2014-12-07,False,False,PA,836,A,0.0009045921350000485,0.0,0.999095407865,0.0,mccrone,860
50261,2014-12-07,False,False,PA,858,G,0.999202339803,0.0,0.0007976601970000052,0.0,mccrone,882
50261,2014-12-07,False,False,PA,1001,G,0.998964803313,0.0,0.0010351966870000284,0.0,mccrone,1025
50261,2014-12-07,False,False,PA,1014,T,0.0,1.0,0.0,0.0,mccrone,1038
50261,2014-12-07,False,False,PA,1137,G,1.0,0.0,0.0,0.0,mccrone,1161
50261,2014-12-07,False,False,PA,1193,A,0.0018010806479999975,0.0,0.998198919352,0.0,mccrone,1217
50261,2014-12-07,False,False,PA,1479,A,0.99395737245008,0.0,0.00604262754992,0.0,mccrone,1503
50261,2014-12-07,False,False,PA,1552,T,0.0,1.0,0.0,0.0,mccrone,1576
50261,2014-12-07,False,False,PA,1578,T,0.0,1.0,0.0,0.0,mccrone,1602
50261,2014-12-07,False,False,PA,1608,C,0.0,0.000787277593999991,0.0,0.999212722406,mccrone,1632
50261,2014-12-07,False,False,PA,2001,G,1.0,0.0,0.0,0.0,mccrone,2025
50261,2014-12-07,False,False,PA,2049,T,0.0,0.997693436779,0.0,0.00230656322099998,mccrone,2073
50261,2014-12-07,False,False,PB1,364,A,0.0,0.0,1.0,0.0,mccrone,372
50261,2014-12-07,False,False,PB1,424,T,0.0,0.998566174179,0.0,0.0014338258210000454,mccrone,432
50261,2014-12-07,False,False,PB1,470,A,0.0,0.0,0.0,1.0,mccrone,478
50261,2014-12-07,False,False,PB1,502,A,0.0,0.0,1.0,0.0,mccrone,510
50261,2014-12-07,False,False,PB1,513,A,0.0,0.0,0.0,1.0,mccrone,521
50261,2014-12-07,False,False,PB1,583,G,0.998432683768,0.0,0.0015673162320000156,0.0,mccrone,591
50261,2014-12-07,False,False,PB1,589,G,1.0,0.0,0.0,0.0,mccrone,597
50261,2014-12-07,False,False,PB1,643,G,0.998309859155,0.0,0.0016901408449999655,0.0,mccrone,651
50261,2014-12-07,False,False,PB1,655,C,0.0,0.0,0.0,1.0,mccrone,663
50261,2014-12-07,False,False,PB1,892,C,0.0,0.0005163688939999744,0.0,0.999483631106,mccrone,900
50261,2014-12-07,False,False,PB1,913,C,0.0,0.0009029798330000283,0.0,0.999097020167,mccrone,921
50261,2014-12-07,False,False,PB1,1003,G,0.999054820416,0.0,0.0009451795839999777,0.0,mccrone,1011
50261,2014-12-07,False,False,PB1,1159,T,0.0,1.0,0.0,0.0,mccrone,1167
50261,2014-12-07,False,False,PB1,1345,C,0.0,0.0008940989469999883,0.0,0.999105901053,mccrone,1353
50261,2014-12-07,False,False,PB1,1570,T,0.0,0.998958591619,0.0,0.0010414083809999752,mccrone,1578
50261,2014-12-07,False,False,PB1,1624,C,0.0,0.0,0.0,1.0,mccrone,1632
50261,2014-12-07,False,False,PB1,1690,A,0.0010386784050000486,0.0,0.998961321595,0.0,mccrone,1698
50261,2014-12-07,False,False,PB1,2074,G,1.0,0.0,0.0,0.0,mccrone,2082
50261,2014-12-07,False,False,PB1,2233,G,1.0,0.0,0.0,0.0,mccrone,2241
50261,2014-12-07,False,False,PB2,57,G,1.0,0.0,0.0,0.0,mccrone,57
50261,2014-12-07,False,False,PB2,214,G,1.0,0.0,0.0,0.0,mccrone,214
50261,2014-12-07,False,False,PB2,264,C,0.0,0.0,0.0,1.0,mccrone,264
50261,2014-12-07,False,False,PB2,573,A,0.0,0.0,1.0,0.0,mccrone,573
50261,2014-12-07,False,False,PB2,705,T,0.0,0.998243868173,0.0,0.0017561318269999626,mccrone,705
50261,2014-12-07,False,False,PB2,819,G,0.999010131594,0.0,0.0009898684060000162,0.0,mccrone,819
50261,2014-12-07,False,False,PB2,843,A,0.0,0.0,1.0,0.0,mccrone,843
50261,2014-12-07,False,False,PB2,856,T,0.0,1.0,0.0,0.0,mccrone,856
50261,2014-12-07,False,False,PB2,1059,G,0.0,0.0,0.0,1.0,mccrone,1059
50261,2014-12-07,False,False,PB2,1149,A,0.0016525511260000458,0.0,0.998347448874,0.0,mccrone,1149
50261,2014-12-07,False,False,PB2,1413,A,0.0020626189969999986,0.0,0.997937381003,0.0,mccrone,1413
50261,2014-12-07,False,False,PB2,1581,T,0.0,0.998921774759,0.0,0.001078225240999986,mccrone,1581
50261,2014-12-07,False,False,PB2,1602,G,0.999144156191,0.0,0.0008558438089999454,0.0,mccrone,1602
50261,2014-12-07,False,False,PB2,1659,A,0.0,0.0,1.0,0.0,mccrone,1659
50261,2014-12-07,False,False,PB2,1662,C,0.0,0.0,0.0,1.0,mccrone,1662
50261,2014-12-07,False,False,PB2,1707,T,0.0,0.999385817979,0.0,0.0006141820210000537,mccrone,1707
50261,2014-12-07,False,False,PB2,1790,T,0.0,0.997730446927,0.0,0.00226955307300003,mccrone,1790
50261,2014-12-07,False,False,PB2,1818,A,0.0025828928400000173,0.0,0.99741710716,0.0,mccrone,1818
50261,2014-12-07,False,False,PB2,1885,T,0.0,1.0,0.0,0.0,mccrone,1885
50261,2014-12-07,False,False,PB2,2145,T,1.0,0.0,0.0,0.0,mccrone,2150
50261,2014-12-07,False,False,PB2,2184,A,0.0,0.0,1.0,0.0,mccrone,2189
50261,2014-12-08,True,True,HA,167,G,1.0,0.0,0.0,0.0,mccrone,221
50261,2014-12-08,True,True,HA,364,G,1.0,0.0,0.0,0.0,mccrone,425
50261,2014-12-08,True,True,HA,556,A,0.0,1.0,0.0,0.0,mccrone,647
50261,2014-12-08,True,True,HA,593,A,0.0022603682109999523,0.0,0.997739631789,0.0,mccrone,684
50261,2014-12-08,True,True,HA,658,C,0.0,0.001204780045999998,0.0,0.998795219954,mccrone,749
50261,2014-12-08,True,True,HA,683,C,0.997901736716,0.0020982632839999793,0.0,0.0,mccrone,774
50261,2014-12-08,True,True,HA,685,T,0.0,1.0,0.0,0.0,mccrone,776
50261,2014-12-08,True,True,HA,917,A,0.00136794652600003,0.0,0.998632053474,0.0,mccrone,1043
50261,2014-12-08,True,True,HA,1466,C,1.0,0.0,0.0,0.0,mccrone,1592
50261,2014-12-08,True,True,MP,292,C,0.0,0.0028816137039999745,0.0,0.997118386296,mccrone,292
50261,2014-12-08,True,True,MP,320,C,0.0,0.001917025355000046,0.0,0.998082974645,mccrone,320
50261,2014-12-08,True,True,MP,349,A,0.0,0.0,1.0,0.0,mccrone,349
50261,2014-12-08,True,True,MP,427,A,0.0,0.0,1.0,0.0,mccrone,427
50261,2014-12-08,True,True,MP,549,G,0.998703305192,0.0,0.0012966948079999874,0.0,mccrone,549
50261,2014-12-08,True,True,MP,694,C,0.0,0.0014573396929999927,0.0,0.998542660307,mccrone,694
50261,2014-12-08,True,True,NA,103,T,0.0,1.0,0.0,0.0,mccrone,105
50261,2014-12-08,True,True,NA,211,A,0.0,0.0,1.0,0.0,mccrone,226
50261,2014-12-08,True,True,NA,223,A,0.0,0.0,1.0,0.0,mccrone,238
50261,2014-12-08,True,True,NA,226,T,0.0,1.0,0.0,0.0,mccrone,241
50261,2014-12-08,True,True,NA,446,G,0.997142160109,0.0,0.002857839890999969,0.0,mccrone,463
50261,2014-12-08,True,True,NA,710,A,0.0012483994880000404,0.0,0.998751600512,0.0,mccrone,737
50261,2014-12-08,True,True,NA,819,C,1.0,0.0,0.0,0.0,mccrone,846
50261,2014-12-08,True,True,NA,907,G,0.997094826179,0.0,0.0029051738209999733,0.0,mccrone,934
50261,2014-12-08,True,True,NA,1108,A,0.0,0.0,1.0,0.0,mccrone,1135
50261,2014-12-08,True,True,NA,1157,A,0.0,0.0,1.0,0.0,mccrone,1184
50261,2014-12-08,True,True,NA,1194,C,0.0,0.0,0.0,1.0,mccrone,1221
50261,2014-12-08,True,True,NP,207,G,0.997439936983,0.0,0.0025600630169999583,0.0,mccrone,207
50261,2014-12-08,True,True,NP,208,C,0.997285769678,0.002714230322000022,0.0,0.0,mccrone,208
50261,2014-12-08,True,True,NP,347,G,1.0,0.0,0.0,0.0,mccrone,347
50261,2014-12-08,True,True,NP,492,G,0.997742882017,0.0,0.00225711798299999,0.0,mccrone,492
50261,2014-12-08,True,True,NP,493,A,0.002182775334999998,0.997817224665,0.0,0.0,mccrone,493
50261,2014-12-08,True,True,NP,606,G,0.998577524893,0.0,0.0014224751069999986,0.0,mccrone,606
50261,2014-12-08,True,True,NP,885,G,0.998970455184,0.0,0.0010295448160000387,0.0,mccrone,885
50261,2014-12-08,True,True,NP,909,G,0.0,0.0,0.0,1.0,mccrone,909
50261,2014-12-08,True,True,NP,918,C,0.0,0.0,0.0,1.0,mccrone,918
50261,2014-12-08,True,True,NP,1002,C,0.0,0.0008968014079999698,0.0,0.999103198592,mccrone,1002
50261,2014-12-08,True,True,NP,1092,A,0.0,0.0,1.0,0.0,mccrone,1092
50261,2014-12-08,True,True,NP,1186,T,0.0,1.0,0.0,0.0,mccrone,1186
50261,2014-12-08,True,True,NP,1188,A,0.0,0.0,1.0,0.0,mccrone,1188
50261,2014-12-08,True,True,NP,1224,G,0.996984097971,0.0,0.0030159020290000393,0.0,mccrone,1224
50261,2014-12-08,True,True,NP,1407,C,1.0,0.0,0.0,0.0,mccrone,1407
50261,2014-12-08,True,True,NS,125,T,0.0,1.0,0.0,0.0,mccrone,125
50261,2014-12-08,True,True,NS,180,T,0.0,1.0,0.0,0.0,mccrone,180
50261,2014-12-08,True,True,NS,246,A,0.0,0.0,1.0,0.0,mccrone,246
50261,2014-12-08,True,True,NS,299,C,0.0,0.0016267568969999813,0.0,0.998373243103,mccrone,299
50261,2014-12-08,True,True,NS,570,G,1.0,0.0,0.0,0.0,mccrone,570
50261,2014-12-08,True,True,NS,744,A,0.0,0.0,1.0,0.0,mccrone,744
50261,2014-12-08,True,True,NS,813,G,1.0,0.0,0.0,0.0,mccrone,813
50261,2014-12-08,True,True,NS,843,C,0.0,0.0,0.0,1.0,mccrone,843
50261,2014-12-08,True,True,PA,153,C,0.0,0.0,1.0,0.0,mccrone,177
50261,2014-12-08,True,True,PA,282,A,0.0,1.0,0.0,0.0,mccrone,306
50261,2014-12-08,True,True,PA,501,T,0.0,1.0,0.0,0.0,mccrone,525
50261,2014-12-08,True,True,PA,552,C,0.998561793295,0.0014382067049999447,0.0,0.0,mccrone,576
50261,2014-12-08,True,True,PA,836,A,0.0,0.0,1.0,0.0,mccrone,860
50261,2014-12-08,True,True,PA,858,G,0.998992419154,0.0,0.0010075808459999447,0.0,mccrone,882
50261,2014-12-08,True,True,PA,1001,G,0.998578779711,0.0,0.001421220289000047,0.0,mccrone,1025
50261,2014-12-08,True,True,PA,1014,T,0.0,0.998396111786,0.0,0.0016038882140000377,mccrone,1038
50261,2014-12-08,True,True,PA,1137,G,1.0,0.0,0.0,0.0,mccrone,1161
50261,2014-12-08,True,True,PA,1193,A,0.0018548678969999566,0.0,0.998145132103,0.0,mccrone,1217
50261,2014-12-08,True,True,PA,1552,T,0.0,1.0,0.0,0.0,mccrone,1576
50261,2014-12-08,True,True,PA,1578,T,0.0,0.999001678994,0.0,0.000998321005999947,mccrone,1602
50261,2014-12-08,True,True,PA,1608,C,0.0,0.0,0.0,1.0,mccrone,1632
50261,2014-12-08,True,True,PA,2001,G,1.0,0.0,0.0,0.0,mccrone,2025
50261,2014-12-08,True,True,PA,2049,T,0.0,1.0,0.0,0.0,mccrone,2073
50261,2014-12-08,True,True,PB1,364,A,0.0,0.0,1.0,0.0,mccrone,372
50261,2014-12-08,True,True,PB1,424,T,0.0,1.0,0.0,0.0,mccrone,432
50261,2014-12-08,True,True,PB1,470,A,0.0,0.0,0.0,1.0,mccrone,478
50261,2014-12-08,True,True,PB1,502,A,0.001065416577999967,0.0,0.998934583422,0.0,mccrone,510
50261,2014-12-08,True,True,PB1,513,A,0.0,0.0,0.0,1.0,mccrone,521
50261,2014-12-08,True,True,PB1,583,G,0.996554029728,0.0,0.0034459702719999985,0.0,mccrone,591
50261,2014-12-08,True,True,PB1,589,G,1.0,0.0,0.0,0.0,mccrone,597
50261,2014-12-08,True,True,PB1,643,G,0.997625902915,0.0,0.0023740970850000265,0.0,mccrone,651
50261,2014-12-08,True,True,PB1,655,C,0.0,0.0,0.0,1.0,mccrone,663
50261,2014-12-08,True,True,PB1,892,C,0.0,0.0,0.0,1.0,mccrone,900
50261,2014-12-08,True,True,PB1,913,C,0.0,0.0008157937670000281,0.0,0.999184206233,mccrone,921
50261,2014-12-08,True,True,PB1,1003,G,0.999166898084,0.0,0.0008331019159999453,0.0,mccrone,1011
50261,2014-12-08,True,True,PB1,1159,T,0.0,1.0,0.0,0.0,mccrone,1167
50261,2014-12-08,True,True,PB1,1345,C,0.0,0.0016844469400000284,0.0,0.99831555306,mccrone,1353
50261,2014-12-08,True,True,PB1,1570,T,0.0,1.0,0.0,0.0,mccrone,1578
50261,2014-12-08,True,True,PB1,1624,C,0.0,0.0,0.0,1.0,mccrone,1632
50261,2014-12-08,True,True,PB1,1690,A,0.0005945945949999976,0.0,0.999405405405,0.0,mccrone,1698
50261,2014-12-08,True,True,PB1,2074,G,0.998198389148,0.0,0.0018016108520000351,0.0,mccrone,2082
50261,2014-12-08,True,True,PB1,2233,G,1.0,0.0,0.0,0.0,mccrone,2241
50261,2014-12-08,True,True,PB2,57,G,1.0,0.0,0.0,0.0,mccrone,57
50261,2014-12-08,True,True,PB2,214,G,1.0,0.0,0.0,0.0,mccrone,214
50261,2014-12-08,True,True,PB2,264,C,0.0,0.0,0.0,1.0,mccrone,264
50261,2014-12-08,True,True,PB2,573,A,0.0007044379589999927,0.0,0.999295562041,0.0,mccrone,573
50261,2014-12-08,True,True,PB2,705,T,0.0,0.998149616706,0.0,0.001850383294000002,mccrone,705
50261,2014-12-08,True,True,PB2,819,G,0.997572184167,0.0,0.002427815833000002,0.0,mccrone,819
50261,2014-12-08,True,True,PB2,843,A,0.0,0.0,1.0,0.0,mccrone,843
50261,2014-12-08,True,True,PB2,856,T,0.0,1.0,0.0,0.0,mccrone,856
50261,2014-12-08,True,True,PB2,1059,G,0.0,0.0,0.0,1.0,mccrone,1059
50261,2014-12-08,True,True,PB2,1149,A,0.002492033662999993,0.0,0.997507966337,0.0,mccrone,1149
50261,2014-12-08,True,True,PB2,1413,A,0.002598688280999961,0.0,0.997401311719,0.0,mccrone,1413
50261,2014-12-08,True,True,PB2,1581,T,0.0,0.999362786746,0.0,0.000637213254000013,mccrone,1581
50261,2014-12-08,True,True,PB2,1602,G,0.99932648594,0.0,0.0006735140600000467,0.0,mccrone,1602
50261,2014-12-08,True,True,PB2,1659,A,0.0008374507999999725,0.0,0.9991625492,0.0,mccrone,1659
50261,2014-12-08,True,True,PB2,1662,C,0.0,0.002110595188000053,0.0,0.997889404812,mccrone,1662
50261,2014-12-08,True,True,PB2,1707,T,0.0,1.0,0.0,0.0,mccrone,1707
50261,2014-12-08,True,True,PB2,1790,T,0.0,1.0,0.0,0.0,mccrone,1790
50261,2014-12-08,True,True,PB2,1818,A,0.0020341548800000275,0.0,0.99796584512,0.0,mccrone,1818
50261,2014-12-08,True,True,PB2,1885,T,0.0,1.0,0.0,0.0,mccrone,1885
50261,2014-12-08,True,True,PB2,2145,T,1.0,0.0,0.0,0.0,mccrone,2150
50261,2014-12-08,True,True,PB2,2184,A,0.0,0.0,1.0,0.0,mccrone,2189
50305,2014-12-07,False,True,HA,167,G,1.0,0.0,0.0,0.0,mccrone,221
50305,2014-12-07,False,True,HA,273,C,0.0,0.9488391409002,0.0,0.0511608590998,mccrone,334
50305,2014-12-07,False,True,HA,364,G,1.0,0.0,0.0,0.0,mccrone,425
50305,2014-12-07,False,True,HA,556,A,0.001400732312999975,0.998599267687,0.0,0.0,mccrone,647
50305,2014-12-07,False,True,HA,658,C,0.0,0.0011868590960000258,0.0,0.998813140904,mccrone,749
50305,2014-12-07,False,True,HA,685,T,0.0,1.0,0.0,0.0,mccrone,776
50305,2014-12-07,False,True,HA,1004,T,0.0,0.999071163189,0.0,0.0009288368109999778,mccrone,1130
50305,2014-12-07,False,True,HA,1466,C,1.0,0.0,0.0,0.0,mccrone,1592
50305,2014-12-07,False,True,MP,220,G,1.0,0.0,0.0,0.0,mccrone,220
50305,2014-12-07,False,True,MP,349,A,0.0,0.0,1.0,0.0,mccrone,349
50305,2014-12-07,False,True,MP,427,A,0.0,0.0,1.0,0.0,mccrone,427
50305,2014-12-07,False,True,MP,549,G,0.998205947407,0.0,0.0017940525930000284,0.0,mccrone,549
50305,2014-12-07,False,True,MP,694,C,0.0,0.0,0.0,1.0,mccrone,694
50305,2014-12-07,False,True,NA,103,T,0.0,1.0,0.0,0.0,mccrone,105
50305,2014-12-07,False,True,NA,211,A,0.0,0.0,1.0,0.0,mccrone,226
50305,2014-12-07,False,True,NA,223,A,0.0,0.0,1.0,0.0,mccrone,238
50305,2014-12-07,False,True,NA,226,T,0.0,1.0,0.0,0.0,mccrone,241
50305,2014-12-07,False,True,NA,475,G,0.997808546668,0.0,0.002191453331999993,0.0,mccrone,492
50305,2014-12-07,False,True,NA,491,C,0.0,0.0,0.0,1.0,mccrone,508
50305,2014-12-07,False,True,NA,710,A,0.0,0.0,1.0,0.0,mccrone,737
50305,2014-12-07,False,True,NA,753,G,0.998802941344,0.0,0.0011970586559999497,0.0,mccrone,780
50305,2014-12-07,False,True,NA,819,C,1.0,0.0,0.0,0.0,mccrone,846
50305,2014-12-07,False,True,NA,862,T,0.0,1.0,0.0,0.0,mccrone,889
50305,2014-12-07,False,True,NA,907,G,0.997210556969,0.0,0.0027894430310000384,0.0,mccrone,934
50305,2014-12-07,False,True,NA,1108,A,0.0,0.0,1.0,0.0,mccrone,1135
50305,2014-12-07,False,True,NA,1126,G,1.0,0.0,0.0,0.0,mccrone,1153
50305,2014-12-07,False,True,NA,1157,A,0.0017189725459999528,0.0,0.998281027454,0.0,mccrone,1184
50305,2014-12-07,False,True,NA,1194,C,0.0,0.0,0.0,1.0,mccrone,1221
50305,2014-12-07,False,True,NP,207,G,0.99670923764,0.0,0.0032907623600000324,0.0,mccrone,207
50305,2014-12-07,False,True,NP,297,C,0.0,0.0,0.0,1.0,mccrone,297
50305,2014-12-07,False,True,NP,347,G,1.0,0.0,0.0,0.0,mccrone,347
50305,2014-12-07,False,True,NP,606,G,0.998027321596,0.0,0.00197267840399995,0.0,mccrone,606
50305,2014-12-07,False,True,NP,885,G,0.999205159649,0.0,0.0007948403509999702,0.0,mccrone,885
50305,2014-12-07,False,True,NP,909,G,0.0,0.0,0.0,1.0,mccrone,909
50305,2014-12-07,False,True,NP,918,C,0.0,0.0,0.0,1.0,mccrone,918
50305,2014-12-07,False,True,NP,1002,C,0.0,0.0,0.0,1.0,mccrone,1002
50305,2014-12-07,False,True,NP,1011,A,0.273913255123,0.726086744877,0.0,0.0,mccrone,1011
50305,2014-12-07,False,True,NP,1092,A,0.0,0.0,1.0,0.0,mccrone,1092
50305,2014-12-07,False,True,NP,1186,T,0.0,1.0,0.0,0.0,mccrone,1186
50305,2014-12-07,False,True,NP,1188,A,0.0,0.0,1.0,0.0,mccrone,1188
50305,2014-12-07,False,True,NP,1224,G,0.997386577462,0.0,0.00261342253800001,0.0,mccrone,1224
50305,2014-12-07,False,True,NP,1407,C,1.0,0.0,0.0,0.0,mccrone,1407
50305,2014-12-07,False,True,NS,125,T,0.0,1.0,0.0,0.0,mccrone,125
50305,2014-12-07,False,True,NS,140,A,0.0,0.0,1.0,0.0,mccrone,140
50305,2014-12-07,False,True,NS,173,T,0.99703264095,0.0,0.0,0.002967359050000007,mccrone,173
50305,2014-12-07,False,True,NS,180,T,0.0,1.0,0.0,0.0,mccrone,180
50305,2014-12-07,False,True,NS,246,A,0.0,0.0,1.0,0.0,mccrone,246
50305,2014-12-07,False,True,NS,299,C,0.0,0.0015485087190000302,0.0,0.998451491281,mccrone,299
50305,2014-12-07,False,True,NS,570,G,0.998716138144,0.0,0.0012838618560000459,0.0,mccrone,570
50305,2014-12-07,False,True,NS,744,A,0.0,0.0,1.0,0.0,mccrone,744
50305,2014-12-07,False,True,NS,813,G,1.0,0.0,0.0,0.0,mccrone,813
50305,2014-12-07,False,True,NS,843,C,0.0,0.0,0.0,1.0,mccrone,843
50305,2014-12-07,False,True,PA,153,C,0.0,0.0,1.0,0.0,mccrone,177
50305,2014-12-07,False,True,PA,282,A,0.0,1.0,0.0,0.0,mccrone,306
50305,2014-12-07,False,True,PA,501,T,0.0,1.0,0.0,0.0,mccrone,525
50305,2014-12-07,False,True,PA,836,A,0.0,0.0,1.0,0.0,mccrone,860
50305,2014-12-07,False,True,PA,858,G,1.0,0.0,0.0,0.0,mccrone,882
50305,2014-12-07,False,True,PA,1001,G,0.998217371034,0.0,0.0017826289660000105,0.0,mccrone,1025
50305,2014-12-07,False,True,PA,1137,G,1.0,0.0,0.0,0.0,mccrone,1161
50305,2014-12-07,False,True,PA,1552,T,0.0,1.0,0.0,0.0,mccrone,1576
50305,2014-12-07,False,True,PA,1578,T,0.0,1.0,0.0,0.0,mccrone,1602
50305,2014-12-07,False,True,PA,1605,A,0.0,0.0,1.0,0.0,mccrone,1629
50305,2014-12-07,False,True,PA,1608,C,0.0,0.0,0.0,1.0,mccrone,1632
50305,2014-12-07,False,True,PA,2001,G,1.0,0.0,0.0,0.0,mccrone,2025
50305,2014-12-07,False,True,PA,2049,T,0.0,1.0,0.0,0.0,mccrone,2073
50305,2014-12-07,False,True,PB1,364,A,0.0,0.0,1.0,0.0,mccrone,372
50305,2014-12-07,False,True,PB1,424,T,0.0,1.0,0.0,0.0,mccrone,432
50305,2014-12-07,False,True,PB1,470,A,0.0,0.0,0.0,1.0,mccrone,478
50305,2014-12-07,False,True,PB1,502,A,0.0,0.0,1.0,0.0,mccrone,510
50305,2014-12-07,False,True,PB1,513,A,0.0,0.0,0.0,1.0,mccrone,521
50305,2014-12-07,False,True,PB1,589,G,1.0,0.0,0.0,0.0,mccrone,597
50305,2014-12-07,False,True,PB1,643,G,0.99850857569,0.0,0.0014914243100000446,0.0,mccrone,651
50305,2014-12-07,False,True,PB1,650,G,0.998700129987,0.0,0.0012998700130000262,0.0,mccrone,658
50305,2014-12-07,False,True,PB1,655,C,0.0,0.0,0.0,1.0,mccrone,663
50305,2014-12-07,False,True,PB1,892,C,0.0,0.0,0.0,1.0,mccrone,900
50305,2014-12-07,False,True,PB1,913,C,0.0,0.0,0.0,1.0,mccrone,921
50305,2014-12-07,False,True,PB1,1003,G,0.999168452362,0.0,0.0008315476379999742,0.0,mccrone,1011
50305,2014-12-07,False,True,PB1,1159,T,0.0,1.0,0.0,0.0,mccrone,1167
50305,2014-12-07,False,True,PB1,1570,T,0.0,1.0,0.0,0.0,mccrone,1578
50305,2014-12-07,False,True,PB1,1624,C,0.0,0.0,0.0,1.0,mccrone,1632
50305,2014-12-07,False,True,PB1,1690,A,0.0,0.0,1.0,0.0,mccrone,1698
50305,2014-12-07,False,True,PB1,1792,A,0.980087118855,0.0,0.0,0.019912881145,mccrone,1800
50305,2014-12-07,False,True,PB1,2074,G,1.0,0.0,0.0,0.0,mccrone,2082
50305,2014-12-07,False,True,PB2,57,G,1.0,0.0,0.0,0.0,mccrone,57
50305,2014-12-07,False,True,PB2,214,G,0.996890898813,0.0,0.0031091011870000296,0.0,mccrone,214
50305,2014-12-07,False,True,PB2,264,C,0.0,0.0,0.0,1.0,mccrone,264
50305,2014-12-07,False,True,PB2,352,G,0.998519155441,0.0,0.0014808445589999941,0.0,mccrone,352
50305,2014-12-07,False,True,PB2,501,G,0.99715159827,0.0,0.0028484017300000053,0.0,mccrone,501
50305,2014-12-07,False,True,PB2,573,A,0.0,0.0,1.0,0.0,mccrone,573
50305,2014-12-07,False,True,PB2,843,A,0.0009789061510000474,0.0,0.999021093849,0.0,mccrone,843
50305,2014-12-07,False,True,PB2,856,T,0.0,1.0,0.0,0.0,mccrone,856
50305,2014-12-07,False,True,PB2,1059,G,0.0,0.0,0.0,1.0,mccrone,1059
50305,2014-12-07,False,True,PB2,1413,A,0.0,0.0,1.0,0.0,mccrone,1413
50305,2014-12-07,False,True,PB2,1581,T,0.0,1.0,0.0,0.0,mccrone,1581
50305,2014-12-07,False,True,PB2,1602,G,1.0,0.0,0.0,0.0,mccrone,1602
50305,2014-12-07,False,True,PB2,1659,A,0.0,0.0,1.0,0.0,mccrone,1659
50305,2014-12-07,False,True,PB2,1662,C,0.0,0.0,0.0,1.0,mccrone,1662
50305,2014-12-07,False,True,PB2,1707,T,0.0,1.0,0.0,0.0,mccrone,1707
50305,2014-12-07,False,True,PB2,1790,T,0.0,1.0,0.0,0.0,mccrone,1790
50305,2014-12-07,False,True,PB2,1851,G,0.0100621365731,0.0,0.9899378634269,0.0,mccrone,1851
50305,2014-12-07,False,True,PB2,1869,G,0.998791411915,0.0,0.0012085880850000175,0.0,mccrone,1869
50305,2014-12-07,False,True,PB2,1885,T,0.0,1.0,0.0,0.0,mccrone,1885
50305,2014-12-07,False,True,PB2,2145,T,1.0,0.0,0.0,0.0,mccrone,2150
50305,2014-12-07,False,True,PB2,2184,A,0.0,0.0,1.0,0.0,mccrone,2189
50305,2014-12-10,True,True,HA,167,G,1.0,0.0,0.0,0.0,mccrone,221
50305,2014-12-10,True,True,HA,364,G,1.0,0.0,0.0,0.0,mccrone,425
50305,2014-12-10,True,True,HA,556,A,0.0,1.0,0.0,0.0,mccrone,647
50305,2014-12-10,True,True,HA,658,C,0.0,0.0014531570550000428,0.0,0.998546842945,mccrone,749
50305,2014-12-10,True,True,HA,685,T,0.0,1.0,0.0,0.0,mccrone,776
50305,2014-12-10,True,True,HA,1004,T,0.0,0.999216823785,0.0,0.0007831762150000143,mccrone,1130
50305,2014-12-10,True,True,HA,1466,C,1.0,0.0,0.0,0.0,mccrone,1592
50305,2014-12-10,True,True,MP,220,G,1.0,0.0,0.0,0.0,mccrone,220
50305,2014-12-10,True,True,MP,349,A,0.0,0.0,1.0,0.0,mccrone,349
50305,2014-12-10,True,True,MP,427,A,0.0,0.0,1.0,0.0,mccrone,427
50305,2014-12-10,True,True,MP,549,G,1.0,0.0,0.0,0.0,mccrone,549
50305,2014-12-10,True,True,MP,694,C,0.0,0.0,0.0,1.0,mccrone,694
50305,2014-12-10,True,True,NA,103,T,0.0,1.0,0.0,0.0,mccrone,105
50305,2014-12-10,True,True,NA,211,A,0.0,0.0,1.0,0.0,mccrone,226
50305,2014-12-10,True,True,NA,223,A,0.0,0.0,1.0,0.0,mccrone,238
50305,2014-12-10,True,True,NA,226,T,0.0,1.0,0.0,0.0,mccrone,241
50305,2014-12-10,True,True,NA,250,A,0.728333333333,0.0,0.271666666667,0.0,mccrone,265
50305,2014-12-10,True,True,NA,475,G,0.997590801241,0.0,0.0024091987590000308,0.0,mccrone,492
50305,2014-12-10,True,True,NA,491,C,0.0,0.0,0.0,1.0,mccrone,508
50305,2014-12-10,True,True,NA,710,A,0.0,0.0,1.0,0.0,mccrone,737
50305,2014-12-10,True,True,NA,753,G,0.998007107982,0.0,0.0019928920180000143,0.0,mccrone,780
50305,2014-12-10,True,True,NA,819,C,1.0,0.0,0.0,0.0,mccrone,846
50305,2014-12-10,True,True,NA,862,T,0.0,0.998706631746,0.0,0.0012933682539999491,mccrone,889
50305,2014-12-10,True,True,NA,907,G,0.997870853987,0.0,0.0021291460129999606,0.0,mccrone,934
50305,2014-12-10,True,True,NA,1108,A,0.0,0.0,1.0,0.0,mccrone,1135
50305,2014-12-10,True,True,NA,1126,G,0.998485700688,0.0,0.0015142993119999781,0.0,mccrone,1153
50305,2014-12-10,True,True,NA,1157,A,0.0,0.0,1.0,0.0,mccrone,1184
50305,2014-12-10,True,True,NA,1194,C,0.0,0.0,0.0,1.0,mccrone,1221
50305,2014-12-10,True,True,NP,207,G,0.997004357298,0.0,0.0029956427020000342,0.0,mccrone,207
50305,2014-12-10,True,True,NP,297,C,0.0,0.0016984919450000469,0.0,0.998301508055,mccrone,297
50305,2014-12-10,True,True,NP,347,G,0.998921385605,0.0,0.0010786143950000104,0.0,mccrone,347
50305,2014-12-10,True,True,NP,402,C,0.0,0.9462455222021,0.0,0.0537544777979,mccrone,402
50305,2014-12-10,True,True,NP,606,G,0.997839731426,0.0,0.0021602685739999794,0.0,mccrone,606
50305,2014-12-10,True,True,NP,885,G,0.999305615832,0.0,0.0006943841680000506,0.0,mccrone,885
50305,2014-12-10,True,True,NP,909,G,0.0,0.0,0.0,1.0,mccrone,909
50305,2014-12-10,True,True,NP,918,C,0.0,0.0,0.0,1.0,mccrone,918
50305,2014-12-10,True,True,NP,1002,C,0.0,0.0,0.0,1.0,mccrone,1002
50305,2014-12-10,True,True,NP,1011,A,0.678309576715,0.321690423285,0.0,0.0,mccrone,1011
50305,2014-12-10,True,True,NP,1092,A,0.0012417894839999999,0.0,0.998758210516,0.0,mccrone,1092
50305,2014-12-10,True,True,NP,1186,T,0.0,1.0,0.0,0.0,mccrone,1186
50305,2014-12-10,True,True,NP,1188,A,0.0,0.0,1.0,0.0,mccrone,1188
50305,2014-12-10,True,True,NP,1224,G,0.997616546821,0.0,0.002383453179000017,0.0,mccrone,1224
50305,2014-12-10,True,True,NP,1407,C,1.0,0.0,0.0,0.0,mccrone,1407
50305,2014-12-10,True,True,NS,77,T,0.0,0.0201493318979,0.0,0.9798506681021,mccrone,77
50305,2014-12-10,True,True,NS,125,T,0.0,1.0,0.0,0.0,mccrone,125
50305,2014-12-10,True,True,NS,140,A,0.0,0.0,1.0,0.0,mccrone,140
50305,2014-12-10,True,True,NS,173,T,1.0,0.0,0.0,0.0,mccrone,173
50305,2014-12-10,True,True,NS,180,T,0.0,1.0,0.0,0.0,mccrone,180
50305,2014-12-10,True,True,NS,246,A,0.0,0.0,1.0,0.0,mccrone,246
50305,2014-12-10,True,True,NS,299,C,0.0,0.0,0.0,1.0,mccrone,299
50305,2014-12-10,True,True,NS,552,A,0.9875515248773,0.0,0.0124484751227,0.0,mccrone,552
50305,2014-12-10,True,True,NS,570,G,1.0,0.0,0.0,0.0,mccrone,570
50305,2014-12-10,True,True,NS,744,A,0.0,0.0,1.0,0.0,mccrone,744
50305,2014-12-10,True,True,NS,813,G,1.0,0.0,0.0,0.0,mccrone,813
50305,2014-12-10,True,True,NS,843,C,0.0,0.0,0.0,1.0,mccrone,843
50305,2014-12-10,True,True,PA,153,C,0.0,0.0,1.0,0.0,mccrone,177
50305,2014-12-10,True,True,PA,282,A,0.0,1.0,0.0,0.0,mccrone,306
50305,2014-12-10,True,True,PA,501,T,0.0,1.0,0.0,0.0,mccrone,525
50305,2014-12-10,True,True,PA,836,A,0.0014248058700000454,0.0,0.99857519413,0.0,mccrone,860
50305,2014-12-10,True,True,PA,858,G,0.998790164751,0.0,0.0012098352489999797,0.0,mccrone,882
50305,2014-12-10,True,True,PA,1001,G,0.998984513836,0.0,0.0010154861640000457,0.0,mccrone,1025
50305,2014-12-10,True,True,PA,1137,G,1.0,0.0,0.0,0.0,mccrone,1161
50305,2014-12-10,True,True,PA,1552,T,0.0,1.0,0.0,0.0,mccrone,1576
50305,2014-12-10,True,True,PA,1578,T,0.0,1.0,0.0,0.0,mccrone,1602
50305,2014-12-10,True,True,PA,1605,A,0.0024527337759999712,0.0,0.997547266224,0.0,mccrone,1629
50305,2014-12-10,True,True,PA,1608,C,0.0,0.0,0.0,1.0,mccrone,1632
50305,2014-12-10,True,True,PA,2001,G,1.0,0.0,0.0,0.0,mccrone,2025
50305,2014-12-10,True,True,PA,2049,T,0.0,1.0,0.0,0.0,mccrone,2073
50305,2014-12-10,True,True,PB1,364,A,0.0,0.0,1.0,0.0,mccrone,372
50305,2014-12-10,True,True,PB1,424,T,0.0,1.0,0.0,0.0,mccrone,432
50305,2014-12-10,True,True,PB1,470,A,0.0,0.0,0.0,1.0,mccrone,478
50305,2014-12-10,True,True,PB1,502,A,0.0,0.0,1.0,0.0,mccrone,510
50305,2014-12-10,True,True,PB1,513,A,0.0,0.0,0.0,1.0,mccrone,521
50305,2014-12-10,True,True,PB1,589,G,1.0,0.0,0.0,0.0,mccrone,597
50305,2014-12-10,True,True,PB1,606,A,0.9892917173453,0.0,0.0107082826547,0.0,mccrone,614
50305,2014-12-10,True,True,PB1,643,G,0.998044500819,0.0,0.00195549918100002,0.0,mccrone,651
50305,2014-12-10,True,True,PB1,650,G,0.997965677325,0.0,0.002034322675000033,0.0,mccrone,658
50305,2014-12-10,True,True,PB1,655,C,0.0,0.0,0.0,1.0,mccrone,663
50305,2014-12-10,True,True,PB1,892,C,0.0,0.0,0.0,1.0,mccrone,900
50305,2014-12-10,True,True,PB1,913,C,0.0,0.0,0.0,1.0,mccrone,921
50305,2014-12-10,True,True,PB1,1003,G,0.999030067895,0.0,0.0009699321049999599,0.0,mccrone,1011
50305,2014-12-10,True,True,PB1,1159,T,0.0,1.0,0.0,0.0,mccrone,1167
50305,2014-12-10,True,True,PB1,1570,T,0.0,1.0,0.0,0.0,mccrone,1578
50305,2014-12-10,True,True,PB1,1624,C,0.0,0.0,0.0,1.0,mccrone,1632
50305,2014-12-10,True,True,PB1,1690,A,0.0,0.0,1.0,0.0,mccrone,1698
50305,2014-12-10,True,True,PB1,2074,G,0.998172959805,0.0,0.0018270401950000181,0.0,mccrone,2082
50305,2014-12-10,True,True,PB2,57,G,1.0,0.0,0.0,0.0,mccrone,57
50305,2014-12-10,True,True,PB2,214,G,1.0,0.0,0.0,0.0,mccrone,214
50305,2014-12-10,True,True,PB2,264,C,0.0,0.0,0.0,1.0,mccrone,264
50305,2014-12-10,True,True,PB2,352,G,0.997809647979,0.0,0.0021903520210000416,0.0,mccrone,352
50305,2014-12-10,True,True,PB2,501,G,0.997494372956,0.0,0.002505627044000036,0.0,mccrone,501
50305,2014-12-10,True,True,PB2,573,A,0.0,0.0,1.0,0.0,mccrone,573
50305,2014-12-10,True,True,PB2,843,A,0.0,0.0,1.0,0.0,mccrone,843
50305,2014-12-10,True,True,PB2,856,T,0.0,1.0,0.0,0.0,mccrone,856
50305,2014-12-10,True,True,PB2,1059,G,0.0,0.0,0.0,1.0,mccrone,1059
50305,2014-12-10,True,True,PB2,1413,A,0.0,0.0,1.0,0.0,mccrone,1413
50305,2014-12-10,True,True,PB2,1581,T,0.0,1.0,0.0,0.0,mccrone,1581
50305,2014-12-10,True,True,PB2,1602,G,1.0,0.0,0.0,0.0,mccrone,1602
50305,2014-12-10,True,True,PB2,1659,A,0.0,0.0,1.0,0.0,mccrone,1659
50305,2014-12-10,True,True,PB2,1662,C,0.0,0.0,0.0,1.0,mccrone,1662
50305,2014-12-10,True,True,PB2,1707,T,0.0,0.998747580553,0.0,0.0012524194470000527,mccrone,1707
50305,2014-12-10,True,True,PB2,1790,T,0.0,0.998433767963,0.0,0.001566232037000015,mccrone,1790
50305,2014-12-10,True,True,PB2,1869,G,0.998384621598,0.0,0.0016153784019999895,0.0,mccrone,1869
50305,2014-12-10,True,True,PB2,1885,T,0.0,1.0,0.0,0.0,mccrone,1885
50305,2014-12-10,True,True,PB2,2145,T,1.0,0.0,0.0,0.0,mccrone,2150
50305,2014-12-10,True,True,PB2,2184,A,0.0,0.0,1.0,0.0,mccrone,2189
50318,2014-11-23,False,False,HA,167,G,0.998138572906,0.0,0.0018614270939999455,0.0,mccrone,221
50318,2014-11-23,False,False,HA,364,G,0.998985897639,0.0,0.0010141023609999689,0.0,mccrone,425
50318,2014-11-23,False,False,HA,556,A,0.001589143376000024,0.998410856624,0.0,0.0,mccrone,647
50318,2014-11-23,False,False,HA,593,A,0.0018527791689999518,0.0,0.998147220831,0.0,mccrone,684
50318,2014-11-23,False,False,HA,658,C,0.0,0.0012941348830000088,0.0,0.998705865117,mccrone,749
50318,2014-11-23,False,False,HA,683,C,0.997767267664,0.002232732335999965,0.0,0.0,mccrone,774
50318,2014-11-23,False,False,HA,685,T,0.0,1.0,0.0,0.0,mccrone,776
50318,2014-11-23,False,False,HA,917,A,0.002170681640999983,0.0,0.997829318359,0.0,mccrone,1043
50318,2014-11-23,False,False,HA,1466,C,1.0,0.0,0.0,0.0,mccrone,1592
50318,2014-11-23,False,False,MP,292,C,0.0,0.00350649845600004,0.0,0.996493501544,mccrone,292
50318,2014-11-23,False,False,MP,320,C,0.0,0.003174603174999957,0.0,0.996825396825,mccrone,320
50318,2014-11-23,False,False,MP,349,A,0.0,0.0,1.0,0.0,mccrone,349
50318,2014-11-23,False,False,MP,427,A,0.0,0.0,1.0,0.0,mccrone,427
50318,2014-11-23,False,False,MP,549,G,1.0,0.0,0.0,0.0,mccrone,549
50318,2014-11-23,False,False,MP,694,C,0.0,0.0014189077709999554,0.0,0.998581092229,mccrone,694
50318,2014-11-23,False,False,NA,103,T,0.0,1.0,0.0,0.0,mccrone,105
50318,2014-11-23,False,False,NA,211,A,0.0,0.0,1.0,0.0,mccrone,226
50318,2014-11-23,False,False,NA,223,A,0.002579612169000045,0.0,0.997420387831,0.0,mccrone,238
50318,2014-11-23,False,False,NA,226,T,0.0,0.998179295994,0.0,0.0018207040059999846,mccrone,241
50318,2014-11-23,False,False,NA,446,G,0.998033776904,0.0,0.0019662230960000304,0.0,mccrone,463
50318,2014-11-23,False,False,NA,710,A,0.0009946464619999817,0.0,0.999005353538,0.0,mccrone,737
50318,2014-11-23,False,False,NA,819,C,0.998268017026,0.0017319829740000126,0.0,0.0,mccrone,846
50318,2014-11-23,False,False,NA,907,G,0.997101538651,0.0,0.002898461348999959,0.0,mccrone,934
50318,2014-11-23,False,False,NA,1108,A,0.002614541833000028,0.0,0.997385458167,0.0,mccrone,1135
50318,2014-11-23,False,False,NA,1157,A,0.00229277775000003,0.0,0.99770722225,0.0,mccrone,1184
50318,2014-11-23,False,False,NA,1194,C,0.0,0.0025081054629999544,0.0,0.997491894537,mccrone,1221
50318,2014-11-23,False,False,NP,207,G,0.975755873818,0.0,0.024244126182000003,0.0,mccrone,207
50318,2014-11-23,False,False,NP,208,C,0.996418732782,0.003581267218000006,0.0,0.0,mccrone,208
50318,2014-11-23,False,False,NP,347,G,0.998713426022,0.0,0.0012865739780000274,0.0,mccrone,347
50318,2014-11-23,False,False,NP,492,G,0.997756041427,0.0,0.002243958572999971,0.0,mccrone,492
50318,2014-11-23,False,False,NP,493,A,0.0024869933109999964,0.997513006689,0.0,0.0,mccrone,493
50318,2014-11-23,False,False,NP,606,G,0.998557823129,0.0,0.0014421768710000116,0.0,mccrone,606
50318,2014-11-23,False,False,NP,885,G,0.998397843446,0.0,0.0016021565539999783,0.0,mccrone,885
50318,2014-11-23,False,False,NP,909,G,0.0,0.0,0.0019784742009999468,0.998021525799,mccrone,909
50318,2014-11-23,False,False,NP,912,C,0.0,0.0025715035419999754,0.0,0.997428496458,mccrone,912
50318,2014-11-23,False,False,NP,918,C,0.0,0.0020413573699999965,0.0,0.99795864263,mccrone,918
50318,2014-11-23,False,False,NP,948,A,0.9808700687867,0.0,0.0191299312133,0.0,mccrone,948
50318,2014-11-23,False,False,NP,1002,C,0.0,0.0007381284340000072,0.0,0.999261871566,mccrone,1002
50318,2014-11-23,False,False,NP,1092,A,0.0013200924059999508,0.0,0.998679907594,0.0,mccrone,1092
50318,2014-11-23,False,False,NP,1158,G,0.997594306525,0.0,0.0024056934749999703,0.0,mccrone,1158
50318,2014-11-23,False,False,NP,1186,T,0.0,1.0,0.0,0.0,mccrone,1186
50318,2014-11-23,False,False,NP,1188,A,0.0,0.0,1.0,0.0,mccrone,1188
50318,2014-11-23,False,False,NP,1224,G,0.998314944835,0.0,0.001685055164999949,0.0,mccrone,1224
50318,2014-11-23,False,False,NP,1362,C,0.0,0.9854800388667,0.0,0.0145199611333,mccrone,1362
50318,2014-11-23,False,False,NP,1407,C,1.0,0.0,0.0,0.0,mccrone,1407
50318,2014-11-23,False,False,NS,125,T,0.0,0.996510468594,0.0,0.003489531405999946,mccrone,125
50318,2014-11-23,False,False,NS,180,T,0.0,1.0,0.0,0.0,mccrone,180
50318,2014-11-23,False,False,NS,246,A,0.0,0.0,1.0,0.0,mccrone,246
50318,2014-11-23,False,False,NS,299,C,0.0,0.0,0.0,1.0,mccrone,299
50318,2014-11-23,False,False,NS,570,G,1.0,0.0,0.0,0.0,mccrone,570
50318,2014-11-23,False,False,NS,744,A,0.0,0.0,1.0,0.0,mccrone,744
50318,2014-11-23,False,False,NS,813,G,1.0,0.0,0.0,0.0,mccrone,813
50318,2014-11-23,False,False,NS,843,C,0.0,0.0,0.0,1.0,mccrone,843
50318,2014-11-23,False,False,PA,153,C,0.0,0.0,1.0,0.0,mccrone,177
50318,2014-11-23,False,False,PA,282,A,0.0020947470190000317,0.997905252981,0.0,0.0,mccrone,306
50318,2014-11-23,False,False,PA,501,T,0.0,1.0,0.0,0.0,mccrone,525
50318,2014-11-23,False,False,PA,552,C,0.99843104872,0.0015689512800000083,0.0,0.0,mccrone,576
50318,2014-11-23,False,False,PA,836,A,0.0009780686910000336,0.0,0.999021931309,0.0,mccrone,860
50318,2014-11-23,False,False,PA,858,G,0.998948119764,0.0,0.0010518802360000024,0.0,mccrone,882
50318,2014-11-23,False,False,PA,1001,G,0.999174546,0.0,0.0008254540000000032,0.0,mccrone,1025
50318,2014-11-23,False,False,PA,1014,T,0.0,0.998708153398,0.0,0.0012918466019999908,mccrone,1038
50318,2014-11-23,False,False,PA,1137,G,1.0,0.0,0.0,0.0,mccrone,1161
50318,2014-11-23,False,False,PA,1193,A,0.0015300313120000242,0.0,0.998469968688,0.0,mccrone,1217
50318,2014-11-23,False,False,PA,1552,T,0.0,1.0,0.0,0.0,mccrone,1576
50318,2014-11-23,False,False,PA,1578,T,0.0,0.998889883617,0.0,0.0011101163829999594,mccrone,1602
50318,2014-11-23,False,False,PA,1608,C,0.0,0.0009323487729999691,0.0,0.999067651227,mccrone,1632
50318,2014-11-23,False,False,PA,1753,G,0.0156780484463,0.0,0.9843219515537,0.0,mccrone,1777
50318,2014-11-23,False,False,PA,2001,G,0.997592734435,0.0,0.0024072655650000385,0.0,mccrone,2025
50318,2014-11-23,False,False,PA,2049,T,0.0,1.0,0.0,0.0,mccrone,2073
50318,2014-11-23,False,False,PB1,364,A,0.0,0.0,1.0,0.0,mccrone,372
50318,2014-11-23,False,False,PB1,424,T,0.0,1.0,0.0,0.0,mccrone,432
50318,2014-11-23,False,False,PB1,470,A,0.0,0.0,0.0,1.0,mccrone,478
50318,2014-11-23,False,False,PB1,502,A,0.0009289363679999552,0.0,0.999071063632,0.0,mccrone,510
50318,2014-11-23,False,False,PB1,513,A,0.0,0.0,0.0,1.0,mccrone,521
50318,2014-11-23,False,False,PB1,589,G,0.999211045365,0.0,0.0007889546349999499,0.0,mccrone,597
50318,2014-11-23,False,False,PB1,643,G,0.998358541447,0.0,0.0016414585530000192,0.0,mccrone,651
50318,2014-11-23,False,False,PB1,655,C,0.0,0.0,0.0,1.0,mccrone,663
50318,2014-11-23,False,False,PB1,877,A,0.9791345971832,0.0,0.0208654028168,0.0,mccrone,885
50318,2014-11-23,False,False,PB1,892,C,0.0,0.0,0.0,1.0,mccrone,900
50318,2014-11-23,False,False,PB1,913,C,0.0,0.000879050625000044,0.0,0.999120949375,mccrone,921
50318,2014-11-23,False,False,PB1,985,A,0.9420640561032,0.0579359438968,0.0,0.0,mccrone,993
50318,2014-11-23,False,False,PB1,1003,G,0.998926313278,0.0,0.0010736867220000335,0.0,mccrone,1011
50318,2014-11-23,False,False,PB1,1159,T,0.0,1.0,0.0,0.0,mccrone,1167
50318,2014-11-23,False,False,PB1,1345,C,0.0,0.0,0.0,1.0,mccrone,1353
50318,2014-11-23,False,False,PB1,1570,T,0.0,0.998622756917,0.0,0.0013772430830000237,mccrone,1578
50318,2014-11-23,False,False,PB1,1624,C,0.0,0.0008894998580000202,0.0,0.999110500142,mccrone,1632
50318,2014-11-23,False,False,PB1,1690,A,0.0011691191289999736,0.0,0.998830880871,0.0,mccrone,1698
50318,2014-11-23,False,False,PB1,2074,G,0.997962798937,0.0,0.0020372010629999826,0.0,mccrone,2082
50318,2014-11-23,False,False,PB2,57,G,0.999599679744,0.0,0.00040032025600000853,0.0,mccrone,57
50318,2014-11-23,False,False,PB2,214,G,0.998871713867,0.0,0.0011282861329999783,0.0,mccrone,214
50318,2014-11-23,False,False,PB2,264,C,0.0,0.0,0.0,1.0,mccrone,264
50318,2014-11-23,False,False,PB2,573,A,0.0013409728150000078,0.0,0.998659027185,0.0,mccrone,573
50318,2014-11-23,False,False,PB2,705,T,0.0,0.998465697377,0.0,0.0015343026230000278,mccrone,705
50318,2014-11-23,False,False,PB2,843,A,0.0,0.0,1.0,0.0,mccrone,843
50318,2014-11-23,False,False,PB2,856,T,0.0,0.998942030572,0.0,0.0010579694279999607,mccrone,856
50318,2014-11-23,False,False,PB2,1059,G,0.0,0.0,0.0,1.0,mccrone,1059
50318,2014-11-23,False,False,PB2,1149,A,0.0017489573519999801,0.0,0.998251042648,0.0,mccrone,1149
50318,2014-11-23,False,False,PB2,1161,C,0.0,0.001123901642000047,0.0,0.998876098358,mccrone,1161
50318,2014-11-23,False,False,PB2,1413,A,0.0,0.0,1.0,0.0,mccrone,1413
50318,2014-11-23,False,False,PB2,1581,T,0.0,0.998867096226,0.0,0.0011329037739999936,mccrone,1581
50318,2014-11-23,False,False,PB2,1602,G,1.0,0.0,0.0,0.0,mccrone,1602
50318,2014-11-23,False,False,PB2,1659,A,0.0,0.0,1.0,0.0,mccrone,1659
50318,2014-11-23,False,False,PB2,1662,C,0.0,0.0,0.0,1.0,mccrone,1662
50318,2014-11-23,False,False,PB2,1707,T,0.0,1.0,0.0,0.0,mccrone,1707
50318,2014-11-23,False,False,PB2,1790,T,0.0,0.999085156667,0.0,0.0009148433329999595,mccrone,1790
50318,2014-11-23,False,False,PB2,1818,A,0.0011791989310000472,0.0,0.998820801069,0.0,mccrone,1818
50318,2014-11-23,False,False,PB2,1885,T,0.0,0.997965544109,0.0,0.002034455891000042,mccrone,1885
50318,2014-11-23,False,False,PB2,1936,A,0.002073288332000045,0.0,0.997926711668,0.0,mccrone,1936
50318,2014-11-23,False,False,PB2,2145,T,1.0,0.0,0.0,0.0,mccrone,2150
50318,2014-11-23,False,False,PB2,2184,A,0.00170316301700002,0.0,0.998296836983,0.0,mccrone,2189
50318,2014-11-26,True,True,HA,167,G,1.0,0.0,0.0,0.0,mccrone,221
50318,2014-11-26,True,True,HA,364,G,1.0,0.0,0.0,0.0,mccrone,425
50318,2014-11-26,True,True,HA,556,A,0.0,1.0,0.0,0.0,mccrone,647
50318,2014-11-26,True,True,HA,593,A,0.00167115201000001,0.0,0.99832884799,0.0,mccrone,684
50318,2014-11-26,True,True,HA,658,C,0.0,0.001280847067000046,0.0,0.998719152933,mccrone,749
50318,2014-11-26,True,True,HA,683,C,1.0,0.0,0.0,0.0,mccrone,774
50318,2014-11-26,True,True,HA,685,T,0.0,1.0,0.0,0.0,mccrone,776
50318,2014-11-26,True,True,HA,917,A,0.0016924564800000486,0.0,0.99830754352,0.0,mccrone,1043
50318,2014-11-26,True,True,HA,1463,G,0.0439763850454,0.0,0.9560236149546,0.0,mccrone,1589
50318,2014-11-26,True,True,HA,1466,C,1.0,0.0,0.0,0.0,mccrone,1592
50318,2014-11-26,True,True,MP,292,C,0.0,0.0,0.0,1.0,mccrone,292
50318,2014-11-26,True,True,MP,320,C,0.0,0.0,0.0,1.0,mccrone,320
50318,2014-11-26,True,True,MP,349,A,0.0,0.0,1.0,0.0,mccrone,349
50318,2014-11-26,True,True,MP,427,A,0.010733603785999968,0.0,0.989266396214,0.0,mccrone,427
50318,2014-11-26,True,True,MP,549,G,1.0,0.0,0.0,0.0,mccrone,549
50318,2014-11-26,True,True,MP,694,C,0.0,0.0,0.0,1.0,mccrone,694
50318,2014-11-26,True,True,NA,103,T,0.0,1.0,0.0,0.0,mccrone,105
50318,2014-11-26,True,True,NA,211,A,0.0,0.0,1.0,0.0,mccrone,226
50318,2014-11-26,True,True,NA,223,A,0.0,0.0,1.0,0.0,mccrone,238
50318,2014-11-26,True,True,NA,226,T,0.0,1.0,0.0,0.0,mccrone,241
50318,2014-11-26,True,True,NA,446,G,0.997848561051,0.0,0.0021514389490000507,0.0,mccrone,463
50318,2014-11-26,True,True,NA,710,A,0.0,0.0,1.0,0.0,mccrone,737
50318,2014-11-26,True,True,NA,819,C,1.0,0.0,0.0,0.0,mccrone,846
50318,2014-11-26,True,True,NA,907,G,0.997516768215,0.0,0.002483231784999984,0.0,mccrone,934
50318,2014-11-26,True,True,NA,1108,A,0.0,0.0,1.0,0.0,mccrone,1135
50318,2014-11-26,True,True,NA,1157,A,0.0,0.0,1.0,0.0,mccrone,1184
50318,2014-11-26,True,True,NA,1194,C,0.0,0.0,0.0,1.0,mccrone,1221
50318,2014-11-26,True,True,NP,207,G,0.995742247077,0.0,0.004257752923000013,0.0,mccrone,207
50318,2014-11-26,True,True,NP,208,C,1.0,0.0,0.0,0.0,mccrone,208
50318,2014-11-26,True,True,NP,347,G,0.998188132266,0.0,0.0018118677339999945,0.0,mccrone,347
50318,2014-11-26,True,True,NP,492,G,0.998262459991,0.0,0.0017375400089999493,0.0,mccrone,492
50318,2014-11-26,True,True,NP,493,A,0.0,1.0,0.0,0.0,mccrone,493
50318,2014-11-26,True,True,NP,606,G,0.998286754471,0.0,0.0017132455289999848,0.0,mccrone,606
50318,2014-11-26,True,True,NP,835,C,0.0165801806593,0.9834198193407,0.0,0.0,mccrone,835
50318,2014-11-26,True,True,NP,885,G,1.0,0.0,0.0,0.0,mccrone,885
50318,2014-11-26,True,True,NP,909,G,0.0,0.0,0.0,1.0,mccrone,909
50318,2014-11-26,True,True,NP,912,C,0.0,0.0011185191679999873,0.0,0.998881480832,mccrone,912
50318,2014-11-26,True,True,NP,918,C,0.0,0.0,0.0,1.0,mccrone,918
50318,2014-11-26,True,True,NP,1002,C,0.0,0.0,0.0,1.0,mccrone,1002
50318,2014-11-26,True,True,NP,1092,A,0.0,0.0,1.0,0.0,mccrone,1092
50318,2014-11-26,True,True,NP,1158,G,0.997789161499,0.0,0.002210838501000012,0.0,mccrone,1158
50318,2014-11-26,True,True,NP,1186,T,0.0,1.0,0.0,0.0,mccrone,1186
50318,2014-11-26,True,True,NP,1188,A,0.0,0.0,1.0,0.0,mccrone,1188
50318,2014-11-26,True,True,NP,1224,G,0.99667313557,0.0,0.003326864429999965,0.0,mccrone,1224
50318,2014-11-26,True,True,NP,1362,C,0.0,0.9587189765472,0.0,0.0412810234528,mccrone,1362
50318,2014-11-26,True,True,NP,1407,C,1.0,0.0,0.0,0.0,mccrone,1407
50318,2014-11-26,True,True,NS,125,T,0.0,1.0,0.0,0.0,mccrone,125
50318,2014-11-26,True,True,NS,180,T,0.0,1.0,0.0,0.0,mccrone,180
50318,2014-11-26,True,True,NS,246,A,0.0,0.0,1.0,0.0,mccrone,246
50318,2014-11-26,True,True,NS,299,C,0.0,0.0,0.0,1.0,mccrone,299
50318,2014-11-26,True,True,NS,570,G,0.999299294623,0.0,0.0007007053769999549,0.0,mccrone,570
50318,2014-11-26,True,True,NS,744,A,0.0,0.0,1.0,0.0,mccrone,744
50318,2014-11-26,True,True,NS,813,G,1.0,0.0,0.0,0.0,mccrone,813
50318,2014-11-26,True,True,NS,843,C,0.0,0.0,0.0,1.0,mccrone,843
50318,2014-11-26,True,True,PA,153,C,0.0,0.0,1.0,0.0,mccrone,177
50318,2014-11-26,True,True,PA,282,A,0.0,1.0,0.0,0.0,mccrone,306
50318,2014-11-26,True,True,PA,501,T,0.0,1.0,0.0,0.0,mccrone,525
50318,2014-11-26,True,True,PA,552,C,0.998982232691,0.0010177673090000505,0.0,0.0,mccrone,576
50318,2014-11-26,True,True,PA,836,A,0.0,0.0,1.0,0.0,mccrone,860
50318,2014-11-26,True,True,PA,858,G,1.0,0.0,0.0,0.0,mccrone,882
50318,2014-11-26,True,True,PA,1001,G,0.998560252092,0.0,0.0014397479080000553,0.0,mccrone,1025
50318,2014-11-26,True,True,PA,1014,T,0.0,1.0,0.0,0.0,mccrone,1038
50318,2014-11-26,True,True,PA,1137,G,1.0,0.0,0.0,0.0,mccrone,1161
50318,2014-11-26,True,True,PA,1193,A,0.0,0.0,1.0,0.0,mccrone,1217
50318,2014-11-26,True,True,PA,1552,T,0.0,1.0,0.0,0.0,mccrone,1576
50318,2014-11-26,True,True,PA,1578,T,0.0,1.0,0.0,0.0,mccrone,1602
50318,2014-11-26,True,True,PA,1608,C,0.0,0.0009711970700000405,0.0,0.99902880293,mccrone,1632
50318,2014-11-26,True,True,PA,2001,G,1.0,0.0,0.0,0.0,mccrone,2025
50318,2014-11-26,True,True,PA,2049,T,0.0,1.0,0.0,0.0,mccrone,2073
50318,2014-11-26,True,True,PB1,364,A,0.0,0.0,1.0,0.0,mccrone,372
50318,2014-11-26,True,True,PB1,424,T,0.0,1.0,0.0,0.0,mccrone,432
50318,2014-11-26,True,True,PB1,438,C,0.00492988913483,0.99507011086517,0.0,0.0,mccrone,446
50318,2014-11-26,True,True,PB1,470,A,0.0,0.0,0.0,1.0,mccrone,478
50318,2014-11-26,True,True,PB1,502,A,0.0,0.0,1.0,0.0,mccrone,510
50318,2014-11-26,True,True,PB1,513,A,0.0,0.0,0.0,1.0,mccrone,521
50318,2014-11-26,True,True,PB1,589,G,0.999289343709,0.0,0.0007106562909999781,0.0,mccrone,597
50318,2014-11-26,True,True,PB1,643,G,1.0,0.0,0.0,0.0,mccrone,651
50318,2014-11-26,True,True,PB1,655,C,0.0,0.0,0.0,1.0,mccrone,663
50318,2014-11-26,True,True,PB1,892,C,0.0,0.0,0.0,1.0,mccrone,900
50318,2014-11-26,True,True,PB1,913,C,0.0,0.0,0.0,1.0,mccrone,921
50318,2014-11-26,True,True,PB1,1003,G,1.0,0.0,0.0,0.0,mccrone,1011
50318,2014-11-26,True,True,PB1,1159,T,0.0,1.0,0.0,0.0,mccrone,1167
50318,2014-11-26,True,True,PB1,1345,C,0.0,0.0009652164590000512,0.0,0.999034783541,mccrone,1353
50318,2014-11-26,True,True,PB1,1376,C,0.0,0.99072954366604,0.0,0.00927045633396,mccrone,1384
50318,2014-11-26,True,True,PB1,1570,T,0.0,1.0,0.0,0.0,mccrone,1578
50318,2014-11-26,True,True,PB1,1624,C,0.0,0.0,0.0,1.0,mccrone,1632
50318,2014-11-26,True,True,PB1,1690,A,0.0,0.0,1.0,0.0,mccrone,1698
50318,2014-11-26,True,True,PB1,2074,G,1.0,0.0,0.0,0.0,mccrone,2082
50318,2014-11-26,True,True,PB2,57,G,1.0,0.0,0.0,0.0,mccrone,57
50318,2014-11-26,True,True,PB2,214,G,0.997383697163,0.0,0.002616302836999984,0.0,mccrone,214
50318,2014-11-26,True,True,PB2,264,C,0.0,0.0,0.0,1.0,mccrone,264
50318,2014-11-26,True,True,PB2,573,A,0.0,0.0,1.0,0.0,mccrone,573
50318,2014-11-26,True,True,PB2,705,T,0.0,0.99752396856,0.0,0.0024760314399999706,mccrone,705
50318,2014-11-26,True,True,PB2,843,A,0.0,0.0,1.0,0.0,mccrone,843
50318,2014-11-26,True,True,PB2,856,T,0.0,0.998849847605,0.0,0.001150152395000048,mccrone,856
50318,2014-11-26,True,True,PB2,1059,G,0.0,0.0,0.0,1.0,mccrone,1059
50318,2014-11-26,True,True,PB2,1149,A,0.00142400386899999,0.0,0.998575996131,0.0,mccrone,1149
50318,2014-11-26,True,True,PB2,1161,C,0.0,0.0,0.0,1.0,mccrone,1161
50318,2014-11-26,True,True,PB2,1413,A,0.0,0.0,1.0,0.0,mccrone,1413
50318,2014-11-26,True,True,PB2,1581,T,0.0,1.0,0.0,0.0,mccrone,1581
50318,2014-11-26,True,True,PB2,1602,G,1.0,0.0,0.0,0.0,mccrone,1602
50318,2014-11-26,True,True,PB2,1659,A,0.0,0.0,1.0,0.0,mccrone,1659
50318,2014-11-26,True,True,PB2,1662,C,0.0,0.0,0.0,1.0,mccrone,1662
50318,2014-11-26,True,True,PB2,1707,T,0.0,1.0,0.0,0.0,mccrone,1707
50318,2014-11-26,True,True,PB2,1713,T,0.0,0.0315621488869,0.0,0.9684378511131,mccrone,1713
50318,2014-11-26,True,True,PB2,1790,T,0.0,1.0,0.0,0.0,mccrone,1790
50318,2014-11-26,True,True,PB2,1818,A,0.0,0.0,1.0,0.0,mccrone,1818
50318,2014-11-26,True,True,PB2,1885,T,0.0,1.0,0.0,0.0,mccrone,1885
50318,2014-11-26,True,True,PB2,1936,A,0.0016420361250000237,0.0,0.998357963875,0.0,mccrone,1936
50318,2014-11-26,True,True,PB2,2145,T,1.0,0.0,0.0,0.0,mccrone,2150
50318,2014-11-26,True,True,PB2,2184,A,0.0,0.0,1.0,0.0,mccrone,2189
50319,2014-11-25,False,False,HA,140,A,0.9735012041294,0.0,0.0264987958706,0.0,mccrone,190
50319,2014-11-25,False,False,HA,167,G,1.0,0.0,0.0,0.0,mccrone,221
50319,2014-11-25,False,False,HA,364,G,0.998753319963,0.0,0.0012466800370000142,0.0,mccrone,425
50319,2014-11-25,False,False,HA,556,A,0.001386571917999957,0.998613428082,0.0,0.0,mccrone,647
50319,2014-11-25,False,False,HA,593,A,0.0019279792640000126,0.0,0.998072020736,0.0,mccrone,684
50319,2014-11-25,False,False,HA,658,C,0.0,0.0012779151130000166,0.0,0.998722084887,mccrone,749
50319,2014-11-25,False,False,HA,683,C,0.99783932834,0.002160671660000002,0.0,0.0,mccrone,774
50319,2014-11-25,False,False,HA,685,T,0.0,1.0,0.0,0.0,mccrone,776
50319,2014-11-25,False,False,HA,917,A,0.0018245585580000112,0.0,0.998175441442,0.0,mccrone,1043
50319,2014-11-25,False,False,HA,1466,C,1.0,0.0,0.0,0.0,mccrone,1592
50319,2014-11-25,False,False,MP,292,C,0.0,0.0035547108719999887,0.0,0.996445289128,mccrone,292
50319,2014-11-25,False,False,MP,320,C,0.0,0.0032655674720000194,0.0,0.996734432528,mccrone,320
50319,2014-11-25,False,False,MP,349,A,0.0022814814810000472,0.0,0.997718518519,0.0,mccrone,349
50319,2014-11-25,False,False,MP,427,A,0.0,0.0,1.0,0.0,mccrone,427
50319,2014-11-25,False,False,MP,525,C,0.0,0.9879707282312999,0.0,0.0120292717687,mccrone,525
50319,2014-11-25,False,False,MP,549,G,0.997875265592,0.0,0.002124734407999984,0.0,mccrone,549
50319,2014-11-25,False,False,MP,694,C,0.0,0.0020056157240000427,0.0,0.997994384276,mccrone,694
50319,2014-11-25,False,False,NA,103,T,0.0,1.0,0.0,0.0,mccrone,105
50319,2014-11-25,False,False,NA,211,A,0.0,0.0,1.0,0.0,mccrone,226
50319,2014-11-25,False,False,NA,223,A,0.0,0.0,1.0,0.0,mccrone,238
50319,2014-11-25,False,False,NA,226,T,0.0,1.0,0.0,0.0,mccrone,241
50319,2014-11-25,False,False,NA,446,G,0.99734903363,0.0,0.002650966369999952,0.0,mccrone,463
50319,2014-11-25,False,False,NA,710,A,0.0,0.0,1.0,0.0,mccrone,737
50319,2014-11-25,False,False,NA,819,C,1.0,0.0,0.0,0.0,mccrone,846
50319,2014-11-25,False,False,NA,907,G,0.997376905842,0.0,0.0026230941579999945,0.0,mccrone,934
50319,2014-11-25,False,False,NA,1108,A,0.0,0.0,1.0,0.0,mccrone,1135
50319,2014-11-25,False,False,NA,1157,A,0.0,0.0,1.0,0.0,mccrone,1184
50319,2014-11-25,False,False,NA,1194,C,0.0,0.0,0.0,1.0,mccrone,1221
50319,2014-11-25,False,False,NP,207,G,0.997120398475,0.0,0.0028796015249999973,0.0,mccrone,207
50319,2014-11-25,False,False,NP,208,C,0.996092552865,0.0039074471350000195,0.0,0.0,mccrone,208
50319,2014-11-25,False,False,NP,347,G,0.997737804211,0.0,0.002262195788999999,0.0,mccrone,347
50319,2014-11-25,False,False,NP,492,G,0.997181187033,0.0,0.0028188129670000395,0.0,mccrone,492
50319,2014-11-25,False,False,NP,493,A,0.00264365134900002,0.997356348651,0.0,0.0,mccrone,493
50319,2014-11-25,False,False,NP,606,G,0.998099234757,0.0,0.00190076524299998,0.0,mccrone,606
50319,2014-11-25,False,False,NP,699,T,0.0,0.0106746580998,0.0,0.9893253419002,mccrone,699
50319,2014-11-25,False,False,NP,885,G,0.998995617239,0.0,0.0010043827610000111,0.0,mccrone,885
50319,2014-11-25,False,False,NP,909,G,0.0,0.0,0.0,1.0,mccrone,909
50319,2014-11-25,False,False,NP,912,C,0.0,0.002102067032999977,0.0,0.997897932967,mccrone,912
50319,2014-11-25,False,False,NP,918,C,0.0,0.0,0.0,1.0,mccrone,918
50319,2014-11-25,False,False,NP,1002,C,0.0,0.000879700901999958,0.0,0.999120299098,mccrone,1002
50319,2014-11-25,False,False,NP,1092,A,0.00162147793699996,0.0,0.998378522063,0.0,mccrone,1092
50319,2014-11-25,False,False,NP,1158,G,0.997172811874,0.0,0.0028271881260000242,0.0,mccrone,1158
50319,2014-11-25,False,False,NP,1186,T,0.0,1.0,0.0,0.0,mccrone,1186
50319,2014-11-25,False,False,NP,1188,A,0.0,0.0,1.0,0.0,mccrone,1188
50319,2014-11-25,False,False,NP,1224,G,0.997920349381,0.0,0.002079650618999951,0.0,mccrone,1224
50319,2014-11-25,False,False,NP,1407,C,1.0,0.0,0.0,0.0,mccrone,1407
50319,2014-11-25,False,False,NS,125,T,0.0,1.0,0.0,0.0,mccrone,125
50319,2014-11-25,False,False,NS,180,T,0.0,0.99927549357,0.0,0.0007245064299999937,mccrone,180
50319,2014-11-25,False,False,NS,246,A,0.0,0.0,1.0,0.0,mccrone,246
50319,2014-11-25,False,False,NS,299,C,0.0,0.0014215172829999956,0.0,0.998578482717,mccrone,299
50319,2014-11-25,False,False,NS,553,A,0.99495092551718,0.0,0.0,0.00504907448282,mccrone,553
50319,2014-11-25,False,False,NS,570,G,0.999049499159,0.0,0.0009505008410000126,0.0,mccrone,570
50319,2014-11-25,False,False,NS,744,A,0.0,0.0,1.0,0.0,mccrone,744
50319,2014-11-25,False,False,NS,813,G,1.0,0.0,0.0,0.0,mccrone,813
50319,2014-11-25,False,False,NS,843,C,0.0,0.0,0.0,1.0,mccrone,843
50319,2014-11-25,False,False,PA,153,C,0.0,0.0,1.0,0.0,mccrone,177
50319,2014-11-25,False,False,PA,282,A,0.0,1.0,0.0,0.0,mccrone,306
50319,2014-11-25,False,False,PA,501,T,0.0,1.0,0.0,0.0,mccrone,525
50319,2014-11-25,False,False,PA,552,C,0.997742420985,0.002257579015000011,0.0,0.0,mccrone,576
50319,2014-11-25,False,False,PA,836,A,0.0,0.0,1.0,0.0,mccrone,860
50319,2014-11-25,False,False,PA,858,G,0.998932004272,0.0,0.0010679957279999819,0.0,mccrone,882
50319,2014-11-25,False,False,PA,1001,G,0.999096570193,0.0,0.000903429806999978,0.0,mccrone,1025
50319,2014-11-25,False,False,PA,1014,T,0.0,0.998071855518,0.0,0.0019281444819999605,mccrone,1038
50319,2014-11-25,False,False,PA,1137,G,0.998689629352,0.0,0.0013103706479999921,0.0,mccrone,1161
50319,2014-11-25,False,False,PA,1193,A,0.003198996393000031,0.0,0.996801003607,0.0,mccrone,1217
50319,2014-11-25,False,False,PA,1552,T,0.0,1.0,0.0,0.0,mccrone,1576
50319,2014-11-25,False,False,PA,1578,T,0.0,1.0,0.0,0.0,mccrone,1602
50319,2014-11-25,False,False,PA,1608,C,0.0,0.0012788541470000192,0.0,0.998721145853,mccrone,1632
50319,2014-11-25,False,False,PA,2001,G,1.0,0.0,0.0,0.0,mccrone,2025
50319,2014-11-25,False,False,PA,2049,T,0.0,1.0,0.0,0.0,mccrone,2073
50319,2014-11-25,False,False,PB1,364,A,0.0,0.0,1.0,0.0,mccrone,372
50319,2014-11-25,False,False,PB1,424,T,0.0,0.998636757963,0.0,0.001363242037000001,mccrone,432
50319,2014-11-25,False,False,PB1,470,A,0.0,0.0,0.0,1.0,mccrone,478
50319,2014-11-25,False,False,PB1,502,A,0.0,0.0,1.0,0.0,mccrone,510
50319,2014-11-25,False,False,PB1,513,A,0.0,0.0,0.0,1.0,mccrone,521
50319,2014-11-25,False,False,PB1,589,G,0.998902003843,0.0,0.001097996157000014,0.0,mccrone,597
50319,2014-11-25,False,False,PB1,643,G,0.998003113789,0.0,0.0019968862110000263,0.0,mccrone,651
50319,2014-11-25,False,False,PB1,655,C,0.0,0.0,0.0,1.0,mccrone,663
50319,2014-11-25,False,False,PB1,892,C,0.0,0.0,0.0,1.0,mccrone,900
50319,2014-11-25,False,False,PB1,913,C,0.0,0.001036789297999996,0.0,0.998963210702,mccrone,921
50319,2014-11-25,False,False,PB1,1003,G,0.998592398954,0.0,0.0014076010460000177,0.0,mccrone,1011
50319,2014-11-25,False,False,PB1,1159,T,0.0,1.0,0.0,0.0,mccrone,1167
50319,2014-11-25,False,False,PB1,1345,C,0.0,0.0014945144529999732,0.0,0.998505485547,mccrone,1353
50319,2014-11-25,False,False,PB1,1570,T,0.0,1.0,0.0,0.0,mccrone,1578
50319,2014-11-25,False,False,PB1,1624,C,0.0,0.0,0.0,1.0,mccrone,1632
50319,2014-11-25,False,False,PB1,1690,A,0.0,0.0,1.0,0.0,mccrone,1698
50319,2014-11-25,False,False,PB1,2074,G,0.998087276849,0.0,0.0019127231509999953,0.0,mccrone,2082
50319,2014-11-25,False,False,PB2,57,G,1.0,0.0,0.0,0.0,mccrone,57
50319,2014-11-25,False,False,PB2,214,G,0.998341769942,0.0,0.001658230058000032,0.0,mccrone,214
50319,2014-11-25,False,False,PB2,264,C,0.0,0.0,0.0,1.0,mccrone,264
50319,2014-11-25,False,False,PB2,573,A,0.0,0.0,1.0,0.0,mccrone,573
50319,2014-11-25,False,False,PB2,705,T,0.0,0.997279359005,0.0,0.002720640995000023,mccrone,705
50319,2014-11-25,False,False,PB2,843,A,0.0,0.0,1.0,0.0,mccrone,843
50319,2014-11-25,False,False,PB2,856,T,0.0,1.0,0.0,0.0,mccrone,856
50319,2014-11-25,False,False,PB2,880,C,0.0,0.9639158196644,0.0,0.0360841803356,mccrone,880
50319,2014-11-25,False,False,PB2,1059,G,0.0,0.0,0.0,1.0,mccrone,1059
50319,2014-11-25,False,False,PB2,1149,A,0.0018649965210000286,0.0,0.998135003479,0.0,mccrone,1149
50319,2014-11-25,False,False,PB2,1161,C,0.0,0.001982385091999994,0.0,0.998017614908,mccrone,1161
50319,2014-11-25,False,False,PB2,1413,A,0.003730480045999962,0.0,0.996269519954,0.0,mccrone,1413
50319,2014-11-25,False,False,PB2,1506,G,0.00728026848139,0.0,0.99271973151861,0.0,mccrone,1506
50319,2014-11-25,False,False,PB2,1581,T,0.0,1.0,0.0,0.0,mccrone,1581
50319,2014-11-25,False,False,PB2,1602,G,1.0,0.0,0.0,0.0,mccrone,1602
50319,2014-11-25,False,False,PB2,1659,A,0.001154501111000017,0.0,0.998845498889,0.0,mccrone,1659
50319,2014-11-25,False,False,PB2,1662,C,0.0,0.0,0.0,1.0,mccrone,1662
50319,2014-11-25,False,False,PB2,1707,T,0.0,0.999073686727,0.0,0.0009263132729999679,mccrone,1707
50319,2014-11-25,False,False,PB2,1790,T,0.0,1.0,0.0,0.0,mccrone,1790
50319,2014-11-25,False,False,PB2,1818,A,0.002105467738000022,0.0,0.997894532262,0.0,mccrone,1818
50319,2014-11-25,False,False,PB2,1885,T,0.0,0.997976139753,0.0,0.0020238602469999645,mccrone,1885
50319,2014-11-25,False,False,PB2,1936,A,0.0020304568529999623,0.0,0.997969543147,0.0,mccrone,1936
50319,2014-11-25,False,False,PB2,2145,T,1.0,0.0,0.0,0.0,mccrone,2150
50319,2014-11-25,False,False,PB2,2184,A,0.0,0.0,1.0,0.0,mccrone,2189
50319,2014-11-26,True,False,HA,140,A,0.9501365007343,0.0,0.0498634992657,0.0,mccrone,190
50319,2014-11-26,True,False,HA,167,G,1.0,0.0,0.0,0.0,mccrone,221
50319,2014-11-26,True,False,HA,364,G,0.998809771774,0.0,0.0011902282260000119,0.0,mccrone,425
50319,2014-11-26,True,False,HA,556,A,0.0,1.0,0.0,0.0,mccrone,647
50319,2014-11-26,True,False,HA,593,A,0.0015863758309999643,0.0,0.998413624169,0.0,mccrone,684
50319,2014-11-26,True,False,HA,658,C,0.0,0.0012266315340000444,0.0,0.998773368466,mccrone,749
50319,2014-11-26,True,False,HA,683,C,1.0,0.0,0.0,0.0,mccrone,774
50319,2014-11-26,True,False,HA,685,T,0.0,0.998964477061,0.0,0.0010355229389999998,mccrone,776
50319,2014-11-26,True,False,HA,917,A,0.0,0.0,1.0,0.0,mccrone,1043
50319,2014-11-26,True,False,HA,1466,C,1.0,0.0,0.0,0.0,mccrone,1592
50319,2014-11-26,True,False,MP,292,C,0.0,0.0,0.0,1.0,mccrone,292
50319,2014-11-26,True,False,MP,320,C,0.0,0.0,0.0,1.0,mccrone,320
50319,2014-11-26,True,False,MP,349,A,0.009744246191999983,0.0,0.990255753808,0.0,mccrone,349
50319,2014-11-26,True,False,MP,427,A,0.001239576290000044,0.0,0.99876042371,0.0,mccrone,427
50319,2014-11-26,True,False,MP,525,C,0.0,0.9895578704677,0.0,0.0104421295323,mccrone,525
50319,2014-11-26,True,False,MP,549,G,1.0,0.0,0.0,0.0,mccrone,549
50319,2014-11-26,True,False,MP,694,C,0.0,0.0017290160330000193,0.0,0.998270983967,mccrone,694
50319,2014-11-26,True,False,NA,103,T,0.0,1.0,0.0,0.0,mccrone,105
50319,2014-11-26,True,False,NA,211,A,0.0,0.0,1.0,0.0,mccrone,226
50319,2014-11-26,True,False,NA,223,A,0.0,0.0,1.0,0.0,mccrone,238
50319,2014-11-26,True,False,NA,226,T,0.0,1.0,0.0,0.0,mccrone,241
50319,2014-11-26,True,False,NA,446,G,0.998577153145,0.0,0.0014228468550000484,0.0,mccrone,463
50319,2014-11-26,True,False,NA,710,A,0.0,0.0,1.0,0.0,mccrone,737
50319,2014-11-26,True,False,NA,819,C,1.0,0.0,0.0,0.0,mccrone,846
50319,2014-11-26,True,False,NA,907,G,0.997991490261,0.0,0.0020085097390000195,0.0,mccrone,934
50319,2014-11-26,True,False,NA,1108,A,0.0,0.0,1.0,0.0,mccrone,1135
50319,2014-11-26,True,False,NA,1157,A,0.0,0.0,1.0,0.0,mccrone,1184
50319,2014-11-26,True,False,NA,1194,C,0.0,0.0,0.0,1.0,mccrone,1221
50319,2014-11-26,True,False,NP,207,G,1.0,0.0,0.0,0.0,mccrone,207
50319,2014-11-26,True,False,NP,208,C,1.0,0.0,0.0,0.0,mccrone,208
50319,2014-11-26,True,False,NP,347,G,0.998389856093,0.0,0.0016101439069999834,0.0,mccrone,347
50319,2014-11-26,True,False,NP,492,G,1.0,0.0,0.0,0.0,mccrone,492
50319,2014-11-26,True,False,NP,493,A,0.0,1.0,0.0,0.0,mccrone,493
50319,2014-11-26,True,False,NP,606,G,0.998365493757,0.0,0.001634506242999989,0.0,mccrone,606
50319,2014-11-26,True,False,NP,885,G,1.0,0.0,0.0,0.0,mccrone,885
50319,2014-11-26,True,False,NP,909,G,0.0,0.0,0.0,1.0,mccrone,909
50319,2014-11-26,True,False,NP,912,C,0.0,0.0015939752360000226,0.0,0.998406024764,mccrone,912
50319,2014-11-26,True,False,NP,918,C,0.0,0.0009786787840000422,0.0,0.999021321216,mccrone,918
50319,2014-11-26,True,False,NP,1002,C,0.0,0.0,0.0,1.0,mccrone,1002
50319,2014-11-26,True,False,NP,1092,A,0.0,0.0,1.0,0.0,mccrone,1092
50319,2014-11-26,True,False,NP,1158,G,0.997808992136,0.0,0.0021910078639999497,0.0,mccrone,1158
50319,2014-11-26,True,False,NP,1186,T,0.0,1.0,0.0,0.0,mccrone,1186
50319,2014-11-26,True,False,NP,1188,A,0.0,0.0,1.0,0.0,mccrone,1188
50319,2014-11-26,True,False,NP,1224,G,0.99817056009,0.0,0.0018294399099999525,0.0,mccrone,1224
50319,2014-11-26,True,False,NP,1407,C,1.0,0.0,0.0,0.0,mccrone,1407
50319,2014-11-26,True,False,NS,125,T,0.0,1.0,0.0,0.0,mccrone,125
50319,2014-11-26,True,False,NS,180,T,0.0,1.0,0.0,0.0,mccrone,180
50319,2014-11-26,True,False,NS,246,A,0.0,0.0,1.0,0.0,mccrone,246
50319,2014-11-26,True,False,NS,299,C,0.0,0.0022469761440000457,0.0,0.997753023856,mccrone,299
50319,2014-11-26,True,False,NS,553,A,0.99047468798033,0.0,0.0,0.00952531201967,mccrone,553
50319,2014-11-26,True,False,NS,570,G,1.0,0.0,0.0,0.0,mccrone,570
50319,2014-11-26,True,False,NS,744,A,0.0,0.0,1.0,0.0,mccrone,744
50319,2014-11-26,True,False,NS,813,G,1.0,0.0,0.0,0.0,mccrone,813
50319,2014-11-26,True,False,NS,843,C,0.0,0.0,0.0,1.0,mccrone,843
50319,2014-11-26,True,False,PA,153,C,0.0,0.0,1.0,0.0,mccrone,177
50319,2014-11-26,True,False,PA,282,A,0.0,1.0,0.0,0.0,mccrone,306
50319,2014-11-26,True,False,PA,501,T,0.0,1.0,0.0,0.0,mccrone,525
50319,2014-11-26,True,False,PA,552,C,1.0,0.0,0.0,0.0,mccrone,576
50319,2014-11-26,True,False,PA,836,A,0.0,0.0,1.0,0.0,mccrone,860
50319,2014-11-26,True,False,PA,858,G,0.998946351743,0.0,0.0010536482570000505,0.0,mccrone,882
50319,2014-11-26,True,False,PA,1001,G,0.998861446838,0.0,0.0011385531619999556,0.0,mccrone,1025
50319,2014-11-26,True,False,PA,1014,T,0.0,1.0,0.0,0.0,mccrone,1038
50319,2014-11-26,True,False,PA,1137,G,1.0,0.0,0.0,0.0,mccrone,1161
50319,2014-11-26,True,False,PA,1193,A,0.0,0.0,1.0,0.0,mccrone,1217
50319,2014-11-26,True,False,PA,1552,T,0.0,0.99926881343,0.0,0.000731186570000042,mccrone,1576
50319,2014-11-26,True,False,PA,1578,T,0.0,0.998836058895,0.0,0.0011639411049999548,mccrone,1602
50319,2014-11-26,True,False,PA,1608,C,0.0,0.0005733079869999491,0.0,0.999426692013,mccrone,1632
50319,2014-11-26,True,False,PA,2001,G,1.0,0.0,0.0,0.0,mccrone,2025
50319,2014-11-26,True,False,PA,2049,T,0.0,1.0,0.0,0.0,mccrone,2073
50319,2014-11-26,True,False,PB1,364,A,0.0011206993160000067,0.0,0.998879300684,0.0,mccrone,372
50319,2014-11-26,True,False,PB1,424,T,0.0,1.0,0.0,0.0,mccrone,432
50319,2014-11-26,True,False,PB1,470,A,0.0,0.0,0.0,1.0,mccrone,478
50319,2014-11-26,True,False,PB1,502,A,0.0,0.0,1.0,0.0,mccrone,510
50319,2014-11-26,True,False,PB1,513,A,0.0008772314580000051,0.0,0.0,0.999122768542,mccrone,521
50319,2014-11-26,True,False,PB1,589,G,1.0,0.0,0.0,0.0,mccrone,597
50319,2014-11-26,True,False,PB1,643,G,0.998037291462,0.0,0.0019627085379999576,0.0,mccrone,651
50319,2014-11-26,True,False,PB1,655,C,0.0,0.0,0.0,1.0,mccrone,663
50319,2014-11-26,True,False,PB1,892,C,0.0,0.0005160778089999818,0.0,0.999483922191,mccrone,900
50319,2014-11-26,True,False,PB1,913,C,0.0,0.0009292960579999621,0.0,0.999070703942,mccrone,921
50319,2014-11-26,True,False,PB1,1003,G,1.0,0.0,0.0,0.0,mccrone,1011
50319,2014-11-26,True,False,PB1,1159,T,0.0,1.0,0.0,0.0,mccrone,1167
50319,2014-11-26,True,False,PB1,1345,C,0.0,0.000992309601000052,0.0,0.999007690399,mccrone,1353
50319,2014-11-26,True,False,PB1,1570,T,0.0,1.0,0.0,0.0,mccrone,1578
50319,2014-11-26,True,False,PB1,1624,C,0.0,0.0,0.0,1.0,mccrone,1632
50319,2014-11-26,True,False,PB1,1690,A,0.0,0.0,1.0,0.0,mccrone,1698
50319,2014-11-26,True,False,PB1,2074,G,0.997255032441,0.0,0.002744967559,0.0,mccrone,2082
50319,2014-11-26,True,False,PB2,57,G,1.0,0.0,0.0,0.0,mccrone,57
50319,2014-11-26,True,False,PB2,214,G,0.998241795044,0.0,0.0017582049559999868,0.0,mccrone,214
50319,2014-11-26,True,False,PB2,264,C,0.0,0.0,0.0,1.0,mccrone,264
50319,2014-11-26,True,False,PB2,573,A,0.0,0.0,1.0,0.0,mccrone,573
50319,2014-11-26,True,False,PB2,705,T,0.0,0.998379789373,0.0,0.0016202106270000183,mccrone,705
50319,2014-11-26,True,False,PB2,843,A,0.0,0.0,1.0,0.0,mccrone,843
50319,2014-11-26,True,False,PB2,856,T,0.0,1.0,0.0,0.0,mccrone,856
50319,2014-11-26,True,False,PB2,880,C,0.0,0.99031128401536,0.0,0.00968871598464,mccrone,880
50319,2014-11-26,True,False,PB2,1059,G,0.0,0.0,0.0,1.0,mccrone,1059
50319,2014-11-26,True,False,PB2,1149,A,0.0011871893979999992,0.0,0.998812810602,0.0,mccrone,1149
50319,2014-11-26,True,False,PB2,1161,C,0.0,0.0011119450700000089,0.0,0.99888805493,mccrone,1161
50319,2014-11-26,True,False,PB2,1413,A,0.001803121653999984,0.0,0.998196878346,0.0,mccrone,1413
50319,2014-11-26,True,False,PB2,1506,G,0.005396725895,0.0,0.994603274105,0.0,mccrone,1506
50319,2014-11-26,True,False,PB2,1581,T,0.0,1.0,0.0,0.0,mccrone,1581
50319,2014-11-26,True,False,PB2,1602,G,0.999097893144,0.0,0.0009021068560000067,0.0,mccrone,1602
50319,2014-11-26,True,False,PB2,1659,A,0.0,0.0,1.0,0.0,mccrone,1659
50319,2014-11-26,True,False,PB2,1662,C,0.0,0.0011905453280000033,0.0,0.998809454672,mccrone,1662
50319,2014-11-26,True,False,PB2,1707,T,0.0,1.0,0.0,0.0,mccrone,1707
50319,2014-11-26,True,False,PB2,1790,T,0.0,1.0,0.0,0.0,mccrone,1790
50319,2014-11-26,True,False,PB2,1818,A,0.0,0.0,1.0,0.0,mccrone,1818
50319,2014-11-26,True,False,PB2,1885,T,0.0,1.0,0.0,0.0,mccrone,1885
50319,2014-11-26,True,False,PB2,1936,A,0.0,0.0,1.0,0.0,mccrone,1936
50319,2014-11-26,True,False,PB2,2145,T,1.0,0.0,0.0,0.0,mccrone,2150
50319,2014-11-26,True,False,PB2,2184,A,0.0,0.0,1.0,0.0,mccrone,2189
50331,2014-12-09,False,True,HA,167,G,1.0,0.0,0.0,0.0,mccrone,221
50331,2014-12-09,False,True,HA,364,G,1.0,0.0,0.0,0.0,mccrone,425
50331,2014-12-09,False,True,HA,496,T,0.0,0.999148081662,0.0,0.0008519183380000239,mccrone,582
50331,2014-12-09,False,True,HA,556,A,0.0,1.0,0.0,0.0,mccrone,647
50331,2014-12-09,False,True,HA,658,C,0.0,0.0015081692499999688,0.0,0.99849183075,mccrone,749
50331,2014-12-09,False,True,HA,685,T,0.0,1.0,0.0,0.0,mccrone,776
50331,2014-12-09,False,True,HA,1466,C,1.0,0.0,0.0,0.0,mccrone,1592
50331,2014-12-09,False,True,MP,349,A,0.001784037559000029,0.0,0.998215962441,0.0,mccrone,349
50331,2014-12-09,False,True,MP,427,A,0.0,0.0,1.0,0.0,mccrone,427
50331,2014-12-09,False,True,MP,549,G,1.0,0.0,0.0,0.0,mccrone,549
50331,2014-12-09,False,True,MP,694,C,0.0,0.0017019910079999478,0.0,0.998298008992,mccrone,694
50331,2014-12-09,False,True,NA,103,T,0.0,1.0,0.0,0.0,mccrone,105
50331,2014-12-09,False,True,NA,211,A,0.0,0.0,1.0,0.0,mccrone,226
50331,2014-12-09,False,True,NA,223,A,0.0,0.0,1.0,0.0,mccrone,238
50331,2014-12-09,False,True,NA,226,T,0.0,1.0,0.0,0.0,mccrone,241
50331,2014-12-09,False,True,NA,475,G,0.997540124204,0.0,0.002459875796000044,0.0,mccrone,492
50331,2014-12-09,False,True,NA,491,C,0.0,0.001032729584000025,0.0,0.998967270416,mccrone,508
50331,2014-12-09,False,True,NA,710,A,0.0,0.0,1.0,0.0,mccrone,737
50331,2014-12-09,False,True,NA,753,G,0.999006543113,0.0,0.0009934568870000327,0.0,mccrone,780
50331,2014-12-09,False,True,NA,819,C,1.0,0.0,0.0,0.0,mccrone,846
50331,2014-12-09,False,True,NA,862,T,0.0,1.0,0.0,0.0,mccrone,889
50331,2014-12-09,False,True,NA,907,G,0.997479707943,0.0,0.0025202920569999954,0.0,mccrone,934
50331,2014-12-09,False,True,NA,1108,A,0.0,0.0,1.0,0.0,mccrone,1135
50331,2014-12-09,False,True,NA,1126,G,0.998534184902,0.0,0.001465815098000034,0.0,mccrone,1153
50331,2014-12-09,False,True,NA,1157,A,0.0,0.0,1.0,0.0,mccrone,1184
50331,2014-12-09,False,True,NA,1194,C,0.0,0.0,0.0,1.0,mccrone,1221
50331,2014-12-09,False,True,NP,207,G,0.996336676843,0.0,0.00366332315700002,0.0,mccrone,207
50331,2014-12-09,False,True,NP,297,C,0.0,0.0013085833370000133,0.0,0.998691416663,mccrone,297
50331,2014-12-09,False,True,NP,347,G,0.998624817991,0.0,0.0013751820089999978,0.0,mccrone,347
50331,2014-12-09,False,True,NP,606,G,0.99809260539,0.0,0.0019073946100000017,0.0,mccrone,606
50331,2014-12-09,False,True,NP,885,G,0.999240179318,0.0,0.0007598206819999787,0.0,mccrone,885
50331,2014-12-09,False,True,NP,909,G,0.0,0.0,0.0012553942720000544,0.998744605728,mccrone,909
50331,2014-12-09,False,True,NP,918,C,0.0,0.0,0.0,1.0,mccrone,918
50331,2014-12-09,False,True,NP,990,A,0.0014840398259999832,0.0,0.998515960174,0.0,mccrone,990
50331,2014-12-09,False,True,NP,1002,C,0.0,0.0010544815470000524,0.0,0.998945518453,mccrone,1002
50331,2014-12-09,False,True,NP,1092,A,0.0,0.0,1.0,0.0,mccrone,1092
50331,2014-12-09,False,True,NP,1186,T,0.0,1.0,0.0,0.0,mccrone,1186
50331,2014-12-09,False,True,NP,1188,A,0.0,0.0,1.0,0.0,mccrone,1188
50331,2014-12-09,False,True,NP,1224,G,0.997692041389,0.0,0.0023079586109999717,0.0,mccrone,1224
50331,2014-12-09,False,True,NP,1334,C,0.0,0.9706306903237,0.0,0.0293693096763,mccrone,1334
50331,2014-12-09,False,True,NP,1407,C,1.0,0.0,0.0,0.0,mccrone,1407
50331,2014-12-09,False,True,NS,125,T,0.0,1.0,0.0,0.0,mccrone,125
50331,2014-12-09,False,True,NS,140,A,0.0,0.0,1.0,0.0,mccrone,140
50331,2014-12-09,False,True,NS,173,T,1.0,0.0,0.0,0.0,mccrone,173
50331,2014-12-09,False,True,NS,180,T,0.0,1.0,0.0,0.0,mccrone,180
50331,2014-12-09,False,True,NS,246,A,0.0,0.0,1.0,0.0,mccrone,246
50331,2014-12-09,False,True,NS,299,C,0.0,0.0012049229710000553,0.0,0.998795077029,mccrone,299
50331,2014-12-09,False,True,NS,570,G,1.0,0.0,0.0,0.0,mccrone,570
50331,2014-12-09,False,True,NS,744,A,0.002725620836000031,0.0,0.997274379164,0.0,mccrone,744
50331,2014-12-09,False,True,NS,801,A,0.0,0.0,1.0,0.0,mccrone,801
50331,2014-12-09,False,True,NS,813,G,1.0,0.0,0.0,0.0,mccrone,813
50331,2014-12-09,False,True,NS,843,C,0.0,0.0,0.0,1.0,mccrone,843
50331,2014-12-09,False,True,PA,153,C,0.0,0.0,1.0,0.0,mccrone,177
50331,2014-12-09,False,True,PA,282,A,0.0,1.0,0.0,0.0,mccrone,306
50331,2014-12-09,False,True,PA,501,T,0.0,1.0,0.0,0.0,mccrone,525
50331,2014-12-09,False,True,PA,836,A,0.0,0.0,1.0,0.0,mccrone,860
50331,2014-12-09,False,True,PA,858,G,1.0,0.0,0.0,0.0,mccrone,882
50331,2014-12-09,False,True,PA,1001,G,0.998734606957,0.0,0.001265393042999996,0.0,mccrone,1025
50331,2014-12-09,False,True,PA,1137,G,1.0,0.0,0.0,0.0,mccrone,1161
50331,2014-12-09,False,True,PA,1552,T,0.0,1.0,0.0,0.0,mccrone,1576
50331,2014-12-09,False,True,PA,1578,T,0.0,1.0,0.0,0.0,mccrone,1602
50331,2014-12-09,False,True,PA,1605,A,0.0013363319320000011,0.0,0.998663668068,0.0,mccrone,1629
50331,2014-12-09,False,True,PA,1608,C,0.0,0.0010375179889999808,0.0,0.998962482011,mccrone,1632
50331,2014-12-09,False,True,PA,2001,G,0.998984302862,0.0,0.0010156971379999824,0.0,mccrone,2025
50331,2014-12-09,False,True,PA,2049,T,0.0,1.0,0.0,0.0,mccrone,2073
50331,2014-12-09,False,True,PB1,364,A,0.0,0.0,1.0,0.0,mccrone,372
50331,2014-12-09,False,True,PB1,424,T,0.0,1.0,0.0,0.0,mccrone,432
50331,2014-12-09,False,True,PB1,470,A,0.0,0.0,0.0,1.0,mccrone,478
50331,2014-12-09,False,True,PB1,502,A,0.0,0.0,1.0,0.0,mccrone,510
50331,2014-12-09,False,True,PB1,513,A,0.0,0.0,0.0,1.0,mccrone,521
50331,2014-12-09,False,True,PB1,589,G,1.0,0.0,0.0,0.0,mccrone,597
50331,2014-12-09,False,True,PB1,643,G,0.998018765654,0.0,0.0019812343459999493,0.0,mccrone,651
50331,2014-12-09,False,True,PB1,650,G,0.999260081391,0.0,0.0007399186090000232,0.0,mccrone,658
50331,2014-12-09,False,True,PB1,655,C,0.0,0.0,0.0,1.0,mccrone,663
50331,2014-12-09,False,True,PB1,892,C,0.0,0.0,0.0,1.0,mccrone,900
50331,2014-12-09,False,True,PB1,913,C,0.0,0.0,0.0,1.0,mccrone,921
50331,2014-12-09,False,True,PB1,1003,G,1.0,0.0,0.0,0.0,mccrone,1011
50331,2014-12-09,False,True,PB1,1159,T,0.0,1.0,0.0,0.0,mccrone,1167
50331,2014-12-09,False,True,PB1,1570,T,0.0,1.0,0.0,0.0,mccrone,1578
50331,2014-12-09,False,True,PB1,1624,C,0.0,0.0,0.0,1.0,mccrone,1632
50331,2014-12-09,False,True,PB1,1690,A,0.0,0.0,1.0,0.0,mccrone,1698
50331,2014-12-09,False,True,PB1,2074,G,0.998482932996,0.0,0.0015170670040000056,0.0,mccrone,2082
50331,2014-12-09,False,True,PB2,57,G,1.0,0.0,0.0,0.0,mccrone,57
50331,2014-12-09,False,True,PB2,214,G,0.997784669916,0.0,0.002215330083999989,0.0,mccrone,214
50331,2014-12-09,False,True,PB2,264,C,0.0,0.0,0.0,1.0,mccrone,264
50331,2014-12-09,False,True,PB2,352,G,0.998458945341,0.0,0.0015410546590000074,0.0,mccrone,352
50331,2014-12-09,False,True,PB2,501,G,0.997133828177,0.0,0.0028661718229999744,0.0,mccrone,501
50331,2014-12-09,False,True,PB2,573,A,0.0011200635910000312,0.0,0.998879936409,0.0,mccrone,573
50331,2014-12-09,False,True,PB2,843,A,0.0,0.0,1.0,0.0,mccrone,843
50331,2014-12-09,False,True,PB2,856,T,0.0,1.0,0.0,0.0,mccrone,856
50331,2014-12-09,False,True,PB2,1059,G,0.0,0.0,0.0,1.0,mccrone,1059
50331,2014-12-09,False,True,PB2,1413,A,0.001419329284000015,0.0,0.998580670716,0.0,mccrone,1413
50331,2014-12-09,False,True,PB2,1581,T,0.0,1.0,0.0,0.0,mccrone,1581
50331,2014-12-09,False,True,PB2,1602,G,1.0,0.0,0.0,0.0,mccrone,1602
50331,2014-12-09,False,True,PB2,1659,A,0.0,0.0,1.0,0.0,mccrone,1659
50331,2014-12-09,False,True,PB2,1662,C,0.0,0.0,0.0,1.0,mccrone,1662
50331,2014-12-09,False,True,PB2,1707,T,0.0,1.0,0.0,0.0,mccrone,1707
50331,2014-12-09,False,True,PB2,1790,T,0.0,1.0,0.0,0.0,mccrone,1790
50331,2014-12-09,False,True,PB2,1869,G,1.0,0.0,0.0,0.0,mccrone,1869
50331,2014-12-09,False,True,PB2,1885,T,0.0,1.0,0.0,0.0,mccrone,1885
50331,2014-12-09,False,True,PB2,2145,T,1.0,0.0,0.0,0.0,mccrone,2150
50331,2014-12-09,False,True,PB2,2184,A,0.0,0.0,1.0,0.0,mccrone,2189
50331,2014-12-10,True,True,HA,167,G,1.0,0.0,0.0,0.0,mccrone,221
50331,2014-12-10,True,True,HA,364,G,1.0,0.0,0.0,0.0,mccrone,425
50331,2014-12-10,True,True,HA,496,T,0.0,1.0,0.0,0.0,mccrone,582
50331,2014-12-10,True,True,HA,556,A,0.0,1.0,0.0,0.0,mccrone,647
50331,2014-12-10,True,True,HA,658,C,0.0,0.001554945455000012,0.0,0.998445054545,mccrone,749
50331,2014-12-10,True,True,HA,685,T,0.0,1.0,0.0,0.0,mccrone,776
50331,2014-12-10,True,True,HA,1466,C,1.0,0.0,0.0,0.0,mccrone,1592
50331,2014-12-10,True,True,MP,349,A,0.0,0.0,1.0,0.0,mccrone,349
50331,2014-12-10,True,True,MP,427,A,0.0,0.0,1.0,0.0,mccrone,427
50331,2014-12-10,True,True,MP,549,G,1.0,0.0,0.0,0.0,mccrone,549
50331,2014-12-10,True,True,MP,694,C,0.0,0.0,0.0,1.0,mccrone,694
50331,2014-12-10,True,True,NA,103,T,0.0,1.0,0.0,0.0,mccrone,105
50331,2014-12-10,True,True,NA,211,A,0.0,0.0,1.0,0.0,mccrone,226
50331,2014-12-10,True,True,NA,223,A,0.0,0.0,1.0,0.0,mccrone,238
50331,2014-12-10,True,True,NA,226,T,0.0,1.0,0.0,0.0,mccrone,241
50331,2014-12-10,True,True,NA,475,G,0.997976717591,0.0,0.00202328240899996,0.0,mccrone,492
50331,2014-12-10,True,True,NA,491,C,0.0,0.0,0.0,1.0,mccrone,508
50331,2014-12-10,True,True,NA,710,A,0.0,0.0,1.0,0.0,mccrone,737
50331,2014-12-10,True,True,NA,753,G,0.998767020478,0.0,0.0012329795219999662,0.0,mccrone,780
50331,2014-12-10,True,True,NA,819,C,1.0,0.0,0.0,0.0,mccrone,846
50331,2014-12-10,True,True,NA,862,T,0.0,0.998760156168,0.0,0.0012398438320000427,mccrone,889
50331,2014-12-10,True,True,NA,907,G,0.997596482124,0.0,0.0024035178760000164,0.0,mccrone,934
50331,2014-12-10,True,True,NA,1108,A,0.0,0.0,1.0,0.0,mccrone,1135
50331,2014-12-10,True,True,NA,1126,G,0.998596589713,0.0,0.0014034102869999732,0.0,mccrone,1153
50331,2014-12-10,True,True,NA,1157,A,0.0,0.0,1.0,0.0,mccrone,1184
50331,2014-12-10,True,True,NA,1194,C,0.0,0.0,0.0,1.0,mccrone,1221
50331,2014-12-10,True,True,NP,207,G,0.996927588856,0.0,0.0030724111440000312,0.0,mccrone,207
50331,2014-12-10,True,True,NP,297,C,0.0,0.0,0.0,1.0,mccrone,297
50331,2014-12-10,True,True,NP,347,G,0.998468955632,0.0,0.0015310443680000008,0.0,mccrone,347
50331,2014-12-10,True,True,NP,606,G,0.998243271731,0.0,0.0017567282689999741,0.0,mccrone,606
50331,2014-12-10,True,True,NP,885,G,0.999310344828,0.0,0.0006896551720000366,0.0,mccrone,885
50331,2014-12-10,True,True,NP,909,G,0.0,0.0,0.0,1.0,mccrone,909
50331,2014-12-10,True,True,NP,918,C,0.0,0.0,0.0,1.0,mccrone,918
50331,2014-12-10,True,True,NP,990,A,0.0,0.0,1.0,0.0,mccrone,990
50331,2014-12-10,True,True,NP,1002,C,0.0,0.0,0.0,1.0,mccrone,1002
50331,2014-12-10,True,True,NP,1092,A,0.0,0.0,1.0,0.0,mccrone,1092
50331,2014-12-10,True,True,NP,1186,T,0.0,1.0,0.0,0.0,mccrone,1186
50331,2014-12-10,True,True,NP,1188,A,0.0013528545230000466,0.0,0.998647145477,0.0,mccrone,1188
50331,2014-12-10,True,True,NP,1224,G,0.997572250491,0.0,0.0024277495090000434,0.0,mccrone,1224
50331,2014-12-10,True,True,NP,1227,A,0.99087740096008,0.0,0.00912259903992,0.0,mccrone,1227
50331,2014-12-10,True,True,NP,1334,C,0.0,0.9454502452182,0.0,0.0545497547818,mccrone,1334
50331,2014-12-10,True,True,NP,1407,C,1.0,0.0,0.0,0.0,mccrone,1407
50331,2014-12-10,True,True,NS,125,T,0.0,1.0,0.0,0.0,mccrone,125
50331,2014-12-10,True,True,NS,140,A,0.0,0.0,1.0,0.0,mccrone,140
50331,2014-12-10,True,True,NS,173,T,1.0,0.0,0.0,0.0,mccrone,173
50331,2014-12-10,True,True,NS,180,T,0.0,1.0,0.0,0.0,mccrone,180
50331,2014-12-10,True,True,NS,246,A,0.0,0.0,1.0,0.0,mccrone,246
50331,2014-12-10,True,True,NS,299,C,0.0,0.0,0.0,1.0,mccrone,299
50331,2014-12-10,True,True,NS,570,G,1.0,0.0,0.0,0.0,mccrone,570
50331,2014-12-10,True,True,NS,744,A,0.0,0.0,1.0,0.0,mccrone,744
50331,2014-12-10,True,True,NS,801,A,0.0,0.0,1.0,0.0,mccrone,801
50331,2014-12-10,True,True,NS,813,G,1.0,0.0,0.0,0.0,mccrone,813
50331,2014-12-10,True,True,NS,843,C,0.0,0.0,0.0,1.0,mccrone,843
50331,2014-12-10,True,True,PA,153,C,0.0,0.0,1.0,0.0,mccrone,177
50331,2014-12-10,True,True,PA,282,A,0.0,1.0,0.0,0.0,mccrone,306
50331,2014-12-10,True,True,PA,384,A,0.9482534856829,0.0,0.0517465143171,0.0,mccrone,408
50331,2014-12-10,True,True,PA,501,T,0.0,1.0,0.0,0.0,mccrone,525
50331,2014-12-10,True,True,PA,836,A,0.0,0.0,1.0,0.0,mccrone,860
50331,2014-12-10,True,True,PA,858,G,1.0,0.0,0.0,0.0,mccrone,882
50331,2014-12-10,True,True,PA,1001,G,0.998554273744,0.0,0.001445726256000035,0.0,mccrone,1025
50331,2014-12-10,True,True,PA,1137,G,1.0,0.0,0.0,0.0,mccrone,1161
50331,2014-12-10,True,True,PA,1552,T,0.0,1.0,0.0,0.0,mccrone,1576
50331,2014-12-10,True,True,PA,1578,T,0.0,1.0,0.0,0.0,mccrone,1602
50331,2014-12-10,True,True,PA,1605,A,0.0,0.0,1.0,0.0,mccrone,1629
50331,2014-12-10,True,True,PA,1608,C,0.0,0.0007231703790000488,0.0,0.999276829621,mccrone,1632
50331,2014-12-10,True,True,PA,2001,G,1.0,0.0,0.0,0.0,mccrone,2025
50331,2014-12-10,True,True,PA,2049,T,0.0,1.0,0.0,0.0,mccrone,2073
50331,2014-12-10,True,True,PB1,364,A,0.0,0.0,1.0,0.0,mccrone,372
50331,2014-12-10,True,True,PB1,424,T,0.0,1.0,0.0,0.0,mccrone,432
50331,2014-12-10,True,True,PB1,470,A,0.0,0.0,0.0,1.0,mccrone,478
50331,2014-12-10,True,True,PB1,502,A,0.0,0.0,1.0,0.0,mccrone,510
50331,2014-12-10,True,True,PB1,513,A,0.0,0.0,0.0,1.0,mccrone,521
50331,2014-12-10,True,True,PB1,589,G,1.0,0.0,0.0,0.0,mccrone,597
50331,2014-12-10,True,True,PB1,643,G,0.99750555404,0.0,0.0024944459600000357,0.0,mccrone,651
50331,2014-12-10,True,True,PB1,650,G,1.0,0.0,0.0,0.0,mccrone,658
50331,2014-12-10,True,True,PB1,655,C,0.0,0.0,0.0,1.0,mccrone,663
50331,2014-12-10,True,True,PB1,892,C,0.0,0.0,0.0,1.0,mccrone,900
50331,2014-12-10,True,True,PB1,913,C,0.0,0.0006720994709999983,0.0,0.999327900529,mccrone,921
50331,2014-12-10,True,True,PB1,1003,G,0.99911081001,0.0,0.0008891899899999833,0.0,mccrone,1011
50331,2014-12-10,True,True,PB1,1159,T,0.0,1.0,0.0,0.0,mccrone,1167
50331,2014-12-10,True,True,PB1,1570,T,0.0,1.0,0.0,0.0,mccrone,1578
50331,2014-12-10,True,True,PB1,1624,C,0.0,0.0,0.0,1.0,mccrone,1632
50331,2014-12-10,True,True,PB1,1690,A,0.0,0.0,1.0,0.0,mccrone,1698
50331,2014-12-10,True,True,PB1,2074,G,0.998179862662,0.0,0.0018201373380000163,0.0,mccrone,2082
50331,2014-12-10,True,True,PB2,57,G,1.0,0.0,0.0,0.0,mccrone,57
50331,2014-12-10,True,True,PB2,214,G,0.997434869739,0.0,0.002565130261000026,0.0,mccrone,214
50331,2014-12-10,True,True,PB2,264,C,0.0,0.0,0.0,1.0,mccrone,264
50331,2014-12-10,True,True,PB2,352,G,0.998460962522,0.0,0.0015390374779999938,0.0,mccrone,352
50331,2014-12-10,True,True,PB2,501,G,0.997627364397,0.0,0.0023726356030000506,0.0,mccrone,501
50331,2014-12-10,True,True,PB2,573,A,0.0,0.0,1.0,0.0,mccrone,573
50331,2014-12-10,True,True,PB2,843,A,0.0,0.0,1.0,0.0,mccrone,843
50331,2014-12-10,True,True,PB2,856,T,0.0,1.0,0.0,0.0,mccrone,856
50331,2014-12-10,True,True,PB2,1059,G,0.0,0.0,0.0,1.0,mccrone,1059
50331,2014-12-10,True,True,PB2,1413,A,0.0,0.0,1.0,0.0,mccrone,1413
50331,2014-12-10,True,True,PB2,1581,T,0.0,1.0,0.0,0.0,mccrone,1581
50331,2014-12-10,True,True,PB2,1602,G,1.0,0.0,0.0,0.0,mccrone,1602
50331,2014-12-10,True,True,PB2,1659,A,0.0,0.0,1.0,0.0,mccrone,1659
50331,2014-12-10,True,True,PB2,1662,C,0.0,0.0,0.0,1.0,mccrone,1662
50331,2014-12-10,True,True,PB2,1707,T,0.0,1.0,0.0,0.0,mccrone,1707
50331,2014-12-10,True,True,PB2,1790,T,0.0,1.0,0.0,0.0,mccrone,1790
50331,2014-12-10,True,True,PB2,1869,G,1.0,0.0,0.0,0.0,mccrone,1869
50331,2014-12-10,True,True,PB2,1885,T,0.0,1.0,0.0,0.0,mccrone,1885
50331,2014-12-10,True,True,PB2,2145,T,1.0,0.0,0.0,0.0,mccrone,2150
50331,2014-12-10,True,True,PB2,2184,A,0.0,0.0,1.0,0.0,mccrone,2189
50418,2014-12-28,False,True,HA,47,T,0.0,1.0,0.0,0.0,mccrone,56
50418,2014-12-28,False,True,HA,167,G,1.0,0.0,0.0,0.0,mccrone,221
50418,2014-12-28,False,True,HA,364,G,1.0,0.0,0.0,0.0,mccrone,425
50418,2014-12-28,False,True,HA,556,A,0.0,1.0,0.0,0.0,mccrone,647
50418,2014-12-28,False,True,HA,658,C,0.0,0.0,0.0,1.0,mccrone,749
50418,2014-12-28,False,True,HA,685,T,0.0,1.0,0.0,0.0,mccrone,776
50418,2014-12-28,False,True,HA,699,A,0.002598796643999979,0.0,0.997401203356,0.0,mccrone,790
50418,2014-12-28,False,True,HA,1466,C,1.0,0.0,0.0,0.0,mccrone,1592
50418,2014-12-28,False,True,MP,349,A,0.0,0.0,1.0,0.0,mccrone,349
50418,2014-12-28,False,True,MP,427,A,0.0,0.0,1.0,0.0,mccrone,427
50418,2014-12-28,False,True,MP,549,G,1.0,0.0,0.0,0.0,mccrone,549
50418,2014-12-28,False,True,MP,694,C,0.0,0.0,0.0,1.0,mccrone,694
50418,2014-12-28,False,True,MP,818,C,0.994506180547,0.005493819452999982,0.0,0.0,mccrone,818
50418,2014-12-28,False,True,NA,70,T,0.0,1.0,0.0,0.0,mccrone,72
50418,2014-12-28,False,True,NA,103,T,0.0,1.0,0.0,0.0,mccrone,105
50418,2014-12-28,False,True,NA,211,A,0.0,0.0,1.0,0.0,mccrone,226
50418,2014-12-28,False,True,NA,223,A,0.0,0.0,1.0,0.0,mccrone,238
50418,2014-12-28,False,True,NA,226,T,0.0,1.0,0.0,0.0,mccrone,241
50418,2014-12-28,False,True,NA,670,A,0.003703846599000027,0.0,0.996296153401,0.0,mccrone,697
50418,2014-12-28,False,True,NA,710,A,0.0,0.0,1.0,0.0,mccrone,737
50418,2014-12-28,False,True,NA,819,C,1.0,0.0,0.0,0.0,mccrone,846
50418,2014-12-28,False,True,NA,907,G,0.997059861225,0.0,0.0029401387749999897,0.0,mccrone,934
50418,2014-12-28,False,True,NA,1099,G,0.960054771236,0.0364039850796,0.0035412436844000084,0.0,mccrone,1126
50418,2014-12-28,False,True,NA,1108,A,0.0,0.0,1.0,0.0,mccrone,1135
50418,2014-12-28,False,True,NA,1157,A,0.0,0.0,1.0,0.0,mccrone,1184
50418,2014-12-28,False,True,NA,1194,C,0.0,0.0,0.0,1.0,mccrone,1221
50418,2014-12-28,False,True,NP,207,G,0.996907034288,0.0,0.0030929657120000176,0.0,mccrone,207
50418,2014-12-28,False,True,NP,347,G,0.998293442553,0.0,0.00170655744699999,0.0,mccrone,347
50418,2014-12-28,False,True,NP,375,T,0.0,0.996560233306,0.0,0.003439766694000035,mccrone,375
50418,2014-12-28,False,True,NP,606,G,0.997920872631,0.0,0.0020791273689999556,0.0,mccrone,606
50418,2014-12-28,False,True,NP,885,G,0.998947737636,0.0,0.0010522623640000228,0.0,mccrone,885
50418,2014-12-28,False,True,NP,909,G,0.0,0.0,0.0,1.0,mccrone,909
50418,2014-12-28,False,True,NP,918,C,0.0,0.0,0.0,1.0,mccrone,918
50418,2014-12-28,False,True,NP,1002,C,0.0,0.0,0.0,1.0,mccrone,1002
50418,2014-12-28,False,True,NP,1092,A,0.0,0.0,1.0,0.0,mccrone,1092
50418,2014-12-28,False,True,NP,1093,A,0.0034721084869999697,0.0,0.996527891513,0.0,mccrone,1093
50418,2014-12-28,False,True,NP,1186,T,0.0,1.0,0.0,0.0,mccrone,1186
50418,2014-12-28,False,True,NP,1188,A,0.0,0.0,1.0,0.0,mccrone,1188
50418,2014-12-28,False,True,NP,1224,G,0.997375222097,0.0,0.002624777902999975,0.0,mccrone,1224
50418,2014-12-28,False,True,NP,1407,C,1.0,0.0,0.0,0.0,mccrone,1407
50418,2014-12-28,False,True,NP,1530,G,1.0,0.0,0.0,0.0,mccrone,1530
50418,2014-12-28,False,True,NS,125,T,0.0,1.0,0.0,0.0,mccrone,125
50418,2014-12-28,False,True,NS,180,T,0.0,1.0,0.0,0.0,mccrone,180
50418,2014-12-28,False,True,NS,246,A,0.0,0.0,1.0,0.0,mccrone,246
50418,2014-12-28,False,True,NS,299,C,0.0,0.0015584820380000197,0.0,0.998441517962,mccrone,299
50418,2014-12-28,False,True,NS,570,G,1.0,0.0,0.0,0.0,mccrone,570
50418,2014-12-28,False,True,NS,578,A,0.0031043540559999583,0.0,0.996895645944,0.0,mccrone,578
50418,2014-12-28,False,True,NS,589,A,0.003168155970999953,0.0,0.996831844029,0.0,mccrone,589
50418,2014-12-28,False,True,NS,744,A,0.0,0.0,1.0,0.0,mccrone,744
50418,2014-12-28,False,True,NS,813,G,1.0,0.0,0.0,0.0,mccrone,813
50418,2014-12-28,False,True,NS,843,C,0.0,0.0,0.0,1.0,mccrone,843
50418,2014-12-28,False,True,PA,153,C,0.0,0.0,1.0,0.0,mccrone,177
50418,2014-12-28,False,True,PA,282,A,0.0,1.0,0.0,0.0,mccrone,306
50418,2014-12-28,False,True,PA,501,T,0.0,1.0,0.0,0.0,mccrone,525
50418,2014-12-28,False,True,PA,836,A,0.0,0.0,1.0,0.0,mccrone,860
50418,2014-12-28,False,True,PA,858,G,1.0,0.0,0.0,0.0,mccrone,882
50418,2014-12-28,False,True,PA,1001,G,0.99853103195,0.0,0.0014689680499999636,0.0,mccrone,1025
50418,2014-12-28,False,True,PA,1092,T,0.996709753231,0.0,0.0,0.003290246769000027,mccrone,1116
50418,2014-12-28,False,True,PA,1137,G,1.0,0.0,0.0,0.0,mccrone,1161
50418,2014-12-28,False,True,PA,1212,A,0.003186180422000029,0.0,0.996813819578,0.0,mccrone,1236
50418,2014-12-28,False,True,PA,1293,G,0.996786930938,0.0,0.003213069062000029,0.0,mccrone,1317
50418,2014-12-28,False,True,PA,1552,T,0.0,1.0,0.0,0.0,mccrone,1576
50418,2014-12-28,False,True,PA,1578,T,0.0,1.0,0.0,0.0,mccrone,1602
50418,2014-12-28,False,True,PA,1608,C,0.0,0.0,0.0,1.0,mccrone,1632
50418,2014-12-28,False,True,PA,1686,C,0.0,0.0042825644499999704,0.0,0.99571743555,mccrone,1710
50418,2014-12-28,False,True,PA,2001,G,1.0,0.0,0.0,0.0,mccrone,2025
50418,2014-12-28,False,True,PA,2049,T,0.0,1.0,0.0,0.0,mccrone,2073
50418,2014-12-28,False,True,PB1,364,A,0.0,0.0,1.0,0.0,mccrone,372
50418,2014-12-28,False,True,PB1,424,T,0.0,1.0,0.0,0.0,mccrone,432
50418,2014-12-28,False,True,PB1,470,A,0.0,0.0,0.0,1.0,mccrone,478
50418,2014-12-28,False,True,PB1,502,A,0.001618354039000014,0.0,0.998381645961,0.0,mccrone,510
50418,2014-12-28,False,True,PB1,513,A,0.0,0.0,0.0,1.0,mccrone,521
50418,2014-12-28,False,True,PB1,589,G,1.0,0.0,0.0,0.0,mccrone,597
50418,2014-12-28,False,True,PB1,643,G,0.998182462984,0.0,0.0018175370159999593,0.0,mccrone,651
50418,2014-12-28,False,True,PB1,655,C,0.0,0.0,0.0,1.0,mccrone,663
50418,2014-12-28,False,True,PB1,892,C,0.0,0.0,0.0,1.0,mccrone,900
50418,2014-12-28,False,True,PB1,913,C,0.0,0.0,0.0,1.0,mccrone,921
50418,2014-12-28,False,True,PB1,1003,G,0.998299928418,0.0,0.001700071582000029,0.0,mccrone,1011
50418,2014-12-28,False,True,PB1,1150,G,0.0,0.0,0.003580901856999996,0.996419098143,mccrone,1158
50418,2014-12-28,False,True,PB1,1159,T,0.0,1.0,0.0,0.0,mccrone,1167
50418,2014-12-28,False,True,PB1,1570,T,0.0,1.0,0.0,0.0,mccrone,1578
50418,2014-12-28,False,True,PB1,1624,C,0.0,0.0,0.0,1.0,mccrone,1632
50418,2014-12-28,False,True,PB1,1690,A,0.0,0.0,1.0,0.0,mccrone,1698
50418,2014-12-28,False,True,PB1,1900,G,0.0282897855058,0.0,0.9717102144942,0.0,mccrone,1908
50418,2014-12-28,False,True,PB1,1906,C,0.996243049642,0.003756950358000055,0.0,0.0,mccrone,1914
50418,2014-12-28,False,True,PB1,2074,G,1.0,0.0,0.0,0.0,mccrone,2082
50418,2014-12-28,False,True,PB2,57,G,1.0,0.0,0.0,0.0,mccrone,57
50418,2014-12-28,False,True,PB2,214,G,1.0,0.0,0.0,0.0,mccrone,214
50418,2014-12-28,False,True,PB2,264,C,0.0,0.0,0.0,1.0,mccrone,264
50418,2014-12-28,False,True,PB2,573,A,0.0,0.0,1.0,0.0,mccrone,573
50418,2014-12-28,False,True,PB2,843,A,0.0,0.0,1.0,0.0,mccrone,843
50418,2014-12-28,False,True,PB2,856,T,0.0,1.0,0.0,0.0,mccrone,856
50418,2014-12-28,False,True,PB2,868,T,0.0,0.997302268547,0.0,0.0026977314530000074,mccrone,868
50418,2014-12-28,False,True,PB2,1059,G,0.0,0.0,0.0,1.0,mccrone,1059
50418,2014-12-28,False,True,PB2,1425,T,0.0,0.996974223448,0.0,0.0030257765519999813,mccrone,1425
50418,2014-12-28,False,True,PB2,1581,T,0.0,1.0,0.0,0.0,mccrone,1581
50418,2014-12-28,False,True,PB2,1602,G,1.0,0.0,0.0,0.0,mccrone,1602
50418,2014-12-28,False,True,PB2,1659,A,0.0,0.0,1.0,0.0,mccrone,1659
50418,2014-12-28,False,True,PB2,1662,C,0.0,0.0,0.0,1.0,mccrone,1662
50418,2014-12-28,False,True,PB2,1707,T,0.0,1.0,0.0,0.0,mccrone,1707
50418,2014-12-28,False,True,PB2,1790,T,0.0,1.0,0.0,0.0,mccrone,1790
50418,2014-12-28,False,True,PB2,1885,T,0.0,1.0,0.0,0.0,mccrone,1885
50418,2014-12-28,False,True,PB2,1908,G,0.996790726637,0.0,0.0032092733630000314,0.0,mccrone,1908
50418,2014-12-28,False,True,PB2,2145,T,1.0,0.0,0.0,0.0,mccrone,2150
50418,2014-12-28,False,True,PB2,2184,A,0.0,0.0,1.0,0.0,mccrone,2189
50418,2014-12-28,False,True,PB2,2200,C,0.0,0.0,0.0,1.0,mccrone,2205
50418,2014-12-29,True,False,HA,47,T,0.0,1.0,0.0,0.0,mccrone,56
50418,2014-12-29,True,False,HA,167,G,1.0,0.0,0.0,0.0,mccrone,221
50418,2014-12-29,True,False,HA,364,G,1.0,0.0,0.0,0.0,mccrone,425
50418,2014-12-29,True,False,HA,556,A,0.0,1.0,0.0,0.0,mccrone,647
50418,2014-12-29,True,False,HA,658,C,0.0,0.0012398240850000075,0.0,0.998760175915,mccrone,749
50418,2014-12-29,True,False,HA,685,T,0.0,0.998552223371,0.0,0.001447776628999975,mccrone,776
50418,2014-12-29,True,False,HA,699,A,0.0019237816049999523,0.0,0.998076218395,0.0,mccrone,790
50418,2014-12-29,True,False,HA,1466,C,1.0,0.0,0.0,0.0,mccrone,1592
50418,2014-12-29,True,False,MP,349,A,0.0,0.0,1.0,0.0,mccrone,349
50418,2014-12-29,True,False,MP,427,A,0.0,0.0,1.0,0.0,mccrone,427
50418,2014-12-29,True,False,MP,549,G,1.0,0.0,0.0,0.0,mccrone,549
50418,2014-12-29,True,False,MP,694,C,0.0,0.0,0.0,1.0,mccrone,694
50418,2014-12-29,True,False,MP,818,C,0.99616745283,0.0038325471700000335,0.0,0.0,mccrone,818
50418,2014-12-29,True,False,NA,70,T,0.0,0.998131539611,0.0,0.001868460389000015,mccrone,72
50418,2014-12-29,True,False,NA,103,T,0.0,1.0,0.0,0.0,mccrone,105
50418,2014-12-29,True,False,NA,211,A,0.0,0.0,1.0,0.0,mccrone,226
50418,2014-12-29,True,False,NA,223,A,0.0,0.0,1.0,0.0,mccrone,238
50418,2014-12-29,True,False,NA,226,T,0.0,1.0,0.0,0.0,mccrone,241
50418,2014-12-29,True,False,NA,670,A,0.0022787694639999634,0.0,0.997721230536,0.0,mccrone,697
50418,2014-12-29,True,False,NA,710,A,0.0,0.0,1.0,0.0,mccrone,737
50418,2014-12-29,True,False,NA,819,C,1.0,0.0,0.0,0.0,mccrone,846
50418,2014-12-29,True,False,NA,907,G,0.997668568624,0.0,0.002331431376000004,0.0,mccrone,934
50418,2014-12-29,True,False,NA,1099,G,0.967942545338,0.0305729417429,0.0014845129191000117,0.0,mccrone,1126
50418,2014-12-29,True,False,NA,1108,A,0.001968584670000051,0.0,0.99803141533,0.0,mccrone,1135
50418,2014-12-29,True,False,NA,1157,A,0.0017338749630000372,0.0,0.998266125037,0.0,mccrone,1184
50418,2014-12-29,True,False,NA,1194,C,0.0,0.0,0.0,1.0,mccrone,1221
50418,2014-12-29,True,False,NP,207,G,0.997316919192,0.0,0.002683080807999949,0.0,mccrone,207
50418,2014-12-29,True,False,NP,347,G,0.998494860499,0.0,0.0015051395009999524,0.0,mccrone,347
50418,2014-12-29,True,False,NP,375,T,0.0,0.997275029654,0.0,0.002724970346000055,mccrone,375
50418,2014-12-29,True,False,NP,606,G,0.998549656435,0.0,0.0014503435649999563,0.0,mccrone,606
50418,2014-12-29,True,False,NP,885,G,0.999322982488,0.0,0.0006770175119999999,0.0,mccrone,885
50418,2014-12-29,True,False,NP,909,G,0.0,0.0,0.0,1.0,mccrone,909
50418,2014-12-29,True,False,NP,918,C,0.0,0.0,0.0,1.0,mccrone,918
50418,2014-12-29,True,False,NP,1002,C,0.0,0.0007589296640000409,0.0,0.999241070336,mccrone,1002
50418,2014-12-29,True,False,NP,1092,A,0.0,0.0,1.0,0.0,mccrone,1092
50418,2014-12-29,True,False,NP,1093,A,0.002719637381999984,0.0,0.997280362618,0.0,mccrone,1093
50418,2014-12-29,True,False,NP,1186,T,0.0,1.0,0.0,0.0,mccrone,1186
50418,2014-12-29,True,False,NP,1188,A,0.0,0.0,1.0,0.0,mccrone,1188
50418,2014-12-29,True,False,NP,1224,G,0.997438826013,0.0,0.002561173986999954,0.0,mccrone,1224
50418,2014-12-29,True,False,NP,1407,C,1.0,0.0,0.0,0.0,mccrone,1407
50418,2014-12-29,True,False,NP,1530,G,1.0,0.0,0.0,0.0,mccrone,1530
50418,2014-12-29,True,False,NS,125,T,0.0,1.0,0.0,0.0,mccrone,125
50418,2014-12-29,True,False,NS,180,T,0.0,0.997768623412,0.0,0.002231376587999989,mccrone,180
50418,2014-12-29,True,False,NS,246,A,0.0,0.0,1.0,0.0,mccrone,246
50418,2014-12-29,True,False,NS,299,C,0.0,0.0014177358760000258,0.0,0.998582264124,mccrone,299
50418,2014-12-29,True,False,NS,570,G,1.0,0.0,0.0,0.0,mccrone,570
50418,2014-12-29,True,False,NS,578,A,0.0,0.0,1.0,0.0,mccrone,578
50418,2014-12-29,True,False,NS,589,A,0.002146875924999958,0.0,0.997853124075,0.0,mccrone,589
50418,2014-12-29,True,False,NS,744,A,0.0,0.0,1.0,0.0,mccrone,744
50418,2014-12-29,True,False,NS,813,G,1.0,0.0,0.0,0.0,mccrone,813
50418,2014-12-29,True,False,NS,843,C,0.0,0.0,0.0,1.0,mccrone,843
50418,2014-12-29,True,False,PA,153,C,0.0,0.0,1.0,0.0,mccrone,177
50418,2014-12-29,True,False,PA,282,A,0.0016588660470000516,0.998341133953,0.0,0.0,mccrone,306
50418,2014-12-29,True,False,PA,501,T,0.0,1.0,0.0,0.0,mccrone,525
50418,2014-12-29,True,False,PA,836,A,0.0,0.0,1.0,0.0,mccrone,860
50418,2014-12-29,True,False,PA,858,G,0.999134560864,0.0,0.0008654391360000124,0.0,mccrone,882
50418,2014-12-29,True,False,PA,954,A,0.9828916200746,0.0,0.0171083799254,0.0,mccrone,978
50418,2014-12-29,True,False,PA,1001,G,0.998802744926,0.0,0.0011972550740000365,0.0,mccrone,1025
50418,2014-12-29,True,False,PA,1092,T,0.997761736892,0.0,0.0,0.002238263108000016,mccrone,1116
50418,2014-12-29,True,False,PA,1137,G,0.999015581932,0.0,0.0009844180679999814,0.0,mccrone,1161
50418,2014-12-29,True,False,PA,1212,A,0.0019516115150000068,0.0,0.998048388485,0.0,mccrone,1236
50418,2014-12-29,True,False,PA,1293,G,0.998328280396,0.0,0.0016717196040000326,0.0,mccrone,1317
50418,2014-12-29,True,False,PA,1552,T,0.0,1.0,0.0,0.0,mccrone,1576
50418,2014-12-29,True,False,PA,1578,T,0.0,0.998969800436,0.0,0.0010301995639999673,mccrone,1602
50418,2014-12-29,True,False,PA,1608,C,0.0,0.0,0.0,1.0,mccrone,1632
50418,2014-12-29,True,False,PA,1686,C,0.0,0.00276746760400004,0.0,0.997232532396,mccrone,1710
50418,2014-12-29,True,False,PA,2001,G,1.0,0.0,0.0,0.0,mccrone,2025
50418,2014-12-29,True,False,PA,2049,T,0.0,1.0,0.0,0.0,mccrone,2073
50418,2014-12-29,True,False,PB1,364,A,0.0,0.0,1.0,0.0,mccrone,372
50418,2014-12-29,True,False,PB1,424,T,0.0,1.0,0.0,0.0,mccrone,432
50418,2014-12-29,True,False,PB1,470,A,0.0,0.0,0.0,1.0,mccrone,478
50418,2014-12-29,True,False,PB1,502,A,0.0,0.0,1.0,0.0,mccrone,510
50418,2014-12-29,True,False,PB1,513,A,0.0,0.0,0.0,1.0,mccrone,521
50418,2014-12-29,True,False,PB1,577,A,0.996287424929,0.0,0.003712575071,0.0,mccrone,585
50418,2014-12-29,True,False,PB1,589,G,0.999282639885,0.0,0.0007173601150000097,0.0,mccrone,597
50418,2014-12-29,True,False,PB1,643,G,0.998333600385,0.0,0.001666399615000036,0.0,mccrone,651
50418,2014-12-29,True,False,PB1,655,C,0.0,0.0,0.0,1.0,mccrone,663
50418,2014-12-29,True,False,PB1,892,C,0.0,0.0,0.0,1.0,mccrone,900
50418,2014-12-29,True,False,PB1,913,C,0.0,0.0006987010510000058,0.0,0.999301298949,mccrone,921
50418,2014-12-29,True,False,PB1,1003,G,0.99904692315,0.0,0.000953076850000012,0.0,mccrone,1011
50418,2014-12-29,True,False,PB1,1150,G,0.0,0.0,0.0016340896240000236,0.998365910376,mccrone,1158
50418,2014-12-29,True,False,PB1,1159,T,0.0,1.0,0.0,0.0,mccrone,1167
50418,2014-12-29,True,False,PB1,1570,T,0.0,0.99905225661,0.0,0.0009477433900000332,mccrone,1578
50418,2014-12-29,True,False,PB1,1624,C,0.0,0.0,0.0,1.0,mccrone,1632
50418,2014-12-29,True,False,PB1,1690,A,0.0007319182910000555,0.0,0.999268081709,0.0,mccrone,1698
50418,2014-12-29,True,False,PB1,1837,T,0.0,0.0305646799297,0.0,0.9694353200703,mccrone,1845
50418,2014-12-29,True,False,PB1,1900,G,0.0160844744463,0.0,0.9839155255537,0.0,mccrone,1908
50418,2014-12-29,True,False,PB1,1906,C,0.999004539301,0.000995460699000028,0.0,0.0,mccrone,1914
50418,2014-12-29,True,False,PB1,2074,G,0.997765862377,0.0,0.0022341376229999543,0.0,mccrone,2082
50418,2014-12-29,True,False,PB2,57,G,1.0,0.0,0.0,0.0,mccrone,57
50418,2014-12-29,True,False,PB2,214,G,0.998887748118,0.0,0.001112251882000037,0.0,mccrone,214
50418,2014-12-29,True,False,PB2,264,C,0.0,0.0,0.0,1.0,mccrone,264
50418,2014-12-29,True,False,PB2,573,A,0.0,0.0,1.0,0.0,mccrone,573
50418,2014-12-29,True,False,PB2,843,A,0.0,0.0,1.0,0.0,mccrone,843
50418,2014-12-29,True,False,PB2,856,T,0.0,1.0,0.0,0.0,mccrone,856
50418,2014-12-29,True,False,PB2,868,T,0.0,0.998760505472,0.0,0.0012394945279999847,mccrone,868
50418,2014-12-29,True,False,PB2,1059,G,0.0,0.0,0.0010015478470000172,0.998998452153,mccrone,1059
50418,2014-12-29,True,False,PB2,1287,T,0.0,0.00580672044238,0.0,0.99419327955762,mccrone,1287
50418,2014-12-29,True,False,PB2,1425,T,0.0,0.998368953881,0.0,0.0016310461190000014,mccrone,1425
50418,2014-12-29,True,False,PB2,1581,T,0.0,0.998739684921,0.0,0.0012603150790000406,mccrone,1581
50418,2014-12-29,True,False,PB2,1602,G,1.0,0.0,0.0,0.0,mccrone,1602
50418,2014-12-29,True,False,PB2,1659,A,0.0,0.0,1.0,0.0,mccrone,1659
50418,2014-12-29,True,False,PB2,1662,C,0.0,0.0,0.0,1.0,mccrone,1662
50418,2014-12-29,True,False,PB2,1707,T,0.0,1.0,0.0,0.0,mccrone,1707
50418,2014-12-29,True,False,PB2,1790,T,0.0,1.0,0.0,0.0,mccrone,1790
50418,2014-12-29,True,False,PB2,1885,T,0.0,1.0,0.0,0.0,mccrone,1885
50418,2014-12-29,True,False,PB2,1908,G,0.998029705972,0.0,0.0019702940279999748,0.0,mccrone,1908
50418,2014-12-29,True,False,PB2,2145,T,1.0,0.0,0.0,0.0,mccrone,2150
50418,2014-12-29,True,False,PB2,2184,A,0.0,0.0,1.0,0.0,mccrone,2189
50418,2014-12-29,True,False,PB2,2200,C,0.0,0.0,0.0,1.0,mccrone,2205
50418,2014-12-29,True,False,PB2,2245,G,0.0510015862057,0.0,0.9489984137942999,0.0,mccrone,2250
50468,2014-12-21,False,True,HA,149,G,0.0,0.0,0.0,1.0,mccrone,199
50468,2014-12-21,False,True,HA,167,G,1.0,0.0,0.0,0.0,mccrone,221
50468,2014-12-21,False,True,HA,364,G,0.998768570748,0.0,0.001231429252000038,0.0,mccrone,425
50468,2014-12-21,False,True,HA,556,A,0.0,1.0,0.0,0.0,mccrone,647
50468,2014-12-21,False,True,HA,658,C,0.0,0.001342516927000048,0.0,0.998657483073,mccrone,749
50468,2014-12-21,False,True,HA,685,T,0.0,1.0,0.0,0.0,mccrone,776
50468,2014-12-21,False,True,HA,935,A,0.003536520843000046,0.0,0.996463479157,0.0,mccrone,1061
50468,2014-12-21,False,True,HA,974,G,0.996277094479,0.0,0.003722905520999964,0.0,mccrone,1100
50468,2014-12-21,False,True,HA,1019,G,0.0451690779046,0.0,0.9548309220954,0.0,mccrone,1145
50468,2014-12-21,False,True,HA,1316,T,0.0,0.0,0.996617706931,0.003382293068999953,mccrone,1442
50468,2014-12-21,False,True,HA,1466,C,1.0,0.0,0.0,0.0,mccrone,1592
50468,2014-12-21,False,True,MP,349,A,0.0,0.0,1.0,0.0,mccrone,349
50468,2014-12-21,False,True,MP,427,A,0.0,0.0,1.0,0.0,mccrone,427
50468,2014-12-21,False,True,MP,466,G,0.995783151775,0.0,0.004216848225000014,0.0,mccrone,466
50468,2014-12-21,False,True,MP,549,G,0.998720204767,0.0,0.0012797952330000362,0.0,mccrone,549
50468,2014-12-21,False,True,MP,694,C,0.0,0.0015479876159999462,0.0,0.998452012384,mccrone,694
50468,2014-12-21,False,True,NA,103,T,0.0,1.0,0.0,0.0,mccrone,105
50468,2014-12-21,False,True,NA,148,C,1.0,0.0,0.0,0.0,mccrone,157
50468,2014-12-21,False,True,NA,175,G,1.0,0.0,0.0,0.0,mccrone,185
50468,2014-12-21,False,True,NA,211,A,0.0,0.0,1.0,0.0,mccrone,226
50468,2014-12-21,False,True,NA,223,A,0.0,0.0,1.0,0.0,mccrone,238
50468,2014-12-21,False,True,NA,226,T,0.0,1.0,0.0,0.0,mccrone,241
50468,2014-12-21,False,True,NA,709,C,0.0,0.003339344152999968,0.0,0.996660655847,mccrone,736
50468,2014-12-21,False,True,NA,710,A,0.0,0.0,1.0,0.0,mccrone,737
50468,2014-12-21,False,True,NA,819,C,1.0,0.0,0.0,0.0,mccrone,846
50468,2014-12-21,False,True,NA,907,G,0.997123878655,0.0,0.002876121345000038,0.0,mccrone,934
50468,2014-12-21,False,True,NA,925,C,0.997387097913,0.0026129020870000463,0.0,0.0,mccrone,952
50468,2014-12-21,False,True,NA,1066,G,0.996914075024,0.0,0.0030859249760000207,0.0,mccrone,1093
50468,2014-12-21,False,True,NA,1108,A,0.0,0.0,1.0,0.0,mccrone,1135
50468,2014-12-21,False,True,NA,1157,A,0.0,0.0,1.0,0.0,mccrone,1184
50468,2014-12-21,False,True,NA,1194,C,0.0,0.0,0.0,1.0,mccrone,1221
50468,2014-12-21,False,True,NP,207,G,1.0,0.0,0.0,0.0,mccrone,207
50468,2014-12-21,False,True,NP,347,G,0.998207969818,0.0,0.0017920301820000262,0.0,mccrone,347
50468,2014-12-21,False,True,NP,606,G,0.998343964671,0.0,0.0016560353290000496,0.0,mccrone,606
50468,2014-12-21,False,True,NP,735,T,0.0,0.996725743467,0.0,0.003274256532999953,mccrone,735
50468,2014-12-21,False,True,NP,885,G,1.0,0.0,0.0,0.0,mccrone,885
50468,2014-12-21,False,True,NP,909,G,0.0,0.0,0.0,1.0,mccrone,909
50468,2014-12-21,False,True,NP,918,C,0.0,0.0,0.0,1.0,mccrone,918
50468,2014-12-21,False,True,NP,1002,C,0.0,0.0,0.0,1.0,mccrone,1002
50468,2014-12-21,False,True,NP,1077,A,0.003129298487000054,0.0,0.996870701513,0.0,mccrone,1077
50468,2014-12-21,False,True,NP,1092,A,0.0,0.0,1.0,0.0,mccrone,1092
50468,2014-12-21,False,True,NP,1186,T,0.0,1.0,0.0,0.0,mccrone,1186
50468,2014-12-21,False,True,NP,1188,A,0.0,0.0,1.0,0.0,mccrone,1188
50468,2014-12-21,False,True,NP,1224,G,0.997103181902,0.0,0.00289681809800002,0.0,mccrone,1224
50468,2014-12-21,False,True,NP,1407,C,0.0,0.0,1.0,0.0,mccrone,1407
50468,2014-12-21,False,True,NS,125,T,0.0,1.0,0.0,0.0,mccrone,125
50468,2014-12-21,False,True,NS,180,T,0.0,1.0,0.0,0.0,mccrone,180
50468,2014-12-21,False,True,NS,233,G,1.0,0.0,0.0,0.0,mccrone,233
50468,2014-12-21,False,True,NS,246,A,0.0,0.0,1.0,0.0,mccrone,246
50468,2014-12-21,False,True,NS,266,C,0.0,0.002971768201999958,0.0,0.997028231798,mccrone,266
50468,2014-12-21,False,True,NS,299,C,0.0,0.0021433674680000347,0.0,0.997856632532,mccrone,299
50468,2014-12-21,False,True,NS,570,G,1.0,0.0,0.0,0.0,mccrone,570
50468,2014-12-21,False,True,NS,744,A,0.0,0.0,1.0,0.0,mccrone,744
50468,2014-12-21,False,True,NS,813,G,1.0,0.0,0.0,0.0,mccrone,813
50468,2014-12-21,False,True,NS,843,C,0.0,0.0,0.0,1.0,mccrone,843
50468,2014-12-21,False,True,PA,153,C,0.0,0.0,1.0,0.0,mccrone,177
50468,2014-12-21,False,True,PA,282,A,0.0,1.0,0.0,0.0,mccrone,306
50468,2014-12-21,False,True,PA,501,T,0.0,1.0,0.0,0.0,mccrone,525
50468,2014-12-21,False,True,PA,554,T,0.0,0.00669211241667,0.0,0.99330788758333,mccrone,578
50468,2014-12-21,False,True,PA,836,A,0.0,0.0,1.0,0.0,mccrone,860
50468,2014-12-21,False,True,PA,858,G,1.0,0.0,0.0,0.0,mccrone,882
50468,2014-12-21,False,True,PA,1001,G,0.998992463628,0.0,0.0010075363720000174,0.0,mccrone,1025
50468,2014-12-21,False,True,PA,1137,G,1.0,0.0,0.0,0.0,mccrone,1161
50468,2014-12-21,False,True,PA,1552,T,0.0,1.0,0.0,0.0,mccrone,1576
50468,2014-12-21,False,True,PA,1578,T,0.0,1.0,0.0,0.0,mccrone,1602
50468,2014-12-21,False,True,PA,1608,C,0.0,0.0,0.0,1.0,mccrone,1632
50468,2014-12-21,False,True,PA,1809,T,0.0,0.996642445502,0.0,0.003357554498000015,mccrone,1833
50468,2014-12-21,False,True,PA,2001,G,1.0,0.0,0.0,0.0,mccrone,2025
50468,2014-12-21,False,True,PA,2049,T,0.0,1.0,0.0,0.0,mccrone,2073
50468,2014-12-21,False,True,PB1,364,A,0.0,0.0,1.0,0.0,mccrone,372
50468,2014-12-21,False,True,PB1,424,T,0.0,1.0,0.0,0.0,mccrone,432
50468,2014-12-21,False,True,PB1,470,A,0.0,0.0,0.0,1.0,mccrone,478
50468,2014-12-21,False,True,PB1,502,A,0.0013407924549999617,0.0,0.998659207545,0.0,mccrone,510
50468,2014-12-21,False,True,PB1,513,A,0.0,0.0,0.0,1.0,mccrone,521
50468,2014-12-21,False,True,PB1,589,G,1.0,0.0,0.0,0.0,mccrone,597
50468,2014-12-21,False,True,PB1,643,G,0.997626716393,0.0,0.002373283606999954,0.0,mccrone,651
50468,2014-12-21,False,True,PB1,655,C,0.0,0.0,0.0,1.0,mccrone,663
50468,2014-12-21,False,True,PB1,772,G,0.997726005063,0.0,0.002273994936999979,0.0,mccrone,780
50468,2014-12-21,False,True,PB1,892,C,0.0,0.0,0.0,1.0,mccrone,900
50468,2014-12-21,False,True,PB1,913,C,0.0,0.0007471870599999875,0.0,0.99925281294,mccrone,921
50468,2014-12-21,False,True,PB1,1003,G,0.999167433504,0.0,0.0008325664960000534,0.0,mccrone,1011
50468,2014-12-21,False,True,PB1,1109,C,0.996576472529,0.003423527471000054,0.0,0.0,mccrone,1117
50468,2014-12-21,False,True,PB1,1132,G,0.996805376924,0.0,0.003194623076000047,0.0,mccrone,1140
50468,2014-12-21,False,True,PB1,1159,T,0.0,1.0,0.0,0.0,mccrone,1167
50468,2014-12-21,False,True,PB1,1570,T,0.0,1.0,0.0,0.0,mccrone,1578
50468,2014-12-21,False,True,PB1,1624,C,0.0,0.0,0.0,1.0,mccrone,1632
50468,2014-12-21,False,True,PB1,1690,A,0.0012227238530000406,0.0,0.998777276147,0.0,mccrone,1698
50468,2014-12-21,False,True,PB1,2068,G,0.997151556822,0.0,0.0028484431780000374,0.0,mccrone,2076
50468,2014-12-21,False,True,PB1,2074,G,0.996481423988,0.0,0.0035185760120000076,0.0,mccrone,2082
50468,2014-12-21,False,True,PB2,57,G,1.0,0.0,0.0,0.0,mccrone,57
50468,2014-12-21,False,True,PB2,214,G,0.998431548286,0.0,0.0015684517139999965,0.0,mccrone,214
50468,2014-12-21,False,True,PB2,264,C,0.0,0.0,0.0,1.0,mccrone,264
50468,2014-12-21,False,True,PB2,336,A,0.004573691037000005,0.0,0.995426308963,0.0,mccrone,336
50468,2014-12-21,False,True,PB2,573,A,0.0,0.0,1.0,0.0,mccrone,573
50468,2014-12-21,False,True,PB2,843,A,0.0,0.0,1.0,0.0,mccrone,843
50468,2014-12-21,False,True,PB2,856,T,0.0,1.0,0.0,0.0,mccrone,856
50468,2014-12-21,False,True,PB2,1023,A,0.003957368350000046,0.0,0.99604263165,0.0,mccrone,1023
50468,2014-12-21,False,True,PB2,1059,G,0.0,0.0,0.0,1.0,mccrone,1059
50468,2014-12-21,False,True,PB2,1581,T,0.0,1.0,0.0,0.0,mccrone,1581
50468,2014-12-21,False,True,PB2,1602,G,1.0,0.0,0.0,0.0,mccrone,1602
50468,2014-12-21,False,True,PB2,1659,A,0.0,0.0,1.0,0.0,mccrone,1659
50468,2014-12-21,False,True,PB2,1662,C,0.0,0.0,0.0,1.0,mccrone,1662
50468,2014-12-21,False,True,PB2,1707,T,0.0,1.0,0.0,0.0,mccrone,1707
50468,2014-12-21,False,True,PB2,1790,T,0.0,1.0,0.0,0.0,mccrone,1790
50468,2014-12-21,False,True,PB2,1885,T,0.0,1.0,0.0,0.0,mccrone,1885
50468,2014-12-21,False,True,PB2,2145,T,1.0,0.0,0.0,0.0,mccrone,2150
50468,2014-12-21,False,True,PB2,2184,A,0.0,0.0,1.0,0.0,mccrone,2189
50468,2014-12-23,True,True,HA,149,G,0.0,0.0,0.0,1.0,mccrone,199
50468,2014-12-23,True,True,HA,167,G,1.0,0.0,0.0,0.0,mccrone,221
50468,2014-12-23,True,True,HA,364,G,0.999128125867,0.0,0.0008718741330000501,0.0,mccrone,425
50468,2014-12-23,True,True,HA,556,A,0.0009348124139999525,0.999065187586,0.0,0.0,mccrone,647
50468,2014-12-23,True,True,HA,658,C,0.0,0.0019077143200000313,0.0,0.99809228568,mccrone,749
50468,2014-12-23,True,True,HA,685,T,0.0,0.998776508972,0.0,0.0012234910280000122,mccrone,776
50468,2014-12-23,True,True,HA,935,A,0.0019664866359999644,0.0,0.998033513364,0.0,mccrone,1061
50468,2014-12-23,True,True,HA,974,G,0.99828941923,0.0,0.0017105807699999698,0.0,mccrone,1100
50468,2014-12-23,True,True,HA,1019,G,0.00797623133546,0.0,0.99202376866454,0.0,mccrone,1145
50468,2014-12-23,True,True,HA,1316,T,0.0,0.0,0.997958654656,0.002041345344000023,mccrone,1442
50468,2014-12-23,True,True,HA,1466,C,1.0,0.0,0.0,0.0,mccrone,1592
50468,2014-12-23,True,True,MP,349,A,0.0,0.0,1.0,0.0,mccrone,349
50468,2014-12-23,True,True,MP,427,A,0.0,0.0,1.0,0.0,mccrone,427
50468,2014-12-23,True,True,MP,466,G,0.997291514314,0.0,0.0027084856860000173,0.0,mccrone,466
50468,2014-12-23,True,True,MP,549,G,0.998539462081,0.0,0.0014605379190000267,0.0,mccrone,549
50468,2014-12-23,True,True,MP,694,C,0.0,0.0,0.0,1.0,mccrone,694
50468,2014-12-23,True,True,NA,103,T,0.0,1.0,0.0,0.0,mccrone,105
50468,2014-12-23,True,True,NA,148,C,1.0,0.0,0.0,0.0,mccrone,157
50468,2014-12-23,True,True,NA,175,G,1.0,0.0,0.0,0.0,mccrone,185
50468,2014-12-23,True,True,NA,211,A,0.0,0.0,1.0,0.0,mccrone,226
50468,2014-12-23,True,True,NA,223,A,0.0,0.0,1.0,0.0,mccrone,238
50468,2014-12-23,True,True,NA,226,T,0.0,1.0,0.0,0.0,mccrone,241
50468,2014-12-23,True,True,NA,709,C,0.0,0.002753487245999997,0.0,0.997246512754,mccrone,736
50468,2014-12-23,True,True,NA,710,A,0.0,0.0,1.0,0.0,mccrone,737
50468,2014-12-23,True,True,NA,819,C,1.0,0.0,0.0,0.0,mccrone,846
50468,2014-12-23,True,True,NA,907,G,0.997733729133,0.0,0.002266270867000042,0.0,mccrone,934
50468,2014-12-23,True,True,NA,925,C,1.0,0.0,0.0,0.0,mccrone,952
50468,2014-12-23,True,True,NA,1066,G,0.997185027389,0.0,0.002814972611000055,0.0,mccrone,1093
50468,2014-12-23,True,True,NA,1108,A,0.0,0.0,1.0,0.0,mccrone,1135
50468,2014-12-23,True,True,NA,1157,A,0.0,0.0,1.0,0.0,mccrone,1184
50468,2014-12-23,True,True,NA,1194,C,0.0,0.0,0.0,1.0,mccrone,1221
50468,2014-12-23,True,True,NP,207,G,0.997992975414,0.0,0.0020070245859999947,0.0,mccrone,207
50468,2014-12-23,True,True,NP,347,G,0.997966581204,0.0,0.0020334187960000527,0.0,mccrone,347
50468,2014-12-23,True,True,NP,606,G,0.998861513312,0.0,0.0011384866879999844,0.0,mccrone,606
50468,2014-12-23,True,True,NP,735,T,0.0,0.997040519983,0.0,0.0029594800169999713,mccrone,735
50468,2014-12-23,True,True,NP,885,G,0.998404182143,0.0,0.0015958178570000259,0.0,mccrone,885
50468,2014-12-23,True,True,NP,909,G,0.0,0.0,0.0,1.0,mccrone,909
50468,2014-12-23,True,True,NP,918,C,0.0,0.0,0.0,1.0,mccrone,918
50468,2014-12-23,True,True,NP,1002,C,0.0,0.0008616079390000309,0.0,0.999138392061,mccrone,1002
50468,2014-12-23,True,True,NP,1077,A,0.0032709545529999717,0.0,0.996729045447,0.0,mccrone,1077
50468,2014-12-23,True,True,NP,1092,A,0.0,0.0,1.0,0.0,mccrone,1092
50468,2014-12-23,True,True,NP,1186,T,0.0,1.0,0.0,0.0,mccrone,1186
50468,2014-12-23,True,True,NP,1188,A,0.0,0.0,1.0,0.0,mccrone,1188
50468,2014-12-23,True,True,NP,1224,G,0.997759837694,0.0,0.002240162305999993,0.0,mccrone,1224
50468,2014-12-23,True,True,NP,1407,C,0.0,0.0,1.0,0.0,mccrone,1407
50468,2014-12-23,True,True,NS,125,T,0.0,1.0,0.0,0.0,mccrone,125
50468,2014-12-23,True,True,NS,180,T,0.0,1.0,0.0,0.0,mccrone,180
50468,2014-12-23,True,True,NS,233,G,1.0,0.0,0.0,0.0,mccrone,233
50468,2014-12-23,True,True,NS,246,A,0.0,0.0,1.0,0.0,mccrone,246
50468,2014-12-23,True,True,NS,266,C,0.0,0.0020112204929999544,0.0,0.997988779507,mccrone,266
50468,2014-12-23,True,True,NS,299,C,0.0,0.0013287514319999527,0.0,0.998671248568,mccrone,299
50468,2014-12-23,True,True,NS,570,G,0.999028053899,0.0,0.000971946101000043,0.0,mccrone,570
50468,2014-12-23,True,True,NS,744,A,0.0,0.0,1.0,0.0,mccrone,744
50468,2014-12-23,True,True,NS,813,G,1.0,0.0,0.0,0.0,mccrone,813
50468,2014-12-23,True,True,NS,843,C,0.0,0.0,0.0,1.0,mccrone,843
50468,2014-12-23,True,True,PA,153,C,0.0,0.0,1.0,0.0,mccrone,177
50468,2014-12-23,True,True,PA,282,A,0.001602213967999977,0.998397786032,0.0,0.0,mccrone,306
50468,2014-12-23,True,True,PA,501,T,0.0,1.0,0.0,0.0,mccrone,525
50468,2014-12-23,True,True,PA,836,A,0.0,0.0,1.0,0.0,mccrone,860
50468,2014-12-23,True,True,PA,858,G,0.998899154708,0.0,0.0011008452920000522,0.0,mccrone,882
50468,2014-12-23,True,True,PA,1001,G,0.998439511567,0.0,0.0015604884330000512,0.0,mccrone,1025
50468,2014-12-23,True,True,PA,1137,G,0.999083812805,0.0,0.0009161871949999734,0.0,mccrone,1161
50468,2014-12-23,True,True,PA,1552,T,0.0,1.0,0.0,0.0,mccrone,1576
50468,2014-12-23,True,True,PA,1578,T,0.0,1.0,0.0,0.0,mccrone,1602
50468,2014-12-23,True,True,PA,1608,C,0.0,0.0,0.0,1.0,mccrone,1632
50468,2014-12-23,True,True,PA,1809,T,0.0,1.0,0.0,0.0,mccrone,1833
50468,2014-12-23,True,True,PA,2001,G,1.0,0.0,0.0,0.0,mccrone,2025
50468,2014-12-23,True,True,PA,2049,T,0.0,1.0,0.0,0.0,mccrone,2073
50468,2014-12-23,True,True,PB1,364,A,0.0,0.0,1.0,0.0,mccrone,372
50468,2014-12-23,True,True,PB1,424,T,0.0,1.0,0.0,0.0,mccrone,432
50468,2014-12-23,True,True,PB1,470,A,0.0,0.0,0.0,1.0,mccrone,478
50468,2014-12-23,True,True,PB1,502,A,0.0,0.0,1.0,0.0,mccrone,510
50468,2014-12-23,True,True,PB1,513,A,0.0,0.0,0.0,1.0,mccrone,521
50468,2014-12-23,True,True,PB1,589,G,0.998962068315,0.0,0.0010379316849999931,0.0,mccrone,597
50468,2014-12-23,True,True,PB1,643,G,0.997879988939,0.0,0.0021200110610000156,0.0,mccrone,651
50468,2014-12-23,True,True,PB1,655,C,0.0,0.0,0.0,1.0,mccrone,663
50468,2014-12-23,True,True,PB1,772,G,0.99885479792,0.0,0.0011452020800000184,0.0,mccrone,780
50468,2014-12-23,True,True,PB1,892,C,0.0,0.0,0.0,1.0,mccrone,900
50468,2014-12-23,True,True,PB1,913,C,0.0,0.0010845452300000114,0.0,0.99891545477,mccrone,921
50468,2014-12-23,True,True,PB1,1003,G,0.998307216096,0.0,0.0016927839039999615,0.0,mccrone,1011
50468,2014-12-23,True,True,PB1,1109,C,0.998069764235,0.0019302357649999546,0.0,0.0,mccrone,1117
50468,2014-12-23,True,True,PB1,1132,G,0.998925334081,0.0,0.0010746659189999619,0.0,mccrone,1140
50468,2014-12-23,True,True,PB1,1159,T,0.0,1.0,0.0,0.0,mccrone,1167
50468,2014-12-23,True,True,PB1,1570,T,0.0,1.0,0.0,0.0,mccrone,1578
50468,2014-12-23,True,True,PB1,1624,C,0.0,0.0,0.0,1.0,mccrone,1632
50468,2014-12-23,True,True,PB1,1690,A,0.0,0.0,1.0,0.0,mccrone,1698
50468,2014-12-23,True,True,PB1,2068,G,1.0,0.0,0.0,0.0,mccrone,2076
50468,2014-12-23,True,True,PB1,2074,G,0.996979904751,0.0,0.0030200952490000432,0.0,mccrone,2082
50468,2014-12-23,True,True,PB2,57,G,1.0,0.0,0.0,0.0,mccrone,57
50468,2014-12-23,True,True,PB2,214,G,0.997752051253,0.0,0.0022479487469999615,0.0,mccrone,214
50468,2014-12-23,True,True,PB2,264,C,0.0,0.0,0.0,1.0,mccrone,264
50468,2014-12-23,True,True,PB2,336,A,0.00397895007100002,0.0,0.996021049929,0.0,mccrone,336
50468,2014-12-23,True,True,PB2,573,A,0.0,0.0,1.0,0.0,mccrone,573
50468,2014-12-23,True,True,PB2,843,A,0.0,0.0,1.0,0.0,mccrone,843
50468,2014-12-23,True,True,PB2,856,T,0.0,0.99909251977,0.0,0.0009074802299999796,mccrone,856
50468,2014-12-23,True,True,PB2,1023,A,0.0025614108749999476,0.0,0.997438589125,0.0,mccrone,1023
50468,2014-12-23,True,True,PB2,1059,G,0.0,0.0,0.0,1.0,mccrone,1059
50468,2014-12-23,True,True,PB2,1581,T,0.0,1.0,0.0,0.0,mccrone,1581
50468,2014-12-23,True,True,PB2,1602,G,0.999247680348,0.0,0.0007523196519999553,0.0,mccrone,1602
50468,2014-12-23,True,True,PB2,1617,T,0.0,0.0238997683461,0.0,0.9761002316539,mccrone,1617
50468,2014-12-23,True,True,PB2,1659,A,0.0013707734490000512,0.0,0.998629226551,0.0,mccrone,1659
50468,2014-12-23,True,True,PB2,1662,C,0.0,0.001832035640999985,0.0,0.998167964359,mccrone,1662
50468,2014-12-23,True,True,PB2,1707,T,0.0,1.0,0.0,0.0,mccrone,1707
50468,2014-12-23,True,True,PB2,1790,T,0.0,1.0,0.0,0.0,mccrone,1790
50468,2014-12-23,True,True,PB2,1885,T,0.0,1.0,0.0,0.0,mccrone,1885
50468,2014-12-23,True,True,PB2,2145,T,1.0,0.0,0.0,0.0,mccrone,2150
50468,2014-12-23,True,True,PB2,2184,A,0.0,0.0,1.0,0.0,mccrone,2189
50482,2014-11-20,False,False,HA,167,G,1.0,0.0,0.0,0.0,mccrone,221
50482,2014-11-20,False,False,HA,364,G,0.998886301509,0.0,0.0011136984909999592,0.0,mccrone,425
50482,2014-11-20,False,False,HA,556,A,0.0,1.0,0.0,0.0,mccrone,647
50482,2014-11-20,False,False,HA,658,C,0.0,0.001255110773000001,0.0,0.998744889227,mccrone,749
50482,2014-11-20,False,False,HA,685,T,0.0,1.0,0.0,0.0,mccrone,776
50482,2014-11-20,False,False,HA,948,G,0.048947720117,0.0,0.951052279883,0.0,mccrone,1074
50482,2014-11-20,False,False,HA,1466,C,1.0,0.0,0.0,0.0,mccrone,1592
50482,2014-11-20,False,False,MP,349,A,0.0,0.0,1.0,0.0,mccrone,349
50482,2014-11-20,False,False,MP,427,A,0.0,0.0,1.0,0.0,mccrone,427
50482,2014-11-20,False,False,MP,549,G,0.998273520407,0.0,0.0017264795929999854,0.0,mccrone,549
50482,2014-11-20,False,False,MP,694,C,0.0,0.0,0.0,1.0,mccrone,694
50482,2014-11-20,False,False,NA,103,T,0.0,1.0,0.0,0.0,mccrone,105
50482,2014-11-20,False,False,NA,211,A,0.0,0.0,1.0,0.0,mccrone,226
50482,2014-11-20,False,False,NA,223,A,0.0,0.0,1.0,0.0,mccrone,238
50482,2014-11-20,False,False,NA,226,T,0.0,1.0,0.0,0.0,mccrone,241
50482,2014-11-20,False,False,NA,475,G,0.997907410062,0.0,0.002092589937999989,0.0,mccrone,492
50482,2014-11-20,False,False,NA,491,C,0.0,0.0,0.0,1.0,mccrone,508
50482,2014-11-20,False,False,NA,710,A,0.0008557666449999779,0.0,0.999144233355,0.0,mccrone,737
50482,2014-11-20,False,False,NA,753,G,0.998618081315,0.0,0.0013819186850000387,0.0,mccrone,780
50482,2014-11-20,False,False,NA,819,C,0.999479992076,0.0005200079239999766,0.0,0.0,mccrone,846
50482,2014-11-20,False,False,NA,862,T,0.0,1.0,0.0,0.0,mccrone,889
50482,2014-11-20,False,False,NA,907,G,0.997567737211,0.0,0.002432262788999995,0.0,mccrone,934
50482,2014-11-20,False,False,NA,1108,A,0.0,0.0,1.0,0.0,mccrone,1135
50482,2014-11-20,False,False,NA,1126,G,0.998503330091,0.0,0.0014966699089999924,0.0,mccrone,1153
50482,2014-11-20,False,False,NA,1157,A,0.0,0.0,1.0,0.0,mccrone,1184
50482,2014-11-20,False,False,NA,1194,C,0.0,0.0,0.0,1.0,mccrone,1221
50482,2014-11-20,False,False,NP,207,G,0.997561601643,0.0,0.0024383983569999934,0.0,mccrone,207
50482,2014-11-20,False,False,NP,273,T,0.0,0.0732036364348,0.0,0.9267963635652,mccrone,273
50482,2014-11-20,False,False,NP,297,C,0.0,0.0010245901640000277,0.0,0.998975409836,mccrone,297
50482,2014-11-20,False,False,NP,347,G,0.998684210526,0.0,0.0013157894740000176,0.0,mccrone,347
50482,2014-11-20,False,False,NP,402,C,0.00632633143643,0.99367366856357,0.0,0.0,mccrone,402
50482,2014-11-20,False,False,NP,606,G,0.998405873099,0.0,0.0015941269010000259,0.0,mccrone,606
50482,2014-11-20,False,False,NP,885,G,0.999226814087,0.0,0.0007731859130000185,0.0,mccrone,885
50482,2014-11-20,False,False,NP,909,G,0.0,0.0,0.0,1.0,mccrone,909
50482,2014-11-20,False,False,NP,918,C,0.0,0.0009955796260000538,0.0,0.999004420374,mccrone,918
50482,2014-11-20,False,False,NP,972,T,0.00450770787839,0.0,0.0,0.99549229212161,mccrone,972
50482,2014-11-20,False,False,NP,975,C,0.0,0.0013200352009999916,0.0,0.998679964799,mccrone,975
50482,2014-11-20,False,False,NP,1002,C,0.0,0.0,0.0,1.0,mccrone,1002
50482,2014-11-20,False,False,NP,1092,A,0.0,0.0,1.0,0.0,mccrone,1092
50482,2014-11-20,False,False,NP,1186,T,0.0,1.0,0.0,0.0,mccrone,1186
50482,2014-11-20,False,False,NP,1188,A,0.0,0.0,1.0,0.0,mccrone,1188
50482,2014-11-20,False,False,NP,1224,G,0.998216302991,0.0,0.0017836970090000515,0.0,mccrone,1224
50482,2014-11-20,False,False,NP,1407,C,1.0,0.0,0.0,0.0,mccrone,1407
50482,2014-11-20,False,False,NS,125,T,0.0,1.0,0.0,0.0,mccrone,125
50482,2014-11-20,False,False,NS,140,A,0.0018697413520000206,0.0,0.998130258648,0.0,mccrone,140
50482,2014-11-20,False,False,NS,173,T,1.0,0.0,0.0,0.0,mccrone,173
50482,2014-11-20,False,False,NS,180,T,0.0,1.0,0.0,0.0,mccrone,180
50482,2014-11-20,False,False,NS,246,A,0.0,0.0,1.0,0.0,mccrone,246
50482,2014-11-20,False,False,NS,299,C,0.0,0.0013113798630000062,0.0,0.998688620137,mccrone,299
50482,2014-11-20,False,False,NS,570,G,0.999576211329,0.0,0.00042378867100001383,0.0,mccrone,570
50482,2014-11-20,False,False,NS,744,A,0.0,0.0,1.0,0.0,mccrone,744
50482,2014-11-20,False,False,NS,813,G,1.0,0.0,0.0,0.0,mccrone,813
50482,2014-11-20,False,False,NS,843,C,0.0,0.0,0.0,1.0,mccrone,843
50482,2014-11-20,False,False,PA,153,C,0.0,0.0,1.0,0.0,mccrone,177
50482,2014-11-20,False,False,PA,282,A,0.001615667075000049,0.998384332925,0.0,0.0,mccrone,306
50482,2014-11-20,False,False,PA,501,T,0.0,1.0,0.0,0.0,mccrone,525
50482,2014-11-20,False,False,PA,836,A,0.0,0.0,1.0,0.0,mccrone,860
50482,2014-11-20,False,False,PA,858,G,0.998790049366,0.0,0.0012099506339999788,0.0,mccrone,882
50482,2014-11-20,False,False,PA,1001,G,0.998956777391,0.0,0.0010432226090000274,0.0,mccrone,1025
50482,2014-11-20,False,False,PA,1137,G,0.998941652862,0.0,0.0010583471380000153,0.0,mccrone,1161
50482,2014-11-20,False,False,PA,1552,T,0.0,1.0,0.0,0.0,mccrone,1576
50482,2014-11-20,False,False,PA,1578,T,0.0,1.0,0.0,0.0,mccrone,1602
50482,2014-11-20,False,False,PA,1605,A,0.002233896307999972,0.0,0.997766103692,0.0,mccrone,1629
50482,2014-11-20,False,False,PA,1608,C,0.0,0.0012583364789999774,0.0,0.998741663521,mccrone,1632
50482,2014-11-20,False,False,PA,2001,G,1.0,0.0,0.0,0.0,mccrone,2025
50482,2014-11-20,False,False,PA,2049,T,0.0,1.0,0.0,0.0,mccrone,2073
50482,2014-11-20,False,False,PB1,364,A,0.0,0.0,1.0,0.0,mccrone,372
50482,2014-11-20,False,False,PB1,424,T,0.0,0.999092441333,0.0,0.0009075586669999858,mccrone,432
50482,2014-11-20,False,False,PB1,470,A,0.0,0.0,0.0,1.0,mccrone,478
50482,2014-11-20,False,False,PB1,502,A,0.0,0.0,1.0,0.0,mccrone,510
50482,2014-11-20,False,False,PB1,513,A,0.0,0.0,0.0,1.0,mccrone,521
50482,2014-11-20,False,False,PB1,589,G,1.0,0.0,0.0,0.0,mccrone,597
50482,2014-11-20,False,False,PB1,643,G,0.997347614116,0.0,0.0026523858839999637,0.0,mccrone,651
50482,2014-11-20,False,False,PB1,650,G,0.999198758075,0.0,0.0008012419249999736,0.0,mccrone,658
50482,2014-11-20,False,False,PB1,655,C,0.0,0.0,0.0,1.0,mccrone,663
50482,2014-11-20,False,False,PB1,892,C,0.0,0.0,0.0,1.0,mccrone,900
50482,2014-11-20,False,False,PB1,913,C,0.0,0.0005897385490000184,0.0,0.999410261451,mccrone,921
50482,2014-11-20,False,False,PB1,1003,G,0.998932552193,0.0,0.001067447806999966,0.0,mccrone,1011
50482,2014-11-20,False,False,PB1,1159,T,0.0,1.0,0.0,0.0,mccrone,1167
50482,2014-11-20,False,False,PB1,1570,T,0.0,1.0,0.0,0.0,mccrone,1578
50482,2014-11-20,False,False,PB1,1624,C,0.0,0.0,0.0,1.0,mccrone,1632
50482,2014-11-20,False,False,PB1,1690,A,0.0016592046350000222,0.0,0.998340795365,0.0,mccrone,1698
50482,2014-11-20,False,False,PB1,1715,C,1.0,0.0,0.0,0.0,mccrone,1723
50482,2014-11-20,False,False,PB1,2074,G,1.0,0.0,0.0,0.0,mccrone,2082
50482,2014-11-20,False,False,PB2,57,G,1.0,0.0,0.0,0.0,mccrone,57
50482,2014-11-20,False,False,PB2,66,G,1.0,0.0,0.0,0.0,mccrone,66
50482,2014-11-20,False,False,PB2,214,G,0.997741018728,0.0,0.0022589812719999713,0.0,mccrone,214
50482,2014-11-20,False,False,PB2,264,C,0.0,0.0,0.0,1.0,mccrone,264
50482,2014-11-20,False,False,PB2,352,G,0.998957712924,0.0,0.0010422870759999592,0.0,mccrone,352
50482,2014-11-20,False,False,PB2,501,G,0.99836168528,0.0,0.0016383147199999781,0.0,mccrone,501
50482,2014-11-20,False,False,PB2,573,A,0.002022298501999975,0.0,0.997977701498,0.0,mccrone,573
50482,2014-11-20,False,False,PB2,843,A,0.0,0.0,1.0,0.0,mccrone,843
50482,2014-11-20,False,False,PB2,856,T,0.0,0.998683981824,0.0,0.0013160181760000222,mccrone,856
50482,2014-11-20,False,False,PB2,1059,G,0.0,0.0,0.001241510260999945,0.998758489739,mccrone,1059
50482,2014-11-20,False,False,PB2,1413,A,0.0,0.0,1.0,0.0,mccrone,1413
50482,2014-11-20,False,False,PB2,1581,T,0.0,0.999096459096,0.0,0.000903540904000022,mccrone,1581
50482,2014-11-20,False,False,PB2,1602,G,0.9991537513,0.0,0.0008462487000000518,0.0,mccrone,1602
50482,2014-11-20,False,False,PB2,1659,A,0.0,0.0,1.0,0.0,mccrone,1659
50482,2014-11-20,False,False,PB2,1662,C,0.0,0.0,0.0,1.0,mccrone,1662
50482,2014-11-20,False,False,PB2,1707,T,0.0,0.998899477252,0.0,0.001100522747999988,mccrone,1707
50482,2014-11-20,False,False,PB2,1790,T,0.0,1.0,0.0,0.0,mccrone,1790
50482,2014-11-20,False,False,PB2,1869,G,0.998890027322,0.0,0.0011099726779999486,0.0,mccrone,1869
50482,2014-11-20,False,False,PB2,1885,T,0.0,1.0,0.0,0.0,mccrone,1885
50482,2014-11-20,False,False,PB2,2055,T,0.0,0.0575796758126,0.0,0.9424203241874,mccrone,2055
50482,2014-11-20,False,False,PB2,2145,T,1.0,0.0,0.0,0.0,mccrone,2150
50482,2014-11-20,False,False,PB2,2184,A,0.0,0.0,1.0,0.0,mccrone,2189
50482,2014-11-20,True,False,HA,167,G,1.0,0.0,0.0,0.0,mccrone,221
50482,2014-11-20,True,False,HA,364,G,0.998894925868,0.0,0.0011050741320000057,0.0,mccrone,425
50482,2014-11-20,True,False,HA,556,A,0.0,1.0,0.0,0.0,mccrone,647
50482,2014-11-20,True,False,HA,658,C,0.0,0.0010283909349999565,0.0,0.998971609065,mccrone,749
50482,2014-11-20,True,False,HA,685,T,0.0,1.0,0.0,0.0,mccrone,776
50482,2014-11-20,True,False,HA,1466,C,1.0,0.0,0.0,0.0,mccrone,1592
50482,2014-11-20,True,False,MP,349,A,0.0,0.0,1.0,0.0,mccrone,349
50482,2014-11-20,True,False,MP,427,A,0.0,0.0,1.0,0.0,mccrone,427
50482,2014-11-20,True,False,MP,549,G,0.998398210832,0.0,0.001601789168000023,0.0,mccrone,549
50482,2014-11-20,True,False,MP,694,C,0.0,0.0016406279130000145,0.0,0.998359372087,mccrone,694
50482,2014-11-20,True,False,NA,103,T,0.0,1.0,0.0,0.0,mccrone,105
50482,2014-11-20,True,False,NA,211,A,0.0,0.0,1.0,0.0,mccrone,226
50482,2014-11-20,True,False,NA,223,A,0.0,0.0,1.0,0.0,mccrone,238
50482,2014-11-20,True,False,NA,226,T,0.0,1.0,0.0,0.0,mccrone,241
50482,2014-11-20,True,False,NA,475,G,0.997735943986,0.0,0.0022640560140000376,0.0,mccrone,492
50482,2014-11-20,True,False,NA,491,C,0.0,0.0017381947610000115,0.0,0.998261805239,mccrone,508
50482,2014-11-20,True,False,NA,710,A,0.0005587424570000499,0.0,0.999441257543,0.0,mccrone,737
50482,2014-11-20,True,False,NA,753,G,0.998450870463,0.0,0.001549129537000038,0.0,mccrone,780
50482,2014-11-20,True,False,NA,819,C,1.0,0.0,0.0,0.0,mccrone,846
50482,2014-11-20,True,False,NA,862,T,0.0,0.99786293294,0.0,0.002137067060000053,mccrone,889
50482,2014-11-20,True,False,NA,907,G,0.997935306263,0.0,0.002064693737000023,0.0,mccrone,934
50482,2014-11-20,True,False,NA,1108,A,0.0,0.0,1.0,0.0,mccrone,1135
50482,2014-11-20,True,False,NA,1126,G,0.998680808401,0.0,0.001319191598999958,0.0,mccrone,1153
50482,2014-11-20,True,False,NA,1157,A,0.0,0.0,1.0,0.0,mccrone,1184
50482,2014-11-20,True,False,NA,1194,C,0.0,0.0007427764990000085,0.0,0.999257223501,mccrone,1221
50482,2014-11-20,True,False,NP,207,G,0.997777777778,0.0,0.00222222222199997,0.0,mccrone,207
50482,2014-11-20,True,False,NP,273,T,0.0,0.0351737311541,0.0,0.9648262688459,mccrone,273
50482,2014-11-20,True,False,NP,297,C,0.0,0.0016230838590000074,0.0,0.998376916141,mccrone,297
50482,2014-11-20,True,False,NP,347,G,0.999219016938,0.0,0.0007809830620000291,0.0,mccrone,347
50482,2014-11-20,True,False,NP,606,G,0.999109293043,0.0,0.0008907069569999981,0.0,mccrone,606
50482,2014-11-20,True,False,NP,885,G,0.998997023424,0.0,0.0010029765760000142,0.0,mccrone,885
50482,2014-11-20,True,False,NP,909,G,0.0,0.0,0.0,1.0,mccrone,909
50482,2014-11-20,True,False,NP,918,C,0.0,0.001115694096999964,0.0,0.998884305903,mccrone,918
50482,2014-11-20,True,False,NP,972,T,0.00337216404803,0.0,0.0,0.99662783595197,mccrone,972
50482,2014-11-20,True,False,NP,975,C,0.0,0.002217763226999958,0.0,0.997782236773,mccrone,975
50482,2014-11-20,True,False,NP,1002,C,0.0,0.0,0.0,1.0,mccrone,1002
50482,2014-11-20,True,False,NP,1092,A,0.0,0.0,1.0,0.0,mccrone,1092
50482,2014-11-20,True,False,NP,1186,T,0.0,1.0,0.0,0.0,mccrone,1186
50482,2014-11-20,True,False,NP,1188,A,0.0,0.0,1.0,0.0,mccrone,1188
50482,2014-11-20,True,False,NP,1224,G,0.998025568883,0.0,0.0019744311170000195,0.0,mccrone,1224
50482,2014-11-20,True,False,NP,1407,C,1.0,0.0,0.0,0.0,mccrone,1407
50482,2014-11-20,True,False,NS,125,T,0.0,1.0,0.0,0.0,mccrone,125
50482,2014-11-20,True,False,NS,140,A,0.0,0.0,1.0,0.0,mccrone,140
50482,2014-11-20,True,False,NS,173,T,1.0,0.0,0.0,0.0,mccrone,173
50482,2014-11-20,True,False,NS,180,T,0.0,1.0,0.0,0.0,mccrone,180
50482,2014-11-20,True,False,NS,246,A,0.0,0.0,1.0,0.0,mccrone,246
50482,2014-11-20,True,False,NS,299,C,0.0,0.0011902737629999605,0.0,0.998809726237,mccrone,299
50482,2014-11-20,True,False,NS,570,G,1.0,0.0,0.0,0.0,mccrone,570
50482,2014-11-20,True,False,NS,744,A,0.0,0.0,1.0,0.0,mccrone,744
50482,2014-11-20,True,False,NS,813,G,1.0,0.0,0.0,0.0,mccrone,813
50482,2014-11-20,True,False,NS,843,C,0.0,0.011235955055999947,0.0,0.988764044944,mccrone,843
50482,2014-11-20,True,False,PA,153,C,0.0,0.0,1.0,0.0,mccrone,177
50482,2014-11-20,True,False,PA,282,A,0.0,1.0,0.0,0.0,mccrone,306
50482,2014-11-20,True,False,PA,501,T,0.0,1.0,0.0,0.0,mccrone,525
50482,2014-11-20,True,False,PA,836,A,0.0,0.0,1.0,0.0,mccrone,860
50482,2014-11-20,True,False,PA,858,G,0.998618437578,0.0,0.0013815624220000489,0.0,mccrone,882
50482,2014-11-20,True,False,PA,1001,G,0.99885282121,0.0,0.0011471787900000363,0.0,mccrone,1025
50482,2014-11-20,True,False,PA,1137,G,0.998989286436,0.0,0.0010107135639999543,0.0,mccrone,1161
50482,2014-11-20,True,False,PA,1552,T,0.0,0.999201915403,0.0,0.0007980845970000372,mccrone,1576
50482,2014-11-20,True,False,PA,1578,T,0.0,1.0,0.0,0.0,mccrone,1602
50482,2014-11-20,True,False,PA,1605,A,0.002102284212999961,0.0,0.997897715787,0.0,mccrone,1629
50482,2014-11-20,True,False,PA,1608,C,0.0,0.0,0.0,1.0,mccrone,1632
50482,2014-11-20,True,False,PA,2001,G,1.0,0.0,0.0,0.0,mccrone,2025
50482,2014-11-20,True,False,PA,2049,T,0.0,1.0,0.0,0.0,mccrone,2073
50482,2014-11-20,True,False,PB1,364,A,0.0009170105460000189,0.0,0.999082989454,0.0,mccrone,372
50482,2014-11-20,True,False,PB1,424,T,0.0,0.998661580673,0.0,0.0013384193269999622,mccrone,432
50482,2014-11-20,True,False,PB1,470,A,0.0007008601469999931,0.0,0.0,0.999299139853,mccrone,478
50482,2014-11-20,True,False,PB1,502,A,0.0,0.0,1.0,0.0,mccrone,510
50482,2014-11-20,True,False,PB1,513,A,0.0,0.0,0.0,1.0,mccrone,521
50482,2014-11-20,True,False,PB1,589,G,0.999428930387,0.0,0.0005710696130000192,0.0,mccrone,597
50482,2014-11-20,True,False,PB1,643,G,0.997525607089,0.0,0.002474392911000045,0.0,mccrone,651
50482,2014-11-20,True,False,PB1,650,G,0.99840818647,0.0,0.0015918135300000413,0.0,mccrone,658
50482,2014-11-20,True,False,PB1,655,C,0.0,0.0009416195860000309,0.0,0.999058380414,mccrone,663
50482,2014-11-20,True,False,PB1,892,C,0.0,0.0,0.0,1.0,mccrone,900
50482,2014-11-20,True,False,PB1,913,C,0.0,0.0011994002999999864,0.0,0.9988005997,mccrone,921
50482,2014-11-20,True,False,PB1,1003,G,1.0,0.0,0.0,0.0,mccrone,1011
50482,2014-11-20,True,False,PB1,1159,T,0.0,1.0,0.0,0.0,mccrone,1167
50482,2014-11-20,True,False,PB1,1570,T,0.0,1.0,0.0,0.0,mccrone,1578
50482,2014-11-20,True,False,PB1,1624,C,0.0,0.0,0.0,1.0,mccrone,1632
50482,2014-11-20,True,False,PB1,1690,A,0.0,0.0,1.0,0.0,mccrone,1698
50482,2014-11-20,True,False,PB1,1715,C,0.997383112352,0.0026168876480000547,0.0,0.0,mccrone,1723
50482,2014-11-20,True,False,PB1,2074,G,0.998255016827,0.0,0.001744983172999981,0.0,mccrone,2082
50482,2014-11-20,True,False,PB2,57,G,0.998973305955,0.0,0.0010266940449999984,0.0,mccrone,57
50482,2014-11-20,True,False,PB2,66,G,0.997566909976,0.0,0.002433090024000051,0.0,mccrone,66
50482,2014-11-20,True,False,PB2,214,G,0.99745308311,0.0,0.002546916889999973,0.0,mccrone,214
50482,2014-11-20,True,False,PB2,264,C,0.0,0.0,0.0,1.0,mccrone,264
50482,2014-11-20,True,False,PB2,352,G,0.997759177486,0.0,0.0022408225140000404,0.0,mccrone,352
50482,2014-11-20,True,False,PB2,501,G,0.997541518238,0.0,0.002458481762000031,0.0,mccrone,501
50482,2014-11-20,True,False,PB2,573,A,0.001313794846000027,0.0,0.998686205154,0.0,mccrone,573
50482,2014-11-20,True,False,PB2,843,A,0.0008765010079999636,0.0,0.999123498992,0.0,mccrone,843
50482,2014-11-20,True,False,PB2,856,T,0.0,1.0,0.0,0.0,mccrone,856
50482,2014-11-20,True,False,PB2,1059,G,0.0,0.0,0.0,1.0,mccrone,1059
50482,2014-11-20,True,False,PB2,1413,A,0.001538001452999982,0.0,0.998461998547,0.0,mccrone,1413
50482,2014-11-20,True,False,PB2,1581,T,0.0,1.0,0.0,0.0,mccrone,1581
50482,2014-11-20,True,False,PB2,1602,G,1.0,0.0,0.0,0.0,mccrone,1602
50482,2014-11-20,True,False,PB2,1659,A,0.0009362100509999749,0.0,0.999063789949,0.0,mccrone,1659
50482,2014-11-20,True,False,PB2,1662,C,0.0,0.0,0.0,1.0,mccrone,1662
50482,2014-11-20,True,False,PB2,1707,T,0.0,0.999072806746,0.0,0.000927193254000036,mccrone,1707
50482,2014-11-20,True,False,PB2,1790,T,0.0,1.0,0.0,0.0,mccrone,1790
50482,2014-11-20,True,False,PB2,1869,G,0.998205741627,0.0,0.0017942583729999573,0.0,mccrone,1869
50482,2014-11-20,True,False,PB2,1885,T,0.0,1.0,0.0,0.0,mccrone,1885
50482,2014-11-20,True,False,PB2,2145,T,1.0,0.0,0.0,0.0,mccrone,2150
50482,2014-11-20,True,False,PB2,2184,A,0.0,0.0,1.0,0.0,mccrone,2189
50538,2014-12-06,False,False,HA,167,G,1.0,0.0,0.0,0.0,mccrone,221
50538,2014-12-06,False,False,HA,364,G,1.0,0.0,0.0,0.0,mccrone,425
50538,2014-12-06,False,False,HA,556,A,0.0,1.0,0.0,0.0,mccrone,647
50538,2014-12-06,False,False,HA,658,C,0.0,0.0011136300359999574,0.0,0.998886369964,mccrone,749
50538,2014-12-06,False,False,HA,685,T,0.0,1.0,0.0,0.0,mccrone,776
50538,2014-12-06,False,False,HA,1052,G,0.00695486560206,0.0,0.99304513439794,0.0,mccrone,1178
50538,2014-12-06,False,False,HA,1466,C,1.0,0.0,0.0,0.0,mccrone,1592
50538,2014-12-06,False,False,MP,340,G,0.00525314356382,0.0,0.99474685643618,0.0,mccrone,340
50538,2014-12-06,False,False,MP,349,A,0.0,0.0,1.0,0.0,mccrone,349
50538,2014-12-06,False,False,MP,427,A,0.0,0.0,1.0,0.0,mccrone,427
50538,2014-12-06,False,False,MP,549,G,1.0,0.0,0.0,0.0,mccrone,549
50538,2014-12-06,False,False,MP,694,C,0.0,0.0,0.0,1.0,mccrone,694
50538,2014-12-06,False,False,NA,103,T,0.0,1.0,0.0,0.0,mccrone,105
50538,2014-12-06,False,False,NA,168,T,0.0,0.0532737376178,0.0,0.9467262623822,mccrone,178
50538,2014-12-06,False,False,NA,174,T,0.0,0.0495013829969,0.0,0.9504986170031,mccrone,184
50538,2014-12-06,False,False,NA,204,T,0.0,0.0537203647876,0.0,0.9462796352124,mccrone,214
50538,2014-12-06,False,False,NA,211,A,0.0,0.0,1.0,0.0,mccrone,226
50538,2014-12-06,False,False,NA,220,T,0.0,0.0457585470085,0.0,0.9542414529915,mccrone,235
50538,2014-12-06,False,False,NA,221,T,0.0,0.0490578075375,0.0,0.9509421924625,mccrone,236
50538,2014-12-06,False,False,NA,223,A,0.0,0.0,1.0,0.0,mccrone,238
50538,2014-12-06,False,False,NA,226,T,0.0,0.997627372627,0.0,0.002372627373000036,mccrone,241
50538,2014-12-06,False,False,NA,249,T,0.0,0.0589176907983,0.0,0.9410823092017,mccrone,264
50538,2014-12-06,False,False,NA,475,G,0.997930249405,0.0,0.0020697505950000306,0.0,mccrone,492
50538,2014-12-06,False,False,NA,491,C,0.0,0.0,0.0,1.0,mccrone,508
50538,2014-12-06,False,False,NA,710,A,0.0,0.0,1.0,0.0,mccrone,737
50538,2014-12-06,False,False,NA,753,G,0.998891991313,0.0,0.001108008687000006,0.0,mccrone,780
50538,2014-12-06,False,False,NA,819,C,1.0,0.0,0.0,0.0,mccrone,846
50538,2014-12-06,False,False,NA,862,T,0.0,1.0,0.0,0.0,mccrone,889
50538,2014-12-06,False,False,NA,907,G,0.998218273388,0.0,0.0017817266120000452,0.0,mccrone,934
50538,2014-12-06,False,False,NA,1108,A,0.0020027338910000303,0.0,0.997997266109,0.0,mccrone,1135
50538,2014-12-06,False,False,NA,1126,G,0.99848304973,0.0,0.0015169502699999837,0.0,mccrone,1153
50538,2014-12-06,False,False,NA,1157,A,0.0,0.0,1.0,0.0,mccrone,1184
50538,2014-12-06,False,False,NA,1194,C,0.0,0.0,0.0,1.0,mccrone,1221
50538,2014-12-06,False,False,NP,117,G,1.0,0.0,0.0,0.0,mccrone,117
50538,2014-12-06,False,False,NP,207,G,0.996927908247,0.0,0.0030720917530000502,0.0,mccrone,207
50538,2014-12-06,False,False,NP,297,C,0.0,0.0009578544060000471,0.0,0.999042145594,mccrone,297
50538,2014-12-06,False,False,NP,347,G,1.0,0.0,0.0,0.0,mccrone,347
50538,2014-12-06,False,False,NP,606,G,0.998564780585,0.0,0.001435219415000022,0.0,mccrone,606
50538,2014-12-06,False,False,NP,885,G,0.999084714736,0.0,0.0009152852639999765,0.0,mccrone,885
50538,2014-12-06,False,False,NP,909,G,0.0,0.0,0.0,1.0,mccrone,909
50538,2014-12-06,False,False,NP,915,C,0.0,0.9876663377166,0.0,0.0123336622834,mccrone,915
50538,2014-12-06,False,False,NP,918,C,0.0,0.0,0.0,1.0,mccrone,918
50538,2014-12-06,False,False,NP,1002,C,0.0,0.0,0.0,1.0,mccrone,1002
50538,2014-12-06,False,False,NP,1092,A,0.0,0.0,1.0,0.0,mccrone,1092
50538,2014-12-06,False,False,NP,1175,G,0.00377779916289,0.0,0.99622220083711,0.0,mccrone,1175
50538,2014-12-06,False,False,NP,1186,T,0.0,0.998781770862,0.0,0.00121822913799996,mccrone,1186
50538,2014-12-06,False,False,NP,1188,A,0.0010511465800000508,0.0,0.99894885342,0.0,mccrone,1188
50538,2014-12-06,False,False,NP,1224,G,0.997899159664,0.0,0.0021008403359999983,0.0,mccrone,1224
50538,2014-12-06,False,False,NP,1407,C,1.0,0.0,0.0,0.0,mccrone,1407
50538,2014-12-06,False,False,NS,125,T,0.0,1.0,0.0,0.0,mccrone,125
50538,2014-12-06,False,False,NS,140,A,0.0,0.0,1.0,0.0,mccrone,140
50538,2014-12-06,False,False,NS,169,A,0.600339796525,0.399660203475,0.0,0.0,mccrone,169
50538,2014-12-06,False,False,NS,173,T,1.0,0.0,0.0,0.0,mccrone,173
50538,2014-12-06,False,False,NS,180,T,0.0,0.999445266272,0.0,0.0005547337279999676,mccrone,180
50538,2014-12-06,False,False,NS,246,A,0.0,0.0,1.0,0.0,mccrone,246
50538,2014-12-06,False,False,NS,299,C,0.0,0.001576339888999967,0.0,0.998423660111,mccrone,299
50538,2014-12-06,False,False,NS,570,G,1.0,0.0,0.0,0.0,mccrone,570
50538,2014-12-06,False,False,NS,630,G,0.0122423082183,0.0,0.9877576917817,0.0,mccrone,630
50538,2014-12-06,False,False,NS,744,A,0.0,0.0,1.0,0.0,mccrone,744
50538,2014-12-06,False,False,NS,813,G,1.0,0.0,0.0,0.0,mccrone,813
50538,2014-12-06,False,False,NS,843,C,0.0,0.0,0.0,1.0,mccrone,843
50538,2014-12-06,False,False,PA,153,C,0.0,0.0,1.0,0.0,mccrone,177
50538,2014-12-06,False,False,PA,282,A,0.0,1.0,0.0,0.0,mccrone,306
50538,2014-12-06,False,False,PA,501,T,0.0,1.0,0.0,0.0,mccrone,525
50538,2014-12-06,False,False,PA,836,A,0.0010822827390000178,0.0,0.998917717261,0.0,mccrone,860
50538,2014-12-06,False,False,PA,858,G,0.999269603833,0.0,0.0007303961669999914,0.0,mccrone,882
50538,2014-12-06,False,False,PA,1001,G,0.998978201635,0.0,0.0010217983650000484,0.0,mccrone,1025
50538,2014-12-06,False,False,PA,1137,G,0.998883229374,0.0,0.0011167706260000188,0.0,mccrone,1161
50538,2014-12-06,False,False,PA,1552,T,0.0,1.0,0.0,0.0,mccrone,1576
50538,2014-12-06,False,False,PA,1578,T,0.0,1.0,0.0,0.0,mccrone,1602
50538,2014-12-06,False,False,PA,1605,A,0.0,0.0,1.0,0.0,mccrone,1629
50538,2014-12-06,False,False,PA,1608,C,0.0,0.0014107688690000453,0.0,0.998589231131,mccrone,1632
50538,2014-12-06,False,False,PA,1828,A,0.0,0.0,1.0,0.0,mccrone,1852
50538,2014-12-06,False,False,PA,2001,G,0.99802324662,0.0,0.001976753380000029,0.0,mccrone,2025
50538,2014-12-06,False,False,PA,2049,T,0.0,1.0,0.0,0.0,mccrone,2073
50538,2014-12-06,False,False,PB1,364,A,0.0,0.0,1.0,0.0,mccrone,372
50538,2014-12-06,False,False,PB1,424,T,0.0,0.998502353445,0.0,0.001497646554999954,mccrone,432
50538,2014-12-06,False,False,PB1,470,A,0.0,0.0,0.0,1.0,mccrone,478
50538,2014-12-06,False,False,PB1,502,A,0.0,0.0,1.0,0.0,mccrone,510
50538,2014-12-06,False,False,PB1,513,A,0.0,0.0,0.0,1.0,mccrone,521
50538,2014-12-06,False,False,PB1,589,G,0.99875750673,0.0,0.0012424932700000335,0.0,mccrone,597
50538,2014-12-06,False,False,PB1,643,G,0.998243559719,0.0,0.0017564402809999713,0.0,mccrone,651
50538,2014-12-06,False,False,PB1,650,G,1.0,0.0,0.0,0.0,mccrone,658
50538,2014-12-06,False,False,PB1,655,C,0.0,0.0,0.0,1.0,mccrone,663
50538,2014-12-06,False,False,PB1,892,C,0.0,0.0,0.0,1.0,mccrone,900
50538,2014-12-06,False,False,PB1,913,C,0.0,0.000999676574999997,0.0,0.999000323425,mccrone,921
50538,2014-12-06,False,False,PB1,1003,G,0.998883272599,0.0,0.001116727400999995,0.0,mccrone,1011
50538,2014-12-06,False,False,PB1,1159,T,0.0,1.0,0.0,0.0,mccrone,1167
50538,2014-12-06,False,False,PB1,1570,T,0.0,0.99862081372,0.0,0.0013791862799999999,mccrone,1578
50538,2014-12-06,False,False,PB1,1624,C,0.0,0.0,0.0,1.0,mccrone,1632
50538,2014-12-06,False,False,PB1,1690,A,0.0,0.0,1.0,0.0,mccrone,1698
50538,2014-12-06,False,False,PB1,2074,G,0.997556427239,0.0,0.0024435727610000457,0.0,mccrone,2082
50538,2014-12-06,False,False,PB1,2173,G,0.0,0.0,0.0,1.0,mccrone,2181
50538,2014-12-06,False,False,PB2,57,G,1.0,0.0,0.0,0.0,mccrone,57
50538,2014-12-06,False,False,PB2,214,G,0.998120915033,0.0,0.0018790849669999554,0.0,mccrone,214
50538,2014-12-06,False,False,PB2,264,C,0.0,0.0,0.0,1.0,mccrone,264
50538,2014-12-06,False,False,PB2,352,G,0.998394863563,0.0,0.0016051364369999988,0.0,mccrone,352
50538,2014-12-06,False,False,PB2,501,G,0.998102963302,0.0,0.0018970366980000097,0.0,mccrone,501
50538,2014-12-06,False,False,PB2,573,A,0.0,0.0,1.0,0.0,mccrone,573
50538,2014-12-06,False,False,PB2,843,A,0.0,0.0,1.0,0.0,mccrone,843
50538,2014-12-06,False,False,PB2,856,T,0.0,0.999048892852,0.0,0.0009511071479999522,mccrone,856
50538,2014-12-06,False,False,PB2,867,A,0.9832743041706,0.0,0.0167256958294,0.0,mccrone,867
50538,2014-12-06,False,False,PB2,963,G,0.00325045311371,0.0,0.99674954688629,0.0,mccrone,963
50538,2014-12-06,False,False,PB2,1059,G,0.0,0.0,0.0014160545179999762,0.998583945482,mccrone,1059
50538,2014-12-06,False,False,PB2,1413,A,0.0017615638139999445,0.0,0.998238436186,0.0,mccrone,1413
50538,2014-12-06,False,False,PB2,1581,T,0.0,0.998668788887,0.0,0.0013312111130000526,mccrone,1581
50538,2014-12-06,False,False,PB2,1598,C,0.00707450897154,0.99292549102846,0.0,0.0,mccrone,1598
50538,2014-12-06,False,False,PB2,1602,G,1.0,0.0,0.0,0.0,mccrone,1602
50538,2014-12-06,False,False,PB2,1659,A,0.0,0.0,1.0,0.0,mccrone,1659
50538,2014-12-06,False,False,PB2,1662,C,0.0,0.0,0.0,1.0,mccrone,1662
50538,2014-12-06,False,False,PB2,1707,T,0.0,0.998656777434,0.0,0.0013432225659999464,mccrone,1707
50538,2014-12-06,False,False,PB2,1790,T,0.0,1.0,0.0,0.0,mccrone,1790
50538,2014-12-06,False,False,PB2,1869,G,1.0,0.0,0.0,0.0,mccrone,1869
50538,2014-12-06,False,False,PB2,1885,T,0.0,1.0,0.0,0.0,mccrone,1885
50538,2014-12-06,False,False,PB2,2145,T,1.0,0.0,0.0,0.0,mccrone,2150
50538,2014-12-06,False,False,PB2,2184,A,0.0,0.0,1.0,0.0,mccrone,2189
50538,2014-12-09,True,True,HA,167,G,1.0,0.0,0.0,0.0,mccrone,221
50538,2014-12-09,True,True,HA,364,G,1.0,0.0,0.0,0.0,mccrone,425
50538,2014-12-09,True,True,HA,556,A,0.0,1.0,0.0,0.0,mccrone,647
50538,2014-12-09,True,True,HA,658,C,0.0,0.0011052437680000304,0.0,0.998894756232,mccrone,749
50538,2014-12-09,True,True,HA,685,T,0.0,1.0,0.0,0.0,mccrone,776
50538,2014-12-09,True,True,HA,1052,G,0.00738767325893,0.0,0.99261232674107,0.0,mccrone,1178
50538,2014-12-09,True,True,HA,1466,C,1.0,0.0,0.0,0.0,mccrone,1592
50538,2014-12-09,True,True,MP,349,A,0.0,0.0,1.0,0.0,mccrone,349
50538,2014-12-09,True,True,MP,427,A,0.0,0.0,1.0,0.0,mccrone,427
50538,2014-12-09,True,True,MP,549,G,1.0,0.0,0.0,0.0,mccrone,549
50538,2014-12-09,True,True,MP,694,C,0.0,0.0,0.0,1.0,mccrone,694
50538,2014-12-09,True,True,NA,103,T,0.0,1.0,0.0,0.0,mccrone,105
50538,2014-12-09,True,True,NA,174,T,0.0,0.103353285093,0.0,0.896646714907,mccrone,184
50538,2014-12-09,True,True,NA,204,T,0.0,0.105418555052,0.0,0.894581444948,mccrone,214
50538,2014-12-09,True,True,NA,211,A,0.0,0.0,1.0,0.0,mccrone,226
50538,2014-12-09,True,True,NA,220,T,0.0,0.0944041703999,0.0,0.9055958296001,mccrone,235
50538,2014-12-09,True,True,NA,221,T,0.0,0.1011110223,0.0,0.8988889777,mccrone,236
50538,2014-12-09,True,True,NA,223,A,0.0,0.0,1.0,0.0,mccrone,238
50538,2014-12-09,True,True,NA,226,T,0.0,1.0,0.0,0.0,mccrone,241
50538,2014-12-09,True,True,NA,249,T,0.0,0.104666794699,0.0,0.895333205301,mccrone,264
50538,2014-12-09,True,True,NA,475,G,0.997603859729,0.0,0.0023961402709999913,0.0,mccrone,492
50538,2014-12-09,True,True,NA,491,C,0.0,0.0,0.0,1.0,mccrone,508
50538,2014-12-09,True,True,NA,710,A,0.0,0.0,1.0,0.0,mccrone,737
50538,2014-12-09,True,True,NA,753,G,0.998235230235,0.0,0.0017647697649999516,0.0,mccrone,780
50538,2014-12-09,True,True,NA,819,C,1.0,0.0,0.0,0.0,mccrone,846
50538,2014-12-09,True,True,NA,862,T,0.0,1.0,0.0,0.0,mccrone,889
50538,2014-12-09,True,True,NA,907,G,0.997620222306,0.0,0.002379777693999996,0.0,mccrone,934
50538,2014-12-09,True,True,NA,1108,A,0.0,0.0,1.0,0.0,mccrone,1135
50538,2014-12-09,True,True,NA,1126,G,0.99889231743,0.0,0.0011076825700000459,0.0,mccrone,1153
50538,2014-12-09,True,True,NA,1157,A,0.0,0.0,1.0,0.0,mccrone,1184
50538,2014-12-09,True,True,NA,1194,C,0.0,0.0,0.0,1.0,mccrone,1221
50538,2014-12-09,True,True,NP,117,G,1.0,0.0,0.0,0.0,mccrone,117
50538,2014-12-09,True,True,NP,207,G,0.997711670481,0.0,0.002288329519000043,0.0,mccrone,207
50538,2014-12-09,True,True,NP,297,C,0.0,0.0015103727070000517,0.0,0.998489627293,mccrone,297
50538,2014-12-09,True,True,NP,347,G,1.0,0.0,0.0,0.0,mccrone,347
50538,2014-12-09,True,True,NP,606,G,0.997884482928,0.0,0.0021155170719999727,0.0,mccrone,606
50538,2014-12-09,True,True,NP,885,G,0.99917136228,0.0,0.0008286377199999695,0.0,mccrone,885
50538,2014-12-09,True,True,NP,909,G,0.0,0.0,0.0,1.0,mccrone,909
50538,2014-12-09,True,True,NP,915,C,0.0,0.99003803861485,0.0,0.00996196138515,mccrone,915
50538,2014-12-09,True,True,NP,918,C,0.0,0.0,0.0,1.0,mccrone,918
50538,2014-12-09,True,True,NP,1002,C,0.0,0.0007162041179999967,0.0,0.999283795882,mccrone,1002
50538,2014-12-09,True,True,NP,1092,A,0.0,0.0,1.0,0.0,mccrone,1092
50538,2014-12-09,True,True,NP,1186,T,0.0,1.0,0.0,0.0,mccrone,1186
50538,2014-12-09,True,True,NP,1188,A,0.0,0.0,1.0,0.0,mccrone,1188
50538,2014-12-09,True,True,NP,1224,G,0.997594793435,0.0,0.0024052065649999843,0.0,mccrone,1224
50538,2014-12-09,True,True,NP,1407,C,1.0,0.0,0.0,0.0,mccrone,1407
50538,2014-12-09,True,True,NS,125,T,0.0,1.0,0.0,0.0,mccrone,125
50538,2014-12-09,True,True,NS,140,A,0.0,0.0,1.0,0.0,mccrone,140
50538,2014-12-09,True,True,NS,169,A,0.6176252579679999,0.382374742032,0.0,0.0,mccrone,169
50538,2014-12-09,True,True,NS,173,T,1.0,0.0,0.0,0.0,mccrone,173
50538,2014-12-09,True,True,NS,180,T,0.0,1.0,0.0,0.0,mccrone,180
50538,2014-12-09,True,True,NS,246,A,0.0,0.0,1.0,0.0,mccrone,246
50538,2014-12-09,True,True,NS,299,C,0.0,0.0014668622479999671,0.0,0.998533137752,mccrone,299
50538,2014-12-09,True,True,NS,570,G,1.0,0.0,0.0,0.0,mccrone,570
50538,2014-12-09,True,True,NS,744,A,0.0,0.0,1.0,0.0,mccrone,744
50538,2014-12-09,True,True,NS,813,G,1.0,0.0,0.0,0.0,mccrone,813
50538,2014-12-09,True,True,NS,843,C,0.0,0.0,0.0,1.0,mccrone,843
50538,2014-12-09,True,True,PA,153,C,0.0,0.0,1.0,0.0,mccrone,177
50538,2014-12-09,True,True,PA,282,A,0.0,1.0,0.0,0.0,mccrone,306
50538,2014-12-09,True,True,PA,501,T,0.0,1.0,0.0,0.0,mccrone,525
50538,2014-12-09,True,True,PA,836,A,0.0,0.0,1.0,0.0,mccrone,860
50538,2014-12-09,True,True,PA,858,G,1.0,0.0,0.0,0.0,mccrone,882
50538,2014-12-09,True,True,PA,1001,G,0.998564315606,0.0,0.001435684393999992,0.0,mccrone,1025
50538,2014-12-09,True,True,PA,1137,G,1.0,0.0,0.0,0.0,mccrone,1161
50538,2014-12-09,True,True,PA,1552,T,0.0,1.0,0.0,0.0,mccrone,1576
50538,2014-12-09,True,True,PA,1578,T,0.0,0.99872595631,0.0,0.0012740436899999485,mccrone,1602
50538,2014-12-09,True,True,PA,1605,A,0.001974055273999964,0.0,0.998025944726,0.0,mccrone,1629
50538,2014-12-09,True,True,PA,1608,C,0.0,0.0015272136470000364,0.0,0.998472786353,mccrone,1632
50538,2014-12-09,True,True,PA,1828,A,0.0,0.0,1.0,0.0,mccrone,1852
50538,2014-12-09,True,True,PA,2001,G,1.0,0.0,0.0,0.0,mccrone,2025
50538,2014-12-09,True,True,PA,2049,T,0.0,1.0,0.0,0.0,mccrone,2073
50538,2014-12-09,True,True,PB1,364,A,0.0,0.0,1.0,0.0,mccrone,372
50538,2014-12-09,True,True,PB1,424,T,0.0,1.0,0.0,0.0,mccrone,432
50538,2014-12-09,True,True,PB1,470,A,0.0,0.0,0.0,1.0,mccrone,478
50538,2014-12-09,True,True,PB1,502,A,0.0,0.0,1.0,0.0,mccrone,510
50538,2014-12-09,True,True,PB1,513,A,0.0,0.0,0.0,1.0,mccrone,521
50538,2014-12-09,True,True,PB1,589,G,1.0,0.0,0.0,0.0,mccrone,597
50538,2014-12-09,True,True,PB1,643,G,0.99788371575,0.0,0.002116284249999989,0.0,mccrone,651
50538,2014-12-09,True,True,PB1,650,G,0.998828353837,0.0,0.0011716461630000286,0.0,mccrone,658
50538,2014-12-09,True,True,PB1,655,C,0.0,0.0,0.0,1.0,mccrone,663
50538,2014-12-09,True,True,PB1,892,C,0.0,0.0,0.0,1.0,mccrone,900
50538,2014-12-09,True,True,PB1,913,C,0.0,0.0010845566870000267,0.0,0.998915443313,mccrone,921
50538,2014-12-09,True,True,PB1,1003,G,0.999195772059,0.0,0.0008042279409999908,0.0,mccrone,1011
50538,2014-12-09,True,True,PB1,1159,T,0.0,1.0,0.0,0.0,mccrone,1167
50538,2014-12-09,True,True,PB1,1570,T,0.0,1.0,0.0,0.0,mccrone,1578
50538,2014-12-09,True,True,PB1,1624,C,0.0,0.0,0.0,1.0,mccrone,1632
50538,2014-12-09,True,True,PB1,1690,A,0.0,0.0,1.0,0.0,mccrone,1698
50538,2014-12-09,True,True,PB1,2074,G,0.998940210192,0.0,0.0010597898080000334,0.0,mccrone,2082
50538,2014-12-09,True,True,PB1,2173,G,0.0,0.0,0.0056791292000000215,0.9943208708,mccrone,2181
50538,2014-12-09,True,True,PB2,57,G,1.0,0.0,0.0,0.0,mccrone,57
50538,2014-12-09,True,True,PB2,214,G,1.0,0.0,0.0,0.0,mccrone,214
50538,2014-12-09,True,True,PB2,264,C,0.0,0.0013650405920000441,0.0,0.998634959408,mccrone,264
50538,2014-12-09,True,True,PB2,352,G,0.998179737882,0.0,0.0018202621180000156,0.0,mccrone,352
50538,2014-12-09,True,True,PB2,501,G,0.997890374835,0.0,0.0021096251650000175,0.0,mccrone,501
50538,2014-12-09,True,True,PB2,573,A,0.0,0.0,1.0,0.0,mccrone,573
50538,2014-12-09,True,True,PB2,843,A,0.0,0.0,1.0,0.0,mccrone,843
50538,2014-12-09,True,True,PB2,856,T,0.0,1.0,0.0,0.0,mccrone,856
50538,2014-12-09,True,True,PB2,867,A,0.9809723276892,0.0,0.0190276723108,0.0,mccrone,867
50538,2014-12-09,True,True,PB2,1059,G,0.0,0.0,0.0,1.0,mccrone,1059
50538,2014-12-09,True,True,PB2,1413,A,0.0025803823040000395,0.0,0.997419617696,0.0,mccrone,1413
50538,2014-12-09,True,True,PB2,1581,T,0.0,1.0,0.0,0.0,mccrone,1581
50538,2014-12-09,True,True,PB2,1598,C,0.00668096572566,0.99331903427434,0.0,0.0,mccrone,1598
50538,2014-12-09,True,True,PB2,1602,G,1.0,0.0,0.0,0.0,mccrone,1602
50538,2014-12-09,True,True,PB2,1659,A,0.0,0.0,1.0,0.0,mccrone,1659
50538,2014-12-09,True,True,PB2,1662,C,0.0,0.0,0.0,1.0,mccrone,1662
50538,2014-12-09,True,True,PB2,1707,T,0.0,1.0,0.0,0.0,mccrone,1707
50538,2014-12-09,True,True,PB2,1790,T,0.0,1.0,0.0,0.0,mccrone,1790
50538,2014-12-09,True,True,PB2,1869,G,1.0,0.0,0.0,0.0,mccrone,1869
50538,2014-12-09,True,True,PB2,1885,T,0.0,1.0,0.0,0.0,mccrone,1885
50538,2014-12-09,True,True,PB2,2145,T,1.0,0.0,0.0,0.0,mccrone,2150
50538,2014-12-09,True,True,PB2,2184,A,0.0,0.0,1.0,0.0,mccrone,2189
50540,2014-12-06,False,True,HA,167,G,1.0,0.0,0.0,0.0,mccrone,221
50540,2014-12-06,False,True,HA,364,G,1.0,0.0,0.0,0.0,mccrone,425
50540,2014-12-06,False,True,HA,545,C,0.0,0.9319489797336,0.0,0.0680510202664,mccrone,636
50540,2014-12-06,False,True,HA,556,A,0.0021385055329999902,0.997861494467,0.0,0.0,mccrone,647
50540,2014-12-06,False,True,HA,658,C,0.0,0.001178451177999973,0.0,0.998821548822,mccrone,749
50540,2014-12-06,False,True,HA,685,T,0.0,0.998722709748,0.0,0.001277290251999963,mccrone,776
50540,2014-12-06,False,True,HA,1466,C,1.0,0.0,0.0,0.0,mccrone,1592
50540,2014-12-06,False,True,MP,349,A,0.0,0.0,1.0,0.0,mccrone,349
50540,2014-12-06,False,True,MP,427,A,0.0,0.0,1.0,0.0,mccrone,427
50540,2014-12-06,False,True,MP,549,G,0.998572544372,0.0,0.0014274556279999517,0.0,mccrone,549
50540,2014-12-06,False,True,MP,694,C,0.0,0.0022890127389999515,0.0,0.997710987261,mccrone,694
50540,2014-12-06,False,True,NA,103,T,0.0,1.0,0.0,0.0,mccrone,105
50540,2014-12-06,False,True,NA,211,A,0.0,0.0,1.0,0.0,mccrone,226
50540,2014-12-06,False,True,NA,223,A,0.0,0.0,1.0,0.0,mccrone,238
50540,2014-12-06,False,True,NA,226,T,0.0,1.0,0.0,0.0,mccrone,241
50540,2014-12-06,False,True,NA,475,G,0.997892263571,0.0,0.0021077364289999734,0.0,mccrone,492
50540,2014-12-06,False,True,NA,491,C,0.0,0.0,0.0,1.0,mccrone,508
50540,2014-12-06,False,True,NA,710,A,0.0,0.0,1.0,0.0,mccrone,737
50540,2014-12-06,False,True,NA,753,G,0.998588425086,0.0,0.0014115749140000133,0.0,mccrone,780
50540,2014-12-06,False,True,NA,819,C,1.0,0.0,0.0,0.0,mccrone,846
50540,2014-12-06,False,True,NA,862,T,0.0,1.0,0.0,0.0,mccrone,889
50540,2014-12-06,False,True,NA,907,G,0.997748707028,0.0,0.0022512929719999963,0.0,mccrone,934
50540,2014-12-06,False,True,NA,1108,A,0.0,0.0,1.0,0.0,mccrone,1135
50540,2014-12-06,False,True,NA,1126,G,0.998488157232,0.0,0.0015118427679999824,0.0,mccrone,1153
50540,2014-12-06,False,True,NA,1157,A,0.0,0.0,1.0,0.0,mccrone,1184
50540,2014-12-06,False,True,NA,1194,C,0.0,0.0,0.0,1.0,mccrone,1221
50540,2014-12-06,False,True,NP,117,G,1.0,0.0,0.0,0.0,mccrone,117
50540,2014-12-06,False,True,NP,207,G,0.996599190283,0.0,0.003400809716999964,0.0,mccrone,207
50540,2014-12-06,False,True,NP,297,C,0.0,0.0023797058679999594,0.0,0.997620294132,mccrone,297
50540,2014-12-06,False,True,NP,347,G,0.998680789974,0.0,0.001319210025999995,0.0,mccrone,347
50540,2014-12-06,False,True,NP,606,G,0.998288895699,0.0,0.001711104300999966,0.0,mccrone,606
50540,2014-12-06,False,True,NP,885,G,1.0,0.0,0.0,0.0,mccrone,885
50540,2014-12-06,False,True,NP,909,G,0.0,0.0,0.0,1.0,mccrone,909
50540,2014-12-06,False,True,NP,913,G,0.0153568194325,0.0,0.9846431805675,0.0,mccrone,913
50540,2014-12-06,False,True,NP,918,C,0.0,0.0,0.0,1.0,mccrone,918
50540,2014-12-06,False,True,NP,1002,C,0.0,0.0,0.0,1.0,mccrone,1002
50540,2014-12-06,False,True,NP,1092,A,0.0,0.0,1.0,0.0,mccrone,1092
50540,2014-12-06,False,True,NP,1186,T,0.0,1.0,0.0,0.0,mccrone,1186
50540,2014-12-06,False,True,NP,1188,A,0.0,0.0,1.0,0.0,mccrone,1188
50540,2014-12-06,False,True,NP,1224,G,0.998040345821,0.0,0.0019596541790000144,0.0,mccrone,1224
50540,2014-12-06,False,True,NP,1407,C,1.0,0.0,0.0,0.0,mccrone,1407
50540,2014-12-06,False,True,NS,125,T,0.0,1.0,0.0,0.0,mccrone,125
50540,2014-12-06,False,True,NS,140,A,0.0,0.0,1.0,0.0,mccrone,140
50540,2014-12-06,False,True,NS,173,T,1.0,0.0,0.0,0.0,mccrone,173
50540,2014-12-06,False,True,NS,180,T,0.0,1.0,0.0,0.0,mccrone,180
50540,2014-12-06,False,True,NS,246,A,0.0,0.0,1.0,0.0,mccrone,246
50540,2014-12-06,False,True,NS,299,C,0.0,0.0,0.0,1.0,mccrone,299
50540,2014-12-06,False,True,NS,424,A,0.99383172154625,0.0,0.00616827845375,0.0,mccrone,424
50540,2014-12-06,False,True,NS,570,G,1.0,0.0,0.0,0.0,mccrone,570
50540,2014-12-06,False,True,NS,744,A,0.0,0.0,1.0,0.0,mccrone,744
50540,2014-12-06,False,True,NS,813,G,1.0,0.0,0.0,0.0,mccrone,813
50540,2014-12-06,False,True,NS,843,C,0.0,0.0,0.0,1.0,mccrone,843
50540,2014-12-06,False,True,PA,153,C,0.0,0.0,1.0,0.0,mccrone,177
50540,2014-12-06,False,True,PA,282,A,0.0,1.0,0.0,0.0,mccrone,306
50540,2014-12-06,False,True,PA,501,T,0.0,1.0,0.0,0.0,mccrone,525
50540,2014-12-06,False,True,PA,836,A,0.0,0.0,1.0,0.0,mccrone,860
50540,2014-12-06,False,True,PA,858,G,1.0,0.0,0.0,0.0,mccrone,882
50540,2014-12-06,False,True,PA,1001,G,0.99876894668,0.0,0.001231053319999953,0.0,mccrone,1025
50540,2014-12-06,False,True,PA,1137,G,1.0,0.0,0.0,0.0,mccrone,1161
50540,2014-12-06,False,True,PA,1552,T,0.0,1.0,0.0,0.0,mccrone,1576
50540,2014-12-06,False,True,PA,1578,T,0.0,1.0,0.0,0.0,mccrone,1602
50540,2014-12-06,False,True,PA,1605,A,0.0,0.0,1.0,0.0,mccrone,1629
50540,2014-12-06,False,True,PA,1608,C,0.0,0.0,0.0,1.0,mccrone,1632
50540,2014-12-06,False,True,PA,1828,A,0.003220844150000013,0.0,0.99677915585,0.0,mccrone,1852
50540,2014-12-06,False,True,PA,2001,G,1.0,0.0,0.0,0.0,mccrone,2025
50540,2014-12-06,False,True,PA,2049,T,0.0,1.0,0.0,0.0,mccrone,2073
50540,2014-12-06,False,True,PB1,364,A,0.0,0.0,1.0,0.0,mccrone,372
50540,2014-12-06,False,True,PB1,424,T,0.0,1.0,0.0,0.0,mccrone,432
50540,2014-12-06,False,True,PB1,470,A,0.0,0.0,0.0,1.0,mccrone,478
50540,2014-12-06,False,True,PB1,502,A,0.0,0.0,1.0,0.0,mccrone,510
50540,2014-12-06,False,True,PB1,513,A,0.0,0.0,0.0,1.0,mccrone,521
50540,2014-12-06,False,True,PB1,589,G,1.0,0.0,0.0,0.0,mccrone,597
50540,2014-12-06,False,True,PB1,643,G,0.998096274137,0.0,0.0019037258630000276,0.0,mccrone,651
50540,2014-12-06,False,True,PB1,650,G,1.0,0.0,0.0,0.0,mccrone,658
50540,2014-12-06,False,True,PB1,655,C,0.0,0.0,0.0,1.0,mccrone,663
50540,2014-12-06,False,True,PB1,892,C,0.0,0.0,0.0,1.0,mccrone,900
50540,2014-12-06,False,True,PB1,913,C,0.0,0.0,0.0,1.0,mccrone,921
50540,2014-12-06,False,True,PB1,1003,G,0.998664341632,0.0,0.0013356583679999812,0.0,mccrone,1011
50540,2014-12-06,False,True,PB1,1159,T,0.0,1.0,0.0,0.0,mccrone,1167
50540,2014-12-06,False,True,PB1,1570,T,0.0,1.0,0.0,0.0,mccrone,1578
50540,2014-12-06,False,True,PB1,1624,C,0.0,0.0,0.0,1.0,mccrone,1632
50540,2014-12-06,False,True,PB1,1690,A,0.0,0.0,1.0,0.0,mccrone,1698
50540,2014-12-06,False,True,PB1,2074,G,1.0,0.0,0.0,0.0,mccrone,2082
50540,2014-12-06,False,True,PB1,2173,G,0.0,0.0,0.0,1.0,mccrone,2181
50540,2014-12-06,False,True,PB2,57,G,1.0,0.0,0.0,0.0,mccrone,57
50540,2014-12-06,False,True,PB2,214,G,0.997263085871,0.0,0.002736914129000012,0.0,mccrone,214
50540,2014-12-06,False,True,PB2,264,C,0.0,0.0,0.0,1.0,mccrone,264
50540,2014-12-06,False,True,PB2,352,G,0.998246383165,0.0,0.0017536168349999715,0.0,mccrone,352
50540,2014-12-06,False,True,PB2,501,G,0.997678260481,0.0,0.0023217395190000545,0.0,mccrone,501
50540,2014-12-06,False,True,PB2,573,A,0.0,0.0,1.0,0.0,mccrone,573
50540,2014-12-06,False,True,PB2,843,A,0.0,0.0,1.0,0.0,mccrone,843
50540,2014-12-06,False,True,PB2,856,T,0.0,1.0,0.0,0.0,mccrone,856
50540,2014-12-06,False,True,PB2,992,C,0.0,0.9896206366826,0.0,0.0103793633174,mccrone,992
50540,2014-12-06,False,True,PB2,1059,G,0.0,0.0,0.0,1.0,mccrone,1059
50540,2014-12-06,False,True,PB2,1413,A,0.0,0.0,1.0,0.0,mccrone,1413
50540,2014-12-06,False,True,PB2,1581,T,0.0,1.0,0.0,0.0,mccrone,1581
50540,2014-12-06,False,True,PB2,1602,G,1.0,0.0,0.0,0.0,mccrone,1602
50540,2014-12-06,False,True,PB2,1659,A,0.0,0.0,1.0,0.0,mccrone,1659
50540,2014-12-06,False,True,PB2,1662,C,0.0,0.0,0.0,1.0,mccrone,1662
50540,2014-12-06,False,True,PB2,1707,T,0.0,1.0,0.0,0.0,mccrone,1707
50540,2014-12-06,False,True,PB2,1790,T,0.0,1.0,0.0,0.0,mccrone,1790
50540,2014-12-06,False,True,PB2,1869,G,1.0,0.0,0.0,0.0,mccrone,1869
50540,2014-12-06,False,True,PB2,1885,T,0.0,1.0,0.0,0.0,mccrone,1885
50540,2014-12-06,False,True,PB2,2145,T,1.0,0.0,0.0,0.0,mccrone,2150
50540,2014-12-06,False,True,PB2,2184,A,0.0,0.0,1.0,0.0,mccrone,2189
50540,2014-12-09,True,True,HA,167,G,1.0,0.0,0.0,0.0,mccrone,221
50540,2014-12-09,True,True,HA,364,G,0.999237877489,0.0,0.0007621225110000518,0.0,mccrone,425
50540,2014-12-09,True,True,HA,545,C,0.0,0.81810773912,0.0,0.18189226088,mccrone,636
50540,2014-12-09,True,True,HA,556,A,0.0,1.0,0.0,0.0,mccrone,647
50540,2014-12-09,True,True,HA,658,C,0.0,0.001129367190000008,0.0,0.99887063281,mccrone,749
50540,2014-12-09,True,True,HA,685,T,0.0,1.0,0.0,0.0,mccrone,776
50540,2014-12-09,True,True,HA,1466,C,1.0,0.0,0.0,0.0,mccrone,1592
50540,2014-12-09,True,True,MP,349,A,0.0,0.0,1.0,0.0,mccrone,349
50540,2014-12-09,True,True,MP,427,A,0.0,0.0,1.0,0.0,mccrone,427
50540,2014-12-09,True,True,MP,549,G,0.998806195218,0.0,0.0011938047820000408,0.0,mccrone,549
50540,2014-12-09,True,True,MP,694,C,0.0,0.003590325019000029,0.0,0.996409674981,mccrone,694
50540,2014-12-09,True,True,MP,736,G,0.0155345935783,0.0,0.9844654064217,0.0,mccrone,736
50540,2014-12-09,True,True,NA,103,T,0.0,1.0,0.0,0.0,mccrone,105
50540,2014-12-09,True,True,NA,211,A,0.0,0.0,1.0,0.0,mccrone,226
50540,2014-12-09,True,True,NA,223,A,0.0,0.0,1.0,0.0,mccrone,238
50540,2014-12-09,True,True,NA,226,T,0.0,1.0,0.0,0.0,mccrone,241
50540,2014-12-09,True,True,NA,475,G,0.997624703088,0.0,0.0023752969120000023,0.0,mccrone,492
50540,2014-12-09,True,True,NA,491,C,0.0,0.0015669069260000335,0.0,0.998433093074,mccrone,508
50540,2014-12-09,True,True,NA,710,A,0.0,0.0,1.0,0.0,mccrone,737
50540,2014-12-09,True,True,NA,753,G,0.997704918033,0.0,0.002295081967000012,0.0,mccrone,780
50540,2014-12-09,True,True,NA,819,C,1.0,0.0,0.0,0.0,mccrone,846
50540,2014-12-09,True,True,NA,862,T,0.0,0.997724872024,0.0,0.0022751279760000465,mccrone,889
50540,2014-12-09,True,True,NA,907,G,0.997697084344,0.0,0.0023029156560000485,0.0,mccrone,934
50540,2014-12-09,True,True,NA,1108,A,0.0,0.0,1.0,0.0,mccrone,1135
50540,2014-12-09,True,True,NA,1126,G,0.998465753425,0.0,0.001534246575000009,0.0,mccrone,1153
50540,2014-12-09,True,True,NA,1157,A,0.0,0.0,1.0,0.0,mccrone,1184
50540,2014-12-09,True,True,NA,1194,C,0.0,0.0,0.0,1.0,mccrone,1221
50540,2014-12-09,True,True,NP,117,G,1.0,0.0,0.0,0.0,mccrone,117
50540,2014-12-09,True,True,NP,207,G,1.0,0.0,0.0,0.0,mccrone,207
50540,2014-12-09,True,True,NP,297,C,0.0,0.002142092110000049,0.0,0.99785790789,mccrone,297
50540,2014-12-09,True,True,NP,347,G,0.998352952575,0.0,0.0016470474249999922,0.0,mccrone,347
50540,2014-12-09,True,True,NP,606,G,0.998370143693,0.0,0.001629856306999966,0.0,mccrone,606
50540,2014-12-09,True,True,NP,885,G,0.999436526351,0.0,0.0005634736490000014,0.0,mccrone,885
50540,2014-12-09,True,True,NP,909,G,0.0,0.0,0.0,1.0,mccrone,909
50540,2014-12-09,True,True,NP,918,C,0.0,0.0007809847199999886,0.0,0.99921901528,mccrone,918
50540,2014-12-09,True,True,NP,1002,C,0.0,0.0,0.0,1.0,mccrone,1002
50540,2014-12-09,True,True,NP,1092,A,0.0,0.0,1.0,0.0,mccrone,1092
50540,2014-12-09,True,True,NP,1186,T,0.0,1.0,0.0,0.0,mccrone,1186
50540,2014-12-09,True,True,NP,1188,A,0.0,0.0,1.0,0.0,mccrone,1188
50540,2014-12-09,True,True,NP,1224,G,0.997222923504,0.0,0.0027770764960000083,0.0,mccrone,1224
50540,2014-12-09,True,True,NP,1407,C,1.0,0.0,0.0,0.0,mccrone,1407
50540,2014-12-09,True,True,NS,125,T,0.0,1.0,0.0,0.0,mccrone,125
50540,2014-12-09,True,True,NS,140,A,0.0,0.0,1.0,0.0,mccrone,140
50540,2014-12-09,True,True,NS,173,T,1.0,0.0,0.0,0.0,mccrone,173
50540,2014-12-09,True,True,NS,180,T,0.0,1.0,0.0,0.0,mccrone,180
50540,2014-12-09,True,True,NS,246,A,0.0,0.0,1.0,0.0,mccrone,246
50540,2014-12-09,True,True,NS,299,C,0.0,0.001517935607999954,0.0,0.998482064392,mccrone,299
50540,2014-12-09,True,True,NS,570,G,1.0,0.0,0.0,0.0,mccrone,570
50540,2014-12-09,True,True,NS,744,A,0.0,0.0,1.0,0.0,mccrone,744
50540,2014-12-09,True,True,NS,813,G,1.0,0.0,0.0,0.0,mccrone,813
50540,2014-12-09,True,True,NS,843,C,0.0,0.0,0.0,1.0,mccrone,843
50540,2014-12-09,True,True,PA,153,C,0.0,0.0,1.0,0.0,mccrone,177
50540,2014-12-09,True,True,PA,282,A,0.0,1.0,0.0,0.0,mccrone,306
50540,2014-12-09,True,True,PA,348,G,0.0300537980878,0.0,0.9699462019122,0.0,mccrone,372
50540,2014-12-09,True,True,PA,501,T,0.0,1.0,0.0,0.0,mccrone,525
50540,2014-12-09,True,True,PA,836,A,0.0,0.0,1.0,0.0,mccrone,860
50540,2014-12-09,True,True,PA,858,G,1.0,0.0,0.0,0.0,mccrone,882
50540,2014-12-09,True,True,PA,1001,G,0.999215032135,0.0,0.0007849678650000413,0.0,mccrone,1025
50540,2014-12-09,True,True,PA,1137,G,1.0,0.0,0.0,0.0,mccrone,1161
50540,2014-12-09,True,True,PA,1552,T,0.0,0.999757904421,0.0,0.00024209557900001233,mccrone,1576
50540,2014-12-09,True,True,PA,1578,T,0.0,1.0,0.0,0.0,mccrone,1602
50540,2014-12-09,True,True,PA,1605,A,0.0,0.0,1.0,0.0,mccrone,1629
50540,2014-12-09,True,True,PA,1608,C,0.0,0.0,0.0,1.0,mccrone,1632
50540,2014-12-09,True,True,PA,1828,A,0.0,0.0,1.0,0.0,mccrone,1852
50540,2014-12-09,True,True,PA,2001,G,1.0,0.0,0.0,0.0,mccrone,2025
50540,2014-12-09,True,True,PA,2049,T,0.0,1.0,0.0,0.0,mccrone,2073
50540,2014-12-09,True,True,PB1,364,A,0.0,0.0,1.0,0.0,mccrone,372
50540,2014-12-09,True,True,PB1,424,T,0.0,1.0,0.0,0.0,mccrone,432
50540,2014-12-09,True,True,PB1,470,A,0.0,0.0,0.0,1.0,mccrone,478
50540,2014-12-09,True,True,PB1,502,A,0.0,0.0,1.0,0.0,mccrone,510
50540,2014-12-09,True,True,PB1,513,A,0.0,0.0,0.0,1.0,mccrone,521
50540,2014-12-09,True,True,PB1,589,G,1.0,0.0,0.0,0.0,mccrone,597
50540,2014-12-09,True,True,PB1,643,G,0.998205291495,0.0,0.0017947085049999645,0.0,mccrone,651
50540,2014-12-09,True,True,PB1,650,G,0.998741850623,0.0,0.001258149376999973,0.0,mccrone,658
50540,2014-12-09,True,True,PB1,655,C,0.0,0.0006066856759999739,0.0,0.999393314324,mccrone,663
50540,2014-12-09,True,True,PB1,892,C,0.0,0.0,0.0,1.0,mccrone,900
50540,2014-12-09,True,True,PB1,913,C,0.0,0.0007260845890000311,0.0,0.999273915411,mccrone,921
50540,2014-12-09,True,True,PB1,1003,G,0.999134252675,0.0,0.0008657473249999992,0.0,mccrone,1011
50540,2014-12-09,True,True,PB1,1159,T,0.0,1.0,0.0,0.0,mccrone,1167
50540,2014-12-09,True,True,PB1,1570,T,0.0,1.0,0.0,0.0,mccrone,1578
50540,2014-12-09,True,True,PB1,1624,C,0.0,0.0,0.0,1.0,mccrone,1632
50540,2014-12-09,True,True,PB1,1690,A,0.0,0.0,1.0,0.0,mccrone,1698
50540,2014-12-09,True,True,PB1,2074,G,1.0,0.0,0.0,0.0,mccrone,2082
50540,2014-12-09,True,True,PB1,2173,G,0.0,0.0,0.0,1.0,mccrone,2181
50540,2014-12-09,True,True,PB2,57,G,1.0,0.0,0.0,0.0,mccrone,57
50540,2014-12-09,True,True,PB2,214,G,1.0,0.0,0.0,0.0,mccrone,214
50540,2014-12-09,True,True,PB2,264,C,0.0,0.0,0.0,1.0,mccrone,264
50540,2014-12-09,True,True,PB2,352,G,0.998164139525,0.0,0.0018358604749999508,0.0,mccrone,352
50540,2014-12-09,True,True,PB2,501,G,0.997607265213,0.0,0.0023927347869999727,0.0,mccrone,501
50540,2014-12-09,True,True,PB2,573,A,0.0,0.0,1.0,0.0,mccrone,573
50540,2014-12-09,True,True,PB2,843,A,0.0,0.0,1.0,0.0,mccrone,843
50540,2014-12-09,True,True,PB2,856,T,0.0,0.996470949264,0.0,0.0035290507359999612,mccrone,856
50540,2014-12-09,True,True,PB2,1059,G,0.0,0.0,0.0,1.0,mccrone,1059
50540,2014-12-09,True,True,PB2,1413,A,0.0015043249339999898,0.0,0.998495675066,0.0,mccrone,1413
50540,2014-12-09,True,True,PB2,1581,T,0.0,1.0,0.0,0.0,mccrone,1581
50540,2014-12-09,True,True,PB2,1602,G,1.0,0.0,0.0,0.0,mccrone,1602
50540,2014-12-09,True,True,PB2,1659,A,0.0,0.0,1.0,0.0,mccrone,1659
50540,2014-12-09,True,True,PB2,1662,C,0.0,0.0008581957700000142,0.0,0.99914180423,mccrone,1662
50540,2014-12-09,True,True,PB2,1707,T,0.0,1.0,0.0,0.0,mccrone,1707
50540,2014-12-09,True,True,PB2,1790,T,0.0,1.0,0.0,0.0,mccrone,1790
50540,2014-12-09,True,True,PB2,1869,G,0.998946197529,0.0,0.0010538024709999538,0.0,mccrone,1869
50540,2014-12-09,True,True,PB2,1885,T,0.0,1.0,0.0,0.0,mccrone,1885
50540,2014-12-09,True,True,PB2,2145,T,1.0,0.0,0.0,0.0,mccrone,2150
50540,2014-12-09,True,True,PB2,2184,A,0.0,0.0,1.0,0.0,mccrone,2189
50553,2014-11-16,False,False,HA,167,G,1.0,0.0,0.0,0.0,mccrone,221
50553,2014-11-16,False,False,HA,364,G,1.0,0.0,0.0,0.0,mccrone,425
50553,2014-11-16,False,False,HA,556,A,0.0,1.0,0.0,0.0,mccrone,647
50553,2014-11-16,False,False,HA,658,C,0.0,0.001649048626000016,0.0,0.998350951374,mccrone,749
50553,2014-11-16,False,False,HA,685,T,0.0,1.0,0.0,0.0,mccrone,776
50553,2014-11-16,False,False,HA,989,C,0.0,0.99051904129676,0.0,0.00948095870324,mccrone,1115
50553,2014-11-16,False,False,HA,995,C,0.0,0.9619572877589,0.0,0.0380427122411,mccrone,1121
50553,2014-11-16,False,False,HA,1466,C,1.0,0.0,0.0,0.0,mccrone,1592
50553,2014-11-16,False,False,MP,349,A,0.0,0.0,1.0,0.0,mccrone,349
50553,2014-11-16,False,False,MP,427,A,0.0,0.0,1.0,0.0,mccrone,427
50553,2014-11-16,False,False,MP,549,G,0.998380549318,0.0,0.0016194506819999788,0.0,mccrone,549
50553,2014-11-16,False,False,MP,694,C,0.0,0.0018164108770000187,0.0,0.998183589123,mccrone,694
50553,2014-11-16,False,False,NA,103,T,0.0,1.0,0.0,0.0,mccrone,105
50553,2014-11-16,False,False,NA,211,A,0.0,0.0,1.0,0.0,mccrone,226
50553,2014-11-16,False,False,NA,223,A,0.0,0.0,1.0,0.0,mccrone,238
50553,2014-11-16,False,False,NA,226,T,0.0,1.0,0.0,0.0,mccrone,241
50553,2014-11-16,False,False,NA,475,G,0.997846232324,0.0,0.0021537676759999513,0.0,mccrone,492
50553,2014-11-16,False,False,NA,491,C,0.0,0.0,0.0,1.0,mccrone,508
50553,2014-11-16,False,False,NA,710,A,0.0011679869999999815,0.0,0.998832013,0.0,mccrone,737
50553,2014-11-16,False,False,NA,753,G,0.998944962194,0.0,0.0010550378060000254,0.0,mccrone,780
50553,2014-11-16,False,False,NA,819,C,1.0,0.0,0.0,0.0,mccrone,846
50553,2014-11-16,False,False,NA,862,T,0.0,0.998652599466,0.0,0.001347400533999954,mccrone,889
50553,2014-11-16,False,False,NA,907,G,0.997438444247,0.0,0.002561555752999989,0.0,mccrone,934
50553,2014-11-16,False,False,NA,1108,A,0.0,0.0,1.0,0.0,mccrone,1135
50553,2014-11-16,False,False,NA,1126,G,0.997885686095,0.0,0.0021143139050000537,0.0,mccrone,1153
50553,2014-11-16,False,False,NA,1157,A,0.0,0.0,1.0,0.0,mccrone,1184
50553,2014-11-16,False,False,NA,1194,C,0.0,0.0,0.0,1.0,mccrone,1221
50553,2014-11-16,False,False,NA,1412,A,0.0,0.0,1.0,0.0,mccrone,1451
50553,2014-11-16,False,False,NP,207,G,0.996974679382,0.0,0.0030253206179999825,0.0,mccrone,207
50553,2014-11-16,False,False,NP,297,C,0.0,0.0016091609909999471,0.0,0.998390839009,mccrone,297
50553,2014-11-16,False,False,NP,347,G,0.998598523778,0.0,0.001401476222000042,0.0,mccrone,347
50553,2014-11-16,False,False,NP,555,G,0.998225765571,0.0,0.0017742344290000434,0.0,mccrone,555
50553,2014-11-16,False,False,NP,606,G,0.998245653494,0.0,0.0017543465060000374,0.0,mccrone,606
50553,2014-11-16,False,False,NP,723,T,0.0,0.0353873297077,0.0,0.9646126702923,mccrone,723
50553,2014-11-16,False,False,NP,885,G,0.999163359434,0.0,0.0008366405659999687,0.0,mccrone,885
50553,2014-11-16,False,False,NP,909,G,0.0,0.0,0.0,1.0,mccrone,909
50553,2014-11-16,False,False,NP,918,C,0.0,0.0,0.0,1.0,mccrone,918
50553,2014-11-16,False,False,NP,1002,C,0.0,0.0,0.0,1.0,mccrone,1002
50553,2014-11-16,False,False,NP,1092,A,0.0,0.0,1.0,0.0,mccrone,1092
50553,2014-11-16,False,False,NP,1186,T,0.0,1.0,0.0,0.0,mccrone,1186
50553,2014-11-16,False,False,NP,1188,A,0.0,0.0,1.0,0.0,mccrone,1188
50553,2014-11-16,False,False,NP,1224,G,0.998034216912,0.0,0.001965783087999995,0.0,mccrone,1224
50553,2014-11-16,False,False,NP,1407,C,1.0,0.0,0.0,0.0,mccrone,1407
50553,2014-11-16,False,False,NS,125,T,0.0,1.0,0.0,0.0,mccrone,125
50553,2014-11-16,False,False,NS,140,A,0.0,0.0,1.0,0.0,mccrone,140
50553,2014-11-16,False,False,NS,173,T,1.0,0.0,0.0,0.0,mccrone,173
50553,2014-11-16,False,False,NS,180,T,0.0,1.0,0.0,0.0,mccrone,180
50553,2014-11-16,False,False,NS,246,A,0.0,0.0,1.0,0.0,mccrone,246
50553,2014-11-16,False,False,NS,299,C,0.0,0.001861414675000006,0.0,0.998138585325,mccrone,299
50553,2014-11-16,False,False,NS,570,G,1.0,0.0,0.0,0.0,mccrone,570
50553,2014-11-16,False,False,NS,744,A,0.0,0.0,1.0,0.0,mccrone,744
50553,2014-11-16,False,False,NS,813,G,1.0,0.0,0.0,0.0,mccrone,813
50553,2014-11-16,False,False,NS,843,C,0.0,0.0,0.0,1.0,mccrone,843
50553,2014-11-16,False,False,PA,153,C,0.0,0.0,1.0,0.0,mccrone,177
50553,2014-11-16,False,False,PA,282,A,0.0,1.0,0.0,0.0,mccrone,306
50553,2014-11-16,False,False,PA,501,T,0.0,1.0,0.0,0.0,mccrone,525
50553,2014-11-16,False,False,PA,836,A,0.0,0.0,1.0,0.0,mccrone,860
50553,2014-11-16,False,False,PA,858,G,0.998642595358,0.0,0.0013574046419999597,0.0,mccrone,882
50553,2014-11-16,False,False,PA,1001,G,0.998864220233,0.0,0.001135779766999967,0.0,mccrone,1025
50553,2014-11-16,False,False,PA,1137,G,1.0,0.0,0.0,0.0,mccrone,1161
50553,2014-11-16,False,False,PA,1368,G,0.99848646956,0.0,0.0015135304400000216,0.0,mccrone,1392
50553,2014-11-16,False,False,PA,1552,T,0.0,1.0,0.0,0.0,mccrone,1576
50553,2014-11-16,False,False,PA,1578,T,0.0,1.0,0.0,0.0,mccrone,1602
50553,2014-11-16,False,False,PA,1605,A,0.0,0.0,1.0,0.0,mccrone,1629
50553,2014-11-16,False,False,PA,1608,C,0.0,0.0009938755780000141,0.0,0.999006124422,mccrone,1632
50553,2014-11-16,False,False,PA,2001,G,0.998134070491,0.0,0.0018659295089999972,0.0,mccrone,2025
50553,2014-11-16,False,False,PA,2049,T,0.0,1.0,0.0,0.0,mccrone,2073
50553,2014-11-16,False,False,PB1,364,A,0.0008978763270000023,0.0,0.999102123673,0.0,mccrone,372
50553,2014-11-16,False,False,PB1,424,T,0.0,1.0,0.0,0.0,mccrone,432
50553,2014-11-16,False,False,PB1,470,A,0.0,0.0,0.0,1.0,mccrone,478
50553,2014-11-16,False,False,PB1,502,A,0.0013260087140000154,0.0,0.998673991286,0.0,mccrone,510
50553,2014-11-16,False,False,PB1,513,A,0.0,0.0,0.0,1.0,mccrone,521
50553,2014-11-16,False,False,PB1,589,G,0.998859304176,0.0,0.0011406958240000042,0.0,mccrone,597
50553,2014-11-16,False,False,PB1,643,G,0.997529688384,0.0,0.002470311615999976,0.0,mccrone,651
50553,2014-11-16,False,False,PB1,650,G,1.0,0.0,0.0,0.0,mccrone,658
50553,2014-11-16,False,False,PB1,655,C,0.0,0.0,0.0,1.0,mccrone,663
50553,2014-11-16,False,False,PB1,786,C,0.0,0.99245064419138,0.0,0.00754935580862,mccrone,794
50553,2014-11-16,False,False,PB1,892,C,0.0,0.0,0.0,1.0,mccrone,900
50553,2014-11-16,False,False,PB1,913,C,0.0,0.0,0.0,1.0,mccrone,921
50553,2014-11-16,False,False,PB1,1003,G,0.999001573278,0.0,0.000998426722000012,0.0,mccrone,1011
50553,2014-11-16,False,False,PB1,1159,T,0.0,1.0,0.0,0.0,mccrone,1167
50553,2014-11-16,False,False,PB1,1570,T,0.0,1.0,0.0,0.0,mccrone,1578
50553,2014-11-16,False,False,PB1,1624,C,0.0,0.0,0.0,1.0,mccrone,1632
50553,2014-11-16,False,False,PB1,1690,A,0.0,0.0,1.0,0.0,mccrone,1698
50553,2014-11-16,False,False,PB1,1822,G,0.0374481830523,0.0,0.9625518169477,0.0,mccrone,1830
50553,2014-11-16,False,False,PB1,2044,C,0.0,0.9884489189807,0.0,0.0115510810193,mccrone,2052
50553,2014-11-16,False,False,PB1,2074,G,0.997856180326,0.0,0.0021438196740000137,0.0,mccrone,2082
50553,2014-11-16,False,False,PB2,57,G,1.0,0.0,0.0,0.0,mccrone,57
50553,2014-11-16,False,False,PB2,214,G,0.99793309347,0.0,0.002066906529999968,0.0,mccrone,214
50553,2014-11-16,False,False,PB2,264,C,0.0,0.0,0.0,1.0,mccrone,264
50553,2014-11-16,False,False,PB2,352,G,0.998095011311,0.0,0.00190498868900002,0.0,mccrone,352
50553,2014-11-16,False,False,PB2,501,G,0.998030634573,0.0,0.0019693654269999916,0.0,mccrone,501
50553,2014-11-16,False,False,PB2,573,A,0.001336316738000054,0.0,0.998663683262,0.0,mccrone,573
50553,2014-11-16,False,False,PB2,843,A,0.0,0.0,1.0,0.0,mccrone,843
50553,2014-11-16,False,False,PB2,856,T,0.0,0.999265868534,0.0,0.0007341314659999876,mccrone,856
50553,2014-11-16,False,False,PB2,1059,G,0.0,0.0,0.0,1.0,mccrone,1059
50553,2014-11-16,False,False,PB2,1413,A,0.0017415913789999848,0.0,0.998258408621,0.0,mccrone,1413
50553,2014-11-16,False,False,PB2,1581,T,0.0,0.998762682504,0.0,0.0012373174959999789,mccrone,1581
50553,2014-11-16,False,False,PB2,1602,G,1.0,0.0,0.0,0.0,mccrone,1602
50553,2014-11-16,False,False,PB2,1659,A,0.0,0.0,1.0,0.0,mccrone,1659
50553,2014-11-16,False,False,PB2,1662,C,0.0,0.0013761215390000192,0.0,0.998623878461,mccrone,1662
50553,2014-11-16,False,False,PB2,1707,T,0.0,0.998284058623,0.0,0.001715941377000041,mccrone,1707
50553,2014-11-16,False,False,PB2,1790,T,0.0,1.0,0.0,0.0,mccrone,1790
50553,2014-11-16,False,False,PB2,1854,A,0.0,0.0,0.0,1.0,mccrone,1854
50553,2014-11-16,False,False,PB2,1869,G,1.0,0.0,0.0,0.0,mccrone,1869
50553,2014-11-16,False,False,PB2,1885,T,0.0,1.0,0.0,0.0,mccrone,1885
50553,2014-11-16,False,False,PB2,2043,C,0.0,0.9852058764477,0.0,0.0147941235523,mccrone,2043
50553,2014-11-16,False,False,PB2,2145,T,1.0,0.0,0.0,0.0,mccrone,2150
50553,2014-11-16,False,False,PB2,2184,A,0.0,0.0,1.0,0.0,mccrone,2189
50553,2014-11-17,True,True,HA,167,G,1.0,0.0,0.0,0.0,mccrone,221
50553,2014-11-17,True,True,HA,364,G,1.0,0.0,0.0,0.0,mccrone,425
50553,2014-11-17,True,True,HA,556,A,0.0,1.0,0.0,0.0,mccrone,647
50553,2014-11-17,True,True,HA,658,C,0.0,0.0013605904960000137,0.0,0.998639409504,mccrone,749
50553,2014-11-17,True,True,HA,685,T,0.0,1.0,0.0,0.0,mccrone,776
50553,2014-11-17,True,True,HA,995,C,0.0,0.912204155094,0.0,0.087795844906,mccrone,1121
50553,2014-11-17,True,True,HA,1466,C,1.0,0.0,0.0,0.0,mccrone,1592
50553,2014-11-17,True,True,MP,349,A,0.0012947617640000075,0.0,0.998705238236,0.0,mccrone,349
50553,2014-11-17,True,True,MP,427,A,0.0011536183079999818,0.0,0.998846381692,0.0,mccrone,427
50553,2014-11-17,True,True,MP,549,G,1.0,0.0,0.0,0.0,mccrone,549
50553,2014-11-17,True,True,MP,694,C,0.0,0.0018257694309999906,0.0,0.998174230569,mccrone,694
50553,2014-11-17,True,True,NA,103,T,0.0,1.0,0.0,0.0,mccrone,105
50553,2014-11-17,True,True,NA,211,A,0.0,0.0,1.0,0.0,mccrone,226
50553,2014-11-17,True,True,NA,223,A,0.0,0.0,1.0,0.0,mccrone,238
50553,2014-11-17,True,True,NA,226,T,0.0,1.0,0.0,0.0,mccrone,241
50553,2014-11-17,True,True,NA,475,G,0.997947226618,0.0,0.0020527733820000504,0.0,mccrone,492
50553,2014-11-17,True,True,NA,491,C,0.0,0.000921504566000042,0.0,0.999078495434,mccrone,508
50553,2014-11-17,True,True,NA,710,A,0.0,0.0,1.0,0.0,mccrone,737
50553,2014-11-17,True,True,NA,753,G,0.99894586251,0.0,0.001054137490000051,0.0,mccrone,780
50553,2014-11-17,True,True,NA,819,C,1.0,0.0,0.0,0.0,mccrone,846
50553,2014-11-17,True,True,NA,862,T,0.0,0.99846934966,0.0,0.0015306503399999949,mccrone,889
50553,2014-11-17,True,True,NA,907,G,0.997862758568,0.0,0.0021372414320000033,0.0,mccrone,934
50553,2014-11-17,True,True,NA,1108,A,0.0,0.0,1.0,0.0,mccrone,1135
50553,2014-11-17,True,True,NA,1126,G,0.999102557711,0.0,0.0008974422890000167,0.0,mccrone,1153
50553,2014-11-17,True,True,NA,1157,A,0.0012934428069999448,0.0,0.998706557193,0.0,mccrone,1184
50553,2014-11-17,True,True,NA,1194,C,0.0,0.0016780869810000265,0.0,0.998321913019,mccrone,1221
50553,2014-11-17,True,True,NA,1412,A,0.0,0.0,1.0,0.0,mccrone,1451
50553,2014-11-17,True,True,NP,207,G,0.997014062801,0.0,0.0029859371989999772,0.0,mccrone,207
50553,2014-11-17,True,True,NP,297,C,0.0,0.0013303031979999824,0.0,0.998669696802,mccrone,297
50553,2014-11-17,True,True,NP,347,G,1.0,0.0,0.0,0.0,mccrone,347
50553,2014-11-17,True,True,NP,555,G,0.998233215548,0.0,0.0017667844519999587,0.0,mccrone,555
50553,2014-11-17,True,True,NP,606,G,0.998707358598,0.0,0.0012926414020000276,0.0,mccrone,606
50553,2014-11-17,True,True,NP,723,T,0.0,0.0536324531095,0.0,0.9463675468905,mccrone,723
50553,2014-11-17,True,True,NP,885,G,0.9993163668,0.0,0.0006836331999999778,0.0,mccrone,885
50553,2014-11-17,True,True,NP,909,G,0.0,0.0,0.0,1.0,mccrone,909
50553,2014-11-17,True,True,NP,918,C,0.0,0.0,0.0,1.0,mccrone,918
50553,2014-11-17,True,True,NP,1002,C,0.0,0.0,0.0,1.0,mccrone,1002
50553,2014-11-17,True,True,NP,1092,A,0.0,0.0,1.0,0.0,mccrone,1092
50553,2014-11-17,True,True,NP,1186,T,0.0,1.0,0.0,0.0,mccrone,1186
50553,2014-11-17,True,True,NP,1188,A,0.0,0.0,1.0,0.0,mccrone,1188
50553,2014-11-17,True,True,NP,1224,G,0.997690321996,0.0,0.0023096780039999487,0.0,mccrone,1224
50553,2014-11-17,True,True,NP,1407,C,1.0,0.0,0.0,0.0,mccrone,1407
50553,2014-11-17,True,True,NS,125,T,0.0,1.0,0.0,0.0,mccrone,125
50553,2014-11-17,True,True,NS,140,A,0.0,0.0,1.0,0.0,mccrone,140
50553,2014-11-17,True,True,NS,173,T,1.0,0.0,0.0,0.0,mccrone,173
50553,2014-11-17,True,True,NS,180,T,0.0,1.0,0.0,0.0,mccrone,180
50553,2014-11-17,True,True,NS,246,A,0.0,0.0,1.0,0.0,mccrone,246
50553,2014-11-17,True,True,NS,299,C,0.0,0.001374150699000043,0.0,0.998625849301,mccrone,299
50553,2014-11-17,True,True,NS,570,G,0.999166287707,0.0,0.0008337122929999996,0.0,mccrone,570
50553,2014-11-17,True,True,NS,744,A,0.0,0.0,1.0,0.0,mccrone,744
50553,2014-11-17,True,True,NS,813,G,1.0,0.0,0.0,0.0,mccrone,813
50553,2014-11-17,True,True,NS,843,C,0.0,0.0,0.0,1.0,mccrone,843
50553,2014-11-17,True,True,PA,153,C,0.0,0.0,1.0,0.0,mccrone,177
50553,2014-11-17,True,True,PA,282,A,0.0,1.0,0.0,0.0,mccrone,306
50553,2014-11-17,True,True,PA,501,T,0.0,1.0,0.0,0.0,mccrone,525
50553,2014-11-17,True,True,PA,836,A,0.0,0.0,1.0,0.0,mccrone,860
50553,2014-11-17,True,True,PA,858,G,0.998865503482,0.0,0.0011344965180000166,0.0,mccrone,882
50553,2014-11-17,True,True,PA,1001,G,0.998392345999,0.0,0.0016076540010000473,0.0,mccrone,1025
50553,2014-11-17,True,True,PA,1137,G,1.0,0.0,0.0,0.0,mccrone,1161
50553,2014-11-17,True,True,PA,1368,G,0.998479295017,0.0,0.001520704983000054,0.0,mccrone,1392
50553,2014-11-17,True,True,PA,1485,G,0.00841710890305,0.0,0.99158289109695,0.0,mccrone,1509
50553,2014-11-17,True,True,PA,1552,T,0.0,1.0,0.0,0.0,mccrone,1576
50553,2014-11-17,True,True,PA,1578,T,0.0,1.0,0.0,0.0,mccrone,1602
50553,2014-11-17,True,True,PA,1605,A,0.0,0.0,1.0,0.0,mccrone,1629
50553,2014-11-17,True,True,PA,1608,C,0.0,0.0,0.0,1.0,mccrone,1632
50553,2014-11-17,True,True,PA,2001,G,1.0,0.0,0.0,0.0,mccrone,2025
50553,2014-11-17,True,True,PA,2049,T,0.0,1.0,0.0,0.0,mccrone,2073
50553,2014-11-17,True,True,PB1,364,A,0.0,0.0,1.0,0.0,mccrone,372
50553,2014-11-17,True,True,PB1,424,T,0.0,1.0,0.0,0.0,mccrone,432
50553,2014-11-17,True,True,PB1,470,A,0.0,0.0,0.0,1.0,mccrone,478
50553,2014-11-17,True,True,PB1,502,A,0.0,0.0,1.0,0.0,mccrone,510
50553,2014-11-17,True,True,PB1,513,A,0.0,0.0,0.0,1.0,mccrone,521
50553,2014-11-17,True,True,PB1,589,G,0.998893752104,0.0,0.001106247896000001,0.0,mccrone,597
50553,2014-11-17,True,True,PB1,643,G,0.997924309712,0.0,0.0020756902880000316,0.0,mccrone,651
50553,2014-11-17,True,True,PB1,650,G,1.0,0.0,0.0,0.0,mccrone,658
50553,2014-11-17,True,True,PB1,655,C,0.0,0.0013054830290000208,0.0,0.998694516971,mccrone,663
50553,2014-11-17,True,True,PB1,892,C,0.0,0.0,0.0,1.0,mccrone,900
50553,2014-11-17,True,True,PB1,913,C,0.0,0.0006887052339999977,0.0,0.999311294766,mccrone,921
50553,2014-11-17,True,True,PB1,1003,G,0.998614615803,0.0,0.0013853841969999614,0.0,mccrone,1011
50553,2014-11-17,True,True,PB1,1159,T,0.0,1.0,0.0,0.0,mccrone,1167
50553,2014-11-17,True,True,PB1,1570,T,0.0,0.999013755515,0.0,0.000986244484999954,mccrone,1578
50553,2014-11-17,True,True,PB1,1624,C,0.0,0.0,0.0,1.0,mccrone,1632
50553,2014-11-17,True,True,PB1,1690,A,0.0008531566799999668,0.0,0.99914684332,0.0,mccrone,1698
50553,2014-11-17,True,True,PB1,1822,G,0.0208268208572,0.0,0.9791731791428,0.0,mccrone,1830
50553,2014-11-17,True,True,PB1,2074,G,0.997635679742,0.0,0.002364320258000041,0.0,mccrone,2082
50553,2014-11-17,True,True,PB2,57,G,1.0,0.0,0.0,0.0,mccrone,57
50553,2014-11-17,True,True,PB2,214,G,0.996579734929,0.0,0.003420265071000017,0.0,mccrone,214
50553,2014-11-17,True,True,PB2,264,C,0.0,0.0,0.0,1.0,mccrone,264
50553,2014-11-17,True,True,PB2,352,G,0.998863908156,0.0,0.0011360918439999868,0.0,mccrone,352
50553,2014-11-17,True,True,PB2,501,G,0.99790854644,0.0,0.002091453559999956,0.0,mccrone,501
50553,2014-11-17,True,True,PB2,573,A,0.0,0.0,1.0,0.0,mccrone,573
50553,2014-11-17,True,True,PB2,843,A,0.0,0.0,1.0,0.0,mccrone,843
50553,2014-11-17,True,True,PB2,856,T,0.0,1.0,0.0,0.0,mccrone,856
50553,2014-11-17,True,True,PB2,1059,G,0.0,0.0,0.0,1.0,mccrone,1059
50553,2014-11-17,True,True,PB2,1413,A,0.0,0.0,1.0,0.0,mccrone,1413
50553,2014-11-17,True,True,PB2,1581,T,0.0,1.0,0.0,0.0,mccrone,1581
50553,2014-11-17,True,True,PB2,1602,G,1.0,0.0,0.0,0.0,mccrone,1602
50553,2014-11-17,True,True,PB2,1659,A,0.0,0.0,1.0,0.0,mccrone,1659
50553,2014-11-17,True,True,PB2,1662,C,0.0,0.0,0.0,1.0,mccrone,1662
50553,2014-11-17,True,True,PB2,1707,T,0.0,0.998592144164,0.0,0.0014078558360000049,mccrone,1707
50553,2014-11-17,True,True,PB2,1790,T,0.0,1.0,0.0,0.0,mccrone,1790
50553,2014-11-17,True,True,PB2,1854,A,0.0,0.0,0.0,1.0,mccrone,1854
50553,2014-11-17,True,True,PB2,1869,G,1.0,0.0,0.0,0.0,mccrone,1869
50553,2014-11-17,True,True,PB2,1885,T,0.0,1.0,0.0,0.0,mccrone,1885
50553,2014-11-17,True,True,PB2,2145,T,1.0,0.0,0.0,0.0,mccrone,2150
50553,2014-11-17,True,True,PB2,2184,A,0.0,0.0,1.0,0.0,mccrone,2189
50618,2014-11-25,False,False,HA,167,G,1.0,0.0,0.0,0.0,mccrone,221
50618,2014-11-25,False,False,HA,364,G,0.99871232686,0.0,0.0012876731400000008,0.0,mccrone,425
50618,2014-11-25,False,False,HA,556,A,0.0011039964669999902,0.998896003533,0.0,0.0,mccrone,647
50618,2014-11-25,False,False,HA,593,A,0.0017553483269999726,0.0,0.998244651673,0.0,mccrone,684
50618,2014-11-25,False,False,HA,658,C,0.0,0.001156224791999949,0.0,0.998843775208,mccrone,749
50618,2014-11-25,False,False,HA,683,C,0.99833904561,0.0016609543900000245,0.0,0.0,mccrone,774
50618,2014-11-25,False,False,HA,685,T,0.0,1.0,0.0,0.0,mccrone,776
50618,2014-11-25,False,False,HA,917,A,0.0017048977060000192,0.0,0.998295102294,0.0,mccrone,1043
50618,2014-11-25,False,False,HA,1466,C,1.0,0.0,0.0,0.0,mccrone,1592
50618,2014-11-25,False,False,MP,292,C,0.0,0.0030407973649999587,0.0,0.996959202635,mccrone,292
50618,2014-11-25,False,False,MP,320,C,0.0,0.0024424684199999547,0.0,0.99755753158,mccrone,320
50618,2014-11-25,False,False,MP,349,A,0.0,0.0,1.0,0.0,mccrone,349
50618,2014-11-25,False,False,MP,427,A,0.0,0.0,1.0,0.0,mccrone,427
50618,2014-11-25,False,False,MP,549,G,1.0,0.0,0.0,0.0,mccrone,549
50618,2014-11-25,False,False,MP,694,C,0.0,0.00109958582299996,0.0,0.998900414177,mccrone,694
50618,2014-11-25,False,False,NA,103,T,0.0,1.0,0.0,0.0,mccrone,105
50618,2014-11-25,False,False,NA,211,A,0.0,0.0,1.0,0.0,mccrone,226
50618,2014-11-25,False,False,NA,223,A,0.0,0.0,1.0,0.0,mccrone,238
50618,2014-11-25,False,False,NA,226,T,0.0,1.0,0.0,0.0,mccrone,241
50618,2014-11-25,False,False,NA,446,G,0.998175552402,0.0,0.0018244475980000452,0.0,mccrone,463
50618,2014-11-25,False,False,NA,710,A,0.0010626628269999605,0.0,0.998937337173,0.0,mccrone,737
50618,2014-11-25,False,False,NA,733,A,0.0019782393670000342,0.0,0.998021760633,0.0,mccrone,760
50618,2014-11-25,False,False,NA,819,C,1.0,0.0,0.0,0.0,mccrone,846
50618,2014-11-25,False,False,NA,907,G,0.997983435362,0.0,0.00201656463800004,0.0,mccrone,934
50618,2014-11-25,False,False,NA,1108,A,0.0018750901490000027,0.0,0.998124909851,0.0,mccrone,1135
50618,2014-11-25,False,False,NA,1157,A,0.0011410314919999553,0.0,0.998858968508,0.0,mccrone,1184
50618,2014-11-25,False,False,NA,1194,C,0.0,0.0,0.0,1.0,mccrone,1221
50618,2014-11-25,False,False,NP,207,G,0.997132970835,0.0,0.0028670291650000346,0.0,mccrone,207
50618,2014-11-25,False,False,NP,208,C,0.996515342174,0.0034846578260000483,0.0,0.0,mccrone,208
50618,2014-11-25,False,False,NP,347,G,0.998843982037,0.0,0.0011560179630000222,0.0,mccrone,347
50618,2014-11-25,False,False,NP,492,G,0.998515711353,0.0,0.0014842886470000094,0.0,mccrone,492
50618,2014-11-25,False,False,NP,493,A,0.0015093864970000537,0.998490613503,0.0,0.0,mccrone,493
50618,2014-11-25,False,False,NP,606,G,0.998111906974,0.0,0.001888093026000015,0.0,mccrone,606
50618,2014-11-25,False,False,NP,885,G,0.99878031878,0.0,0.0012196812200000462,0.0,mccrone,885
50618,2014-11-25,False,False,NP,909,G,0.0,0.0,0.0006849315069999973,0.999315068493,mccrone,909
50618,2014-11-25,False,False,NP,918,C,0.0,0.0,0.0,1.0,mccrone,918
50618,2014-11-25,False,False,NP,1002,C,0.0,0.0,0.0,1.0,mccrone,1002
50618,2014-11-25,False,False,NP,1092,A,0.0016640532499999638,0.0,0.99833594675,0.0,mccrone,1092
50618,2014-11-25,False,False,NP,1186,T,0.0,0.998950800015,0.0,0.0010491999849999711,mccrone,1186
50618,2014-11-25,False,False,NP,1188,A,0.0,0.0,1.0,0.0,mccrone,1188
50618,2014-11-25,False,False,NP,1224,G,0.997738504062,0.0,0.0022614959379999577,0.0,mccrone,1224
50618,2014-11-25,False,False,NP,1407,C,1.0,0.0,0.0,0.0,mccrone,1407
50618,2014-11-25,False,False,NS,125,T,0.0,1.0,0.0,0.0,mccrone,125
50618,2014-11-25,False,False,NS,180,T,0.0,1.0,0.0,0.0,mccrone,180
50618,2014-11-25,False,False,NS,246,A,0.0,0.0,1.0,0.0,mccrone,246
50618,2014-11-25,False,False,NS,299,C,0.0,0.0015416238440000285,0.0,0.998458376156,mccrone,299
50618,2014-11-25,False,False,NS,570,G,1.0,0.0,0.0,0.0,mccrone,570
50618,2014-11-25,False,False,NS,744,A,0.0,0.0,1.0,0.0,mccrone,744
50618,2014-11-25,False,False,NS,813,G,1.0,0.0,0.0,0.0,mccrone,813
50618,2014-11-25,False,False,NS,843,C,0.0,0.0,0.0,1.0,mccrone,843
50618,2014-11-25,False,False,PA,153,C,0.0,0.001185677022000009,0.998814322978,0.0,mccrone,177
50618,2014-11-25,False,False,PA,282,A,0.0,1.0,0.0,0.0,mccrone,306
50618,2014-11-25,False,False,PA,501,T,0.0,1.0,0.0,0.0,mccrone,525
50618,2014-11-25,False,False,PA,552,C,1.0,0.0,0.0,0.0,mccrone,576
50618,2014-11-25,False,False,PA,836,A,0.0,0.0,1.0,0.0,mccrone,860
50618,2014-11-25,False,False,PA,858,G,0.999195112136,0.0,0.0008048878640000146,0.0,mccrone,882
50618,2014-11-25,False,False,PA,1001,G,0.998833521671,0.0,0.0011664783289999647,0.0,mccrone,1025
50618,2014-11-25,False,False,PA,1014,T,0.0,0.998884490824,0.0,0.0011155091760000069,mccrone,1038
50618,2014-11-25,False,False,PA,1137,G,0.998879591051,0.0,0.0011204089490000069,0.0,mccrone,1161
50618,2014-11-25,False,False,PA,1193,A,0.0014025737230000113,0.0,0.998597426277,0.0,mccrone,1217
50618,2014-11-25,False,False,PA,1552,T,0.0,1.0,0.0,0.0,mccrone,1576
50618,2014-11-25,False,False,PA,1578,T,0.0,1.0,0.0,0.0,mccrone,1602
50618,2014-11-25,False,False,PA,1608,C,0.0,0.0008456193239999577,0.0,0.999154380676,mccrone,1632
50618,2014-11-25,False,False,PA,1701,G,0.986615098775,0.0,0.013384901225000023,0.0,mccrone,1725
50618,2014-11-25,False,False,PA,2001,G,0.998661174047,0.0,0.0013388259529999447,0.0,mccrone,2025
50618,2014-11-25,False,False,PA,2049,T,0.0,0.998607727115,0.0,0.00139227288499999,mccrone,2073
50618,2014-11-25,False,False,PB1,364,A,0.0,0.0,1.0,0.0,mccrone,372
50618,2014-11-25,False,False,PB1,424,T,0.0,1.0,0.0,0.0,mccrone,432
50618,2014-11-25,False,False,PB1,470,A,0.0,0.0,0.0,1.0,mccrone,478
50618,2014-11-25,False,False,PB1,502,A,0.001558222783999974,0.0,0.998441777216,0.0,mccrone,510
50618,2014-11-25,False,False,PB1,513,A,0.0,0.0,0.0,1.0,mccrone,521
50618,2014-11-25,False,False,PB1,577,A,0.0019883942699999713,0.0,0.99801160573,0.0,mccrone,585
50618,2014-11-25,False,False,PB1,589,G,1.0,0.0,0.0,0.0,mccrone,597
50618,2014-11-25,False,False,PB1,643,G,0.998224852071,0.0,0.0017751479290000205,0.0,mccrone,651
50618,2014-11-25,False,False,PB1,655,C,0.0,0.0,0.0,1.0,mccrone,663
50618,2014-11-25,False,False,PB1,892,C,0.0,0.0,0.0,1.0,mccrone,900
50618,2014-11-25,False,False,PB1,913,C,0.0,0.0006661180989999682,0.0,0.999333881901,mccrone,921
50618,2014-11-25,False,False,PB1,1003,G,0.998988405572,0.0,0.0010115944280000289,0.0,mccrone,1011
50618,2014-11-25,False,False,PB1,1159,T,0.0,1.0,0.0,0.0,mccrone,1167
50618,2014-11-25,False,False,PB1,1271,T,0.0,0.998582049513,0.0,0.001417950486999997,mccrone,1279
50618,2014-11-25,False,False,PB1,1345,C,0.0,0.0012224456799999617,0.0,0.99877755432,mccrone,1353
50618,2014-11-25,False,False,PB1,1570,T,0.0,1.0,0.0,0.0,mccrone,1578
50618,2014-11-25,False,False,PB1,1624,C,0.0,0.0,0.0,1.0,mccrone,1632
50618,2014-11-25,False,False,PB1,1690,A,0.0010338383239999471,0.0,0.998966161676,0.0,mccrone,1698
50618,2014-11-25,False,False,PB1,2074,G,0.998382531338,0.0,0.0016174686619999656,0.0,mccrone,2082
50618,2014-11-25,False,False,PB2,57,G,1.0,0.0,0.0,0.0,mccrone,57
50618,2014-11-25,False,False,PB2,214,G,1.0,0.0,0.0,0.0,mccrone,214
50618,2014-11-25,False,False,PB2,264,C,0.0,0.0,0.0,1.0,mccrone,264
50618,2014-11-25,False,False,PB2,573,A,0.0,0.0,1.0,0.0,mccrone,573
50618,2014-11-25,False,False,PB2,705,T,0.0,0.998471949356,0.0,0.0015280506439999675,mccrone,705
50618,2014-11-25,False,False,PB2,843,A,0.0,0.0,1.0,0.0,mccrone,843
50618,2014-11-25,False,False,PB2,856,T,0.0,0.998904229673,0.0,0.001095770327000034,mccrone,856
50618,2014-11-25,False,False,PB2,1059,G,0.0,0.0,0.0,1.0,mccrone,1059
50618,2014-11-25,False,False,PB2,1149,A,0.0015897175710000155,0.0,0.998410282429,0.0,mccrone,1149
50618,2014-11-25,False,False,PB2,1413,A,0.0016316045269999524,0.0,0.998368395473,0.0,mccrone,1413
50618,2014-11-25,False,False,PB2,1581,T,0.0,0.999153200198,0.0,0.0008467998019999756,mccrone,1581
50618,2014-11-25,False,False,PB2,1602,G,1.0,0.0,0.0,0.0,mccrone,1602
50618,2014-11-25,False,False,PB2,1659,A,0.0,0.0,1.0,0.0,mccrone,1659
50618,2014-11-25,False,False,PB2,1662,C,0.0,0.0014740462569999835,0.0,0.998525953743,mccrone,1662
50618,2014-11-25,False,False,PB2,1707,T,0.0,0.998918178212,0.0,0.0010818217879999814,mccrone,1707
50618,2014-11-25,False,False,PB2,1790,T,0.0,1.0,0.0,0.0,mccrone,1790
50618,2014-11-25,False,False,PB2,1818,A,0.0,0.0,1.0,0.0,mccrone,1818
50618,2014-11-25,False,False,PB2,1885,T,0.0,1.0,0.0,0.0,mccrone,1885
50618,2014-11-25,False,False,PB2,2145,T,1.0,0.0,0.0,0.0,mccrone,2150
50618,2014-11-25,False,False,PB2,2184,A,0.0,0.0,1.0,0.0,mccrone,2189
50618,2014-11-25,True,True,HA,167,G,1.0,0.0,0.0,0.0,mccrone,221
50618,2014-11-25,True,True,HA,364,G,1.0,0.0,0.0,0.0,mccrone,425
50618,2014-11-25,True,True,HA,556,A,0.0,1.0,0.0,0.0,mccrone,647
50618,2014-11-25,True,True,HA,593,A,0.0018478399389999511,0.0,0.998152160061,0.0,mccrone,684
50618,2014-11-25,True,True,HA,658,C,0.0,0.0,0.0,1.0,mccrone,749
50618,2014-11-25,True,True,HA,683,C,1.0,0.0,0.0,0.0,mccrone,774
50618,2014-11-25,True,True,HA,685,T,0.0,1.0,0.0,0.0,mccrone,776
50618,2014-11-25,True,True,HA,917,A,0.0,0.0,1.0,0.0,mccrone,1043
50618,2014-11-25,True,True,HA,1466,C,1.0,0.0,0.0,0.0,mccrone,1592
50618,2014-11-25,True,True,MP,292,C,0.0,0.003920594162999946,0.0,0.996079405837,mccrone,292
50618,2014-11-25,True,True,MP,320,C,0.0,0.0,0.0,1.0,mccrone,320
50618,2014-11-25,True,True,MP,349,A,0.0,0.0,1.0,0.0,mccrone,349
50618,2014-11-25,True,True,MP,427,A,0.0,0.0,1.0,0.0,mccrone,427
50618,2014-11-25,True,True,MP,549,G,1.0,0.0,0.0,0.0,mccrone,549
50618,2014-11-25,True,True,MP,694,C,0.0,0.0,0.0,1.0,mccrone,694
50618,2014-11-25,True,True,NA,103,T,0.0,1.0,0.0,0.0,mccrone,105
50618,2014-11-25,True,True,NA,211,A,0.0,0.0,1.0,0.0,mccrone,226
50618,2014-11-25,True,True,NA,223,A,0.0,0.0,1.0,0.0,mccrone,238
50618,2014-11-25,True,True,NA,226,T,0.0,1.0,0.0,0.0,mccrone,241
50618,2014-11-25,True,True,NA,446,G,0.99794834026,0.0,0.002051659739999989,0.0,mccrone,463
50618,2014-11-25,True,True,NA,710,A,0.0018977110319999824,0.0,0.998102288968,0.0,mccrone,737
50618,2014-11-25,True,True,NA,733,A,0.0,0.0,1.0,0.0,mccrone,760
50618,2014-11-25,True,True,NA,819,C,1.0,0.0,0.0,0.0,mccrone,846
50618,2014-11-25,True,True,NA,907,G,0.997547114824,0.0,0.0024528851759999526,0.0,mccrone,934
50618,2014-11-25,True,True,NA,1108,A,0.0,0.0,1.0,0.0,mccrone,1135
50618,2014-11-25,True,True,NA,1157,A,0.0,0.0,1.0,0.0,mccrone,1184
50618,2014-11-25,True,True,NA,1194,C,0.0,0.0,0.0,1.0,mccrone,1221
50618,2014-11-25,True,True,NP,207,G,1.0,0.0,0.0,0.0,mccrone,207
50618,2014-11-25,True,True,NP,208,C,1.0,0.0,0.0,0.0,mccrone,208
50618,2014-11-25,True,True,NP,347,G,1.0,0.0,0.0,0.0,mccrone,347
50618,2014-11-25,True,True,NP,492,G,1.0,0.0,0.0,0.0,mccrone,492
50618,2014-11-25,True,True,NP,493,A,0.0022010917420000053,0.997798908258,0.0,0.0,mccrone,493
50618,2014-11-25,True,True,NP,606,G,0.998347346458,0.0,0.0016526535419999488,0.0,mccrone,606
50618,2014-11-25,True,True,NP,885,G,0.998938082013,0.0,0.0010619179869999495,0.0,mccrone,885
50618,2014-11-25,True,True,NP,909,G,0.0,0.0,0.0,1.0,mccrone,909
50618,2014-11-25,True,True,NP,918,C,0.0,0.0,0.0,1.0,mccrone,918
50618,2014-11-25,True,True,NP,1002,C,0.0,0.0,0.0,1.0,mccrone,1002
50618,2014-11-25,True,True,NP,1092,A,0.0,0.0,1.0,0.0,mccrone,1092
50618,2014-11-25,True,True,NP,1186,T,0.0,1.0,0.0,0.0,mccrone,1186
50618,2014-11-25,True,True,NP,1188,A,0.0,0.0,1.0,0.0,mccrone,1188
50618,2014-11-25,True,True,NP,1224,G,0.997133908521,0.0,0.002866091478999966,0.0,mccrone,1224
50618,2014-11-25,True,True,NP,1407,C,1.0,0.0,0.0,0.0,mccrone,1407
50618,2014-11-25,True,True,NS,125,T,0.0,1.0,0.0,0.0,mccrone,125
50618,2014-11-25,True,True,NS,180,T,0.0,1.0,0.0,0.0,mccrone,180
50618,2014-11-25,True,True,NS,246,A,0.0,0.0,1.0,0.0,mccrone,246
50618,2014-11-25,True,True,NS,299,C,0.0,0.0011526169640000417,0.0,0.998847383036,mccrone,299
50618,2014-11-25,True,True,NS,570,G,1.0,0.0,0.0,0.0,mccrone,570
50618,2014-11-25,True,True,NS,744,A,0.0,0.0,1.0,0.0,mccrone,744
50618,2014-11-25,True,True,NS,813,G,1.0,0.0,0.0,0.0,mccrone,813
50618,2014-11-25,True,True,NS,843,C,0.0,0.0,0.0,1.0,mccrone,843
50618,2014-11-25,True,True,PA,153,C,0.0,0.0,1.0,0.0,mccrone,177
50618,2014-11-25,True,True,PA,282,A,0.0,1.0,0.0,0.0,mccrone,306
50618,2014-11-25,True,True,PA,501,T,0.0,1.0,0.0,0.0,mccrone,525
50618,2014-11-25,True,True,PA,552,C,1.0,0.0,0.0,0.0,mccrone,576
50618,2014-11-25,True,True,PA,836,A,0.0,0.0,1.0,0.0,mccrone,860
50618,2014-11-25,True,True,PA,858,G,0.999071588086,0.0,0.0009284119139999492,0.0,mccrone,882
50618,2014-11-25,True,True,PA,1001,G,0.998876180011,0.0,0.001123819989000019,0.0,mccrone,1025
50618,2014-11-25,True,True,PA,1014,T,0.0,0.998533615012,0.0,0.0014663849880000024,mccrone,1038
50618,2014-11-25,True,True,PA,1137,G,1.0,0.0,0.0,0.0,mccrone,1161
50618,2014-11-25,True,True,PA,1193,A,0.0,0.0,1.0,0.0,mccrone,1217
50618,2014-11-25,True,True,PA,1552,T,0.0,1.0,0.0,0.0,mccrone,1576
50618,2014-11-25,True,True,PA,1578,T,0.0,1.0,0.0,0.0,mccrone,1602
50618,2014-11-25,True,True,PA,1608,C,0.0,0.0,0.0,1.0,mccrone,1632
50618,2014-11-25,True,True,PA,1701,G,0.966235030142,0.0,0.03376496985800004,0.0,mccrone,1725
50618,2014-11-25,True,True,PA,2001,G,1.0,0.0,0.0,0.0,mccrone,2025
50618,2014-11-25,True,True,PA,2049,T,0.0,1.0,0.0,0.0,mccrone,2073
50618,2014-11-25,True,True,PB1,364,A,0.0,0.0,1.0,0.0,mccrone,372
50618,2014-11-25,True,True,PB1,424,T,0.0,1.0,0.0,0.0,mccrone,432
50618,2014-11-25,True,True,PB1,470,A,0.0,0.0,0.0,1.0,mccrone,478
50618,2014-11-25,True,True,PB1,502,A,0.0,0.0,1.0,0.0,mccrone,510
50618,2014-11-25,True,True,PB1,513,A,0.0,0.0,0.0,1.0,mccrone,521
50618,2014-11-25,True,True,PB1,577,A,0.0017531305900000405,0.0,0.99824686941,0.0,mccrone,585
50618,2014-11-25,True,True,PB1,589,G,1.0,0.0,0.0,0.0,mccrone,597
50618,2014-11-25,True,True,PB1,643,G,1.0,0.0,0.0,0.0,mccrone,651
50618,2014-11-25,True,True,PB1,655,C,0.0,0.0,0.0,1.0,mccrone,663
50618,2014-11-25,True,True,PB1,892,C,0.0,0.0,0.0,1.0,mccrone,900
50618,2014-11-25,True,True,PB1,913,C,0.0,0.0010912337549999762,0.0,0.998908766245,mccrone,921
50618,2014-11-25,True,True,PB1,1003,G,0.998910099742,0.0,0.0010899002580000428,0.0,mccrone,1011
50618,2014-11-25,True,True,PB1,1159,T,0.0,1.0,0.0,0.0,mccrone,1167
50618,2014-11-25,True,True,PB1,1271,T,0.0,1.0,0.0,0.0,mccrone,1279
50618,2014-11-25,True,True,PB1,1345,C,0.0,0.0019044380210000433,0.0,0.998095561979,mccrone,1353
50618,2014-11-25,True,True,PB1,1570,T,0.0,1.0,0.0,0.0,mccrone,1578
50618,2014-11-25,True,True,PB1,1624,C,0.0,0.0,0.0,1.0,mccrone,1632
50618,2014-11-25,True,True,PB1,1690,A,0.0,0.0,1.0,0.0,mccrone,1698
50618,2014-11-25,True,True,PB1,2074,G,1.0,0.0,0.0,0.0,mccrone,2082
50618,2014-11-25,True,True,PB2,57,G,1.0,0.0,0.0,0.0,mccrone,57
50618,2014-11-25,True,True,PB2,214,G,1.0,0.0,0.0,0.0,mccrone,214
50618,2014-11-25,True,True,PB2,264,C,0.0,0.0,0.0,1.0,mccrone,264
50618,2014-11-25,True,True,PB2,573,A,0.0013953193379999673,0.0,0.998604680662,0.0,mccrone,573
50618,2014-11-25,True,True,PB2,705,T,0.0,0.998489813364,0.0,0.0015101866359999994,mccrone,705
50618,2014-11-25,True,True,PB2,843,A,0.0,0.0,1.0,0.0,mccrone,843
50618,2014-11-25,True,True,PB2,856,T,0.0,1.0,0.0,0.0,mccrone,856
50618,2014-11-25,True,True,PB2,1059,G,0.0,0.0,0.0,1.0,mccrone,1059
50618,2014-11-25,True,True,PB2,1149,A,0.0015247447989999996,0.0,0.998475255201,0.0,mccrone,1149
50618,2014-11-25,True,True,PB2,1413,A,0.0022185246810000336,0.0,0.997781475319,0.0,mccrone,1413
50618,2014-11-25,True,True,PB2,1581,T,0.0,0.998900222705,0.0,0.0010997772949999929,mccrone,1581
50618,2014-11-25,True,True,PB2,1602,G,0.999014454665,0.0,0.0009855453349999488,0.0,mccrone,1602
50618,2014-11-25,True,True,PB2,1659,A,0.0011747991910000533,0.0,0.998825200809,0.0,mccrone,1659
50618,2014-11-25,True,True,PB2,1662,C,0.0,0.0016480799870000062,0.0,0.998351920013,mccrone,1662
50618,2014-11-25,True,True,PB2,1707,T,0.0,1.0,0.0,0.0,mccrone,1707
50618,2014-11-25,True,True,PB2,1790,T,0.0,0.998952848253,0.0,0.0010471517469999858,mccrone,1790
50618,2014-11-25,True,True,PB2,1818,A,0.0,0.0,1.0,0.0,mccrone,1818
50618,2014-11-25,True,True,PB2,1885,T,0.0,1.0,0.0,0.0,mccrone,1885
50618,2014-11-25,True,True,PB2,2145,T,1.0,0.0,0.0,0.0,mccrone,2150
50618,2014-11-25,True,True,PB2,2184,A,0.0,0.0,1.0,0.0,mccrone,2189
50619,2014-11-25,False,False,HA,167,G,1.0,0.0,0.0,0.0,mccrone,221
50619,2014-11-25,False,False,HA,364,G,0.998502657782,0.0,0.0014973422180000195,0.0,mccrone,425
50619,2014-11-25,False,False,HA,556,A,0.0,1.0,0.0,0.0,mccrone,647
50619,2014-11-25,False,False,HA,593,A,0.002056948076999965,0.0,0.997943051923,0.0,mccrone,684
50619,2014-11-25,False,False,HA,658,C,0.0,0.0013053718890000399,0.0,0.998694628111,mccrone,749
50619,2014-11-25,False,False,HA,683,C,0.997658797625,0.0023412023750000177,0.0,0.0,mccrone,774
50619,2014-11-25,False,False,HA,685,T,0.0,0.998814965295,0.0,0.0011850347049999765,mccrone,776
50619,2014-11-25,False,False,HA,917,A,0.002038679817000011,0.0,0.997961320183,0.0,mccrone,1043
50619,2014-11-25,False,False,HA,1308,A,0.99469899670464,0.0,0.00530100329536,0.0,mccrone,1434
50619,2014-11-25,False,False,HA,1466,C,1.0,0.0,0.0,0.0,mccrone,1592
50619,2014-11-25,False,False,MP,292,C,0.0,0.003639285376999979,0.0,0.996360714623,mccrone,292
50619,2014-11-25,False,False,MP,320,C,0.0,0.002426357909000032,0.0,0.997573642091,mccrone,320
50619,2014-11-25,False,False,MP,349,A,0.0,0.0,1.0,0.0,mccrone,349
50619,2014-11-25,False,False,MP,427,A,0.0,0.0,1.0,0.0,mccrone,427
50619,2014-11-25,False,False,MP,549,G,0.998268731365,0.0,0.0017312686349999495,0.0,mccrone,549
50619,2014-11-25,False,False,MP,694,C,0.0,0.001691774751999997,0.0,0.998308225248,mccrone,694
50619,2014-11-25,False,False,NA,103,T,0.0,1.0,0.0,0.0,mccrone,105
50619,2014-11-25,False,False,NA,211,A,0.0,0.0,1.0,0.0,mccrone,226
50619,2014-11-25,False,False,NA,223,A,0.0,0.0,1.0,0.0,mccrone,238
50619,2014-11-25,False,False,NA,226,T,0.0,1.0,0.0,0.0,mccrone,241
50619,2014-11-25,False,False,NA,446,G,0.997982006222,0.0,0.002017993778000049,0.0,mccrone,463
50619,2014-11-25,False,False,NA,710,A,0.0011587078650000526,0.0,0.998841292135,0.0,mccrone,737
50619,2014-11-25,False,False,NA,733,A,0.0021274369620000178,0.0,0.997872563038,0.0,mccrone,760
50619,2014-11-25,False,False,NA,819,C,1.0,0.0,0.0,0.0,mccrone,846
50619,2014-11-25,False,False,NA,907,G,0.99793753683,0.0,0.0020624631700000284,0.0,mccrone,934
50619,2014-11-25,False,False,NA,1108,A,0.0019657258059999627,0.0,0.998034274194,0.0,mccrone,1135
50619,2014-11-25,False,False,NA,1157,A,0.0,0.0,1.0,0.0,mccrone,1184
50619,2014-11-25,False,False,NA,1194,C,0.0,0.0,0.0,1.0,mccrone,1221
50619,2014-11-25,False,False,NP,207,G,0.998570957459,0.0,0.0014290425409999585,0.0,mccrone,207
50619,2014-11-25,False,False,NP,208,C,0.996350364964,0.0036496350360000207,0.0,0.0,mccrone,208
50619,2014-11-25,False,False,NP,347,G,0.998576039491,0.0,0.0014239605089999552,0.0,mccrone,347
50619,2014-11-25,False,False,NP,492,G,0.997839607201,0.0,0.0021603927990000438,0.0,mccrone,492
50619,2014-11-25,False,False,NP,493,A,0.002418933053999983,0.997581066946,0.0,0.0,mccrone,493
50619,2014-11-25,False,False,NP,606,G,0.998099209026,0.0,0.0019007909739999773,0.0,mccrone,606
50619,2014-11-25,False,False,NP,885,G,0.998932918037,0.0,0.0010670819629999828,0.0,mccrone,885
50619,2014-11-25,False,False,NP,909,G,0.0,0.0,0.0,1.0,mccrone,909
50619,2014-11-25,False,False,NP,918,C,0.0,0.0,0.0,1.0,mccrone,918
50619,2014-11-25,False,False,NP,1002,C,0.0,0.0008908822809999828,0.0,0.999109117719,mccrone,1002
50619,2014-11-25,False,False,NP,1092,A,0.0,0.0,1.0,0.0,mccrone,1092
50619,2014-11-25,False,False,NP,1186,T,0.0,1.0,0.0,0.0,mccrone,1186
50619,2014-11-25,False,False,NP,1188,A,0.0,0.0,1.0,0.0,mccrone,1188
50619,2014-11-25,False,False,NP,1224,G,0.997479607735,0.0,0.0025203922650000044,0.0,mccrone,1224
50619,2014-11-25,False,False,NP,1407,C,1.0,0.0,0.0,0.0,mccrone,1407
50619,2014-11-25,False,False,NS,125,T,0.0,1.0,0.0,0.0,mccrone,125
50619,2014-11-25,False,False,NS,180,T,0.0,1.0,0.0,0.0,mccrone,180
50619,2014-11-25,False,False,NS,246,A,0.0,0.0,1.0,0.0,mccrone,246
50619,2014-11-25,False,False,NS,299,C,0.0,0.0008909678139999988,0.0,0.999109032186,mccrone,299
50619,2014-11-25,False,False,NS,570,G,0.999435665914,0.0,0.0005643340859999846,0.0,mccrone,570
50619,2014-11-25,False,False,NS,744,A,0.0,0.0,1.0,0.0,mccrone,744
50619,2014-11-25,False,False,NS,813,G,1.0,0.0,0.0,0.0,mccrone,813
50619,2014-11-25,False,False,NS,843,C,0.0,0.0,0.0,1.0,mccrone,843
50619,2014-11-25,False,False,PA,153,C,0.0,0.0,1.0,0.0,mccrone,177
50619,2014-11-25,False,False,PA,282,A,0.0,1.0,0.0,0.0,mccrone,306
50619,2014-11-25,False,False,PA,501,T,0.0,1.0,0.0,0.0,mccrone,525
50619,2014-11-25,False,False,PA,552,C,0.998385273696,0.001614726303999947,0.0,0.0,mccrone,576
50619,2014-11-25,False,False,PA,836,A,0.0,0.0,1.0,0.0,mccrone,860
50619,2014-11-25,False,False,PA,858,G,0.999367912251,0.0,0.0006320877490000321,0.0,mccrone,882
50619,2014-11-25,False,False,PA,1001,G,0.998875589409,0.0,0.0011244105909999913,0.0,mccrone,1025
50619,2014-11-25,False,False,PA,1014,T,0.0,0.998273753866,0.0,0.0017262461339999646,mccrone,1038
50619,2014-11-25,False,False,PA,1137,G,1.0,0.0,0.0,0.0,mccrone,1161
50619,2014-11-25,False,False,PA,1193,A,0.001782905086999964,0.0,0.998217094913,0.0,mccrone,1217
50619,2014-11-25,False,False,PA,1552,T,0.0,0.999152243024,0.0,0.0008477569760000359,mccrone,1576
50619,2014-11-25,False,False,PA,1578,T,0.0,0.999331997328,0.0,0.0006680026719999566,mccrone,1602
50619,2014-11-25,False,False,PA,1608,C,0.0,0.0008442225810000314,0.0,0.999155777419,mccrone,1632
50619,2014-11-25,False,False,PA,1701,G,0.0395296954463,0.0,0.9604703045537,0.0,mccrone,1725
50619,2014-11-25,False,False,PA,2001,G,1.0,0.0,0.0,0.0,mccrone,2025
50619,2014-11-25,False,False,PA,2049,T,0.0,1.0,0.0,0.0,mccrone,2073
50619,2014-11-25,False,False,PB1,364,A,0.0,0.0,1.0,0.0,mccrone,372
50619,2014-11-25,False,False,PB1,424,T,0.0,1.0,0.0,0.0,mccrone,432
50619,2014-11-25,False,False,PB1,470,A,0.0,0.0,0.0,1.0,mccrone,478
50619,2014-11-25,False,False,PB1,502,A,0.0,0.0,1.0,0.0,mccrone,510
50619,2014-11-25,False,False,PB1,513,A,0.0016073770150000222,0.0,0.0,0.998392622985,mccrone,521
50619,2014-11-25,False,False,PB1,577,A,0.0020035163760000474,0.0,0.997996483624,0.0,mccrone,585
50619,2014-11-25,False,False,PB1,589,G,1.0,0.0,0.0,0.0,mccrone,597
50619,2014-11-25,False,False,PB1,643,G,0.99772093206,0.0,0.0022790679399999902,0.0,mccrone,651
50619,2014-11-25,False,False,PB1,645,A,0.9937264523771,0.0,0.0062735476229,0.0,mccrone,653
50619,2014-11-25,False,False,PB1,655,C,0.0,0.0,0.0,1.0,mccrone,663
50619,2014-11-25,False,False,PB1,892,C,0.0,0.0,0.0,1.0,mccrone,900
50619,2014-11-25,False,False,PB1,913,C,0.0,0.000968132311000014,0.0,0.999031867689,mccrone,921
50619,2014-11-25,False,False,PB1,1003,G,0.999397759666,0.0,0.000602240334000026,0.0,mccrone,1011
50619,2014-11-25,False,False,PB1,1159,T,0.0,1.0,0.0,0.0,mccrone,1167
50619,2014-11-25,False,False,PB1,1271,T,0.0,0.997813354159,0.0,0.0021866458410000345,mccrone,1279
50619,2014-11-25,False,False,PB1,1345,C,0.0,0.002046302612000006,0.0,0.997953697388,mccrone,1353
50619,2014-11-25,False,False,PB1,1570,T,0.0,1.0,0.0,0.0,mccrone,1578
50619,2014-11-25,False,False,PB1,1624,C,0.0,0.0,0.0,1.0,mccrone,1632
50619,2014-11-25,False,False,PB1,1690,A,0.0009147989519999733,0.0,0.999085201048,0.0,mccrone,1698
50619,2014-11-25,False,False,PB1,2074,G,0.998188241689,0.0,0.0018117583110000002,0.0,mccrone,2082
50619,2014-11-25,False,False,PB2,57,G,1.0,0.0,0.0,0.0,mccrone,57
50619,2014-11-25,False,False,PB2,214,G,0.997984548203,0.0,0.002015451797000023,0.0,mccrone,214
50619,2014-11-25,False,False,PB2,264,C,0.0,0.0,0.0,1.0,mccrone,264
50619,2014-11-25,False,False,PB2,573,A,0.001044470333000036,0.0,0.998955529667,0.0,mccrone,573
50619,2014-11-25,False,False,PB2,705,T,0.0,0.998104773824,0.0,0.00189522617600002,mccrone,705
50619,2014-11-25,False,False,PB2,843,A,0.0013468968209999765,0.0,0.998653103179,0.0,mccrone,843
50619,2014-11-25,False,False,PB2,856,T,0.0,1.0,0.0,0.0,mccrone,856
50619,2014-11-25,False,False,PB2,1059,G,0.0,0.0,0.0009687141219999473,0.999031285878,mccrone,1059
50619,2014-11-25,False,False,PB2,1149,A,0.0021314860450000195,0.0,0.997868513955,0.0,mccrone,1149
50619,2014-11-25,False,False,PB2,1413,A,0.0017724334469999548,0.0,0.998227566553,0.0,mccrone,1413
50619,2014-11-25,False,False,PB2,1581,T,0.0,0.998912967249,0.0,0.0010870327509999722,mccrone,1581
50619,2014-11-25,False,False,PB2,1602,G,1.0,0.0,0.0,0.0,mccrone,1602
50619,2014-11-25,False,False,PB2,1659,A,0.0018691588789999658,0.0,0.998130841121,0.0,mccrone,1659
50619,2014-11-25,False,False,PB2,1662,C,0.0,0.0,0.0,1.0,mccrone,1662
50619,2014-11-25,False,False,PB2,1707,T,0.0,0.999129330673,0.0,0.0008706693269999732,mccrone,1707
50619,2014-11-25,False,False,PB2,1790,T,0.0,1.0,0.0,0.0,mccrone,1790
50619,2014-11-25,False,False,PB2,1818,A,0.0017337168529999447,0.0,0.998266283147,0.0,mccrone,1818
50619,2014-11-25,False,False,PB2,1885,T,0.0,0.998317732821,0.0,0.0016822671789999966,mccrone,1885
50619,2014-11-25,False,False,PB2,2145,T,1.0,0.0,0.0,0.0,mccrone,2150
50619,2014-11-25,False,False,PB2,2184,A,0.0,0.0,1.0,0.0,mccrone,2189
50619,2014-11-25,True,False,HA,167,G,1.0,0.0,0.0,0.0,mccrone,221
50619,2014-11-25,True,False,HA,364,G,0.998303422315,0.0,0.001696577684999978,0.0,mccrone,425
50619,2014-11-25,True,False,HA,556,A,0.0,1.0,0.0,0.0,mccrone,647
50619,2014-11-25,True,False,HA,593,A,0.00151238263300002,0.0,0.998487617367,0.0,mccrone,684
50619,2014-11-25,True,False,HA,658,C,0.0,0.00083966495300003,0.0,0.999160335047,mccrone,749
50619,2014-11-25,True,False,HA,683,C,1.0,0.0,0.0,0.0,mccrone,774
50619,2014-11-25,True,False,HA,685,T,0.0,1.0,0.0,0.0,mccrone,776
50619,2014-11-25,True,False,HA,917,A,0.001439235477999956,0.0,0.998560764522,0.0,mccrone,1043
50619,2014-11-25,True,False,HA,1466,C,1.0,0.0,0.0,0.0,mccrone,1592
50619,2014-11-25,True,False,MP,292,C,0.0,0.0023694723789999816,0.0,0.997630527621,mccrone,292
50619,2014-11-25,True,False,MP,320,C,0.0,0.0,0.0,1.0,mccrone,320
50619,2014-11-25,True,False,MP,349,A,0.0,0.0,1.0,0.0,mccrone,349
50619,2014-11-25,True,False,MP,427,A,0.0,0.0,1.0,0.0,mccrone,427
50619,2014-11-25,True,False,MP,549,G,1.0,0.0,0.0,0.0,mccrone,549
50619,2014-11-25,True,False,MP,694,C,0.0,0.001558331168999949,0.0,0.998441668831,mccrone,694
50619,2014-11-25,True,False,NA,103,T,0.0,1.0,0.0,0.0,mccrone,105
50619,2014-11-25,True,False,NA,211,A,0.0,0.0,1.0,0.0,mccrone,226
50619,2014-11-25,True,False,NA,223,A,0.0,0.0,1.0,0.0,mccrone,238
50619,2014-11-25,True,False,NA,226,T,0.0,0.998001256353,0.0,0.001998743647000034,mccrone,241
50619,2014-11-25,True,False,NA,446,G,0.998260959846,0.0,0.001739040153999949,0.0,mccrone,463
50619,2014-11-25,True,False,NA,710,A,0.0,0.0,1.0,0.0,mccrone,737
50619,2014-11-25,True,False,NA,733,A,0.0018638701130000435,0.0,0.998136129887,0.0,mccrone,760
50619,2014-11-25,True,False,NA,819,C,1.0,0.0,0.0,0.0,mccrone,846
50619,2014-11-25,True,False,NA,907,G,0.997533733311,0.0,0.002466266688999963,0.0,mccrone,934
50619,2014-11-25,True,False,NA,1108,A,0.0018941708420000536,0.0,0.998105829158,0.0,mccrone,1135
50619,2014-11-25,True,False,NA,1157,A,0.0,0.0,1.0,0.0,mccrone,1184
50619,2014-11-25,True,False,NA,1194,C,0.0,0.0,0.0,1.0,mccrone,1221
50619,2014-11-25,True,False,NP,207,G,1.0,0.0,0.0,0.0,mccrone,207
50619,2014-11-25,True,False,NP,208,C,1.0,0.0,0.0,0.0,mccrone,208
50619,2014-11-25,True,False,NP,347,G,0.998670336127,0.0,0.001329663873000042,0.0,mccrone,347
50619,2014-11-25,True,False,NP,492,G,0.99777434593,0.0,0.0022256540699999716,0.0,mccrone,492
50619,2014-11-25,True,False,NP,493,A,0.0021859647540000138,0.997814035246,0.0,0.0,mccrone,493
50619,2014-11-25,True,False,NP,606,G,0.998243265852,0.0,0.0017567341480000387,0.0,mccrone,606
50619,2014-11-25,True,False,NP,885,G,0.999188311688,0.0,0.0008116883119999585,0.0,mccrone,885
50619,2014-11-25,True,False,NP,909,G,0.0,0.0,0.0,1.0,mccrone,909
50619,2014-11-25,True,False,NP,918,C,0.0,0.0,0.0,1.0,mccrone,918
50619,2014-11-25,True,False,NP,1002,C,0.0,0.0,0.0,1.0,mccrone,1002
50619,2014-11-25,True,False,NP,1092,A,0.0,0.0,1.0,0.0,mccrone,1092
50619,2014-11-25,True,False,NP,1186,T,0.0,1.0,0.0,0.0,mccrone,1186
50619,2014-11-25,True,False,NP,1188,A,0.0,0.0,1.0,0.0,mccrone,1188
50619,2014-11-25,True,False,NP,1224,G,0.997686184982,0.0,0.0023138150179999872,0.0,mccrone,1224
50619,2014-11-25,True,False,NP,1407,C,1.0,0.0,0.0,0.0,mccrone,1407
50619,2014-11-25,True,False,NS,125,T,0.0,0.998542274052,0.0,0.0014577259479999771,mccrone,125
50619,2014-11-25,True,False,NS,180,T,0.0,1.0,0.0,0.0,mccrone,180
50619,2014-11-25,True,False,NS,246,A,0.0,0.0,1.0,0.0,mccrone,246
50619,2014-11-25,True,False,NS,299,C,0.0,0.0014370198419999536,0.0,0.998562980158,mccrone,299
50619,2014-11-25,True,False,NS,570,G,1.0,0.0,0.0,0.0,mccrone,570
50619,2014-11-25,True,False,NS,744,A,0.0,0.0,1.0,0.0,mccrone,744
50619,2014-11-25,True,False,NS,813,G,1.0,0.0,0.0,0.0,mccrone,813
50619,2014-11-25,True,False,NS,843,C,0.0,0.0,0.0,1.0,mccrone,843
50619,2014-11-25,True,False,PA,153,C,0.0,0.0,1.0,0.0,mccrone,177
50619,2014-11-25,True,False,PA,282,A,0.0,1.0,0.0,0.0,mccrone,306
50619,2014-11-25,True,False,PA,501,T,0.0,1.0,0.0,0.0,mccrone,525
50619,2014-11-25,True,False,PA,552,C,0.998381783506,0.0016182164939999577,0.0,0.0,mccrone,576
50619,2014-11-25,True,False,PA,836,A,0.0009881950750000312,0.0,0.999011804925,0.0,mccrone,860
50619,2014-11-25,True,False,PA,858,G,1.0,0.0,0.0,0.0,mccrone,882
50619,2014-11-25,True,False,PA,1001,G,0.999411355488,0.0,0.000588644512000025,0.0,mccrone,1025
50619,2014-11-25,True,False,PA,1014,T,0.0,0.998380674277,0.0,0.0016193257230000535,mccrone,1038
50619,2014-11-25,True,False,PA,1137,G,0.998840654386,0.0,0.0011593456139999958,0.0,mccrone,1161
50619,2014-11-25,True,False,PA,1193,A,0.0017375068070000221,0.0,0.998262493193,0.0,mccrone,1217
50619,2014-11-25,True,False,PA,1552,T,0.0,1.0,0.0,0.0,mccrone,1576
50619,2014-11-25,True,False,PA,1578,T,0.0,0.999079862521,0.0,0.0009201374789999939,mccrone,1602
50619,2014-11-25,True,False,PA,1608,C,0.0,0.0,0.0,1.0,mccrone,1632
50619,2014-11-25,True,False,PA,1701,G,0.0461136587657,0.0,0.9538863412343,0.0,mccrone,1725
50619,2014-11-25,True,False,PA,2001,G,1.0,0.0,0.0,0.0,mccrone,2025
50619,2014-11-25,True,False,PA,2049,T,0.0,1.0,0.0,0.0,mccrone,2073
50619,2014-11-25,True,False,PB1,364,A,0.0,0.0,1.0,0.0,mccrone,372
50619,2014-11-25,True,False,PB1,424,T,0.0,0.999016561111,0.0,0.0009834388889999879,mccrone,432
50619,2014-11-25,True,False,PB1,470,A,0.0,0.0,0.0,1.0,mccrone,478
50619,2014-11-25,True,False,PB1,502,A,0.0,0.0,1.0,0.0,mccrone,510
50619,2014-11-25,True,False,PB1,513,A,0.0008377255749999479,0.0,0.0,0.999162274425,mccrone,521
50619,2014-11-25,True,False,PB1,577,A,0.0018808988009999528,0.0,0.998119101199,0.0,mccrone,585
50619,2014-11-25,True,False,PB1,589,G,1.0,0.0,0.0,0.0,mccrone,597
50619,2014-11-25,True,False,PB1,643,G,0.998161231007,0.0,0.0018387689929999507,0.0,mccrone,651
50619,2014-11-25,True,False,PB1,645,A,0.99511475266464,0.0,0.00488524733536,0.0,mccrone,653
50619,2014-11-25,True,False,PB1,655,C,0.0,0.0,0.0,1.0,mccrone,663
50619,2014-11-25,True,False,PB1,892,C,0.0,0.0008841443449999487,0.0,0.999115855655,mccrone,900
50619,2014-11-25,True,False,PB1,913,C,0.0,0.0,0.0,1.0,mccrone,921
50619,2014-11-25,True,False,PB1,1003,G,0.999263245563,0.0,0.0007367544370000534,0.0,mccrone,1011
50619,2014-11-25,True,False,PB1,1159,T,0.0,1.0,0.0,0.0,mccrone,1167
50619,2014-11-25,True,False,PB1,1271,T,0.0,0.998190303838,0.0,0.0018096961619999963,mccrone,1279
50619,2014-11-25,True,False,PB1,1345,C,0.0,0.0011916189470000393,0.0,0.998808381053,mccrone,1353
50619,2014-11-25,True,False,PB1,1570,T,0.0,0.999178010127,0.0,0.0008219898729999731,mccrone,1578
50619,2014-11-25,True,False,PB1,1624,C,0.0,0.0,0.0,1.0,mccrone,1632
50619,2014-11-25,True,False,PB1,1690,A,0.0,0.0,1.0,0.0,mccrone,1698
50619,2014-11-25,True,False,PB1,2074,G,0.997841047092,0.0,0.0021589529079999448,0.0,mccrone,2082
50619,2014-11-25,True,False,PB2,57,G,0.998707592892,0.0,0.0012924071080000488,0.0,mccrone,57
50619,2014-11-25,True,False,PB2,214,G,1.0,0.0,0.0,0.0,mccrone,214
50619,2014-11-25,True,False,PB2,264,C,0.0,0.0,0.0,1.0,mccrone,264
50619,2014-11-25,True,False,PB2,573,A,0.0,0.0,1.0,0.0,mccrone,573
50619,2014-11-25,True,False,PB2,705,T,0.0,0.998268688392,0.0,0.0017313116079999968,mccrone,705
50619,2014-11-25,True,False,PB2,843,A,0.0,0.0,1.0,0.0,mccrone,843
50619,2014-11-25,True,False,PB2,856,T,0.0,1.0,0.0,0.0,mccrone,856
50619,2014-11-25,True,False,PB2,1059,G,0.0,0.0,0.0,1.0,mccrone,1059
50619,2014-11-25,True,False,PB2,1149,A,0.001487942534999953,0.0,0.998512057465,0.0,mccrone,1149
50619,2014-11-25,True,False,PB2,1413,A,0.002058256474000042,0.0,0.997941743526,0.0,mccrone,1413
50619,2014-11-25,True,False,PB2,1581,T,0.0,0.998680557464,0.0,0.0013194425360000261,mccrone,1581
50619,2014-11-25,True,False,PB2,1602,G,0.999286850623,0.0,0.0007131493769999553,0.0,mccrone,1602
50619,2014-11-25,True,False,PB2,1659,A,0.0010039615779999789,0.0,0.998996038422,0.0,mccrone,1659
50619,2014-11-25,True,False,PB2,1662,C,0.0,0.0,0.0,1.0,mccrone,1662
50619,2014-11-25,True,False,PB2,1707,T,0.0,1.0,0.0,0.0,mccrone,1707
50619,2014-11-25,True,False,PB2,1790,T,0.0,1.0,0.0,0.0,mccrone,1790
50619,2014-11-25,True,False,PB2,1818,A,0.0020659882819999975,0.0,0.997934011718,0.0,mccrone,1818
50619,2014-11-25,True,False,PB2,1885,T,0.0,1.0,0.0,0.0,mccrone,1885
50619,2014-11-25,True,False,PB2,2145,T,1.0,0.0,0.0,0.0,mccrone,2150
50619,2014-11-25,True,False,PB2,2184,A,0.0,0.0,1.0,0.0,mccrone,2189
50620,2014-11-22,False,False,HA,167,G,1.0,0.0,0.0,0.0,mccrone,221
50620,2014-11-22,False,False,HA,364,G,0.999016343826,0.0,0.0009836561739999805,0.0,mccrone,425
50620,2014-11-22,False,False,HA,556,A,0.0,1.0,0.0,0.0,mccrone,647
50620,2014-11-22,False,False,HA,593,A,0.0012568829300000361,0.0,0.99874311707,0.0,mccrone,684
50620,2014-11-22,False,False,HA,658,C,0.0,0.001692936369000031,0.0,0.998307063631,mccrone,749
50620,2014-11-22,False,False,HA,683,C,1.0,0.0,0.0,0.0,mccrone,774
50620,2014-11-22,False,False,HA,685,T,0.0,1.0,0.0,0.0,mccrone,776
50620,2014-11-22,False,False,HA,917,A,0.0,0.0,1.0,0.0,mccrone,1043
50620,2014-11-22,False,False,HA,1466,C,1.0,0.0,0.0,0.0,mccrone,1592
50620,2014-11-22,False,False,MP,292,C,0.0,0.0,0.0,1.0,mccrone,292
50620,2014-11-22,False,False,MP,320,C,0.0,0.0,0.0,1.0,mccrone,320
50620,2014-11-22,False,False,MP,349,A,0.0,0.0,1.0,0.0,mccrone,349
50620,2014-11-22,False,False,MP,427,A,0.0,0.0,1.0,0.0,mccrone,427
50620,2014-11-22,False,False,MP,549,G,0.998567377131,0.0,0.001432622869000033,0.0,mccrone,549
50620,2014-11-22,False,False,MP,694,C,0.0,0.001490583873000051,0.0,0.998509416127,mccrone,694
50620,2014-11-22,False,False,NA,103,T,0.0,1.0,0.0,0.0,mccrone,105
50620,2014-11-22,False,False,NA,211,A,0.0,0.0,1.0,0.0,mccrone,226
50620,2014-11-22,False,False,NA,223,A,0.0,0.0,1.0,0.0,mccrone,238
50620,2014-11-22,False,False,NA,226,T,0.0,1.0,0.0,0.0,mccrone,241
50620,2014-11-22,False,False,NA,446,G,0.998661055853,0.0,0.0013389441469999763,0.0,mccrone,463
50620,2014-11-22,False,False,NA,710,A,0.0,0.0,1.0,0.0,mccrone,737
50620,2014-11-22,False,False,NA,733,A,0.0018013381370000081,0.0,0.998198661863,0.0,mccrone,760
50620,2014-11-22,False,False,NA,819,C,1.0,0.0,0.0,0.0,mccrone,846
50620,2014-11-22,False,False,NA,907,G,0.998382712226,0.0,0.0016172877740000535,0.0,mccrone,934
50620,2014-11-22,False,False,NA,1108,A,0.00164699423600001,0.0,0.998353005764,0.0,mccrone,1135
50620,2014-11-22,False,False,NA,1157,A,0.0,0.0,1.0,0.0,mccrone,1184
50620,2014-11-22,False,False,NA,1194,C,0.0,0.0,0.0,1.0,mccrone,1221
50620,2014-11-22,False,False,NP,207,G,0.997513468711,0.0,0.0024865312890000046,0.0,mccrone,207
50620,2014-11-22,False,False,NP,208,C,0.996741344196,0.003258655803999977,0.0,0.0,mccrone,208
50620,2014-11-22,False,False,NP,347,G,0.998668503214,0.0,0.001331496785999975,0.0,mccrone,347
50620,2014-11-22,False,False,NP,492,G,0.998039971724,0.0,0.0019600282759999477,0.0,mccrone,492
50620,2014-11-22,False,False,NP,493,A,0.0015653951820000511,0.998434604818,0.0,0.0,mccrone,493
50620,2014-11-22,False,False,NP,606,G,0.998407692072,0.0,0.0015923079280000252,0.0,mccrone,606
50620,2014-11-22,False,False,NP,885,G,0.999168768631,0.0,0.0008312313689999851,0.0,mccrone,885
50620,2014-11-22,False,False,NP,909,G,0.0,0.0,0.0,1.0,mccrone,909
50620,2014-11-22,False,False,NP,918,C,0.0,0.00105553275100001,0.0,0.998944467249,mccrone,918
50620,2014-11-22,False,False,NP,1002,C,0.0,0.0,0.0,1.0,mccrone,1002
50620,2014-11-22,False,False,NP,1092,A,0.0014057340869999546,0.0,0.998594265913,0.0,mccrone,1092
50620,2014-11-22,False,False,NP,1186,T,0.0,1.0,0.0,0.0,mccrone,1186
50620,2014-11-22,False,False,NP,1188,A,0.0,0.0,1.0,0.0,mccrone,1188
50620,2014-11-22,False,False,NP,1224,G,0.998788036186,0.0,0.0012119638140000166,0.0,mccrone,1224
50620,2014-11-22,False,False,NP,1407,C,1.0,0.0,0.0,0.0,mccrone,1407
50620,2014-11-22,False,False,NS,125,T,0.0,1.0,0.0,0.0,mccrone,125
50620,2014-11-22,False,False,NS,180,T,0.0,0.996875,0.0,0.0031250000000000444,mccrone,180
50620,2014-11-22,False,False,NS,246,A,0.0022739432849999686,0.0,0.997726056715,0.0,mccrone,246
50620,2014-11-22,False,False,NS,299,C,0.0,0.0013534617389999726,0.0,0.998646538261,mccrone,299
50620,2014-11-22,False,False,NS,570,G,1.0,0.0,0.0,0.0,mccrone,570
50620,2014-11-22,False,False,NS,744,A,0.0,0.0,1.0,0.0,mccrone,744
50620,2014-11-22,False,False,NS,813,G,1.0,0.0,0.0,0.0,mccrone,813
50620,2014-11-22,False,False,NS,843,C,0.0,0.0,0.0,1.0,mccrone,843
50620,2014-11-22,False,False,PA,153,C,0.0,0.0,1.0,0.0,mccrone,177
50620,2014-11-22,False,False,PA,282,A,0.0,1.0,0.0,0.0,mccrone,306
50620,2014-11-22,False,False,PA,501,T,0.0,1.0,0.0,0.0,mccrone,525
50620,2014-11-22,False,False,PA,552,C,0.998762793836,0.0012372061640000265,0.0,0.0,mccrone,576
50620,2014-11-22,False,False,PA,836,A,0.0,0.0,1.0,0.0,mccrone,860
50620,2014-11-22,False,False,PA,858,G,1.0,0.0,0.0,0.0,mccrone,882
50620,2014-11-22,False,False,PA,1001,G,0.999001927313,0.0,0.000998072687000029,0.0,mccrone,1025
50620,2014-11-22,False,False,PA,1014,T,0.0,0.999249786871,0.0,0.0007502131290000325,mccrone,1038
50620,2014-11-22,False,False,PA,1137,G,1.0,0.0,0.0,0.0,mccrone,1161
50620,2014-11-22,False,False,PA,1193,A,0.0012933607480000164,0.0,0.998706639252,0.0,mccrone,1217
50620,2014-11-22,False,False,PA,1552,T,0.0,1.0,0.0,0.0,mccrone,1576
50620,2014-11-22,False,False,PA,1578,T,0.0,1.0,0.0,0.0,mccrone,1602
50620,2014-11-22,False,False,PA,1608,C,0.0,0.0007314779339999689,0.0,0.999268522066,mccrone,1632
50620,2014-11-22,False,False,PA,1701,G,0.230503852869,0.0,0.769496147131,0.0,mccrone,1725
50620,2014-11-22,False,False,PA,2001,G,1.0,0.0,0.0,0.0,mccrone,2025
50620,2014-11-22,False,False,PA,2049,T,0.0,1.0,0.0,0.0,mccrone,2073
50620,2014-11-22,False,False,PB1,364,A,0.0008401008120000331,0.0,0.999159899188,0.0,mccrone,372
50620,2014-11-22,False,False,PB1,424,T,0.0,1.0,0.0,0.0,mccrone,432
50620,2014-11-22,False,False,PB1,470,A,0.0006031363089999964,0.0,0.0,0.999396863691,mccrone,478
50620,2014-11-22,False,False,PB1,502,A,0.0012970729390000546,0.0,0.998702927061,0.0,mccrone,510
50620,2014-11-22,False,False,PB1,513,A,0.0,0.0,0.0,1.0,mccrone,521
50620,2014-11-22,False,False,PB1,577,A,0.0019229161439999753,0.0,0.998077083856,0.0,mccrone,585
50620,2014-11-22,False,False,PB1,589,G,0.998665372482,0.0,0.0013346275179999534,0.0,mccrone,597
50620,2014-11-22,False,False,PB1,643,G,0.998404320609,0.0,0.0015956793910000266,0.0,mccrone,651
50620,2014-11-22,False,False,PB1,655,C,0.0,0.0,0.0,1.0,mccrone,663
50620,2014-11-22,False,False,PB1,892,C,0.0,0.0,0.0,1.0,mccrone,900
50620,2014-11-22,False,False,PB1,913,C,0.0,0.0011301799920000466,0.0,0.998869820008,mccrone,921
50620,2014-11-22,False,False,PB1,1003,G,0.99899392161,0.0,0.001006078389999998,0.0,mccrone,1011
50620,2014-11-22,False,False,PB1,1159,T,0.0,1.0,0.0,0.0,mccrone,1167
50620,2014-11-22,False,False,PB1,1271,T,0.0,0.998863267295,0.0,0.001136732705000032,mccrone,1279
50620,2014-11-22,False,False,PB1,1345,C,0.0,0.005592887850000006,0.0,0.99440711215,mccrone,1353
50620,2014-11-22,False,False,PB1,1570,T,0.0,0.998870859819,0.0,0.0011291401809999657,mccrone,1578
50620,2014-11-22,False,False,PB1,1624,C,0.0,0.0010384647340000441,0.0,0.998961535266,mccrone,1632
50620,2014-11-22,False,False,PB1,1690,A,0.0018050541520000518,0.0,0.998194945848,0.0,mccrone,1698
50620,2014-11-22,False,False,PB1,2074,G,0.997231648509,0.0,0.002768351490999965,0.0,mccrone,2082
50620,2014-11-22,False,False,PB2,57,G,1.0,0.0,0.0,0.0,mccrone,57
50620,2014-11-22,False,False,PB2,214,G,0.997795591182,0.0,0.002204408817999992,0.0,mccrone,214
50620,2014-11-22,False,False,PB2,264,C,0.0,0.0,0.0,1.0,mccrone,264
50620,2014-11-22,False,False,PB2,573,A,0.0,0.0,1.0,0.0,mccrone,573
50620,2014-11-22,False,False,PB2,705,T,0.0,1.0,0.0,0.0,mccrone,705
50620,2014-11-22,False,False,PB2,843,A,0.0,0.0,1.0,0.0,mccrone,843
50620,2014-11-22,False,False,PB2,856,T,0.0,1.0,0.0,0.0,mccrone,856
50620,2014-11-22,False,False,PB2,1059,G,0.0,0.0,0.0,1.0,mccrone,1059
50620,2014-11-22,False,False,PB2,1149,A,0.0013118740599999956,0.0,0.99868812594,0.0,mccrone,1149
50620,2014-11-22,False,False,PB2,1413,A,0.0,0.0,1.0,0.0,mccrone,1413
50620,2014-11-22,False,False,PB2,1581,T,0.0,0.998777909896,0.0,0.0012220901039999843,mccrone,1581
50620,2014-11-22,False,False,PB2,1602,G,1.0,0.0,0.0,0.0,mccrone,1602
50620,2014-11-22,False,False,PB2,1659,A,0.0,0.0,1.0,0.0,mccrone,1659
50620,2014-11-22,False,False,PB2,1662,C,0.0,0.0,0.0,1.0,mccrone,1662
50620,2014-11-22,False,False,PB2,1707,T,0.0,1.0,0.0,0.0,mccrone,1707
50620,2014-11-22,False,False,PB2,1790,T,0.0,1.0,0.0,0.0,mccrone,1790
50620,2014-11-22,False,False,PB2,1818,A,0.0,0.0,1.0,0.0,mccrone,1818
50620,2014-11-22,False,False,PB2,1885,T,0.0,0.998172645295,0.0,0.0018273547049999506,mccrone,1885
50620,2014-11-22,False,False,PB2,2145,T,1.0,0.0,0.0,0.0,mccrone,2150
50620,2014-11-22,False,False,PB2,2184,A,0.0,0.0,1.0,0.0,mccrone,2189
50620,2014-11-24,True,True,HA,167,G,1.0,0.0,0.0,0.0,mccrone,221
50620,2014-11-24,True,True,HA,364,G,1.0,0.0,0.0,0.0,mccrone,425
50620,2014-11-24,True,True,HA,556,A,0.0,1.0,0.0,0.0,mccrone,647
50620,2014-11-24,True,True,HA,593,A,0.0014534312759999501,0.0,0.998546568724,0.0,mccrone,684
50620,2014-11-24,True,True,HA,658,C,0.0,0.0008465445590000176,0.0,0.999153455441,mccrone,749
50620,2014-11-24,True,True,HA,683,C,0.998642994459,0.0013570055410000448,0.0,0.0,mccrone,774
50620,2014-11-24,True,True,HA,685,T,0.0,1.0,0.0,0.0,mccrone,776
50620,2014-11-24,True,True,HA,917,A,0.001469993753000054,0.0,0.998530006247,0.0,mccrone,1043
50620,2014-11-24,True,True,HA,1466,C,1.0,0.0,0.0,0.0,mccrone,1592
50620,2014-11-24,True,True,MP,292,C,0.0,0.0034635835890000077,0.0,0.996536416411,mccrone,292
50620,2014-11-24,True,True,MP,320,C,0.0,0.0,0.0,1.0,mccrone,320
50620,2014-11-24,True,True,MP,349,A,0.0010553661309999907,0.0,0.998944633869,0.0,mccrone,349
50620,2014-11-24,True,True,MP,427,A,0.0005756077740000087,0.0,0.999424392226,0.0,mccrone,427
50620,2014-11-24,True,True,MP,549,G,0.99889294087,0.0,0.0011070591299999766,0.0,mccrone,549
50620,2014-11-24,True,True,MP,694,C,0.0,0.00147347740699999,0.0,0.998526522593,mccrone,694
50620,2014-11-24,True,True,NA,103,T,0.0,1.0,0.0,0.0,mccrone,105
50620,2014-11-24,True,True,NA,211,A,0.0,0.0,1.0,0.0,mccrone,226
50620,2014-11-24,True,True,NA,223,A,0.0,0.0,1.0,0.0,mccrone,238
50620,2014-11-24,True,True,NA,226,T,0.0,1.0,0.0,0.0,mccrone,241
50620,2014-11-24,True,True,NA,446,G,0.998211624441,0.0,0.0017883755590000217,0.0,mccrone,463
50620,2014-11-24,True,True,NA,710,A,0.000799264676,0.0,0.999200735324,0.0,mccrone,737
50620,2014-11-24,True,True,NA,733,A,0.0014714069829999676,0.0,0.998528593017,0.0,mccrone,760
50620,2014-11-24,True,True,NA,819,C,1.0,0.0,0.0,0.0,mccrone,846
50620,2014-11-24,True,True,NA,907,G,0.998228630278,0.0,0.0017713697219999824,0.0,mccrone,934
50620,2014-11-24,True,True,NA,1108,A,0.0,0.0,1.0,0.0,mccrone,1135
50620,2014-11-24,True,True,NA,1157,A,0.0009148532970000289,0.0,0.999085146703,0.0,mccrone,1184
50620,2014-11-24,True,True,NA,1194,C,0.0,0.0,0.0,1.0,mccrone,1221
50620,2014-11-24,True,True,NP,207,G,0.996985681989,0.0,0.00301431801100005,0.0,mccrone,207
50620,2014-11-24,True,True,NP,208,C,1.0,0.0,0.0,0.0,mccrone,208
50620,2014-11-24,True,True,NP,347,G,0.998681808964,0.0,0.0013181910359999494,0.0,mccrone,347
50620,2014-11-24,True,True,NP,492,G,0.99849137138,0.0,0.0015086286200000076,0.0,mccrone,492
50620,2014-11-24,True,True,NP,493,A,0.0014552333830000208,0.998544766617,0.0,0.0,mccrone,493
50620,2014-11-24,True,True,NP,606,G,0.998837964387,0.0,0.0011620356129999898,0.0,mccrone,606
50620,2014-11-24,True,True,NP,885,G,1.0,0.0,0.0,0.0,mccrone,885
50620,2014-11-24,True,True,NP,909,G,0.0,0.0,0.0,1.0,mccrone,909
50620,2014-11-24,True,True,NP,918,C,0.0,0.0,0.0,1.0,mccrone,918
50620,2014-11-24,True,True,NP,1002,C,0.0,0.0,0.0,1.0,mccrone,1002
50620,2014-11-24,True,True,NP,1092,A,0.0010565860529999638,0.0,0.998943413947,0.0,mccrone,1092
50620,2014-11-24,True,True,NP,1186,T,0.0,0.999223992331,0.0,0.0007760076689999895,mccrone,1186
50620,2014-11-24,True,True,NP,1188,A,0.0009950698809999547,0.0,0.999004930119,0.0,mccrone,1188
50620,2014-11-24,True,True,NP,1224,G,0.998357626771,0.0,0.0016423732289999604,0.0,mccrone,1224
50620,2014-11-24,True,True,NP,1407,C,1.0,0.0,0.0,0.0,mccrone,1407
50620,2014-11-24,True,True,NS,125,T,0.0,1.0,0.0,0.0,mccrone,125
50620,2014-11-24,True,True,NS,180,T,0.0,1.0,0.0,0.0,mccrone,180
50620,2014-11-24,True,True,NS,246,A,0.001551934375000008,0.0,0.998448065625,0.0,mccrone,246
50620,2014-11-24,True,True,NS,299,C,0.0,0.0017202821259999501,0.0,0.998279717874,mccrone,299
50620,2014-11-24,True,True,NS,570,G,0.999211287354,0.0,0.0007887126460000005,0.0,mccrone,570
50620,2014-11-24,True,True,NS,744,A,0.0,0.0,1.0,0.0,mccrone,744
50620,2014-11-24,True,True,NS,813,G,1.0,0.0,0.0,0.0,mccrone,813
50620,2014-11-24,True,True,NS,843,C,0.0,0.0,0.0,1.0,mccrone,843
50620,2014-11-24,True,True,PA,153,C,0.0,0.0,1.0,0.0,mccrone,177
50620,2014-11-24,True,True,PA,282,A,0.0,1.0,0.0,0.0,mccrone,306
50620,2014-11-24,True,True,PA,501,T,0.0,1.0,0.0,0.0,mccrone,525
50620,2014-11-24,True,True,PA,552,C,0.998578220109,0.001421779891000008,0.0,0.0,mccrone,576
50620,2014-11-24,True,True,PA,836,A,0.0,0.0,1.0,0.0,mccrone,860
50620,2014-11-24,True,True,PA,858,G,1.0,0.0,0.0,0.0,mccrone,882
50620,2014-11-24,True,True,PA,1001,G,0.999449136981,0.0,0.0005508630189999808,0.0,mccrone,1025
50620,2014-11-24,True,True,PA,1014,T,0.0,0.998807284738,0.0,0.0011927152620000436,mccrone,1038
50620,2014-11-24,True,True,PA,1137,G,1.0,0.0,0.0,0.0,mccrone,1161
50620,2014-11-24,True,True,PA,1193,A,0.0013722278779999542,0.0,0.998627772122,0.0,mccrone,1217
50620,2014-11-24,True,True,PA,1552,T,0.0,0.999242388371,0.0,0.0007576116290000101,mccrone,1576
50620,2014-11-24,True,True,PA,1578,T,0.0,0.998408761174,0.0,0.0015912388259999855,mccrone,1602
50620,2014-11-24,True,True,PA,1608,C,0.0,0.0,0.0,1.0,mccrone,1632
50620,2014-11-24,True,True,PA,1701,G,0.523499257414,0.0,0.47650074258599995,0.0,mccrone,1725
50620,2014-11-24,True,True,PA,2001,G,1.0,0.0,0.0,0.0,mccrone,2025
50620,2014-11-24,True,True,PA,2049,T,0.0,1.0,0.0,0.0,mccrone,2073
50620,2014-11-24,True,True,PB1,364,A,0.0007682458390000368,0.0,0.999231754161,0.0,mccrone,372
50620,2014-11-24,True,True,PB1,424,T,0.0,1.0,0.0,0.0,mccrone,432
50620,2014-11-24,True,True,PB1,470,A,0.0,0.0,0.0,1.0,mccrone,478
50620,2014-11-24,True,True,PB1,502,A,0.0008646491520000188,0.0,0.999135350848,0.0,mccrone,510
50620,2014-11-24,True,True,PB1,513,A,0.0,0.0,0.0,1.0,mccrone,521
50620,2014-11-24,True,True,PB1,577,A,0.0013860013859999798,0.0,0.998613998614,0.0,mccrone,585
50620,2014-11-24,True,True,PB1,589,G,0.998963098506,0.0,0.001036901494000042,0.0,mccrone,597
50620,2014-11-24,True,True,PB1,643,G,0.998086124402,0.0,0.0019138755980000477,0.0,mccrone,651
50620,2014-11-24,True,True,PB1,655,C,0.0,0.0031059758979999907,0.0,0.996894024102,mccrone,663
50620,2014-11-24,True,True,PB1,892,C,0.0,0.0005953168410000043,0.0,0.999404683159,mccrone,900
50620,2014-11-24,True,True,PB1,913,C,0.0,0.0,0.0,1.0,mccrone,921
50620,2014-11-24,True,True,PB1,1003,G,0.998908367046,0.0,0.0010916329540000547,0.0,mccrone,1011
50620,2014-11-24,True,True,PB1,1159,T,0.0,1.0,0.0,0.0,mccrone,1167
50620,2014-11-24,True,True,PB1,1271,T,0.0,0.998392593069,0.0,0.0016074069310000327,mccrone,1279
50620,2014-11-24,True,True,PB1,1345,C,0.0,0.0013034232009999647,0.0,0.998696576799,mccrone,1353
50620,2014-11-24,True,True,PB1,1570,T,0.0,0.99910338644,0.0,0.0008966135600000369,mccrone,1578
50620,2014-11-24,True,True,PB1,1624,C,0.0,0.0,0.0,1.0,mccrone,1632
50620,2014-11-24,True,True,PB1,1690,A,0.0010745891279999586,0.0,0.998925410872,0.0,mccrone,1698
50620,2014-11-24,True,True,PB1,2074,G,1.0,0.0,0.0,0.0,mccrone,2082
50620,2014-11-24,True,True,PB2,57,G,1.0,0.0,0.0,0.0,mccrone,57
50620,2014-11-24,True,True,PB2,214,G,0.997733711048,0.0,0.002266288951999984,0.0,mccrone,214
50620,2014-11-24,True,True,PB2,264,C,0.0,0.0,0.0,1.0,mccrone,264
50620,2014-11-24,True,True,PB2,573,A,0.0,0.0,1.0,0.0,mccrone,573
50620,2014-11-24,True,True,PB2,705,T,0.0,0.998276951353,0.0,0.001723048647000014,mccrone,705
50620,2014-11-24,True,True,PB2,843,A,0.007673805979000026,0.0,0.992326194021,0.0,mccrone,843
50620,2014-11-24,True,True,PB2,856,T,0.0,1.0,0.0,0.0,mccrone,856
50620,2014-11-24,True,True,PB2,1059,G,0.0,0.0,0.0,1.0,mccrone,1059
50620,2014-11-24,True,True,PB2,1149,A,0.0015731515469999957,0.0,0.998426848453,0.0,mccrone,1149
50620,2014-11-24,True,True,PB2,1413,A,0.0015774586600000307,0.0,0.99842254134,0.0,mccrone,1413
50620,2014-11-24,True,True,PB2,1581,T,0.0,1.0,0.0,0.0,mccrone,1581
50620,2014-11-24,True,True,PB2,1602,G,1.0,0.0,0.0,0.0,mccrone,1602
50620,2014-11-24,True,True,PB2,1659,A,0.0,0.0,1.0,0.0,mccrone,1659
50620,2014-11-24,True,True,PB2,1662,C,0.0,0.0,0.0,1.0,mccrone,1662
50620,2014-11-24,True,True,PB2,1707,T,0.0,0.999210781933,0.0,0.0007892180670000526,mccrone,1707
50620,2014-11-24,True,True,PB2,1790,T,0.0,0.998395481676,0.0,0.0016045183239999927,mccrone,1790
50620,2014-11-24,True,True,PB2,1818,A,0.0012654012649999657,0.0,0.998734598735,0.0,mccrone,1818
50620,2014-11-24,True,True,PB2,1885,T,0.0,1.0,0.0,0.0,mccrone,1885
50620,2014-11-24,True,True,PB2,2145,T,1.0,0.0,0.0,0.0,mccrone,2150
50620,2014-11-24,True,True,PB2,2184,A,0.0,0.0,1.0,0.0,mccrone,2189
50632,2014-11-13,False,False,HA,167,G,1.0,0.0,0.0,0.0,mccrone,221
50632,2014-11-13,False,False,HA,364,G,0.998466257669,0.0,0.0015337423310000098,0.0,mccrone,425
50632,2014-11-13,False,False,HA,556,A,0.0,1.0,0.0,0.0,mccrone,647
50632,2014-11-13,False,False,HA,658,C,0.0,0.0018081281670000449,0.0,0.998191871833,mccrone,749
50632,2014-11-13,False,False,HA,685,T,0.0,1.0,0.0,0.0,mccrone,776
50632,2014-11-13,False,False,HA,908,C,0.0,0.0016425418330000552,0.0,0.998357458167,mccrone,1034
50632,2014-11-13,False,False,HA,1466,C,1.0,0.0,0.0,0.0,mccrone,1592
50632,2014-11-13,False,False,MP,349,A,0.0,0.0,1.0,0.0,mccrone,349
50632,2014-11-13,False,False,MP,427,A,0.0,0.0,1.0,0.0,mccrone,427
50632,2014-11-13,False,False,MP,549,G,0.998099418513,0.0,0.0019005814870000082,0.0,mccrone,549
50632,2014-11-13,False,False,MP,694,C,0.0,0.0,0.0,1.0,mccrone,694
50632,2014-11-13,False,False,NA,103,T,0.0,1.0,0.0,0.0,mccrone,105
50632,2014-11-13,False,False,NA,211,A,0.0,0.0,1.0,0.0,mccrone,226
50632,2014-11-13,False,False,NA,223,A,0.0,0.0,1.0,0.0,mccrone,238
50632,2014-11-13,False,False,NA,226,T,0.0,1.0,0.0,0.0,mccrone,241
50632,2014-11-13,False,False,NA,475,G,0.997550840695,0.0,0.002449159305000004,0.0,mccrone,492
50632,2014-11-13,False,False,NA,491,C,0.0,0.0,0.0,1.0,mccrone,508
50632,2014-11-13,False,False,NA,710,A,0.0014168387690000062,0.0,0.998583161231,0.0,mccrone,737
50632,2014-11-13,False,False,NA,753,G,0.998296624003,0.0,0.0017033759969999895,0.0,mccrone,780
50632,2014-11-13,False,False,NA,819,C,1.0,0.0,0.0,0.0,mccrone,846
50632,2014-11-13,False,False,NA,862,T,0.0,0.998794134671,0.0,0.001205865329000022,mccrone,889
50632,2014-11-13,False,False,NA,907,G,0.997765783858,0.0,0.002234216142000034,0.0,mccrone,934
50632,2014-11-13,False,False,NA,1108,A,0.0018497343109999953,0.0,0.998150265689,0.0,mccrone,1135
50632,2014-11-13,False,False,NA,1126,G,0.998263647729,0.0,0.0017363522709999968,0.0,mccrone,1153
50632,2014-11-13,False,False,NA,1157,A,0.0,0.0,1.0,0.0,mccrone,1184
50632,2014-11-13,False,False,NA,1194,C,0.0,0.0,0.0,1.0,mccrone,1221
50632,2014-11-13,False,False,NP,207,G,0.997681806474,0.0,0.0023181935260000452,0.0,mccrone,207
50632,2014-11-13,False,False,NP,297,C,0.0,0.0019137840289999986,0.0,0.998086215971,mccrone,297
50632,2014-11-13,False,False,NP,339,G,0.998658695486,0.0,0.0013413045140000524,0.0,mccrone,339
50632,2014-11-13,False,False,NP,347,G,0.998764574164,0.0,0.0012354258360000037,0.0,mccrone,347
50632,2014-11-13,False,False,NP,606,G,0.998253115712,0.0,0.0017468842879999613,0.0,mccrone,606
50632,2014-11-13,False,False,NP,885,G,0.998804006578,0.0,0.0011959934220000523,0.0,mccrone,885
50632,2014-11-13,False,False,NP,909,G,0.0,0.0,0.0,1.0,mccrone,909
50632,2014-11-13,False,False,NP,918,C,0.0,0.0,0.0,1.0,mccrone,918
50632,2014-11-13,False,False,NP,1002,C,0.0,0.0007828528240000354,0.0,0.999217147176,mccrone,1002
50632,2014-11-13,False,False,NP,1092,A,0.0014542648540000203,0.0,0.998545735146,0.0,mccrone,1092
50632,2014-11-13,False,False,NP,1186,T,0.0,1.0,0.0,0.0,mccrone,1186
50632,2014-11-13,False,False,NP,1188,A,0.0,0.0,1.0,0.0,mccrone,1188
50632,2014-11-13,False,False,NP,1224,G,0.997245504269,0.0,0.0027544957309999507,0.0,mccrone,1224
50632,2014-11-13,False,False,NP,1407,C,1.0,0.0,0.0,0.0,mccrone,1407
50632,2014-11-13,False,False,NS,125,T,0.0,1.0,0.0,0.0,mccrone,125
50632,2014-11-13,False,False,NS,132,C,1.0,0.0,0.0,0.0,mccrone,132
50632,2014-11-13,False,False,NS,140,A,0.0,0.0,1.0,0.0,mccrone,140
50632,2014-11-13,False,False,NS,173,T,0.996122152206,0.0,0.0,0.0038778477940000222,mccrone,173
50632,2014-11-13,False,False,NS,180,T,0.0,1.0,0.0,0.0,mccrone,180
50632,2014-11-13,False,False,NS,246,A,0.001836767290000041,0.0,0.99816323271,0.0,mccrone,246
50632,2014-11-13,False,False,NS,299,C,0.0,0.0016166138159999788,0.0,0.998383386184,mccrone,299
50632,2014-11-13,False,False,NS,570,G,0.999260674019,0.0,0.0007393259810000163,0.0,mccrone,570
50632,2014-11-13,False,False,NS,744,A,0.0,0.0,1.0,0.0,mccrone,744
50632,2014-11-13,False,False,NS,813,G,1.0,0.0,0.0,0.0,mccrone,813
50632,2014-11-13,False,False,NS,843,C,0.0,0.0,0.0,1.0,mccrone,843
50632,2014-11-13,False,False,PA,153,C,0.0,0.0,1.0,0.0,mccrone,177
50632,2014-11-13,False,False,PA,282,A,0.0,1.0,0.0,0.0,mccrone,306
50632,2014-11-13,False,False,PA,501,T,0.0,1.0,0.0,0.0,mccrone,525
50632,2014-11-13,False,False,PA,836,A,0.0,0.0,1.0,0.0,mccrone,860
50632,2014-11-13,False,False,PA,858,G,0.998877604095,0.0,0.0011223959049999621,0.0,mccrone,882
50632,2014-11-13,False,False,PA,1001,G,0.998957533194,0.0,0.0010424668059999531,0.0,mccrone,1025
50632,2014-11-13,False,False,PA,1137,G,0.998784493237,0.0,0.0012155067629999738,0.0,mccrone,1161
50632,2014-11-13,False,False,PA,1552,T,0.0,1.0,0.0,0.0,mccrone,1576
50632,2014-11-13,False,False,PA,1578,T,0.0,1.0,0.0,0.0,mccrone,1602
50632,2014-11-13,False,False,PA,1605,A,0.001797547823000012,0.0,0.998202452177,0.0,mccrone,1629
50632,2014-11-13,False,False,PA,1608,C,0.0,0.0019259340780000134,0.0,0.998074065922,mccrone,1632
50632,2014-11-13,False,False,PA,2001,G,0.998798618411,0.0,0.0012013815889999613,0.0,mccrone,2025
50632,2014-11-13,False,False,PA,2049,T,0.0,1.0,0.0,0.0,mccrone,2073
50632,2014-11-13,False,False,PB1,121,G,1.0,0.0,0.0,0.0,mccrone,129
50632,2014-11-13,False,False,PB1,364,A,0.0,0.0,1.0,0.0,mccrone,372
50632,2014-11-13,False,False,PB1,424,T,0.0,0.99888282422,0.0,0.0011171757800000348,mccrone,432
50632,2014-11-13,False,False,PB1,470,A,0.0,0.0,0.0,1.0,mccrone,478
50632,2014-11-13,False,False,PB1,502,A,0.0012396217710000101,0.0,0.998760378229,0.0,mccrone,510
50632,2014-11-13,False,False,PB1,513,A,0.0,0.0,0.0,1.0,mccrone,521
50632,2014-11-13,False,False,PB1,589,G,0.998835824128,0.0,0.0011641758720000173,0.0,mccrone,597
50632,2014-11-13,False,False,PB1,643,G,0.997560248313,0.0,0.002439751686999947,0.0,mccrone,651
50632,2014-11-13,False,False,PB1,650,G,0.998500348133,0.0,0.0014996518669999626,0.0,mccrone,658
50632,2014-11-13,False,False,PB1,655,C,0.0,0.0,0.0,1.0,mccrone,663
50632,2014-11-13,False,False,PB1,892,C,0.0,0.0,0.0,1.0,mccrone,900
50632,2014-11-13,False,False,PB1,913,C,0.0,0.0019674935839999463,0.0,0.998032506416,mccrone,921
50632,2014-11-13,False,False,PB1,1003,G,0.998555240793,0.0,0.001444759207000046,0.0,mccrone,1011
50632,2014-11-13,False,False,PB1,1159,T,0.0,1.0,0.0,0.0,mccrone,1167
50632,2014-11-13,False,False,PB1,1570,T,0.0,0.998949395903,0.0,0.0010506040969999741,mccrone,1578
50632,2014-11-13,False,False,PB1,1624,C,0.0,0.000985650093999979,0.0,0.999014349906,mccrone,1632
50632,2014-11-13,False,False,PB1,1690,A,0.0013294413459999932,0.0,0.998670558654,0.0,mccrone,1698
50632,2014-11-13,False,False,PB1,2074,G,0.996272630458,0.0,0.0037273695420000363,0.0,mccrone,2082
50632,2014-11-13,False,False,PB2,57,G,1.0,0.0,0.0,0.0,mccrone,57
50632,2014-11-13,False,False,PB2,214,G,0.997857966716,0.0,0.002142033283999978,0.0,mccrone,214
50632,2014-11-13,False,False,PB2,264,C,0.0,0.0,0.0,1.0,mccrone,264
50632,2014-11-13,False,False,PB2,352,G,0.997264723481,0.0,0.002735276518999963,0.0,mccrone,352
50632,2014-11-13,False,False,PB2,501,G,0.998272016086,0.0,0.0017279839139999753,0.0,mccrone,501
50632,2014-11-13,False,False,PB2,573,A,0.001399819579000039,0.0,0.998600180421,0.0,mccrone,573
50632,2014-11-13,False,False,PB2,843,A,0.0010761292459999794,0.0,0.998923870754,0.0,mccrone,843
50632,2014-11-13,False,False,PB2,856,T,0.0,1.0,0.0,0.0,mccrone,856
50632,2014-11-13,False,False,PB2,1059,G,0.0,0.0,0.0,1.0,mccrone,1059
50632,2014-11-13,False,False,PB2,1413,A,0.0019535011689999493,0.0,0.998046498831,0.0,mccrone,1413
50632,2014-11-13,False,False,PB2,1581,T,0.0,1.0,0.0,0.0,mccrone,1581
50632,2014-11-13,False,False,PB2,1602,G,1.0,0.0,0.0,0.0,mccrone,1602
50632,2014-11-13,False,False,PB2,1659,A,0.0,0.0,1.0,0.0,mccrone,1659
50632,2014-11-13,False,False,PB2,1662,C,0.0,0.0023873552490000227,0.0,0.997612644751,mccrone,1662
50632,2014-11-13,False,False,PB2,1707,T,0.0,0.998924883293,0.0,0.0010751167070000012,mccrone,1707
50632,2014-11-13,False,False,PB2,1790,T,0.0,0.999078121747,0.0,0.0009218782530000524,mccrone,1790
50632,2014-11-13,False,False,PB2,1869,G,1.0,0.0,0.0,0.0,mccrone,1869
50632,2014-11-13,False,False,PB2,1885,T,0.0,1.0,0.0,0.0,mccrone,1885
50632,2014-11-13,False,False,PB2,2145,T,1.0,0.0,0.0,0.0,mccrone,2150
50632,2014-11-13,False,False,PB2,2184,A,0.0,0.0,1.0,0.0,mccrone,2189
50632,2014-11-14,True,True,HA,167,G,1.0,0.0,0.0,0.0,mccrone,221
50632,2014-11-14,True,True,HA,364,G,0.999365637047,0.0,0.0006343629530000117,0.0,mccrone,425
50632,2014-11-14,True,True,HA,556,A,0.0,1.0,0.0,0.0,mccrone,647
50632,2014-11-14,True,True,HA,658,C,0.0,0.00119291705500002,0.0,0.998807082945,mccrone,749
50632,2014-11-14,True,True,HA,685,T,0.0,0.999232231647,0.0,0.0007677683529999646,mccrone,776
50632,2014-11-14,True,True,HA,908,C,0.0,0.0029995301940000108,0.0,0.997000469806,mccrone,1034
50632,2014-11-14,True,True,HA,1466,C,1.0,0.0,0.0,0.0,mccrone,1592
50632,2014-11-14,True,True,MP,349,A,0.0,0.0,1.0,0.0,mccrone,349
50632,2014-11-14,True,True,MP,427,A,0.0,0.0,1.0,0.0,mccrone,427
50632,2014-11-14,True,True,MP,549,G,0.998491451559,0.0,0.0015085484410000127,0.0,mccrone,549
50632,2014-11-14,True,True,MP,694,C,0.0,0.0018603077959999936,0.0,0.998139692204,mccrone,694
50632,2014-11-14,True,True,NA,103,T,0.0,1.0,0.0,0.0,mccrone,105
50632,2014-11-14,True,True,NA,211,A,0.0,0.0,1.0,0.0,mccrone,226
50632,2014-11-14,True,True,NA,223,A,0.0,0.0,1.0,0.0,mccrone,238
50632,2014-11-14,True,True,NA,226,T,0.0,1.0,0.0,0.0,mccrone,241
50632,2014-11-14,True,True,NA,475,G,0.998267590618,0.0,0.001732409382000033,0.0,mccrone,492
50632,2014-11-14,True,True,NA,491,C,0.0,0.0,0.0,1.0,mccrone,508
50632,2014-11-14,True,True,NA,710,A,0.0005118916359999615,0.0,0.999488108364,0.0,mccrone,737
50632,2014-11-14,True,True,NA,753,G,0.998800680904,0.0,0.0011993190960000177,0.0,mccrone,780
50632,2014-11-14,True,True,NA,819,C,1.0,0.0,0.0,0.0,mccrone,846
50632,2014-11-14,True,True,NA,862,T,0.0,0.998652237682,0.0,0.0013477623180000453,mccrone,889
50632,2014-11-14,True,True,NA,907,G,0.996262897067,0.0,0.0037371029330000027,0.0,mccrone,934
50632,2014-11-14,True,True,NA,1108,A,0.0,0.0,1.0,0.0,mccrone,1135
50632,2014-11-14,True,True,NA,1126,G,0.998267798372,0.0,0.0017322016280000296,0.0,mccrone,1153
50632,2014-11-14,True,True,NA,1157,A,0.0,0.0,1.0,0.0,mccrone,1184
50632,2014-11-14,True,True,NA,1194,C,0.0,0.0,0.0,1.0,mccrone,1221
50632,2014-11-14,True,True,NP,207,G,0.995971679688,0.0,0.0040283203119999555,0.0,mccrone,207
50632,2014-11-14,True,True,NP,297,C,0.0,0.0017262809000000434,0.0,0.9982737191,mccrone,297
50632,2014-11-14,True,True,NP,339,G,0.996298955974,0.0,0.003701044026000022,0.0,mccrone,339
50632,2014-11-14,True,True,NP,347,G,0.998247597513,0.0,0.0017524024870000376,0.0,mccrone,347
50632,2014-11-14,True,True,NP,606,G,0.998160829583,0.0,0.0018391704169999912,0.0,mccrone,606
50632,2014-11-14,True,True,NP,885,G,0.99910765277,0.0,0.0008923472299999791,0.0,mccrone,885
50632,2014-11-14,True,True,NP,909,G,0.0,0.0,0.0,1.0,mccrone,909
50632,2014-11-14,True,True,NP,918,C,0.0,0.000983893301999994,0.0,0.999016106698,mccrone,918
50632,2014-11-14,True,True,NP,1002,C,0.0,0.0009917229279999829,0.0,0.999008277072,mccrone,1002
50632,2014-11-14,True,True,NP,1092,A,0.0,0.0,1.0,0.0,mccrone,1092
50632,2014-11-14,True,True,NP,1186,T,0.0,1.0,0.0,0.0,mccrone,1186
50632,2014-11-14,True,True,NP,1188,A,0.0,0.0,1.0,0.0,mccrone,1188
50632,2014-11-14,True,True,NP,1224,G,0.997325011146,0.0,0.002674988853999971,0.0,mccrone,1224
50632,2014-11-14,True,True,NP,1407,C,1.0,0.0,0.0,0.0,mccrone,1407
50632,2014-11-14,True,True,NS,125,T,0.0,1.0,0.0,0.0,mccrone,125
50632,2014-11-14,True,True,NS,132,C,1.0,0.0,0.0,0.0,mccrone,132
50632,2014-11-14,True,True,NS,140,A,0.0,0.0,1.0,0.0,mccrone,140
50632,2014-11-14,True,True,NS,173,T,1.0,0.0,0.0,0.0,mccrone,173
50632,2014-11-14,True,True,NS,180,T,0.0,1.0,0.0,0.0,mccrone,180
50632,2014-11-14,True,True,NS,246,A,0.0,0.0,1.0,0.0,mccrone,246
50632,2014-11-14,True,True,NS,299,C,0.0,0.0015863573269999653,0.0,0.998413642673,mccrone,299
50632,2014-11-14,True,True,NS,570,G,1.0,0.0,0.0,0.0,mccrone,570
50632,2014-11-14,True,True,NS,744,A,0.0,0.0,1.0,0.0,mccrone,744
50632,2014-11-14,True,True,NS,813,G,1.0,0.0,0.0,0.0,mccrone,813
50632,2014-11-14,True,True,NS,843,C,0.0,0.0,0.0,1.0,mccrone,843
50632,2014-11-14,True,True,PA,153,C,0.0,0.0,1.0,0.0,mccrone,177
50632,2014-11-14,True,True,PA,282,A,0.0,1.0,0.0,0.0,mccrone,306
50632,2014-11-14,True,True,PA,501,T,0.0,0.998188405797,0.0,0.0018115942030000332,mccrone,525
50632,2014-11-14,True,True,PA,836,A,0.0,0.0,1.0,0.0,mccrone,860
50632,2014-11-14,True,True,PA,858,G,0.999064408115,0.0,0.0009355918850000311,0.0,mccrone,882
50632,2014-11-14,True,True,PA,1001,G,0.999020088192,0.0,0.0009799118079999447,0.0,mccrone,1025
50632,2014-11-14,True,True,PA,1137,G,1.0,0.0,0.0,0.0,mccrone,1161
50632,2014-11-14,True,True,PA,1552,T,0.0,1.0,0.0,0.0,mccrone,1576
50632,2014-11-14,True,True,PA,1578,T,0.0,1.0,0.0,0.0,mccrone,1602
50632,2014-11-14,True,True,PA,1605,A,0.0,0.0,1.0,0.0,mccrone,1629
50632,2014-11-14,True,True,PA,1608,C,0.0,0.0,0.0,1.0,mccrone,1632
50632,2014-11-14,True,True,PA,2001,G,1.0,0.0,0.0,0.0,mccrone,2025
50632,2014-11-14,True,True,PA,2049,T,0.0,1.0,0.0,0.0,mccrone,2073
50632,2014-11-14,True,True,PB1,121,G,0.994615761136,0.0,0.005384238863999968,0.0,mccrone,129
50632,2014-11-14,True,True,PB1,364,A,0.0,0.0,1.0,0.0,mccrone,372
50632,2014-11-14,True,True,PB1,424,T,0.0,1.0,0.0,0.0,mccrone,432
50632,2014-11-14,True,True,PB1,470,A,0.0,0.0,0.0,1.0,mccrone,478
50632,2014-11-14,True,True,PB1,502,A,0.0006948063230000079,0.0,0.999305193677,0.0,mccrone,510
50632,2014-11-14,True,True,PB1,513,A,0.0,0.0,0.0,1.0,mccrone,521
50632,2014-11-14,True,True,PB1,589,G,0.999195667328,0.0,0.0008043326719999744,0.0,mccrone,597
50632,2014-11-14,True,True,PB1,643,G,1.0,0.0,0.0,0.0,mccrone,651
50632,2014-11-14,True,True,PB1,650,G,0.998825871663,0.0,0.0011741283370000355,0.0,mccrone,658
50632,2014-11-14,True,True,PB1,655,C,0.0,0.0,0.0,1.0,mccrone,663
50632,2014-11-14,True,True,PB1,892,C,0.0,0.0005367686530000082,0.0,0.999463231347,mccrone,900
50632,2014-11-14,True,True,PB1,913,C,0.0,0.0013786521020000553,0.0,0.998621347898,mccrone,921
50632,2014-11-14,True,True,PB1,1003,G,0.998216023354,0.0,0.0017839766460000517,0.0,mccrone,1011
50632,2014-11-14,True,True,PB1,1159,T,0.0,1.0,0.0,0.0,mccrone,1167
50632,2014-11-14,True,True,PB1,1570,T,0.0,0.998912334131,0.0,0.0010876658689999985,mccrone,1578
50632,2014-11-14,True,True,PB1,1624,C,0.0,0.0,0.0,1.0,mccrone,1632
50632,2014-11-14,True,True,PB1,1690,A,0.001193187980999988,0.0,0.998806812019,0.0,mccrone,1698
50632,2014-11-14,True,True,PB1,2074,G,0.996863312824,0.0,0.0031366871760000192,0.0,mccrone,2082
50632,2014-11-14,True,True,PB2,57,G,1.0,0.0,0.0,0.0,mccrone,57
50632,2014-11-14,True,True,PB2,214,G,0.996389891697,0.0,0.0036101083030000147,0.0,mccrone,214
50632,2014-11-14,True,True,PB2,264,C,0.0,0.0,0.0,1.0,mccrone,264
50632,2014-11-14,True,True,PB2,352,G,0.998145903159,0.0,0.0018540968410000191,0.0,mccrone,352
50632,2014-11-14,True,True,PB2,501,G,0.997344985895,0.0,0.0026550141050000198,0.0,mccrone,501
50632,2014-11-14,True,True,PB2,573,A,0.0,0.0,1.0,0.0,mccrone,573
50632,2014-11-14,True,True,PB2,843,A,0.0,0.0,1.0,0.0,mccrone,843
50632,2014-11-14,True,True,PB2,856,T,0.0,1.0,0.0,0.0,mccrone,856
50632,2014-11-14,True,True,PB2,1059,G,0.0,0.0,0.0,1.0,mccrone,1059
50632,2014-11-14,True,True,PB2,1413,A,0.00296811831499999,0.0,0.997031881685,0.0,mccrone,1413
50632,2014-11-14,True,True,PB2,1581,T,0.0,1.0,0.0,0.0,mccrone,1581
50632,2014-11-14,True,True,PB2,1602,G,1.0,0.0,0.0,0.0,mccrone,1602
50632,2014-11-14,True,True,PB2,1659,A,0.0019970569689999884,0.0,0.998002943031,0.0,mccrone,1659
50632,2014-11-14,True,True,PB2,1662,C,0.0,0.0,0.0,1.0,mccrone,1662
50632,2014-11-14,True,True,PB2,1707,T,0.0,0.995917928886,0.0,0.004082071114000052,mccrone,1707
50632,2014-11-14,True,True,PB2,1790,T,0.0,0.999569661108,0.0,0.00043033889199994846,mccrone,1790
50632,2014-11-14,True,True,PB2,1869,G,1.0,0.0,0.0,0.0,mccrone,1869
50632,2014-11-14,True,True,PB2,1885,T,0.0,1.0,0.0,0.0,mccrone,1885
50632,2014-11-14,True,True,PB2,2145,T,1.0,0.0,0.0,0.0,mccrone,2150
50632,2014-11-14,True,True,PB2,2184,A,0.0,0.0,1.0,0.0,mccrone,2189
50678,2014-12-05,False,False,HA,84,A,0.0,1.0,0.0,0.0,mccrone,116
50678,2014-12-05,False,False,HA,364,G,0.99922783061,0.0,0.0007721693900000215,0.0,mccrone,425
50678,2014-12-05,False,False,HA,368,T,0.0,0.998064516129,0.0,0.0019354838709999544,mccrone,429
50678,2014-12-05,False,False,HA,459,A,0.002467020730000047,0.0,0.99753297927,0.0,mccrone,545
50678,2014-12-05,False,False,HA,489,G,0.0,0.0,0.0017457755530000396,0.998254224447,mccrone,575
50678,2014-12-05,False,False,HA,501,A,0.002264373850999979,0.0,0.997735626149,0.0,mccrone,587
50678,2014-12-05,False,False,HA,508,G,0.998194014448,0.0,0.0018059855519999557,0.0,mccrone,594
50678,2014-12-05,False,False,HA,553,A,0.0017131979700000244,0.99828680203,0.0,0.0,mccrone,644
50678,2014-12-05,False,False,HA,569,G,0.998528859397,0.0,0.0014711406030000207,0.0,mccrone,660
50678,2014-12-05,False,False,HA,658,C,0.0,0.0011757789540000063,0.0,0.998824221046,mccrone,749
50678,2014-12-05,False,False,HA,665,T,0.997809707377,0.0,0.0,0.0021902926229999675,mccrone,756
50678,2014-12-05,False,False,HA,685,T,0.0,0.998925387006,0.0,0.0010746129940000237,mccrone,776
50678,2014-12-05,False,False,HA,718,T,0.0,0.998158167377,0.0,0.0018418326229999726,mccrone,830
50678,2014-12-05,False,False,HA,722,A,0.0015575874700000103,0.0,0.99844241253,0.0,mccrone,845
50678,2014-12-05,False,False,HA,737,A,0.0020619155490000374,0.0,0.997938084451,0.0,mccrone,860
50678,2014-12-05,False,False,HA,854,A,0.0013873159680000136,0.0,0.998612684032,0.0,mccrone,977
50678,2014-12-05,False,False,HA,1010,T,0.998247468566,0.0,0.0,0.0017525314340000042,mccrone,1136
50678,2014-12-05,False,False,HA,1054,A,0.0016657572020000178,0.0,0.998334242798,0.0,mccrone,1180
50678,2014-12-05,False,False,HA,1109,G,0.996555277492,0.0,0.0034447225079999866,0.0,mccrone,1235
50678,2014-12-05,False,False,HA,1133,T,0.0,0.998255676443,0.0,0.0017443235570000493,mccrone,1259
50678,2014-12-05,False,False,HA,1289,A,0.0021973122730000183,0.0,0.997802687727,0.0,mccrone,1415
50678,2014-12-05,False,False,HA,1325,T,1.0,0.0,0.0,0.0,mccrone,1451
50678,2014-12-05,False,False,HA,1419,T,0.0,0.0,0.0102326580456,0.9897673419544,mccrone,1545
50678,2014-12-05,False,False,HA,1520,A,0.0022075055189999526,0.997792494481,0.0,0.0,mccrone,1646
50678,2014-12-05,False,False,HA,1542,A,0.0028737646319999532,0.0,0.997126235368,0.0,mccrone,1668
50678,2014-12-05,False,False,HA,1547,G,0.997226568056,0.0,0.0027734319440000377,0.0,mccrone,1673
50678,2014-12-05,False,False,MP,73,A,0.0,0.0,1.0,0.0,mccrone,73
50678,2014-12-05,False,False,MP,188,T,0.0,1.0,0.0,0.0,mccrone,188
50678,2014-12-05,False,False,MP,349,A,0.0,0.0,1.0,0.0,mccrone,349
50678,2014-12-05,False,False,MP,355,C,0.0,0.0028702163060000396,0.0,0.997129783694,mccrone,355
50678,2014-12-05,False,False,MP,427,A,0.0,0.0,1.0,0.0,mccrone,427
50678,2014-12-05,False,False,MP,549,G,1.0,0.0,0.0,0.0,mccrone,549
50678,2014-12-05,False,False,MP,640,T,1.0,0.0,0.0,0.0,mccrone,640
50678,2014-12-05,False,False,MP,694,C,0.0,0.002173398463999998,0.0,0.997826601536,mccrone,694
50678,2014-12-05,False,False,MP,785,C,0.0,0.002102333294000003,0.0,0.997897666706,mccrone,785
50678,2014-12-05,False,False,NA,85,C,0.0,0.004672897195999948,0.0,0.995327102804,mccrone,87
50678,2014-12-05,False,False,NA,211,A,0.0,0.0,1.0,0.0,mccrone,226
50678,2014-12-05,False,False,NA,226,T,0.0,0.998393808863,0.0,0.0016061911370000015,mccrone,241
50678,2014-12-05,False,False,NA,710,A,0.0008817884749999783,0.0,0.999118211525,0.0,mccrone,737
50678,2014-12-05,False,False,NA,1114,A,0.001824409859000009,0.0,0.0,0.998175590141,mccrone,1141
50678,2014-12-05,False,False,NA,1273,C,1.0,0.0,0.0,0.0,mccrone,1312
50678,2014-12-05,False,False,NP,69,G,1.0,0.0,0.0,0.0,mccrone,69
50678,2014-12-05,False,False,NP,102,C,0.0,0.003745318351999982,0.0,0.996254681648,mccrone,102
50678,2014-12-05,False,False,NP,105,G,1.0,0.0,0.0,0.0,mccrone,105
50678,2014-12-05,False,False,NP,144,T,0.0,0.998033646493,0.0,0.0019663535070000293,mccrone,144
50678,2014-12-05,False,False,NP,347,G,0.998774768685,0.0,0.0012252313149999638,0.0,mccrone,347
50678,2014-12-05,False,False,NP,435,A,0.0017512019609999818,0.998248798039,0.0,0.0,mccrone,435
50678,2014-12-05,False,False,NP,540,T,0.998047216555,0.0,0.0,0.0019527834450000503,mccrone,540
50678,2014-12-05,False,False,NP,606,G,0.99841991462,0.0,0.0015800853799999848,0.0,mccrone,606
50678,2014-12-05,False,False,NP,694,A,0.0015428814639999455,0.0,0.998457118536,0.0,mccrone,694
50678,2014-12-05,False,False,NP,870,C,0.0,0.0027400147539999864,0.0,0.997259985246,mccrone,870
50678,2014-12-05,False,False,NP,945,A,0.0026964560859999986,0.0,0.997303543914,0.0,mccrone,945
50678,2014-12-05,False,False,NP,957,C,0.0,0.0028049322369999574,0.0,0.997195067763,mccrone,957
50678,2014-12-05,False,False,NP,1002,C,0.0,0.0009659090910000279,0.0,0.999034090909,mccrone,1002
50678,2014-12-05,False,False,NP,1092,A,0.0016511417800000316,0.0,0.99834885822,0.0,mccrone,1092
50678,2014-12-05,False,False,NP,1186,T,0.0,1.0,0.0,0.0,mccrone,1186
50678,2014-12-05,False,False,NP,1188,A,0.0,0.0,1.0,0.0,mccrone,1188
50678,2014-12-05,False,False,NP,1212,G,0.997382409794,0.0,0.0026175902060000533,0.0,mccrone,1212
50678,2014-12-05,False,False,NP,1224,G,0.99730804274,0.0,0.002691957260000044,0.0,mccrone,1224
50678,2014-12-05,False,False,NP,1407,C,1.0,0.0,0.0,0.0,mccrone,1407
50678,2014-12-05,False,False,NP,1494,C,0.0,0.0,0.0,1.0,mccrone,1494
50678,2014-12-05,False,False,NS,180,T,0.0,1.0,0.0,0.0,mccrone,180
50678,2014-12-05,False,False,NS,185,C,0.0,0.0024940689819999973,0.0,0.997505931018,mccrone,185
50678,2014-12-05,False,False,NS,246,A,0.0,0.0,1.0,0.0,mccrone,246
50678,2014-12-05,False,False,NS,298,C,1.0,0.0,0.0,0.0,mccrone,298
50678,2014-12-05,False,False,NS,299,C,0.0,0.0015897279119999608,0.0,0.998410272088,mccrone,299
50678,2014-12-05,False,False,NS,398,G,0.0,0.0,0.0,1.0,mccrone,398
50678,2014-12-05,False,False,NS,570,G,1.0,0.0,0.0,0.0,mccrone,570
50678,2014-12-05,False,False,NS,747,G,1.0,0.0,0.0,0.0,mccrone,747
50678,2014-12-05,False,False,NS,843,C,0.0,0.0,0.0,1.0,mccrone,843
50678,2014-12-05,False,False,PA,153,C,0.0,0.0,1.0,0.0,mccrone,177
50678,2014-12-05,False,False,PA,207,A,0.0,0.0,1.0,0.0,mccrone,231
50678,2014-12-05,False,False,PA,261,G,0.994134897361,0.0,0.005865102638999975,0.0,mccrone,285
50678,2014-12-05,False,False,PA,282,A,0.0,1.0,0.0,0.0,mccrone,306
50678,2014-12-05,False,False,PA,290,T,0.0,0.0168157696438,0.0,0.9831842303562,mccrone,314
50678,2014-12-05,False,False,PA,501,T,0.0,0.998082191781,0.0,0.0019178082190000056,mccrone,525
50678,2014-12-05,False,False,PA,534,C,0.0,0.008488964345999994,0.0,0.991511035654,mccrone,558
50678,2014-12-05,False,False,PA,638,A,0.0050872093020000175,0.0,0.994912790698,0.0,mccrone,662
50678,2014-12-05,False,False,PA,787,C,0.99460392834,0.005396071660000001,0.0,0.0,mccrone,811
50678,2014-12-05,False,False,PA,882,T,0.0,0.994606657988,0.0,0.005393342012000035,mccrone,906
50678,2014-12-05,False,False,PA,943,A,0.0044207036290000445,0.0,0.995579296371,0.0,mccrone,967
50678,2014-12-05,False,False,PA,1001,G,0.999136740331,0.0,0.0008632596690000272,0.0,mccrone,1025
50678,2014-12-05,False,False,PA,1062,C,0.0,0.0033418204959999587,0.0,0.996658179504,mccrone,1086
50678,2014-12-05,False,False,PA,1137,G,1.0,0.0,0.0,0.0,mccrone,1161
50678,2014-12-05,False,False,PA,1242,A,0.0050613496929999835,0.0,0.994938650307,0.0,mccrone,1266
50678,2014-12-05,False,False,PA,1329,A,0.0064269319049999885,0.0,0.993573068095,0.0,mccrone,1353
50678,2014-12-05,False,False,PA,1350,G,0.994931654124,0.0,0.005068345876000024,0.0,mccrone,1374
50678,2014-12-05,False,False,PA,1593,G,0.99591236102,0.0,0.004087638979999975,0.0,mccrone,1617
50678,2014-12-05,False,False,PA,1681,A,0.005765643548000021,0.0,0.994234356452,0.0,mccrone,1705
50678,2014-12-05,False,False,PA,1776,C,0.0,0.0,0.0,1.0,mccrone,1800
50678,2014-12-05,False,False,PA,1835,A,0.004266211603999981,0.0,0.995733788396,0.0,mccrone,1859
50678,2014-12-05,False,False,PA,1899,A,0.0036710719529999825,0.0,0.996328928047,0.0,mccrone,1923
50678,2014-12-05,False,False,PA,2023,A,0.0,0.0,1.0,0.0,mccrone,2047
50678,2014-12-05,False,False,PA,2026,G,1.0,0.0,0.0,0.0,mccrone,2050
50678,2014-12-05,False,False,PA,2046,G,0.0,0.996114763897,0.003885236102999956,0.0,mccrone,2070
50678,2014-12-05,False,False,PA,2049,T,0.0,1.0,0.0,0.0,mccrone,2073
50678,2014-12-05,False,False,PA,2058,G,1.0,0.0,0.0,0.0,mccrone,2082
50678,2014-12-05,False,False,PB1,355,C,0.993889131384,0.006110868615999965,0.0,0.0,mccrone,363
50678,2014-12-05,False,False,PB1,413,T,0.0,0.991234756098,0.0,0.008765243901999953,mccrone,421
50678,2014-12-05,False,False,PB1,470,A,0.0,0.0,0.0,1.0,mccrone,478
50678,2014-12-05,False,False,PB1,502,A,0.0,0.0,1.0,0.0,mccrone,510
50678,2014-12-05,False,False,PB1,513,A,0.0,0.0,0.0,1.0,mccrone,521
50678,2014-12-05,False,False,PB1,589,G,1.0,0.0,0.0,0.0,mccrone,597
50678,2014-12-05,False,False,PB1,655,C,0.0,0.0,0.0,1.0,mccrone,663
50678,2014-12-05,False,False,PB1,733,G,0.992429022082,0.0,0.007570977917999988,0.0,mccrone,741
50678,2014-12-05,False,False,PB1,847,A,0.005474452555000009,0.0,0.994525547445,0.0,mccrone,855
50678,2014-12-05,False,False,PB1,1558,G,0.996561085973,0.0,0.0034389140270000285,0.0,mccrone,1566
50678,2014-12-05,False,False,PB1,1570,T,0.0,0.99815498155,0.0,0.0018450184499999578,mccrone,1578
50678,2014-12-05,False,False,PB1,1729,A,0.0027832540879999534,0.0,0.997216745912,0.0,mccrone,1737
50678,2014-12-05,False,False,PB1,2074,G,0.996862471675,0.0,0.0031375283250000274,0.0,mccrone,2082
50678,2014-12-05,False,False,PB2,405,A,0.004053711680000016,0.0,0.99594628832,0.0,mccrone,405
50678,2014-12-05,False,False,PB2,666,G,0.995468873128,0.0,0.004531126871999969,0.0,mccrone,666
50678,2014-12-05,False,False,PB2,856,T,0.0,0.999096167751,0.0,0.0009038322490000361,mccrone,856
50678,2014-12-05,False,False,PB2,864,T,0.0,0.0,0.996907404039,0.0030925959609999776,mccrone,864
50678,2014-12-05,False,False,PB2,1164,A,0.002960102960000044,0.0,0.99703989704,0.0,mccrone,1164
50678,2014-12-05,False,False,PB2,1311,G,0.996353577266,0.0,0.0036464227339999544,0.0,mccrone,1311
50678,2014-12-05,False,False,PB2,1465,G,0.995750160979,0.0,0.004249839020999957,0.0,mccrone,1465
50678,2014-12-05,False,False,PB2,1545,C,0.0,0.003926878808000023,0.0,0.996073121192,mccrone,1545
50678,2014-12-05,False,False,PB2,1656,G,0.99575617284,0.0,0.0042438271600000466,0.0,mccrone,1656
50678,2014-12-05,False,False,PB2,1659,A,0.0018200728030000057,0.0,0.998179927197,0.0,mccrone,1659
50678,2014-12-05,False,False,PB2,1885,T,0.0,0.998062356879,0.0,0.0019376431209999767,mccrone,1885
50678,2014-12-05,False,False,PB2,2145,T,0.99639477242,0.0,0.0,0.0036052275800000366,mccrone,2150
50678,2014-12-05,False,False,PB2,2184,A,0.0,0.0,1.0,0.0,mccrone,2189
50678,2014-12-08,True,True,HA,84,A,0.007458405048999972,0.992541594951,0.0,0.0,mccrone,116
50678,2014-12-08,True,True,HA,364,G,0.998469387755,0.0,0.0015306122449999515,0.0,mccrone,425
50678,2014-12-08,True,True,HA,368,T,0.0,0.99127576179,0.0,0.008724238210000013,mccrone,429
50678,2014-12-08,True,True,HA,459,A,0.012127761768000012,0.0,0.987872238232,0.0,mccrone,545
50678,2014-12-08,True,True,HA,489,G,0.0,0.0,0.012553802009000026,0.987446197991,mccrone,575
50678,2014-12-08,True,True,HA,501,A,0.01208567667799998,0.0,0.987914323322,0.0,mccrone,587
50678,2014-12-08,True,True,HA,508,G,0.988245072429,0.0,0.011754927571000051,0.0,mccrone,594
50678,2014-12-08,True,True,HA,553,A,0.011320318817000019,0.988679681183,0.0,0.0,mccrone,644
50678,2014-12-08,True,True,HA,569,G,0.989101755191,0.0,0.010898244809000035,0.0,mccrone,660
50678,2014-12-08,True,True,HA,658,C,0.0,0.0022313957380000193,0.0,0.997768604262,mccrone,749
50678,2014-12-08,True,True,HA,665,T,0.989355804413,0.0,0.0,0.010644195587000027,mccrone,756
50678,2014-12-08,True,True,HA,685,T,0.0,1.0,0.0,0.0,mccrone,776
50678,2014-12-08,True,True,HA,718,T,0.0,0.989755884917,0.0,0.01024411508300005,mccrone,830
50678,2014-12-08,True,True,HA,722,A,0.009967141292000048,0.0,0.990032858708,0.0,mccrone,845
50678,2014-12-08,True,True,HA,737,A,0.01495469926899995,0.0,0.985045300731,0.0,mccrone,860
50678,2014-12-08,True,True,HA,854,A,0.00728803120499999,0.0,0.992711968795,0.0,mccrone,977
50678,2014-12-08,True,True,HA,1010,T,0.991733929787,0.0,0.0,0.008266070212999965,mccrone,1136
50678,2014-12-08,True,True,HA,1049,A,0.9085760836094,0.0,0.0914239163906,0.0,mccrone,1175
50678,2014-12-08,True,True,HA,1054,A,0.008874864412000028,0.0,0.991125135588,0.0,mccrone,1180
50678,2014-12-08,True,True,HA,1109,G,0.988997918525,0.0,0.011002081475000036,0.0,mccrone,1235
50678,2014-12-08,True,True,HA,1133,T,0.0,0.989505247376,0.0,0.010494752624000014,mccrone,1259
50678,2014-12-08,True,True,HA,1289,A,0.009688428933000037,0.0,0.990311571067,0.0,mccrone,1415
50678,2014-12-08,True,True,HA,1325,T,0.990572390572,0.0,0.0,0.009427609428000028,mccrone,1451
50678,2014-12-08,True,True,HA,1520,A,0.010557053009999984,0.98944294699,0.0,0.0,mccrone,1646
50678,2014-12-08,True,True,HA,1542,A,0.010604453870999953,0.0,0.989395546129,0.0,mccrone,1668
50678,2014-12-08,True,True,HA,1547,G,0.989059080963,0.0,0.010940919037000008,0.0,mccrone,1673
50678,2014-12-08,True,True,MP,73,A,0.006353240152000006,0.0,0.993646759848,0.0,mccrone,73
50678,2014-12-08,True,True,MP,188,T,0.0,0.9927734375,0.0,0.007226562499999978,mccrone,188
50678,2014-12-08,True,True,MP,349,A,0.0014752698190000357,0.0,0.998524730181,0.0,mccrone,349
50678,2014-12-08,True,True,MP,355,C,0.0,0.009687091566000006,0.0,0.990312908434,mccrone,355
50678,2014-12-08,True,True,MP,427,A,0.0,0.0,1.0,0.0,mccrone,427
50678,2014-12-08,True,True,MP,549,G,1.0,0.0,0.0,0.0,mccrone,549
50678,2014-12-08,True,True,MP,640,T,0.990418690117,0.0,0.0,0.009581309882999989,mccrone,640
50678,2014-12-08,True,True,MP,694,C,0.0,0.0009151921900000248,0.0,0.99908480781,mccrone,694
50678,2014-12-08,True,True,MP,785,C,0.0,0.009407104839999958,0.0,0.99059289516,mccrone,785
50678,2014-12-08,True,True,NA,85,C,0.0,0.0,0.0,1.0,mccrone,87
50678,2014-12-08,True,True,NA,211,A,0.0,0.0,1.0,0.0,mccrone,226
50678,2014-12-08,True,True,NA,226,T,0.0,1.0,0.0,0.0,mccrone,241
50678,2014-12-08,True,True,NA,710,A,0.0,0.0,1.0,0.0,mccrone,737
50678,2014-12-08,True,True,NA,1114,A,0.009629935341999962,0.0,0.0,0.990370064658,mccrone,1141
50678,2014-12-08,True,True,NA,1273,C,0.99390940236,0.006090597639999973,0.0,0.0,mccrone,1312
50678,2014-12-08,True,True,NP,69,G,1.0,0.0,0.0,0.0,mccrone,69
50678,2014-12-08,True,True,NP,102,C,0.0,0.012293144207999984,0.0,0.987706855792,mccrone,102
50678,2014-12-08,True,True,NP,105,G,0.990909090909,0.0,0.009090909090999966,0.0,mccrone,105
50678,2014-12-08,True,True,NP,144,T,0.0,0.986169573061,0.0,0.013830426939000051,mccrone,144
50678,2014-12-08,True,True,NP,347,G,0.992517985612,0.0,0.007482014388000002,0.0,mccrone,347
50678,2014-12-08,True,True,NP,435,A,0.009153855180999981,0.990846144819,0.0,0.0,mccrone,435
50678,2014-12-08,True,True,NP,540,T,0.98745773803,0.0,0.0,0.012542261969999968,mccrone,540
50678,2014-12-08,True,True,NP,606,G,1.0,0.0,0.0,0.0,mccrone,606
50678,2014-12-08,True,True,NP,694,A,0.011245228514999983,0.0,0.988754771485,0.0,mccrone,694
50678,2014-12-08,True,True,NP,870,C,0.0,0.011810608456999994,0.0,0.988189391543,mccrone,870
50678,2014-12-08,True,True,NP,945,A,0.013035381749999964,0.0,0.98696461825,0.0,mccrone,945
50678,2014-12-08,True,True,NP,957,C,0.0,0.012673844773000043,0.0,0.987326155227,mccrone,957
50678,2014-12-08,True,True,NP,1002,C,0.0,0.0,0.0,1.0,mccrone,1002
50678,2014-12-08,True,True,NP,1092,A,0.0,0.0,1.0,0.0,mccrone,1092
50678,2014-12-08,True,True,NP,1186,T,0.0,1.0,0.0,0.0,mccrone,1186
50678,2014-12-08,True,True,NP,1188,A,0.0,0.0,1.0,0.0,mccrone,1188
50678,2014-12-08,True,True,NP,1212,G,0.985447303922,0.0,0.014552696078000027,0.0,mccrone,1212
50678,2014-12-08,True,True,NP,1224,G,0.997027999374,0.0,0.0029720006260000043,0.0,mccrone,1224
50678,2014-12-08,True,True,NP,1407,C,1.0,0.0,0.0,0.0,mccrone,1407
50678,2014-12-08,True,True,NP,1494,C,0.0,0.0,0.0,1.0,mccrone,1494
50678,2014-12-08,True,True,NS,180,T,0.0,1.0,0.0,0.0,mccrone,180
50678,2014-12-08,True,True,NS,185,C,0.0,0.010169491525000018,0.0,0.989830508475,mccrone,185
50678,2014-12-08,True,True,NS,246,A,0.0,0.0,1.0,0.0,mccrone,246
50678,2014-12-08,True,True,NS,298,C,0.989364216497,0.010635783502999985,0.0,0.0,mccrone,298
50678,2014-12-08,True,True,NS,299,C,0.0,0.0,0.0,1.0,mccrone,299
50678,2014-12-08,True,True,NS,398,G,0.0,0.0,0.010840623811000039,0.989159376189,mccrone,398
50678,2014-12-08,True,True,NS,570,G,1.0,0.0,0.0,0.0,mccrone,570
50678,2014-12-08,True,True,NS,747,G,1.0,0.0,0.0,0.0,mccrone,747
50678,2014-12-08,True,True,NS,843,C,0.0,0.0,0.0,1.0,mccrone,843
50678,2014-12-08,True,True,PA,153,C,0.0,0.0,1.0,0.0,mccrone,177
50678,2014-12-08,True,True,PA,207,A,0.009910335063999964,0.0,0.990089664936,0.0,mccrone,231
50678,2014-12-08,True,True,PA,261,G,0.985901309164,0.0,0.014098690836000016,0.0,mccrone,285
50678,2014-12-08,True,True,PA,282,A,0.0,1.0,0.0,0.0,mccrone,306
50678,2014-12-08,True,True,PA,501,T,0.0,1.0,0.0,0.0,mccrone,525
50678,2014-12-08,True,True,PA,534,C,0.0,0.01021322343700004,0.0,0.989786776563,mccrone,558
50678,2014-12-08,True,True,PA,638,A,0.00943225104300005,0.0,0.990567748957,0.0,mccrone,662
50678,2014-12-08,True,True,PA,787,C,0.988058551618,0.011941448381999953,0.0,0.0,mccrone,811
50678,2014-12-08,True,True,PA,882,T,0.0,0.98676998677,0.0,0.013230013229999948,mccrone,906
50678,2014-12-08,True,True,PA,943,A,0.01393523061799995,0.0,0.986064769382,0.0,mccrone,967
50678,2014-12-08,True,True,PA,1001,G,0.998429524931,0.0,0.001570475068999988,0.0,mccrone,1025
50678,2014-12-08,True,True,PA,1062,C,0.0,0.013894249325000052,0.0,0.986105750675,mccrone,1086
50678,2014-12-08,True,True,PA,1137,G,1.0,0.0,0.0,0.0,mccrone,1161
50678,2014-12-08,True,True,PA,1242,A,0.011023332720999979,0.0,0.988976667279,0.0,mccrone,1266
50678,2014-12-08,True,True,PA,1329,A,0.011191941802000005,0.0,0.988808058198,0.0,mccrone,1353
50678,2014-12-08,True,True,PA,1350,G,0.989761727476,0.0,0.010238272524000003,0.0,mccrone,1374
50678,2014-12-08,True,True,PA,1593,G,0.988038731726,0.0,0.011961268274000014,0.0,mccrone,1617
50678,2014-12-08,True,True,PA,1681,A,0.009902951078999966,0.0,0.990097048921,0.0,mccrone,1705
50678,2014-12-08,True,True,PA,1776,C,0.0,0.010809785700999996,0.0,0.989190214299,mccrone,1800
50678,2014-12-08,True,True,PA,1835,A,0.007550335569999955,0.0,0.99244966443,0.0,mccrone,1859
50678,2014-12-08,True,True,PA,1899,A,0.009550851832999974,0.0,0.990449148167,0.0,mccrone,1923
50678,2014-12-08,True,True,PA,2023,A,0.012714206744000034,0.0,0.987285793256,0.0,mccrone,2047
50678,2014-12-08,True,True,PA,2026,G,0.991379310345,0.0,0.008620689654999958,0.0,mccrone,2050
50678,2014-12-08,True,True,PA,2046,G,0.0,0.991341991342,0.008658008658000038,0.0,mccrone,2070
50678,2014-12-08,True,True,PA,2049,T,0.0,1.0,0.0,0.0,mccrone,2073
50678,2014-12-08,True,True,PA,2058,G,0.989537925022,0.0,0.010462074978000002,0.0,mccrone,2082
50678,2014-12-08,True,True,PB1,355,C,0.993874977482,0.006125022517999956,0.0,0.0,mccrone,363
50678,2014-12-08,True,True,PB1,413,T,0.0,0.990566037736,0.0,0.009433962263999951,mccrone,421
50678,2014-12-08,True,True,PB1,470,A,0.0,0.0,0.0,1.0,mccrone,478
50678,2014-12-08,True,True,PB1,502,A,0.0,0.0,1.0,0.0,mccrone,510
50678,2014-12-08,True,True,PB1,513,A,0.0,0.0,0.0,1.0,mccrone,521
50678,2014-12-08,True,True,PB1,589,G,1.0,0.0,0.0,0.0,mccrone,597
50678,2014-12-08,True,True,PB1,655,C,0.0,0.0,0.0,1.0,mccrone,663
50678,2014-12-08,True,True,PB1,733,G,0.992880752606,0.0,0.00711924739400005,0.0,mccrone,741
50678,2014-12-08,True,True,PB1,847,A,0.00483533716700002,0.0,0.995164662833,0.0,mccrone,855
50678,2014-12-08,True,True,PB1,1558,G,0.993976970771,0.0,0.006023029228999999,0.0,mccrone,1566
50678,2014-12-08,True,True,PB1,1570,T,0.0,1.0,0.0,0.0,mccrone,1578
50678,2014-12-08,True,True,PB1,1729,A,0.006850432230000036,0.0,0.99314956777,0.0,mccrone,1737
50678,2014-12-08,True,True,PB1,2074,G,0.997457896409,0.0,0.0025421035910000445,0.0,mccrone,2082
50678,2014-12-08,True,True,PB2,405,A,0.009698825932,0.0,0.990301174068,0.0,mccrone,405
50678,2014-12-08,True,True,PB2,666,G,0.989440160912,0.0,0.010559839087999956,0.0,mccrone,666
50678,2014-12-08,True,True,PB2,856,T,0.0,0.999526963103,0.0,0.00047303689699995655,mccrone,856
50678,2014-12-08,True,True,PB2,864,T,0.0,0.0,0.990625993009,0.009374006990999995,mccrone,864
50678,2014-12-08,True,True,PB2,1164,A,0.009579497387000036,0.0,0.990420502613,0.0,mccrone,1164
50678,2014-12-08,True,True,PB2,1311,G,0.992242424242,0.0,0.007757575757999957,0.0,mccrone,1311
50678,2014-12-08,True,True,PB2,1465,G,0.990870435218,0.0,0.009129564782,0.0,mccrone,1465
50678,2014-12-08,True,True,PB2,1545,C,0.0,0.0077225130889999605,0.0,0.992277486911,mccrone,1545
50678,2014-12-08,True,True,PB2,1656,G,0.993498894812,0.0,0.006501105187999956,0.0,mccrone,1656
50678,2014-12-08,True,True,PB2,1659,A,0.001309414691999966,0.0,0.998690585308,0.0,mccrone,1659
50678,2014-12-08,True,True,PB2,1885,T,0.0,1.0,0.0,0.0,mccrone,1885
50678,2014-12-08,True,True,PB2,2145,T,1.0,0.0,0.0,0.0,mccrone,2150
50678,2014-12-08,True,True,PB2,2184,A,0.0,0.0,1.0,0.0,mccrone,2189
50727,2015-01-08,False,False,HA,47,T,0.0,0.998648648649,0.0,0.001351351350999952,mccrone,56
50727,2015-01-08,False,False,HA,65,T,0.0,0.99803227076,0.0,0.0019677292399999935,mccrone,96
50727,2015-01-08,False,False,HA,167,G,1.0,0.0,0.0,0.0,mccrone,221
50727,2015-01-08,False,False,HA,364,G,1.0,0.0,0.0,0.0,mccrone,425
50727,2015-01-08,False,False,HA,512,T,0.0,0.998331772419,0.0,0.001668227581000048,mccrone,598
50727,2015-01-08,False,False,HA,556,A,0.0,1.0,0.0,0.0,mccrone,647
50727,2015-01-08,False,False,HA,658,C,0.0,0.0014416553599999604,0.0,0.99855834464,mccrone,749
50727,2015-01-08,False,False,HA,685,T,0.0,1.0,0.0,0.0,mccrone,776
50727,2015-01-08,False,False,HA,1216,A,0.001788855431000047,0.0,0.998211144569,0.0,mccrone,1342
50727,2015-01-08,False,False,HA,1466,C,1.0,0.0,0.0,0.0,mccrone,1592
50727,2015-01-08,False,False,MP,349,A,0.0,0.0,1.0,0.0,mccrone,349
50727,2015-01-08,False,False,MP,427,A,0.0,0.0,1.0,0.0,mccrone,427
50727,2015-01-08,False,False,MP,549,G,0.998387416188,0.0,0.0016125838120000235,0.0,mccrone,549
50727,2015-01-08,False,False,MP,694,C,0.0,0.0014879407590000504,0.0,0.998512059241,mccrone,694
50727,2015-01-08,False,False,NA,70,T,0.0,1.0,0.0,0.0,mccrone,72
50727,2015-01-08,False,False,NA,103,T,0.0,1.0,0.0,0.0,mccrone,105
50727,2015-01-08,False,False,NA,211,A,0.0,0.0,1.0,0.0,mccrone,226
50727,2015-01-08,False,False,NA,223,A,0.0,0.0,1.0,0.0,mccrone,238
50727,2015-01-08,False,False,NA,226,T,0.0,1.0,0.0,0.0,mccrone,241
50727,2015-01-08,False,False,NA,670,A,0.0014754842619999486,0.0,0.998524515738,0.0,mccrone,697
50727,2015-01-08,False,False,NA,710,A,0.0,0.0,1.0,0.0,mccrone,737
50727,2015-01-08,False,False,NA,819,C,1.0,0.0,0.0,0.0,mccrone,846
50727,2015-01-08,False,False,NA,907,G,0.997699386503,0.0,0.002300613496999948,0.0,mccrone,934
50727,2015-01-08,False,False,NA,1099,G,0.998653846154,0.0,0.0013461538460000089,0.0,mccrone,1126
50727,2015-01-08,False,False,NA,1108,A,0.001414496146999955,0.0,0.998585503853,0.0,mccrone,1135
50727,2015-01-08,False,False,NA,1157,A,0.0,0.0,1.0,0.0,mccrone,1184
50727,2015-01-08,False,False,NA,1194,C,0.0,0.0,0.0,1.0,mccrone,1221
50727,2015-01-08,False,False,NP,207,G,0.997549259876,0.0,0.0024507401240000393,0.0,mccrone,207
50727,2015-01-08,False,False,NP,347,G,0.998645755974,0.0,0.00135424402600004,0.0,mccrone,347
50727,2015-01-08,False,False,NP,606,G,0.998350410811,0.0,0.0016495891890000447,0.0,mccrone,606
50727,2015-01-08,False,False,NP,885,G,0.999321469327,0.0,0.0006785306730000551,0.0,mccrone,885
50727,2015-01-08,False,False,NP,909,G,0.0,0.0,0.0,1.0,mccrone,909
50727,2015-01-08,False,False,NP,918,C,0.0,0.0010131070729999525,0.0,0.998986892927,mccrone,918
50727,2015-01-08,False,False,NP,1002,C,0.0,0.0012102181659999767,0.0,0.998789781834,mccrone,1002
50727,2015-01-08,False,False,NP,1023,T,0.0,0.998765592516,0.0,0.0012344074840000552,mccrone,1023
50727,2015-01-08,False,False,NP,1092,A,0.0010516721590000389,0.0,0.998948327841,0.0,mccrone,1092
50727,2015-01-08,False,False,NP,1093,A,0.0016411187539999705,0.0,0.998358881246,0.0,mccrone,1093
50727,2015-01-08,False,False,NP,1131,A,0.0,1.0,0.0,0.0,mccrone,1131
50727,2015-01-08,False,False,NP,1186,T,0.0,1.0,0.0,0.0,mccrone,1186
50727,2015-01-08,False,False,NP,1188,A,0.0,0.0,1.0,0.0,mccrone,1188
50727,2015-01-08,False,False,NP,1224,G,0.99743723395,0.0,0.0025627660500000538,0.0,mccrone,1224
50727,2015-01-08,False,False,NP,1407,C,1.0,0.0,0.0,0.0,mccrone,1407
50727,2015-01-08,False,False,NS,125,T,0.0,0.99768115942,0.0,0.002318840579999981,mccrone,125
50727,2015-01-08,False,False,NS,180,T,0.0,1.0,0.0,0.0,mccrone,180
50727,2015-01-08,False,False,NS,246,A,0.0,0.0,1.0,0.0,mccrone,246
50727,2015-01-08,False,False,NS,257,T,0.0,1.0,0.0,0.0,mccrone,257
50727,2015-01-08,False,False,NS,299,C,0.0,0.0011073175229999732,0.0,0.998892682477,mccrone,299
50727,2015-01-08,False,False,NS,341,A,0.001932678369999996,0.0,0.99806732163,0.0,mccrone,341
50727,2015-01-08,False,False,NS,570,G,0.998692810458,0.0,0.0013071895420000423,0.0,mccrone,570
50727,2015-01-08,False,False,NS,578,A,0.0023841312229999634,0.0,0.997615868777,0.0,mccrone,578
50727,2015-01-08,False,False,NS,744,A,0.0,0.0,1.0,0.0,mccrone,744
50727,2015-01-08,False,False,NS,813,G,1.0,0.0,0.0,0.0,mccrone,813
50727,2015-01-08,False,False,NS,843,C,0.0,0.0,0.0,1.0,mccrone,843
50727,2015-01-08,False,False,PA,153,C,0.0,0.0,1.0,0.0,mccrone,177
50727,2015-01-08,False,False,PA,282,A,0.0,1.0,0.0,0.0,mccrone,306
50727,2015-01-08,False,False,PA,501,T,0.0,1.0,0.0,0.0,mccrone,525
50727,2015-01-08,False,False,PA,836,A,0.0,0.0,1.0,0.0,mccrone,860
50727,2015-01-08,False,False,PA,858,G,0.998442869416,0.0,0.0015571305839999772,0.0,mccrone,882
50727,2015-01-08,False,False,PA,1001,G,0.998546276853,0.0,0.0014537231469999856,0.0,mccrone,1025
50727,2015-01-08,False,False,PA,1092,T,0.996895042248,0.0,0.0,0.003104957752000037,mccrone,1116
50727,2015-01-08,False,False,PA,1137,G,1.0,0.0,0.0,0.0,mccrone,1161
50727,2015-01-08,False,False,PA,1293,G,0.998485689768,0.0,0.0015143102319999935,0.0,mccrone,1317
50727,2015-01-08,False,False,PA,1548,T,0.0,0.998150051387,0.0,0.0018499486130000298,mccrone,1572
50727,2015-01-08,False,False,PA,1552,T,0.0,1.0,0.0,0.0,mccrone,1576
50727,2015-01-08,False,False,PA,1578,T,0.0,1.0,0.0,0.0,mccrone,1602
50727,2015-01-08,False,False,PA,1608,C,0.0,0.001101206083000017,0.0,0.998898793917,mccrone,1632
50727,2015-01-08,False,False,PA,2001,G,1.0,0.0,0.0,0.0,mccrone,2025
50727,2015-01-08,False,False,PA,2049,T,0.0,1.0,0.0,0.0,mccrone,2073
50727,2015-01-08,False,False,PB1,364,A,0.0,0.0,1.0,0.0,mccrone,372
50727,2015-01-08,False,False,PB1,424,T,0.0,1.0,0.0,0.0,mccrone,432
50727,2015-01-08,False,False,PB1,470,A,0.0,0.0,0.0,1.0,mccrone,478
50727,2015-01-08,False,False,PB1,502,A,0.0012655664680000234,0.0,0.998734433532,0.0,mccrone,510
50727,2015-01-08,False,False,PB1,513,A,0.0,0.0,0.0,1.0,mccrone,521
50727,2015-01-08,False,False,PB1,571,T,0.0,0.0151840883564,0.0,0.9848159116436,mccrone,579
50727,2015-01-08,False,False,PB1,589,G,0.998663484487,0.0,0.0013365155129999584,0.0,mccrone,597
50727,2015-01-08,False,False,PB1,643,G,0.997856632532,0.0,0.0021433674680000347,0.0,mccrone,651
50727,2015-01-08,False,False,PB1,655,C,0.0,0.0,0.0,1.0,mccrone,663
50727,2015-01-08,False,False,PB1,892,C,0.0,0.0,0.0,1.0,mccrone,900
50727,2015-01-08,False,False,PB1,913,C,0.0,0.0010786428710000129,0.0,0.998921357129,mccrone,921
50727,2015-01-08,False,False,PB1,1003,G,0.999027426571,0.0,0.0009725734290000343,0.0,mccrone,1011
50727,2015-01-08,False,False,PB1,1018,A,0.0010279001470000493,0.0,0.998972099853,0.0,mccrone,1026
50727,2015-01-08,False,False,PB1,1140,G,0.997688461176,0.0,0.0023115388240000367,0.0,mccrone,1148
50727,2015-01-08,False,False,PB1,1159,T,0.0,1.0,0.0,0.0,mccrone,1167
50727,2015-01-08,False,False,PB1,1570,T,0.0,0.99889163182,0.0,0.0011083681800000411,mccrone,1578
50727,2015-01-08,False,False,PB1,1624,C,0.0,0.000649837541000009,0.0,0.999350162459,mccrone,1632
50727,2015-01-08,False,False,PB1,1657,T,0.0,0.997708757637,0.0,0.0022912423630000456,mccrone,1665
50727,2015-01-08,False,False,PB1,1690,A,0.0,0.0,1.0,0.0,mccrone,1698
50727,2015-01-08,False,False,PB1,1741,G,0.0267897579618,0.0,0.9732102420382,0.0,mccrone,1749
50727,2015-01-08,False,False,PB1,1906,C,1.0,0.0,0.0,0.0,mccrone,1914
50727,2015-01-08,False,False,PB1,2074,G,0.997642792384,0.0,0.002357207616000001,0.0,mccrone,2082
50727,2015-01-08,False,False,PB2,57,G,1.0,0.0,0.0,0.0,mccrone,57
50727,2015-01-08,False,False,PB2,214,G,0.998205046986,0.0,0.0017949530140000114,0.0,mccrone,214
50727,2015-01-08,False,False,PB2,264,C,0.0,0.0,0.0,1.0,mccrone,264
50727,2015-01-08,False,False,PB2,573,A,0.0,0.0,1.0,0.0,mccrone,573
50727,2015-01-08,False,False,PB2,729,G,0.998671230119,0.0,0.001328769880999947,0.0,mccrone,729
50727,2015-01-08,False,False,PB2,843,A,0.0007130972190000362,0.0,0.999286902781,0.0,mccrone,843
50727,2015-01-08,False,False,PB2,856,T,0.0,0.999197721529,0.0,0.0008022784710000064,mccrone,856
50727,2015-01-08,False,False,PB2,868,T,0.0,0.998620857502,0.0,0.0013791424979999745,mccrone,868
50727,2015-01-08,False,False,PB2,1059,G,0.0,0.0,0.0,1.0,mccrone,1059
50727,2015-01-08,False,False,PB2,1425,T,0.0,0.998366261398,0.0,0.001633738602000001,mccrone,1425
50727,2015-01-08,False,False,PB2,1581,T,0.0,1.0,0.0,0.0,mccrone,1581
50727,2015-01-08,False,False,PB2,1602,G,0.999227381596,0.0,0.0007726184040000028,0.0,mccrone,1602
50727,2015-01-08,False,False,PB2,1659,A,0.0016203078580000474,0.0,0.998379692142,0.0,mccrone,1659
50727,2015-01-08,False,False,PB2,1662,C,0.0,0.0015872401380000456,0.0,0.998412759862,mccrone,1662
50727,2015-01-08,False,False,PB2,1707,T,0.0,0.998837162677,0.0,0.0011628373230000433,mccrone,1707
50727,2015-01-08,False,False,PB2,1790,T,0.0,1.0,0.0,0.0,mccrone,1790
50727,2015-01-08,False,False,PB2,1885,T,0.0,1.0,0.0,0.0,mccrone,1885
50727,2015-01-08,False,False,PB2,1908,G,0.997530132385,0.0,0.00246986761500001,0.0,mccrone,1908
50727,2015-01-08,False,False,PB2,2145,T,1.0,0.0,0.0,0.0,mccrone,2150
50727,2015-01-08,False,False,PB2,2184,A,0.0,0.0,1.0,0.0,mccrone,2189
50727,2015-01-09,True,True,HA,47,T,0.0,1.0,0.0,0.0,mccrone,56
50727,2015-01-09,True,True,HA,65,T,0.0,0.996312878588,0.0,0.003687121412000005,mccrone,96
50727,2015-01-09,True,True,HA,167,G,1.0,0.0,0.0,0.0,mccrone,221
50727,2015-01-09,True,True,HA,364,G,0.998089601438,0.0,0.0019103985620000374,0.0,mccrone,425
50727,2015-01-09,True,True,HA,512,T,0.0,0.998248426553,0.0,0.0017515734470000544,mccrone,598
50727,2015-01-09,True,True,HA,556,A,0.0009432344369999512,0.999056765563,0.0,0.0,mccrone,647
50727,2015-01-09,True,True,HA,658,C,0.0,0.0017502119400000238,0.0,0.99824978806,mccrone,749
50727,2015-01-09,True,True,HA,685,T,0.0,1.0,0.0,0.0,mccrone,776
50727,2015-01-09,True,True,HA,1216,A,0.0021018686479999937,0.0,0.997898131352,0.0,mccrone,1342
50727,2015-01-09,True,True,HA,1466,C,1.0,0.0,0.0,0.0,mccrone,1592
50727,2015-01-09,True,True,MP,349,A,0.0,0.0,1.0,0.0,mccrone,349
50727,2015-01-09,True,True,MP,427,A,0.001107121484000051,0.0,0.998892878516,0.0,mccrone,427
50727,2015-01-09,True,True,MP,549,G,0.998310617341,0.0,0.0016893826589999827,0.0,mccrone,549
50727,2015-01-09,True,True,MP,694,C,0.0,0.002058356203999967,0.0,0.997941643796,mccrone,694
50727,2015-01-09,True,True,NA,70,T,0.0,1.0,0.0,0.0,mccrone,72
50727,2015-01-09,True,True,NA,103,T,0.0,1.0,0.0,0.0,mccrone,105
50727,2015-01-09,True,True,NA,211,A,0.0,0.0,1.0,0.0,mccrone,226
50727,2015-01-09,True,True,NA,223,A,0.0,0.0,1.0,0.0,mccrone,238
50727,2015-01-09,True,True,NA,226,T,0.0,1.0,0.0,0.0,mccrone,241
50727,2015-01-09,True,True,NA,670,A,0.003556187766999952,0.0,0.996443812233,0.0,mccrone,697
50727,2015-01-09,True,True,NA,710,A,0.0,0.0,1.0,0.0,mccrone,737
50727,2015-01-09,True,True,NA,819,C,1.0,0.0,0.0,0.0,mccrone,846
50727,2015-01-09,True,True,NA,907,G,0.99712698112,0.0,0.0028730188800000223,0.0,mccrone,934
50727,2015-01-09,True,True,NA,1099,G,0.998245839216,0.0,0.0017541607840000362,0.0,mccrone,1126
50727,2015-01-09,True,True,NA,1108,A,0.0,0.0,1.0,0.0,mccrone,1135
50727,2015-01-09,True,True,NA,1157,A,0.0015666614439999726,0.0,0.998433338556,0.0,mccrone,1184
50727,2015-01-09,True,True,NA,1194,C,0.0,0.0,0.0,1.0,mccrone,1221
50727,2015-01-09,True,True,NP,207,G,0.996465737286,0.0,0.003534262714000036,0.0,mccrone,207
50727,2015-01-09,True,True,NP,347,G,0.998551805854,0.0,0.0014481941459999481,0.0,mccrone,347
50727,2015-01-09,True,True,NP,606,G,0.998224528817,0.0,0.0017754711830000325,0.0,mccrone,606
50727,2015-01-09,True,True,NP,885,G,0.99814998176,0.0,0.0018500182399999732,0.0,mccrone,885
50727,2015-01-09,True,True,NP,909,G,0.0,0.0,0.0,1.0,mccrone,909
50727,2015-01-09,True,True,NP,918,C,0.0,0.001813850236000003,0.0,0.998186149764,mccrone,918
50727,2015-01-09,True,True,NP,1002,C,0.0,0.0008690865899999567,0.0,0.99913091341,mccrone,1002
50727,2015-01-09,True,True,NP,1023,T,0.0,0.996854704837,0.0,0.003145295162999995,mccrone,1023
50727,2015-01-09,True,True,NP,1092,A,0.00184720939399996,0.0,0.998152790606,0.0,mccrone,1092
50727,2015-01-09,True,True,NP,1093,A,0.002967746143999972,0.0,0.997032253856,0.0,mccrone,1093
50727,2015-01-09,True,True,NP,1131,A,0.0017465418469999605,0.998253458153,0.0,0.0,mccrone,1131
50727,2015-01-09,True,True,NP,1186,T,0.0,1.0,0.0,0.0,mccrone,1186
50727,2015-01-09,True,True,NP,1188,A,0.0,0.0,1.0,0.0,mccrone,1188
50727,2015-01-09,True,True,NP,1224,G,0.996897220427,0.0,0.0031027795729999808,0.0,mccrone,1224
50727,2015-01-09,True,True,NP,1407,C,1.0,0.0,0.0,0.0,mccrone,1407
50727,2015-01-09,True,True,NS,125,T,0.0,1.0,0.0,0.0,mccrone,125
50727,2015-01-09,True,True,NS,180,T,0.0,1.0,0.0,0.0,mccrone,180
50727,2015-01-09,True,True,NS,246,A,0.0,0.0,1.0,0.0,mccrone,246
50727,2015-01-09,True,True,NS,257,T,0.0,0.997064183033,0.0,0.00293581696699996,mccrone,257
50727,2015-01-09,True,True,NS,299,C,0.0,0.002501459184999999,0.0,0.997498540815,mccrone,299
50727,2015-01-09,True,True,NS,341,A,0.0021953896819999486,0.0,0.997804610318,0.0,mccrone,341
50727,2015-01-09,True,True,NS,570,G,1.0,0.0,0.0,0.0,mccrone,570
50727,2015-01-09,True,True,NS,578,A,0.0019593872459999773,0.0,0.998040612754,0.0,mccrone,578
50727,2015-01-09,True,True,NS,626,A,0.9890962036405,0.0,0.0109037963595,0.0,mccrone,626
50727,2015-01-09,True,True,NS,744,A,0.0,0.0,1.0,0.0,mccrone,744
50727,2015-01-09,True,True,NS,813,G,1.0,0.0,0.0,0.0,mccrone,813
50727,2015-01-09,True,True,NS,843,C,0.0,0.0,0.0,1.0,mccrone,843
50727,2015-01-09,True,True,PA,153,C,0.0,0.0,1.0,0.0,mccrone,177
50727,2015-01-09,True,True,PA,282,A,0.0,1.0,0.0,0.0,mccrone,306
50727,2015-01-09,True,True,PA,501,T,0.0,1.0,0.0,0.0,mccrone,525
50727,2015-01-09,True,True,PA,836,A,0.0,0.0,1.0,0.0,mccrone,860
50727,2015-01-09,True,True,PA,858,G,0.998918802033,0.0,0.0010811979670000138,0.0,mccrone,882
50727,2015-01-09,True,True,PA,1001,G,0.999236433052,0.0,0.0007635669479999496,0.0,mccrone,1025
50727,2015-01-09,True,True,PA,1092,T,0.994702256635,0.0,0.0,0.005297743364999996,mccrone,1116
50727,2015-01-09,True,True,PA,1137,G,0.99913181145,0.0,0.0008681885500000375,0.0,mccrone,1161
50727,2015-01-09,True,True,PA,1293,G,0.994929898081,0.0,0.005070101919000036,0.0,mccrone,1317
50727,2015-01-09,True,True,PA,1548,T,0.0,0.998212889534,0.0,0.001787110465999997,mccrone,1572
50727,2015-01-09,True,True,PA,1552,T,0.0,0.999555259062,0.0,0.0004447409379999545,mccrone,1576
50727,2015-01-09,True,True,PA,1578,T,0.0,0.999061292104,0.0,0.000938707896000035,mccrone,1602
50727,2015-01-09,True,True,PA,1608,C,0.0,0.000990791467999963,0.0,0.999009208532,mccrone,1632
50727,2015-01-09,True,True,PA,2001,G,1.0,0.0,0.0,0.0,mccrone,2025
50727,2015-01-09,True,True,PA,2049,T,0.0,1.0,0.0,0.0,mccrone,2073
50727,2015-01-09,True,True,PB1,364,A,0.000774593338000007,0.0,0.999225406662,0.0,mccrone,372
50727,2015-01-09,True,True,PB1,424,T,0.0,1.0,0.0,0.0,mccrone,432
50727,2015-01-09,True,True,PB1,470,A,0.0,0.0,0.0,1.0,mccrone,478
50727,2015-01-09,True,True,PB1,502,A,0.0,0.0,1.0,0.0,mccrone,510
50727,2015-01-09,True,True,PB1,513,A,0.0,0.0,0.0,1.0,mccrone,521
50727,2015-01-09,True,True,PB1,571,T,0.0,0.0259449381869,0.0,0.9740550618131,mccrone,579
50727,2015-01-09,True,True,PB1,589,G,1.0,0.0,0.0,0.0,mccrone,597
50727,2015-01-09,True,True,PB1,643,G,0.996690962751,0.0,0.003309037249000002,0.0,mccrone,651
50727,2015-01-09,True,True,PB1,655,C,0.0,0.0,0.0,1.0,mccrone,663
50727,2015-01-09,True,True,PB1,892,C,0.0,0.0013101867020000046,0.0,0.998689813298,mccrone,900
50727,2015-01-09,True,True,PB1,913,C,0.0,0.0014550745729999814,0.0,0.998544925427,mccrone,921
50727,2015-01-09,True,True,PB1,1003,G,0.997908235187,0.0,0.0020917648129999966,0.0,mccrone,1011
50727,2015-01-09,True,True,PB1,1018,A,0.004161406462000028,0.0,0.995838593538,0.0,mccrone,1026
50727,2015-01-09,True,True,PB1,1140,G,0.996357422314,0.0,0.0036425776859999592,0.0,mccrone,1148
50727,2015-01-09,True,True,PB1,1159,T,0.0,1.0,0.0,0.0,mccrone,1167
50727,2015-01-09,True,True,PB1,1570,T,0.0,0.99861994184,0.0,0.001380058159999975,mccrone,1578
50727,2015-01-09,True,True,PB1,1624,C,0.0,0.0,0.0,1.0,mccrone,1632
50727,2015-01-09,True,True,PB1,1657,T,0.0,0.997927736451,0.0,0.0020722635490000307,mccrone,1665
50727,2015-01-09,True,True,PB1,1690,A,0.0012500625029999712,0.0,0.998749937497,0.0,mccrone,1698
50727,2015-01-09,True,True,PB1,1741,G,0.0245798938441,0.0,0.9754201061559,0.0,mccrone,1749
50727,2015-01-09,True,True,PB1,1906,C,0.99826232848,0.0017376715200000392,0.0,0.0,mccrone,1914
50727,2015-01-09,True,True,PB1,2074,G,0.997389885808,0.0,0.002610114191999968,0.0,mccrone,2082
50727,2015-01-09,True,True,PB2,57,G,1.0,0.0,0.0,0.0,mccrone,57
50727,2015-01-09,True,True,PB2,214,G,0.998249781223,0.0,0.00175021877699999,0.0,mccrone,214
50727,2015-01-09,True,True,PB2,264,C,0.0,0.003306088712999977,0.0,0.996693911287,mccrone,264
50727,2015-01-09,True,True,PB2,573,A,0.002171312093000033,0.0,0.997828687907,0.0,mccrone,573
50727,2015-01-09,True,True,PB2,729,G,0.997388824167,0.0,0.002611175832999968,0.0,mccrone,729
50727,2015-01-09,True,True,PB2,843,A,0.0,0.0,1.0,0.0,mccrone,843
50727,2015-01-09,True,True,PB2,856,T,0.0,1.0,0.0,0.0,mccrone,856
50727,2015-01-09,True,True,PB2,868,T,0.0,0.996788748425,0.0,0.003211251575000018,mccrone,868
50727,2015-01-09,True,True,PB2,1059,G,0.0,0.0,0.0,1.0,mccrone,1059
50727,2015-01-09,True,True,PB2,1425,T,0.0,0.997503121099,0.0,0.0024968789010000325,mccrone,1425
50727,2015-01-09,True,True,PB2,1581,T,0.0,1.0,0.0,0.0,mccrone,1581
50727,2015-01-09,True,True,PB2,1602,G,0.998599385286,0.0,0.0014006147139999925,0.0,mccrone,1602
50727,2015-01-09,True,True,PB2,1659,A,0.001477222821000046,0.0,0.998522777179,0.0,mccrone,1659
50727,2015-01-09,True,True,PB2,1662,C,0.0,0.0022083032199999852,0.0,0.99779169678,mccrone,1662
50727,2015-01-09,True,True,PB2,1707,T,0.0,0.998245540749,0.0,0.00175445925100004,mccrone,1707
50727,2015-01-09,True,True,PB2,1790,T,0.0,0.998661192431,0.0,0.0013388075689999557,mccrone,1790
50727,2015-01-09,True,True,PB2,1885,T,0.0,1.0,0.0,0.0,mccrone,1885
50727,2015-01-09,True,True,PB2,1908,G,0.995339849966,0.0,0.004660150033999999,0.0,mccrone,1908
50727,2015-01-09,True,True,PB2,2145,T,1.0,0.0,0.0,0.0,mccrone,2150
50727,2015-01-09,True,True,PB2,2184,A,0.0,0.0,1.0,0.0,mccrone,2189
50784,2014-12-15,False,True,HA,149,G,0.0,0.0,0.0030092895459999935,0.996990710454,mccrone,199
50784,2014-12-15,False,True,HA,167,G,1.0,0.0,0.0,0.0,mccrone,221
50784,2014-12-15,False,True,HA,290,G,0.995996686913,0.0,0.004003313086999971,0.0,mccrone,351
50784,2014-12-15,False,True,HA,364,G,1.0,0.0,0.0,0.0,mccrone,425
50784,2014-12-15,False,True,HA,556,A,0.0014560203839999453,0.998543979616,0.0,0.0,mccrone,647
50784,2014-12-15,False,True,HA,658,C,0.0,0.0013967525500000466,0.0,0.99860324745,mccrone,749
50784,2014-12-15,False,True,HA,685,T,0.0,0.998555196395,0.0,0.001444803604999989,mccrone,776
50784,2014-12-15,False,True,HA,869,A,0.002448300451999952,0.0,0.997551699548,0.0,mccrone,992
50784,2014-12-15,False,True,HA,1466,C,1.0,0.0,0.0,0.0,mccrone,1592
50784,2014-12-15,False,True,MP,265,C,0.0,0.005247515556999982,0.0,0.994752484443,mccrone,265
50784,2014-12-15,False,True,MP,349,A,0.0026584432159999505,0.0,0.997341556784,0.0,mccrone,349
50784,2014-12-15,False,True,MP,427,A,0.0,0.0,1.0,0.0,mccrone,427
50784,2014-12-15,False,True,MP,549,G,0.998768261243,0.0,0.0012317387570000005,0.0,mccrone,549
50784,2014-12-15,False,True,MP,694,C,0.0,0.0,0.0,1.0,mccrone,694
50784,2014-12-15,False,True,NA,86,T,0.0,0.994425863991,0.0,0.00557413600900003,mccrone,88
50784,2014-12-15,False,True,NA,103,T,0.0,1.0,0.0,0.0,mccrone,105
50784,2014-12-15,False,True,NA,104,T,0.0,1.0,0.0,0.0,mccrone,106
50784,2014-12-15,False,True,NA,211,A,0.0,0.0,1.0,0.0,mccrone,226
50784,2014-12-15,False,True,NA,223,A,0.0,0.0,1.0,0.0,mccrone,238
50784,2014-12-15,False,True,NA,226,T,0.0,1.0,0.0,0.0,mccrone,241
50784,2014-12-15,False,True,NA,710,A,0.0066952002450000325,0.0,0.993304799755,0.0,mccrone,737
50784,2014-12-15,False,True,NA,819,C,1.0,0.0,0.0,0.0,mccrone,846
50784,2014-12-15,False,True,NA,907,G,0.997654188251,0.0,0.0023458117489999486,0.0,mccrone,934
50784,2014-12-15,False,True,NA,1108,A,0.0,0.0,1.0,0.0,mccrone,1135
50784,2014-12-15,False,True,NA,1157,A,0.0,0.0,1.0,0.0,mccrone,1184
50784,2014-12-15,False,True,NA,1194,C,0.0,0.0,0.0,1.0,mccrone,1221
50784,2014-12-15,False,True,NA,1402,G,1.0,0.0,0.0,0.0,mccrone,1441
50784,2014-12-15,False,True,NP,207,G,0.997097370041,0.0,0.002902629959000036,0.0,mccrone,207
50784,2014-12-15,False,True,NP,347,G,0.998364944408,0.0,0.0016350555919999454,0.0,mccrone,347
50784,2014-12-15,False,True,NP,606,G,0.998167978325,0.0,0.0018320216749999618,0.0,mccrone,606
50784,2014-12-15,False,True,NP,885,G,0.99900603651,0.0,0.0009939634900000272,0.0,mccrone,885
50784,2014-12-15,False,True,NP,909,G,0.0,0.0,0.001405904800000024,0.9985940952,mccrone,909
50784,2014-12-15,False,True,NP,918,C,0.0,0.0,0.0,1.0,mccrone,918
50784,2014-12-15,False,True,NP,1002,C,0.0,0.0,0.0,1.0,mccrone,1002
50784,2014-12-15,False,True,NP,1092,A,0.0,0.0,1.0,0.0,mccrone,1092
50784,2014-12-15,False,True,NP,1186,T,0.0,1.0,0.0,0.0,mccrone,1186
50784,2014-12-15,False,True,NP,1188,A,0.0,0.0,1.0,0.0,mccrone,1188
50784,2014-12-15,False,True,NP,1224,G,0.997289014616,0.0,0.002710985384000053,0.0,mccrone,1224
50784,2014-12-15,False,True,NP,1344,G,1.0,0.0,0.0,0.0,mccrone,1344
50784,2014-12-15,False,True,NP,1407,C,1.0,0.0,0.0,0.0,mccrone,1407
50784,2014-12-15,False,True,NS,125,T,0.0,1.0,0.0,0.0,mccrone,125
50784,2014-12-15,False,True,NS,180,T,0.0,1.0,0.0,0.0,mccrone,180
50784,2014-12-15,False,True,NS,246,A,0.0,0.0,1.0,0.0,mccrone,246
50784,2014-12-15,False,True,NS,299,C,0.0,0.0016803898499999637,0.0,0.99831961015,mccrone,299
50784,2014-12-15,False,True,NS,570,G,1.0,0.0,0.0,0.0,mccrone,570
50784,2014-12-15,False,True,NS,744,A,0.0,0.0,1.0,0.0,mccrone,744
50784,2014-12-15,False,True,NS,813,G,1.0,0.0,0.0,0.0,mccrone,813
50784,2014-12-15,False,True,NS,843,C,0.0,0.0,0.0,1.0,mccrone,843
50784,2014-12-15,False,True,PA,153,C,0.0,0.0,1.0,0.0,mccrone,177
50784,2014-12-15,False,True,PA,282,A,0.0,1.0,0.0,0.0,mccrone,306
50784,2014-12-15,False,True,PA,501,T,0.0,1.0,0.0,0.0,mccrone,525
50784,2014-12-15,False,True,PA,836,A,0.0,0.0,1.0,0.0,mccrone,860
50784,2014-12-15,False,True,PA,858,G,0.999301045519,0.0,0.0006989544809999915,0.0,mccrone,882
50784,2014-12-15,False,True,PA,1001,G,0.998685488941,0.0,0.0013145110590000453,0.0,mccrone,1025
50784,2014-12-15,False,True,PA,1137,G,1.0,0.0,0.0,0.0,mccrone,1161
50784,2014-12-15,False,True,PA,1552,T,0.0,1.0,0.0,0.0,mccrone,1576
50784,2014-12-15,False,True,PA,1578,T,0.0,1.0,0.0,0.0,mccrone,1602
50784,2014-12-15,False,True,PA,1608,C,0.0,0.0008952551480000404,0.0,0.999104744852,mccrone,1632
50784,2014-12-15,False,True,PA,2001,G,1.0,0.0,0.0,0.0,mccrone,2025
50784,2014-12-15,False,True,PA,2019,C,1.0,0.0,0.0,0.0,mccrone,2043
50784,2014-12-15,False,True,PA,2049,T,0.0,1.0,0.0,0.0,mccrone,2073
50784,2014-12-15,False,True,PB1,38,C,0.0,0.0,0.0,1.0,mccrone,46
50784,2014-12-15,False,True,PB1,364,A,0.0,0.0,1.0,0.0,mccrone,372
50784,2014-12-15,False,True,PB1,424,T,0.0,0.998824380539,0.0,0.001175619460999977,mccrone,432
50784,2014-12-15,False,True,PB1,470,A,0.0,0.0,0.0,1.0,mccrone,478
50784,2014-12-15,False,True,PB1,502,A,0.001646917052000041,0.0,0.998353082948,0.0,mccrone,510
50784,2014-12-15,False,True,PB1,513,A,0.0,0.0,0.0,1.0,mccrone,521
50784,2014-12-15,False,True,PB1,589,G,1.0,0.0,0.0,0.0,mccrone,597
50784,2014-12-15,False,True,PB1,643,G,0.99816925734,0.0,0.001830742660000051,0.0,mccrone,651
50784,2014-12-15,False,True,PB1,655,C,0.0,0.0,0.0,1.0,mccrone,663
50784,2014-12-15,False,True,PB1,669,T,0.0,0.00617830832047,0.0,0.99382169167953,mccrone,677
50784,2014-12-15,False,True,PB1,788,T,0.0,0.00499789178656,0.0,0.99500210821344,mccrone,796
50784,2014-12-15,False,True,PB1,892,C,0.0,0.0,0.0,1.0,mccrone,900
50784,2014-12-15,False,True,PB1,913,C,0.0,0.0,0.0,1.0,mccrone,921
50784,2014-12-15,False,True,PB1,1003,G,1.0,0.0,0.0,0.0,mccrone,1011
50784,2014-12-15,False,True,PB1,1159,T,0.0,1.0,0.0,0.0,mccrone,1167
50784,2014-12-15,False,True,PB1,1345,C,0.0,0.0012614317250000395,0.0,0.998738568275,mccrone,1353
50784,2014-12-15,False,True,PB1,1570,T,0.0,0.999176502882,0.0,0.000823497118000005,mccrone,1578
50784,2014-12-15,False,True,PB1,1624,C,0.0,0.0,0.0,1.0,mccrone,1632
50784,2014-12-15,False,True,PB1,1690,A,0.0,0.0,1.0,0.0,mccrone,1698
50784,2014-12-15,False,True,PB1,2074,G,1.0,0.0,0.0,0.0,mccrone,2082
50784,2014-12-15,False,True,PB2,57,G,1.0,0.0,0.0,0.0,mccrone,57
50784,2014-12-15,False,True,PB2,214,G,1.0,0.0,0.0,0.0,mccrone,214
50784,2014-12-15,False,True,PB2,264,C,0.0,0.0,0.0,1.0,mccrone,264
50784,2014-12-15,False,True,PB2,573,A,0.0,0.0,1.0,0.0,mccrone,573
50784,2014-12-15,False,True,PB2,663,G,0.996795597993,0.0,0.0032044020070000068,0.0,mccrone,663
50784,2014-12-15,False,True,PB2,705,T,0.0,0.997748327329,0.0,0.0022516726710000157,mccrone,705
50784,2014-12-15,False,True,PB2,777,G,0.997100702274,0.0,0.0028992977259999497,0.0,mccrone,777
50784,2014-12-15,False,True,PB2,801,C,0.0,0.0027535882700000514,0.0,0.99724641173,mccrone,801
50784,2014-12-15,False,True,PB2,843,A,0.0,0.0,1.0,0.0,mccrone,843
50784,2014-12-15,False,True,PB2,856,T,0.0,1.0,0.0,0.0,mccrone,856
50784,2014-12-15,False,True,PB2,1059,G,0.0,0.0,0.0,1.0,mccrone,1059
50784,2014-12-15,False,True,PB2,1080,A,0.0026005765130000524,0.0,0.997399423487,0.0,mccrone,1080
50784,2014-12-15,False,True,PB2,1581,T,0.0,0.998799130181,0.0,0.0012008698190000278,mccrone,1581
50784,2014-12-15,False,True,PB2,1602,G,1.0,0.0,0.0,0.0,mccrone,1602
50784,2014-12-15,False,True,PB2,1659,A,0.0,0.0,1.0,0.0,mccrone,1659
50784,2014-12-15,False,True,PB2,1662,C,0.0,0.0,0.0,1.0,mccrone,1662
50784,2014-12-15,False,True,PB2,1707,T,0.0,0.998853398853,0.0,0.0011466011470000481,mccrone,1707
50784,2014-12-15,False,True,PB2,1790,T,0.0,1.0,0.0,0.0,mccrone,1790
50784,2014-12-15,False,True,PB2,1818,A,0.002287830918,0.0,0.997712169082,0.0,mccrone,1818
50784,2014-12-15,False,True,PB2,1885,T,0.0,1.0,0.0,0.0,mccrone,1885
50784,2014-12-15,False,True,PB2,1938,T,0.996449859748,0.0,0.0,0.003550140251999956,mccrone,1938
50784,2014-12-15,False,True,PB2,2145,T,1.0,0.0,0.0,0.0,mccrone,2150
50784,2014-12-15,False,True,PB2,2184,A,0.0,0.0,1.0,0.0,mccrone,2189
50784,2014-12-16,True,True,HA,149,G,0.0,0.0,0.0,1.0,mccrone,199
50784,2014-12-16,True,True,HA,167,G,0.998207028448,0.0,0.0017929715519999778,0.0,mccrone,221
50784,2014-12-16,True,True,HA,290,G,0.997340673696,0.0,0.0026593263040000092,0.0,mccrone,351
50784,2014-12-16,True,True,HA,364,G,1.0,0.0,0.0,0.0,mccrone,425
50784,2014-12-16,True,True,HA,556,A,0.0006544307939999605,0.999345569206,0.0,0.0,mccrone,647
50784,2014-12-16,True,True,HA,658,C,0.0,0.0009936689099999674,0.0,0.99900633109,mccrone,749
50784,2014-12-16,True,True,HA,685,T,0.0,0.998834725189,0.0,0.0011652748110000388,mccrone,776
50784,2014-12-16,True,True,HA,869,A,0.0013034623219999597,0.0,0.998696537678,0.0,mccrone,992
50784,2014-12-16,True,True,HA,942,C,0.0,0.9884911485658,0.0,0.0115088514342,mccrone,1068
50784,2014-12-16,True,True,HA,1466,C,1.0,0.0,0.0,0.0,mccrone,1592
50784,2014-12-16,True,True,MP,265,C,0.0,0.0033664068040000217,0.0,0.996633593196,mccrone,265
50784,2014-12-16,True,True,MP,349,A,0.0,0.0,1.0,0.0,mccrone,349
50784,2014-12-16,True,True,MP,427,A,0.0,0.0,1.0,0.0,mccrone,427
50784,2014-12-16,True,True,MP,549,G,1.0,0.0,0.0,0.0,mccrone,549
50784,2014-12-16,True,True,MP,694,C,0.0,0.0,0.0,1.0,mccrone,694
50784,2014-12-16,True,True,NA,86,T,0.0,1.0,0.0,0.0,mccrone,88
50784,2014-12-16,True,True,NA,103,T,0.0,1.0,0.0,0.0,mccrone,105
50784,2014-12-16,True,True,NA,104,T,0.0,1.0,0.0,0.0,mccrone,106
50784,2014-12-16,True,True,NA,211,A,0.0,0.0,1.0,0.0,mccrone,226
50784,2014-12-16,True,True,NA,223,A,0.0,0.0,1.0,0.0,mccrone,238
50784,2014-12-16,True,True,NA,226,T,0.0,1.0,0.0,0.0,mccrone,241
50784,2014-12-16,True,True,NA,710,A,0.004100166039999964,0.0,0.99589983396,0.0,mccrone,737
50784,2014-12-16,True,True,NA,819,C,1.0,0.0,0.0,0.0,mccrone,846
50784,2014-12-16,True,True,NA,907,G,0.997700824166,0.0,0.002299175833999967,0.0,mccrone,934
50784,2014-12-16,True,True,NA,1108,A,0.0020192048820000252,0.0,0.997980795118,0.0,mccrone,1135
50784,2014-12-16,True,True,NA,1157,A,0.0,0.0,1.0,0.0,mccrone,1184
50784,2014-12-16,True,True,NA,1194,C,0.0,0.0,0.0,1.0,mccrone,1221
50784,2014-12-16,True,True,NA,1402,G,1.0,0.0,0.0,0.0,mccrone,1441
50784,2014-12-16,True,True,NP,207,G,0.997511291363,0.0,0.0024887086370000144,0.0,mccrone,207
50784,2014-12-16,True,True,NP,347,G,1.0,0.0,0.0,0.0,mccrone,347
50784,2014-12-16,True,True,NP,606,G,0.99818753363,0.0,0.0018124663699999877,0.0,mccrone,606
50784,2014-12-16,True,True,NP,885,G,0.999269744972,0.0,0.0007302550279999487,0.0,mccrone,885
50784,2014-12-16,True,True,NP,909,G,0.0,0.0,0.0,1.0,mccrone,909
50784,2014-12-16,True,True,NP,918,C,0.0,0.0014488973890000034,0.0,0.998551102611,mccrone,918
50784,2014-12-16,True,True,NP,1002,C,0.0,0.0,0.0,1.0,mccrone,1002
50784,2014-12-16,True,True,NP,1092,A,0.0014120214370000328,0.0,0.998587978563,0.0,mccrone,1092
50784,2014-12-16,True,True,NP,1186,T,0.0,1.0,0.0,0.0,mccrone,1186
50784,2014-12-16,True,True,NP,1188,A,0.0014330859119999761,0.0,0.998566914088,0.0,mccrone,1188
50784,2014-12-16,True,True,NP,1224,G,0.998063053781,0.0,0.0019369462189999798,0.0,mccrone,1224
50784,2014-12-16,True,True,NP,1344,G,0.997343127295,0.0,0.002656872705000035,0.0,mccrone,1344
50784,2014-12-16,True,True,NP,1407,C,1.0,0.0,0.0,0.0,mccrone,1407
50784,2014-12-16,True,True,NS,125,T,0.0,1.0,0.0,0.0,mccrone,125
50784,2014-12-16,True,True,NS,180,T,0.0,1.0,0.0,0.0,mccrone,180
50784,2014-12-16,True,True,NS,246,A,0.0,0.0,1.0,0.0,mccrone,246
50784,2014-12-16,True,True,NS,299,C,0.0,0.0012392533499999692,0.0,0.99876074665,mccrone,299
50784,2014-12-16,True,True,NS,570,G,0.999610288387,0.0,0.0003897116130000544,0.0,mccrone,570
50784,2014-12-16,True,True,NS,744,A,0.0,0.0,1.0,0.0,mccrone,744
50784,2014-12-16,True,True,NS,813,G,1.0,0.0,0.0,0.0,mccrone,813
50784,2014-12-16,True,True,NS,843,C,0.0,0.0,0.0,1.0,mccrone,843
50784,2014-12-16,True,True,PA,153,C,0.0,0.0,1.0,0.0,mccrone,177
50784,2014-12-16,True,True,PA,282,A,0.0,1.0,0.0,0.0,mccrone,306
50784,2014-12-16,True,True,PA,501,T,0.0,1.0,0.0,0.0,mccrone,525
50784,2014-12-16,True,True,PA,836,A,0.0007911392410000495,0.0,0.999208860759,0.0,mccrone,860
50784,2014-12-16,True,True,PA,858,G,0.999279927993,0.0,0.0007200720069999722,0.0,mccrone,882
50784,2014-12-16,True,True,PA,1001,G,0.999198801686,0.0,0.0008011983140000511,0.0,mccrone,1025
50784,2014-12-16,True,True,PA,1137,G,1.0,0.0,0.0,0.0,mccrone,1161
50784,2014-12-16,True,True,PA,1552,T,0.0,1.0,0.0,0.0,mccrone,1576
50784,2014-12-16,True,True,PA,1578,T,0.0,0.999008446566,0.0,0.0009915534340000365,mccrone,1602
50784,2014-12-16,True,True,PA,1608,C,0.0,0.0,0.0,1.0,mccrone,1632
50784,2014-12-16,True,True,PA,2001,G,1.0,0.0,0.0,0.0,mccrone,2025
50784,2014-12-16,True,True,PA,2019,C,1.0,0.0,0.0,0.0,mccrone,2043
50784,2014-12-16,True,True,PA,2049,T,0.0,1.0,0.0,0.0,mccrone,2073
50784,2014-12-16,True,True,PB1,38,C,0.0,0.0,0.0,1.0,mccrone,46
50784,2014-12-16,True,True,PB1,364,A,0.0009432293819999771,0.0,0.999056770618,0.0,mccrone,372
50784,2014-12-16,True,True,PB1,424,T,0.0,1.0,0.0,0.0,mccrone,432
50784,2014-12-16,True,True,PB1,470,A,0.0,0.0,0.0,1.0,mccrone,478
50784,2014-12-16,True,True,PB1,502,A,0.0,0.0,1.0,0.0,mccrone,510
50784,2014-12-16,True,True,PB1,513,A,0.0,0.0,0.0,1.0,mccrone,521
50784,2014-12-16,True,True,PB1,589,G,0.998991325398,0.0,0.001008674602000048,0.0,mccrone,597
50784,2014-12-16,True,True,PB1,643,G,0.997971048422,0.0,0.0020289515779999823,0.0,mccrone,651
50784,2014-12-16,True,True,PB1,655,C,0.0,0.0,0.0,1.0,mccrone,663
50784,2014-12-16,True,True,PB1,892,C,0.0,0.00047167788699997715,0.0,0.999528322113,mccrone,900
50784,2014-12-16,True,True,PB1,913,C,0.0,0.0009274873519999893,0.0,0.999072512648,mccrone,921
50784,2014-12-16,True,True,PB1,1003,G,1.0,0.0,0.0,0.0,mccrone,1011
50784,2014-12-16,True,True,PB1,1159,T,0.0,1.0,0.0,0.0,mccrone,1167
50784,2014-12-16,True,True,PB1,1345,C,0.0,0.0014325279339999497,0.0,0.998567472066,mccrone,1353
50784,2014-12-16,True,True,PB1,1570,T,0.0,1.0,0.0,0.0,mccrone,1578
50784,2014-12-16,True,True,PB1,1624,C,0.0,0.0,0.0,1.0,mccrone,1632
50784,2014-12-16,True,True,PB1,1690,A,0.0012194571160000223,0.0,0.998780542884,0.0,mccrone,1698
50784,2014-12-16,True,True,PB1,2074,G,1.0,0.0,0.0,0.0,mccrone,2082
50784,2014-12-16,True,True,PB2,57,G,1.0,0.0,0.0,0.0,mccrone,57
50784,2014-12-16,True,True,PB2,214,G,1.0,0.0,0.0,0.0,mccrone,214
50784,2014-12-16,True,True,PB2,264,C,0.0,0.0,0.0,1.0,mccrone,264
50784,2014-12-16,True,True,PB2,573,A,0.0005286486929999556,0.0,0.999471351307,0.0,mccrone,573
50784,2014-12-16,True,True,PB2,663,G,0.998168498168,0.0,0.001831501831999982,0.0,mccrone,663
50784,2014-12-16,True,True,PB2,705,T,0.0,0.998345367028,0.0,0.0016546329719999697,mccrone,705
50784,2014-12-16,True,True,PB2,777,G,0.998716012085,0.0,0.0012839879149999511,0.0,mccrone,777
50784,2014-12-16,True,True,PB2,801,C,0.0,0.001203224641999956,0.0,0.998796775358,mccrone,801
50784,2014-12-16,True,True,PB2,843,A,0.0,0.0,1.0,0.0,mccrone,843
50784,2014-12-16,True,True,PB2,856,T,0.0,1.0,0.0,0.0,mccrone,856
50784,2014-12-16,True,True,PB2,1059,G,0.0,0.0,0.0,1.0,mccrone,1059
50784,2014-12-16,True,True,PB2,1080,A,0.001418969379999968,0.0,0.99858103062,0.0,mccrone,1080
50784,2014-12-16,True,True,PB2,1581,T,0.0,1.0,0.0,0.0,mccrone,1581
50784,2014-12-16,True,True,PB2,1602,G,0.999492385787,0.0,0.0005076142130000516,0.0,mccrone,1602
50784,2014-12-16,True,True,PB2,1659,A,0.0,0.0,1.0,0.0,mccrone,1659
50784,2014-12-16,True,True,PB2,1662,C,0.0,0.0009142584569999945,0.0,0.999085741543,mccrone,1662
50784,2014-12-16,True,True,PB2,1707,T,0.0,0.99884057971,0.0,0.001159420290000046,mccrone,1707
50784,2014-12-16,True,True,PB2,1790,T,0.0,1.0,0.0,0.0,mccrone,1790
50784,2014-12-16,True,True,PB2,1818,A,0.0,0.0,1.0,0.0,mccrone,1818
50784,2014-12-16,True,True,PB2,1885,T,0.0,1.0,0.0,0.0,mccrone,1885
50784,2014-12-16,True,True,PB2,1938,T,0.998024640017,0.0,0.0,0.0019753599830000246,mccrone,1938
50784,2014-12-16,True,True,PB2,2145,T,1.0,0.0,0.0,0.0,mccrone,2150
50784,2014-12-16,True,True,PB2,2184,A,0.0,0.0,1.0,0.0,mccrone,2189
50785,2014-12-15,False,False,HA,149,G,0.0,0.0,0.0,1.0,mccrone,199
50785,2014-12-15,False,False,HA,167,G,1.0,0.0,0.0,0.0,mccrone,221
50785,2014-12-15,False,False,HA,290,G,0.997774607703,0.0,0.0022253922970000284,0.0,mccrone,351
50785,2014-12-15,False,False,HA,364,G,0.998680289485,0.0,0.0013197105150000166,0.0,mccrone,425
50785,2014-12-15,False,False,HA,556,A,0.001400887229000003,0.998599112771,0.0,0.0,mccrone,647
50785,2014-12-15,False,False,HA,658,C,0.0,0.0012171294959999468,0.0,0.998782870504,mccrone,749
50785,2014-12-15,False,False,HA,685,T,0.0,0.998830926728,0.0,0.0011690732719999986,mccrone,776
50785,2014-12-15,False,False,HA,869,A,0.0012600806450000501,0.0,0.998739919355,0.0,mccrone,992
50785,2014-12-15,False,False,HA,1466,C,1.0,0.0,0.0,0.0,mccrone,1592
50785,2014-12-15,False,False,MP,265,C,0.0,0.0031763122479999684,0.0,0.996823687752,mccrone,265
50785,2014-12-15,False,False,MP,349,A,0.0,0.0,1.0,0.0,mccrone,349
50785,2014-12-15,False,False,MP,427,A,0.0010192640909999495,0.0,0.998980735909,0.0,mccrone,427
50785,2014-12-15,False,False,MP,549,G,1.0,0.0,0.0,0.0,mccrone,549
50785,2014-12-15,False,False,MP,694,C,0.0,0.0015630141489999527,0.0,0.998436985851,mccrone,694
50785,2014-12-15,False,False,NA,86,T,0.0,1.0,0.0,0.0,mccrone,88
50785,2014-12-15,False,False,NA,103,T,0.0,1.0,0.0,0.0,mccrone,105
50785,2014-12-15,False,False,NA,104,T,0.0,1.0,0.0,0.0,mccrone,106
50785,2014-12-15,False,False,NA,211,A,0.0,0.0,1.0,0.0,mccrone,226
50785,2014-12-15,False,False,NA,223,A,0.0,0.0,1.0,0.0,mccrone,238
50785,2014-12-15,False,False,NA,226,T,0.0,1.0,0.0,0.0,mccrone,241
50785,2014-12-15,False,False,NA,710,A,0.0,0.0,1.0,0.0,mccrone,737
50785,2014-12-15,False,False,NA,819,C,1.0,0.0,0.0,0.0,mccrone,846
50785,2014-12-15,False,False,NA,907,G,0.997894382212,0.0,0.0021056177880000027,0.0,mccrone,934
50785,2014-12-15,False,False,NA,1108,A,0.0,0.0,1.0,0.0,mccrone,1135
50785,2014-12-15,False,False,NA,1157,A,0.0010431879819999823,0.0,0.998956812018,0.0,mccrone,1184
50785,2014-12-15,False,False,NA,1194,C,0.0,0.0009509812400000373,0.0,0.99904901876,mccrone,1221
50785,2014-12-15,False,False,NA,1402,G,1.0,0.0,0.0,0.0,mccrone,1441
50785,2014-12-15,False,False,NP,207,G,0.996828618546,0.0,0.0031713814539999774,0.0,mccrone,207
50785,2014-12-15,False,False,NP,347,G,0.998451053284,0.0,0.0015489467160000325,0.0,mccrone,347
50785,2014-12-15,False,False,NP,606,G,0.99852457917,0.0,0.0014754208299999627,0.0,mccrone,606
50785,2014-12-15,False,False,NP,885,G,1.0,0.0,0.0,0.0,mccrone,885
50785,2014-12-15,False,False,NP,909,G,0.0,0.0,0.0,1.0,mccrone,909
50785,2014-12-15,False,False,NP,918,C,0.0,0.0015322922439999775,0.0,0.998467707756,mccrone,918
50785,2014-12-15,False,False,NP,1002,C,0.0,0.0006390421099999877,0.0,0.99936095789,mccrone,1002
50785,2014-12-15,False,False,NP,1092,A,0.0,0.0,1.0,0.0,mccrone,1092
50785,2014-12-15,False,False,NP,1186,T,0.0,0.999390615478,0.0,0.0006093845219999894,mccrone,1186
50785,2014-12-15,False,False,NP,1188,A,0.0011277380180000351,0.0,0.998872261982,0.0,mccrone,1188
50785,2014-12-15,False,False,NP,1224,G,0.998175632365,0.0,0.001824367635000046,0.0,mccrone,1224
50785,2014-12-15,False,False,NP,1344,G,0.998629063846,0.0,0.0013709361539999687,0.0,mccrone,1344
50785,2014-12-15,False,False,NP,1407,C,1.0,0.0,0.0,0.0,mccrone,1407
50785,2014-12-15,False,False,NS,125,T,0.0,1.0,0.0,0.0,mccrone,125
50785,2014-12-15,False,False,NS,180,T,0.0,1.0,0.0,0.0,mccrone,180
50785,2014-12-15,False,False,NS,246,A,0.0,0.0,1.0,0.0,mccrone,246
50785,2014-12-15,False,False,NS,299,C,0.0,0.0016171417020000023,0.0,0.998382858298,mccrone,299
50785,2014-12-15,False,False,NS,570,G,1.0,0.0,0.0,0.0,mccrone,570
50785,2014-12-15,False,False,NS,744,A,0.0031559963930000157,0.0,0.996844003607,0.0,mccrone,744
50785,2014-12-15,False,False,NS,813,G,1.0,0.0,0.0,0.0,mccrone,813
50785,2014-12-15,False,False,NS,843,C,0.0,0.0,0.0,1.0,mccrone,843
50785,2014-12-15,False,False,PA,153,C,0.0,0.0,1.0,0.0,mccrone,177
50785,2014-12-15,False,False,PA,282,A,0.001513532764000014,0.998486467236,0.0,0.0,mccrone,306
50785,2014-12-15,False,False,PA,501,T,0.0,1.0,0.0,0.0,mccrone,525
50785,2014-12-15,False,False,PA,836,A,0.000936808039999959,0.0,0.99906319196,0.0,mccrone,860
50785,2014-12-15,False,False,PA,858,G,0.99940096701,0.0,0.0005990329899999702,0.0,mccrone,882
50785,2014-12-15,False,False,PA,1001,G,1.0,0.0,0.0,0.0,mccrone,1025
50785,2014-12-15,False,False,PA,1137,G,0.999158046668,0.0,0.0008419533319999895,0.0,mccrone,1161
50785,2014-12-15,False,False,PA,1552,T,0.0,1.0,0.0,0.0,mccrone,1576
50785,2014-12-15,False,False,PA,1578,T,0.0,1.0,0.0,0.0,mccrone,1602
50785,2014-12-15,False,False,PA,1608,C,0.0,0.00059495984000002,0.0,0.99940504016,mccrone,1632
50785,2014-12-15,False,False,PA,2001,G,0.998383084577,0.0,0.0016169154230000204,0.0,mccrone,2025
50785,2014-12-15,False,False,PA,2019,C,1.0,0.0,0.0,0.0,mccrone,2043
50785,2014-12-15,False,False,PA,2049,T,0.0,1.0,0.0,0.0,mccrone,2073
50785,2014-12-15,False,False,PB1,38,C,0.0,0.0,0.0,1.0,mccrone,46
50785,2014-12-15,False,False,PB1,364,A,0.0,0.0,1.0,0.0,mccrone,372
50785,2014-12-15,False,False,PB1,424,T,0.0,1.0,0.0,0.0,mccrone,432
50785,2014-12-15,False,False,PB1,470,A,0.0,0.0,0.0,1.0,mccrone,478
50785,2014-12-15,False,False,PB1,502,A,0.0014642112970000287,0.0,0.998535788703,0.0,mccrone,510
50785,2014-12-15,False,False,PB1,513,A,0.0008434073659999708,0.0,0.0,0.999156592634,mccrone,521
50785,2014-12-15,False,False,PB1,589,G,0.998843809123,0.0,0.0011561908770000295,0.0,mccrone,597
50785,2014-12-15,False,False,PB1,643,G,0.997186327637,0.0,0.0028136723630000082,0.0,mccrone,651
50785,2014-12-15,False,False,PB1,655,C,0.0,0.0,0.0,1.0,mccrone,663
50785,2014-12-15,False,False,PB1,892,C,0.0,0.0,0.0,1.0,mccrone,900
50785,2014-12-15,False,False,PB1,913,C,0.0,0.0006399317409999661,0.0,0.999360068259,mccrone,921
50785,2014-12-15,False,False,PB1,1003,G,1.0,0.0,0.0,0.0,mccrone,1011
50785,2014-12-15,False,False,PB1,1159,T,0.0,1.0,0.0,0.0,mccrone,1167
50785,2014-12-15,False,False,PB1,1345,C,0.0,0.000994452005000035,0.0,0.999005547995,mccrone,1353
50785,2014-12-15,False,False,PB1,1570,T,0.0,0.999261836971,0.0,0.000738163028999983,mccrone,1578
50785,2014-12-15,False,False,PB1,1624,C,0.0,0.0,0.0,1.0,mccrone,1632
50785,2014-12-15,False,False,PB1,1690,A,0.0012000417409999686,0.0,0.998799958259,0.0,mccrone,1698
50785,2014-12-15,False,False,PB1,2074,G,0.997539543058,0.0,0.0024604569420000333,0.0,mccrone,2082
50785,2014-12-15,False,False,PB2,57,G,1.0,0.0,0.0,0.0,mccrone,57
50785,2014-12-15,False,False,PB2,214,G,0.997944803288,0.0,0.0020551967120000514,0.0,mccrone,214
50785,2014-12-15,False,False,PB2,264,C,0.0,0.0012203803520000056,0.0,0.998779619648,mccrone,264
50785,2014-12-15,False,False,PB2,573,A,0.0010362694300000141,0.0,0.99896373057,0.0,mccrone,573
50785,2014-12-15,False,False,PB2,663,G,0.999109736669,0.0,0.0008902633309999519,0.0,mccrone,663
50785,2014-12-15,False,False,PB2,668,A,0.9891485881704,0.0,0.0108514118296,0.0,mccrone,668
50785,2014-12-15,False,False,PB2,705,T,0.0,0.998404594767,0.0,0.0015954052329999469,mccrone,705
50785,2014-12-15,False,False,PB2,777,G,0.998629761579,0.0,0.0013702384210000362,0.0,mccrone,777
50785,2014-12-15,False,False,PB2,801,C,0.0,0.000812930374999965,0.0,0.999187069625,mccrone,801
50785,2014-12-15,False,False,PB2,843,A,0.0008219928760000439,0.0,0.999178007124,0.0,mccrone,843
50785,2014-12-15,False,False,PB2,856,T,0.0,1.0,0.0,0.0,mccrone,856
50785,2014-12-15,False,False,PB2,1059,G,0.0,0.0,0.001099203078000044,0.998900796922,mccrone,1059
50785,2014-12-15,False,False,PB2,1080,A,0.0,0.0,1.0,0.0,mccrone,1080
50785,2014-12-15,False,False,PB2,1281,G,0.00654076702117,0.0,0.99345923297883,0.0,mccrone,1281
50785,2014-12-15,False,False,PB2,1581,T,0.0,1.0,0.0,0.0,mccrone,1581
50785,2014-12-15,False,False,PB2,1602,G,1.0,0.0,0.0,0.0,mccrone,1602
50785,2014-12-15,False,False,PB2,1659,A,0.001206168690999987,0.0,0.998793831309,0.0,mccrone,1659
50785,2014-12-15,False,False,PB2,1662,C,0.0,0.0,0.0,1.0,mccrone,1662
50785,2014-12-15,False,False,PB2,1707,T,0.0,0.999591020631,0.0,0.0004089793689999732,mccrone,1707
50785,2014-12-15,False,False,PB2,1790,T,0.0,0.999044251171,0.0,0.0009557488289999583,mccrone,1790
50785,2014-12-15,False,False,PB2,1818,A,0.0,0.0,1.0,0.0,mccrone,1818
50785,2014-12-15,False,False,PB2,1885,T,0.0,0.998025341451,0.0,0.00197465854900003,mccrone,1885
50785,2014-12-15,False,False,PB2,1938,T,1.0,0.0,0.0,0.0,mccrone,1938
50785,2014-12-15,False,False,PB2,2145,T,1.0,0.0,0.0,0.0,mccrone,2150
50785,2014-12-15,False,False,PB2,2184,A,0.0025641025639999704,0.0,0.997435897436,0.0,mccrone,2189
50785,2014-12-16,True,True,HA,149,G,0.0,0.0,0.0,1.0,mccrone,199
50785,2014-12-16,True,True,HA,167,G,1.0,0.0,0.0,0.0,mccrone,221
50785,2014-12-16,True,True,HA,290,G,0.997622601869,0.0,0.002377398131000019,0.0,mccrone,351
50785,2014-12-16,True,True,HA,364,G,0.998951232302,0.0,0.0010487676979999971,0.0,mccrone,425
50785,2014-12-16,True,True,HA,556,A,0.0010016813940000313,0.998998318606,0.0,0.0,mccrone,647
50785,2014-12-16,True,True,HA,658,C,0.0,0.0011773668540000504,0.0,0.998822633146,mccrone,749
50785,2014-12-16,True,True,HA,685,T,0.0,1.0,0.0,0.0,mccrone,776
50785,2014-12-16,True,True,HA,750,G,0.0151277854554,0.0,0.9848722145446,0.0,mccrone,873
50785,2014-12-16,True,True,HA,869,A,0.0018654185319999517,0.0,0.998134581468,0.0,mccrone,992
50785,2014-12-16,True,True,HA,1466,C,1.0,0.0,0.0,0.0,mccrone,1592
50785,2014-12-16,True,True,MP,265,C,0.0,0.00349194524600005,0.0,0.996508054754,mccrone,265
50785,2014-12-16,True,True,MP,349,A,0.0,0.0,1.0,0.0,mccrone,349
50785,2014-12-16,True,True,MP,427,A,0.0,0.0,1.0,0.0,mccrone,427
50785,2014-12-16,True,True,MP,549,G,0.998588846241,0.0,0.0014111537590000278,0.0,mccrone,549
50785,2014-12-16,True,True,MP,694,C,0.0,0.0011700468019999466,0.0,0.998829953198,mccrone,694
50785,2014-12-16,True,True,NA,86,T,0.0,1.0,0.0,0.0,mccrone,88
50785,2014-12-16,True,True,NA,103,T,0.0,1.0,0.0,0.0,mccrone,105
50785,2014-12-16,True,True,NA,104,T,0.0,1.0,0.0,0.0,mccrone,106
50785,2014-12-16,True,True,NA,211,A,0.0,0.0,1.0,0.0,mccrone,226
50785,2014-12-16,True,True,NA,223,A,0.0,0.0,1.0,0.0,mccrone,238
50785,2014-12-16,True,True,NA,226,T,0.0,1.0,0.0,0.0,mccrone,241
50785,2014-12-16,True,True,NA,710,A,0.0,0.0,1.0,0.0,mccrone,737
50785,2014-12-16,True,True,NA,819,C,1.0,0.0,0.0,0.0,mccrone,846
50785,2014-12-16,True,True,NA,907,G,0.99827336974,0.0,0.0017266302599999728,0.0,mccrone,934
50785,2014-12-16,True,True,NA,1108,A,0.0,0.0,1.0,0.0,mccrone,1135
50785,2014-12-16,True,True,NA,1157,A,0.0,0.0,1.0,0.0,mccrone,1184
50785,2014-12-16,True,True,NA,1194,C,0.0,0.0,0.0,1.0,mccrone,1221
50785,2014-12-16,True,True,NA,1402,G,1.0,0.0,0.0,0.0,mccrone,1441
50785,2014-12-16,True,True,NP,207,G,0.998583970547,0.0,0.0014160294530000117,0.0,mccrone,207
50785,2014-12-16,True,True,NP,347,G,0.998570151921,0.0,0.00142984807900004,0.0,mccrone,347
50785,2014-12-16,True,True,NP,606,G,0.997763506821,0.0,0.0022364931789999876,0.0,mccrone,606
50785,2014-12-16,True,True,NP,783,G,0.00605340567206,0.0,0.99394659432794,0.0,mccrone,783
50785,2014-12-16,True,True,NP,885,G,1.0,0.0,0.0,0.0,mccrone,885
50785,2014-12-16,True,True,NP,909,G,0.0,0.0,0.0,1.0,mccrone,909
50785,2014-12-16,True,True,NP,918,C,0.0,0.0010181225819999584,0.0,0.998981877418,mccrone,918
50785,2014-12-16,True,True,NP,1002,C,0.0,0.0010804781990000345,0.0,0.998919521801,mccrone,1002
50785,2014-12-16,True,True,NP,1092,A,0.0017291282939999597,0.0,0.998270871706,0.0,mccrone,1092
50785,2014-12-16,True,True,NP,1186,T,0.0,1.0,0.0,0.0,mccrone,1186
50785,2014-12-16,True,True,NP,1188,A,0.0,0.0,1.0,0.0,mccrone,1188
50785,2014-12-16,True,True,NP,1224,G,0.997993406908,0.0,0.0020065930920000197,0.0,mccrone,1224
50785,2014-12-16,True,True,NP,1344,G,0.997784971886,0.0,0.002215028113999984,0.0,mccrone,1344
50785,2014-12-16,True,True,NP,1407,C,1.0,0.0,0.0,0.0,mccrone,1407
50785,2014-12-16,True,True,NS,125,T,0.0,1.0,0.0,0.0,mccrone,125
50785,2014-12-16,True,True,NS,180,T,0.0,0.999033971985,0.0,0.0009660280150000089,mccrone,180
50785,2014-12-16,True,True,NS,246,A,0.0,0.0,1.0,0.0,mccrone,246
50785,2014-12-16,True,True,NS,287,G,0.037064665189,0.0,0.962935334811,0.0,mccrone,287
50785,2014-12-16,True,True,NS,299,C,0.0,0.0017996400719999528,0.0,0.998200359928,mccrone,299
50785,2014-12-16,True,True,NS,570,G,1.0,0.0,0.0,0.0,mccrone,570
50785,2014-12-16,True,True,NS,744,A,0.0,0.0,1.0,0.0,mccrone,744
50785,2014-12-16,True,True,NS,813,G,1.0,0.0,0.0,0.0,mccrone,813
50785,2014-12-16,True,True,NS,843,C,0.0,0.0,0.0,1.0,mccrone,843
50785,2014-12-16,True,True,PA,153,C,0.0,0.0,1.0,0.0,mccrone,177
50785,2014-12-16,True,True,PA,282,A,0.0,1.0,0.0,0.0,mccrone,306
50785,2014-12-16,True,True,PA,501,T,0.0,1.0,0.0,0.0,mccrone,525
50785,2014-12-16,True,True,PA,836,A,0.0,0.0,1.0,0.0,mccrone,860
50785,2014-12-16,True,True,PA,858,G,0.998901551558,0.0,0.0010984484420000218,0.0,mccrone,882
50785,2014-12-16,True,True,PA,1001,G,0.999174122505,0.0,0.0008258774949999603,0.0,mccrone,1025
50785,2014-12-16,True,True,PA,1137,G,0.999542828644,0.0,0.0004571713559999857,0.0,mccrone,1161
50785,2014-12-16,True,True,PA,1552,T,0.0,1.0,0.0,0.0,mccrone,1576
50785,2014-12-16,True,True,PA,1578,T,0.0,1.0,0.0,0.0,mccrone,1602
50785,2014-12-16,True,True,PA,1608,C,0.0,0.0008320689149999838,0.0,0.999167931085,mccrone,1632
50785,2014-12-16,True,True,PA,2001,G,0.999148211244,0.0,0.0008517887560000048,0.0,mccrone,2025
50785,2014-12-16,True,True,PA,2019,C,1.0,0.0,0.0,0.0,mccrone,2043
50785,2014-12-16,True,True,PA,2049,T,0.0,1.0,0.0,0.0,mccrone,2073
50785,2014-12-16,True,True,PB1,38,C,0.0,0.0,0.0,1.0,mccrone,46
50785,2014-12-16,True,True,PB1,364,A,0.0,0.0,1.0,0.0,mccrone,372
50785,2014-12-16,True,True,PB1,424,T,0.0,1.0,0.0,0.0,mccrone,432
50785,2014-12-16,True,True,PB1,470,A,0.0,0.0,0.0,1.0,mccrone,478
50785,2014-12-16,True,True,PB1,502,A,0.0,0.0,1.0,0.0,mccrone,510
50785,2014-12-16,True,True,PB1,513,A,0.0,0.0,0.0,1.0,mccrone,521
50785,2014-12-16,True,True,PB1,589,G,1.0,0.0,0.0,0.0,mccrone,597
50785,2014-12-16,True,True,PB1,643,G,0.998293113596,0.0,0.0017068864039999632,0.0,mccrone,651
50785,2014-12-16,True,True,PB1,655,C,0.0,0.0,0.0,1.0,mccrone,663
50785,2014-12-16,True,True,PB1,892,C,0.0,0.0,0.0,1.0,mccrone,900
50785,2014-12-16,True,True,PB1,913,C,0.0,0.0007799758919999622,0.0,0.999220024108,mccrone,921
50785,2014-12-16,True,True,PB1,1003,G,0.99937338996,0.0,0.0006266100399999752,0.0,mccrone,1011
50785,2014-12-16,True,True,PB1,1159,T,0.0,1.0,0.0,0.0,mccrone,1167
50785,2014-12-16,True,True,PB1,1345,C,0.0,0.0018055973520000324,0.0,0.998194402648,mccrone,1353
50785,2014-12-16,True,True,PB1,1570,T,0.0,1.0,0.0,0.0,mccrone,1578
50785,2014-12-16,True,True,PB1,1624,C,0.0,0.0,0.0,1.0,mccrone,1632
50785,2014-12-16,True,True,PB1,1690,A,0.001054333310000044,0.0,0.99894566669,0.0,mccrone,1698
50785,2014-12-16,True,True,PB1,2074,G,1.0,0.0,0.0,0.0,mccrone,2082
50785,2014-12-16,True,True,PB2,57,G,1.0,0.0,0.0,0.0,mccrone,57
50785,2014-12-16,True,True,PB2,214,G,0.998645320197,0.0,0.0013546798029999696,0.0,mccrone,214
50785,2014-12-16,True,True,PB2,264,C,0.0,0.0,0.0,1.0,mccrone,264
50785,2014-12-16,True,True,PB2,573,A,0.0,0.0,1.0,0.0,mccrone,573
50785,2014-12-16,True,True,PB2,663,G,0.998406988695,0.0,0.0015930113050000028,0.0,mccrone,663
50785,2014-12-16,True,True,PB2,705,T,0.0,0.998968646865,0.0,0.0010313531350000238,mccrone,705
50785,2014-12-16,True,True,PB2,777,G,0.998415051894,0.0,0.0015849481059999615,0.0,mccrone,777
50785,2014-12-16,True,True,PB2,801,C,0.0,0.0013615074610000555,0.0,0.998638492539,mccrone,801
50785,2014-12-16,True,True,PB2,843,A,0.0,0.0,1.0,0.0,mccrone,843
50785,2014-12-16,True,True,PB2,856,T,0.0,1.0,0.0,0.0,mccrone,856
50785,2014-12-16,True,True,PB2,1059,G,0.0,0.0,0.0,1.0,mccrone,1059
50785,2014-12-16,True,True,PB2,1080,A,0.002115442732000039,0.0,0.997884557268,0.0,mccrone,1080
50785,2014-12-16,True,True,PB2,1581,T,0.0,1.0,0.0,0.0,mccrone,1581
50785,2014-12-16,True,True,PB2,1602,G,0.999414675677,0.0,0.0005853243229999583,0.0,mccrone,1602
50785,2014-12-16,True,True,PB2,1659,A,0.0,0.0,1.0,0.0,mccrone,1659
50785,2014-12-16,True,True,PB2,1662,C,0.0,0.0,0.0,1.0,mccrone,1662
50785,2014-12-16,True,True,PB2,1707,T,0.0,0.999042718679,0.0,0.0009572813210000364,mccrone,1707
50785,2014-12-16,True,True,PB2,1790,T,0.0,1.0,0.0,0.0,mccrone,1790
50785,2014-12-16,True,True,PB2,1818,A,0.0017450879010000309,0.0,0.998254912099,0.0,mccrone,1818
50785,2014-12-16,True,True,PB2,1885,T,0.0,1.0,0.0,0.0,mccrone,1885
50785,2014-12-16,True,True,PB2,1938,T,0.997963488254,0.0,0.0,0.002036511745999947,mccrone,1938
50785,2014-12-16,True,True,PB2,2145,T,1.0,0.0,0.0,0.0,mccrone,2150
50785,2014-12-16,True,True,PB2,2184,A,0.0,0.0,1.0,0.0,mccrone,2189
50809,2014-12-15,False,False,HA,47,T,0.0,1.0,0.0,0.0,mccrone,56
50809,2014-12-15,False,False,HA,167,G,1.0,0.0,0.0,0.0,mccrone,221
50809,2014-12-15,False,False,HA,204,G,0.997192419533,0.0,0.002807580467000026,0.0,mccrone,265
50809,2014-12-15,False,False,HA,364,G,1.0,0.0,0.0,0.0,mccrone,425
50809,2014-12-15,False,False,HA,481,C,1.0,0.0,0.0,0.0,mccrone,567
50809,2014-12-15,False,False,HA,556,A,0.0,1.0,0.0,0.0,mccrone,647
50809,2014-12-15,False,False,HA,658,C,0.0,0.0011264992380000116,0.0,0.998873500762,mccrone,749
50809,2014-12-15,False,False,HA,685,T,0.0,1.0,0.0,0.0,mccrone,776
50809,2014-12-15,False,False,HA,1466,C,1.0,0.0,0.0,0.0,mccrone,1592
50809,2014-12-15,False,False,MP,349,A,0.0,0.0,1.0,0.0,mccrone,349
50809,2014-12-15,False,False,MP,427,A,0.0,0.0,1.0,0.0,mccrone,427
50809,2014-12-15,False,False,MP,549,G,0.998571088354,0.0,0.0014289116460000084,0.0,mccrone,549
50809,2014-12-15,False,False,MP,694,C,0.0,0.0,0.0,1.0,mccrone,694
50809,2014-12-15,False,False,NA,70,T,0.0,0.996632996633,0.0,0.003367003367000021,mccrone,72
50809,2014-12-15,False,False,NA,103,T,0.0,1.0,0.0,0.0,mccrone,105
50809,2014-12-15,False,False,NA,211,A,0.0,0.0,1.0,0.0,mccrone,226
50809,2014-12-15,False,False,NA,223,A,0.0,0.0,1.0,0.0,mccrone,238
50809,2014-12-15,False,False,NA,226,T,0.0,1.0,0.0,0.0,mccrone,241
50809,2014-12-15,False,False,NA,670,A,0.0020753585760000526,0.0,0.997924641424,0.0,mccrone,697
50809,2014-12-15,False,False,NA,710,A,0.0012040939190000044,0.0,0.998795906081,0.0,mccrone,737
50809,2014-12-15,False,False,NA,819,C,1.0,0.0,0.0,0.0,mccrone,846
50809,2014-12-15,False,False,NA,907,G,0.997411685759,0.0,0.0025883142410000337,0.0,mccrone,934
50809,2014-12-15,False,False,NA,1108,A,0.0,0.0,1.0,0.0,mccrone,1135
50809,2014-12-15,False,False,NA,1157,A,0.0011063695270000506,0.0,0.998893630473,0.0,mccrone,1184
50809,2014-12-15,False,False,NA,1194,C,0.0,0.0,0.0,1.0,mccrone,1221
50809,2014-12-15,False,False,NP,207,G,0.998532550694,0.0,0.0014674493059999572,0.0,mccrone,207
50809,2014-12-15,False,False,NP,347,G,0.998690742458,0.0,0.001309257541999953,0.0,mccrone,347
50809,2014-12-15,False,False,NP,606,G,0.998251870499,0.0,0.0017481295010000064,0.0,mccrone,606
50809,2014-12-15,False,False,NP,885,G,1.0,0.0,0.0,0.0,mccrone,885
50809,2014-12-15,False,False,NP,909,G,0.0,0.0,0.0,1.0,mccrone,909
50809,2014-12-15,False,False,NP,918,C,0.0,0.0008053785280000003,0.0,0.999194621472,mccrone,918
50809,2014-12-15,False,False,NP,1002,C,0.0,0.0,0.0,1.0,mccrone,1002
50809,2014-12-15,False,False,NP,1092,A,0.002578877382000022,0.0,0.997421122618,0.0,mccrone,1092
50809,2014-12-15,False,False,NP,1093,A,0.0022799999999999487,0.0,0.99772,0.0,mccrone,1093
50809,2014-12-15,False,False,NP,1186,T,0.0,1.0,0.0,0.0,mccrone,1186
50809,2014-12-15,False,False,NP,1188,A,0.0,0.0,1.0,0.0,mccrone,1188
50809,2014-12-15,False,False,NP,1224,G,0.998277571898,0.0,0.001722428101999962,0.0,mccrone,1224
50809,2014-12-15,False,False,NP,1407,C,1.0,0.0,0.0,0.0,mccrone,1407
50809,2014-12-15,False,False,NP,1427,G,1.0,0.0,0.0,0.0,mccrone,1427
50809,2014-12-15,False,False,NS,125,T,0.0,1.0,0.0,0.0,mccrone,125
50809,2014-12-15,False,False,NS,180,T,0.0,1.0,0.0,0.0,mccrone,180
50809,2014-12-15,False,False,NS,246,A,0.0,0.0,1.0,0.0,mccrone,246
50809,2014-12-15,False,False,NS,299,C,0.0,0.0011604966930000016,0.0,0.998839503307,mccrone,299
50809,2014-12-15,False,False,NS,570,G,1.0,0.0,0.0,0.0,mccrone,570
50809,2014-12-15,False,False,NS,578,A,0.0017354654769999867,0.0,0.998264534523,0.0,mccrone,578
50809,2014-12-15,False,False,NS,744,A,0.004441976680000015,0.0,0.99555802332,0.0,mccrone,744
50809,2014-12-15,False,False,NS,813,G,1.0,0.0,0.0,0.0,mccrone,813
50809,2014-12-15,False,False,NS,843,C,0.0,0.0,0.0,1.0,mccrone,843
50809,2014-12-15,False,False,PA,153,C,0.0,0.0,1.0,0.0,mccrone,177
50809,2014-12-15,False,False,PA,282,A,0.0,1.0,0.0,0.0,mccrone,306
50809,2014-12-15,False,False,PA,501,T,0.0,0.998974779578,0.0,0.0010252204220000394,mccrone,525
50809,2014-12-15,False,False,PA,669,C,0.0,0.0012559892079999635,0.0,0.998744010792,mccrone,693
50809,2014-12-15,False,False,PA,836,A,0.0,0.0,1.0,0.0,mccrone,860
50809,2014-12-15,False,False,PA,858,G,0.997933793467,0.0,0.002066206533000048,0.0,mccrone,882
50809,2014-12-15,False,False,PA,1001,G,0.99864064898,0.0,0.0013593510199999548,0.0,mccrone,1025
50809,2014-12-15,False,False,PA,1137,G,1.0,0.0,0.0,0.0,mccrone,1161
50809,2014-12-15,False,False,PA,1293,G,0.998492134648,0.0,0.0015078653519999818,0.0,mccrone,1317
50809,2014-12-15,False,False,PA,1422,T,0.0,0.998374390396,0.0,0.0016256096040000445,mccrone,1446
50809,2014-12-15,False,False,PA,1552,T,0.0,1.0,0.0,0.0,mccrone,1576
50809,2014-12-15,False,False,PA,1578,T,0.0,1.0,0.0,0.0,mccrone,1602
50809,2014-12-15,False,False,PA,1608,C,0.0,0.0,0.0,1.0,mccrone,1632
50809,2014-12-15,False,False,PA,1980,A,0.0025569760979999856,0.0,0.997443023902,0.0,mccrone,2004
50809,2014-12-15,False,False,PA,2001,G,1.0,0.0,0.0,0.0,mccrone,2025
50809,2014-12-15,False,False,PA,2004,G,1.0,0.0,0.0,0.0,mccrone,2028
50809,2014-12-15,False,False,PA,2049,T,0.0,1.0,0.0,0.0,mccrone,2073
50809,2014-12-15,False,False,PB1,364,A,0.0,0.0,1.0,0.0,mccrone,372
50809,2014-12-15,False,False,PB1,424,T,0.0,1.0,0.0,0.0,mccrone,432
50809,2014-12-15,False,False,PB1,470,A,0.0,0.0,0.0,1.0,mccrone,478
50809,2014-12-15,False,False,PB1,502,A,0.0,0.0,1.0,0.0,mccrone,510
50809,2014-12-15,False,False,PB1,513,A,0.0,0.0,0.0,1.0,mccrone,521
50809,2014-12-15,False,False,PB1,589,G,1.0,0.0,0.0,0.0,mccrone,597
50809,2014-12-15,False,False,PB1,614,G,0.998239533476,0.0,0.0017604665239999706,0.0,mccrone,622
50809,2014-12-15,False,False,PB1,643,G,0.997753670831,0.0,0.0022463291690000275,0.0,mccrone,651
50809,2014-12-15,False,False,PB1,655,C,0.0,0.0004972100989999451,0.0,0.999502789901,mccrone,663
50809,2014-12-15,False,False,PB1,751,G,0.0,0.0,0.0012609649120000066,0.998739035088,mccrone,759
50809,2014-12-15,False,False,PB1,892,C,0.0,0.0006401303540000125,0.0,0.999359869646,mccrone,900
50809,2014-12-15,False,False,PB1,913,C,0.0,0.0,0.0,1.0,mccrone,921
50809,2014-12-15,False,False,PB1,1003,G,0.999029680365,0.0,0.0009703196350000498,0.0,mccrone,1011
50809,2014-12-15,False,False,PB1,1159,T,0.0,1.0,0.0,0.0,mccrone,1167
50809,2014-12-15,False,False,PB1,1570,T,0.0,0.99930927301,0.0,0.0006907269899999458,mccrone,1578
50809,2014-12-15,False,False,PB1,1573,G,0.0057083709101,0.0,0.9942916290899,0.0,mccrone,1581
50809,2014-12-15,False,False,PB1,1624,C,0.0,0.0,0.0,1.0,mccrone,1632
50809,2014-12-15,False,False,PB1,1690,A,0.0,0.0,1.0,0.0,mccrone,1698
50809,2014-12-15,False,False,PB1,1906,C,0.999247039496,0.0007529605039999776,0.0,0.0,mccrone,1914
50809,2014-12-15,False,False,PB1,1996,T,0.0,1.0,0.0,0.0,mccrone,2004
50809,2014-12-15,False,False,PB1,2074,G,1.0,0.0,0.0,0.0,mccrone,2082
50809,2014-12-15,False,False,PB2,57,G,1.0,0.0,0.0,0.0,mccrone,57
50809,2014-12-15,False,False,PB2,214,G,1.0,0.0,0.0,0.0,mccrone,214
50809,2014-12-15,False,False,PB2,244,C,0.997836538462,0.0021634615379999556,0.0,0.0,mccrone,244
50809,2014-12-15,False,False,PB2,264,C,0.0,0.0008579088469999885,0.0,0.999142091153,mccrone,264
50809,2014-12-15,False,False,PB2,573,A,0.0007952738009999738,0.0,0.999204726199,0.0,mccrone,573
50809,2014-12-15,False,False,PB2,843,A,0.0006345797129999609,0.0,0.999365420287,0.0,mccrone,843
50809,2014-12-15,False,False,PB2,856,T,0.0,0.999009655855,0.0,0.0009903441449999884,mccrone,856
50809,2014-12-15,False,False,PB2,868,T,0.0,0.99925276477,0.0,0.0007472352299999763,mccrone,868
50809,2014-12-15,False,False,PB2,981,A,0.0020674070870000394,0.0,0.997932592913,0.0,mccrone,981
50809,2014-12-15,False,False,PB2,1059,G,0.0,0.0,0.0,1.0,mccrone,1059
50809,2014-12-15,False,False,PB2,1558,G,1.0,0.0,0.0,0.0,mccrone,1558
50809,2014-12-15,False,False,PB2,1581,T,0.0,0.997943998434,0.0,0.002056001566000054,mccrone,1581
50809,2014-12-15,False,False,PB2,1602,G,1.0,0.0,0.0,0.0,mccrone,1602
50809,2014-12-15,False,False,PB2,1659,A,0.0008461827750000372,0.0,0.999153817225,0.0,mccrone,1659
50809,2014-12-15,False,False,PB2,1662,C,0.0,0.0009944123499999735,0.0,0.99900558765,mccrone,1662
50809,2014-12-15,False,False,PB2,1707,T,0.0,1.0,0.0,0.0,mccrone,1707
50809,2014-12-15,False,False,PB2,1790,T,0.0,1.0,0.0,0.0,mccrone,1790
50809,2014-12-15,False,False,PB2,1885,T,0.0,1.0,0.0,0.0,mccrone,1885
50809,2014-12-15,False,False,PB2,2145,T,1.0,0.0,0.0,0.0,mccrone,2150
50809,2014-12-15,False,False,PB2,2184,A,0.0,0.0,1.0,0.0,mccrone,2189
50809,2014-12-16,True,True,HA,47,T,0.0,1.0,0.0,0.0,mccrone,56
50809,2014-12-16,True,True,HA,167,G,1.0,0.0,0.0,0.0,mccrone,221
50809,2014-12-16,True,True,HA,204,G,1.0,0.0,0.0,0.0,mccrone,265
50809,2014-12-16,True,True,HA,364,G,1.0,0.0,0.0,0.0,mccrone,425
50809,2014-12-16,True,True,HA,481,C,1.0,0.0,0.0,0.0,mccrone,567
50809,2014-12-16,True,True,HA,556,A,0.0,1.0,0.0,0.0,mccrone,647
50809,2014-12-16,True,True,HA,658,C,0.0,0.0014293882220000054,0.0,0.998570611778,mccrone,749
50809,2014-12-16,True,True,HA,685,T,0.0,1.0,0.0,0.0,mccrone,776
50809,2014-12-16,True,True,HA,1466,C,1.0,0.0,0.0,0.0,mccrone,1592
50809,2014-12-16,True,True,MP,349,A,0.0,0.0,1.0,0.0,mccrone,349
50809,2014-12-16,True,True,MP,427,A,0.0,0.0,1.0,0.0,mccrone,427
50809,2014-12-16,True,True,MP,549,G,0.998201712173,0.0,0.001798287826999978,0.0,mccrone,549
50809,2014-12-16,True,True,MP,694,C,0.0,0.0,0.0,1.0,mccrone,694
50809,2014-12-16,True,True,NA,70,T,0.0,1.0,0.0,0.0,mccrone,72
50809,2014-12-16,True,True,NA,103,T,0.0,1.0,0.0,0.0,mccrone,105
50809,2014-12-16,True,True,NA,211,A,0.0,0.0,1.0,0.0,mccrone,226
50809,2014-12-16,True,True,NA,223,A,0.0,0.0,1.0,0.0,mccrone,238
50809,2014-12-16,True,True,NA,226,T,0.0,1.0,0.0,0.0,mccrone,241
50809,2014-12-16,True,True,NA,670,A,0.0,0.0,1.0,0.0,mccrone,697
50809,2014-12-16,True,True,NA,710,A,0.0,0.0,1.0,0.0,mccrone,737
50809,2014-12-16,True,True,NA,819,C,1.0,0.0,0.0,0.0,mccrone,846
50809,2014-12-16,True,True,NA,907,G,0.997655167513,0.0,0.002344832487000015,0.0,mccrone,934
50809,2014-12-16,True,True,NA,1108,A,0.0,0.0,1.0,0.0,mccrone,1135
50809,2014-12-16,True,True,NA,1157,A,0.0014430014430000249,0.0,0.998556998557,0.0,mccrone,1184
50809,2014-12-16,True,True,NA,1194,C,0.0,0.0,0.0,1.0,mccrone,1221
50809,2014-12-16,True,True,NP,207,G,0.996755002704,0.0,0.0032449972960000295,0.0,mccrone,207
50809,2014-12-16,True,True,NP,295,A,0.9717389027841,0.0,0.0282610972159,0.0,mccrone,295
50809,2014-12-16,True,True,NP,347,G,0.997919155331,0.0,0.002080844669000048,0.0,mccrone,347
50809,2014-12-16,True,True,NP,606,G,0.998107877625,0.0,0.0018921223750000271,0.0,mccrone,606
50809,2014-12-16,True,True,NP,885,G,0.999378025366,0.0,0.0006219746340000443,0.0,mccrone,885
50809,2014-12-16,True,True,NP,909,G,0.0,0.0,0.0,1.0,mccrone,909
50809,2014-12-16,True,True,NP,918,C,0.0,0.0,0.0,1.0,mccrone,918
50809,2014-12-16,True,True,NP,1002,C,0.0,0.0014646006030000214,0.0,0.998535399397,mccrone,1002
50809,2014-12-16,True,True,NP,1092,A,0.0,0.0,1.0,0.0,mccrone,1092
50809,2014-12-16,True,True,NP,1093,A,0.0019884480640000035,0.0,0.998011551936,0.0,mccrone,1093
50809,2014-12-16,True,True,NP,1186,T,0.0,1.0,0.0,0.0,mccrone,1186
50809,2014-12-16,True,True,NP,1188,A,0.0,0.0,1.0,0.0,mccrone,1188
50809,2014-12-16,True,True,NP,1224,G,0.997761741211,0.0,0.0022382587889999694,0.0,mccrone,1224
50809,2014-12-16,True,True,NP,1407,C,1.0,0.0,0.0,0.0,mccrone,1407
50809,2014-12-16,True,True,NP,1427,G,1.0,0.0,0.0,0.0,mccrone,1427
50809,2014-12-16,True,True,NS,125,T,0.0,1.0,0.0,0.0,mccrone,125
50809,2014-12-16,True,True,NS,180,T,0.0,1.0,0.0,0.0,mccrone,180
50809,2014-12-16,True,True,NS,246,A,0.0,0.0,1.0,0.0,mccrone,246
50809,2014-12-16,True,True,NS,299,C,0.0,0.001836913984999966,0.0,0.998163086015,mccrone,299
50809,2014-12-16,True,True,NS,570,G,1.0,0.0,0.0,0.0,mccrone,570
50809,2014-12-16,True,True,NS,578,A,0.001633719979999948,0.0,0.99836628002,0.0,mccrone,578
50809,2014-12-16,True,True,NS,744,A,0.0,0.0,1.0,0.0,mccrone,744
50809,2014-12-16,True,True,NS,813,G,1.0,0.0,0.0,0.0,mccrone,813
50809,2014-12-16,True,True,NS,843,C,0.0,0.0,0.0,1.0,mccrone,843
50809,2014-12-16,True,True,PA,153,C,0.0,0.0,1.0,0.0,mccrone,177
50809,2014-12-16,True,True,PA,282,A,0.0,1.0,0.0,0.0,mccrone,306
50809,2014-12-16,True,True,PA,486,G,0.0199604036243,0.0,0.9800395963757,0.0,mccrone,510
50809,2014-12-16,True,True,PA,501,T,0.0,1.0,0.0,0.0,mccrone,525
50809,2014-12-16,True,True,PA,669,C,0.0,0.0010743382369999832,0.0,0.998925661763,mccrone,693
50809,2014-12-16,True,True,PA,836,A,0.0,0.0,1.0,0.0,mccrone,860
50809,2014-12-16,True,True,PA,858,G,0.998283465033,0.0,0.0017165349669999719,0.0,mccrone,882
50809,2014-12-16,True,True,PA,1001,G,0.998840478882,0.0,0.0011595211179999954,0.0,mccrone,1025
50809,2014-12-16,True,True,PA,1137,G,1.0,0.0,0.0,0.0,mccrone,1161
50809,2014-12-16,True,True,PA,1293,G,0.998870566975,0.0,0.001129433025000015,0.0,mccrone,1317
50809,2014-12-16,True,True,PA,1422,T,0.0,0.997659381492,0.0,0.0023406185080000474,mccrone,1446
50809,2014-12-16,True,True,PA,1450,A,0.9866396897817,0.0,0.0133603102183,0.0,mccrone,1474
50809,2014-12-16,True,True,PA,1552,T,0.0,1.0,0.0,0.0,mccrone,1576
50809,2014-12-16,True,True,PA,1578,T,0.0,1.0,0.0,0.0,mccrone,1602
50809,2014-12-16,True,True,PA,1608,C,0.0,0.005555896616999956,0.0,0.994444103383,mccrone,1632
50809,2014-12-16,True,True,PA,1980,A,0.0,0.0,1.0,0.0,mccrone,2004
50809,2014-12-16,True,True,PA,2001,G,1.0,0.0,0.0,0.0,mccrone,2025
50809,2014-12-16,True,True,PA,2004,G,1.0,0.0,0.0,0.0,mccrone,2028
50809,2014-12-16,True,True,PA,2049,T,0.0,1.0,0.0,0.0,mccrone,2073
50809,2014-12-16,True,True,PB1,364,A,0.0,0.0,1.0,0.0,mccrone,372
50809,2014-12-16,True,True,PB1,424,T,0.0,1.0,0.0,0.0,mccrone,432
50809,2014-12-16,True,True,PB1,470,A,0.0,0.0,0.0,1.0,mccrone,478
50809,2014-12-16,True,True,PB1,502,A,0.0,0.0,1.0,0.0,mccrone,510
50809,2014-12-16,True,True,PB1,513,A,0.0,0.0,0.0,1.0,mccrone,521
50809,2014-12-16,True,True,PB1,589,G,1.0,0.0,0.0,0.0,mccrone,597
50809,2014-12-16,True,True,PB1,614,G,0.99806891329,0.0,0.001931086709999974,0.0,mccrone,622
50809,2014-12-16,True,True,PB1,643,G,0.998042242385,0.0,0.0019577576150000553,0.0,mccrone,651
50809,2014-12-16,True,True,PB1,655,C,0.0,0.0,0.0,1.0,mccrone,663
50809,2014-12-16,True,True,PB1,751,G,0.0,0.0,0.0009789716879999855,0.999021028312,mccrone,759
50809,2014-12-16,True,True,PB1,892,C,0.0,0.0,0.0,1.0,mccrone,900
50809,2014-12-16,True,True,PB1,913,C,0.0,0.0,0.0,1.0,mccrone,921
50809,2014-12-16,True,True,PB1,1003,G,0.999447230229,0.0,0.0005527697710000501,0.0,mccrone,1011
50809,2014-12-16,True,True,PB1,1159,T,0.0,1.0,0.0,0.0,mccrone,1167
50809,2014-12-16,True,True,PB1,1570,T,0.0,1.0,0.0,0.0,mccrone,1578
50809,2014-12-16,True,True,PB1,1573,G,0.00625106091445,0.0,0.99374893908555,0.0,mccrone,1581
50809,2014-12-16,True,True,PB1,1624,C,0.0,0.0,0.0,1.0,mccrone,1632
50809,2014-12-16,True,True,PB1,1690,A,0.0,0.0,1.0,0.0,mccrone,1698
50809,2014-12-16,True,True,PB1,1906,C,0.998982410234,0.001017589765999971,0.0,0.0,mccrone,1914
50809,2014-12-16,True,True,PB1,1996,T,0.0,1.0,0.0,0.0,mccrone,2004
50809,2014-12-16,True,True,PB1,2074,G,0.998144384554,0.0,0.0018556154459999918,0.0,mccrone,2082
50809,2014-12-16,True,True,PB2,57,G,1.0,0.0,0.0,0.0,mccrone,57
50809,2014-12-16,True,True,PB2,214,G,1.0,0.0,0.0,0.0,mccrone,214
50809,2014-12-16,True,True,PB2,244,C,1.0,0.0,0.0,0.0,mccrone,244
50809,2014-12-16,True,True,PB2,264,C,0.0,0.0,0.0,1.0,mccrone,264
50809,2014-12-16,True,True,PB2,573,A,0.0,0.0,1.0,0.0,mccrone,573
50809,2014-12-16,True,True,PB2,843,A,0.0,0.0,1.0,0.0,mccrone,843
50809,2014-12-16,True,True,PB2,856,T,0.0,1.0,0.0,0.0,mccrone,856
50809,2014-12-16,True,True,PB2,868,T,0.0,0.999043630248,0.0,0.0009563697519999748,mccrone,868
50809,2014-12-16,True,True,PB2,981,A,0.0,0.0,1.0,0.0,mccrone,981
50809,2014-12-16,True,True,PB2,1059,G,0.0,0.0,0.0,1.0,mccrone,1059
50809,2014-12-16,True,True,PB2,1558,G,0.999216147364,0.0,0.0007838526360000042,0.0,mccrone,1558
50809,2014-12-16,True,True,PB2,1581,T,0.0,1.0,0.0,0.0,mccrone,1581
50809,2014-12-16,True,True,PB2,1602,G,0.999071925754,0.0,0.0009280742460000546,0.0,mccrone,1602
50809,2014-12-16,True,True,PB2,1659,A,0.0,0.0,1.0,0.0,mccrone,1659
50809,2014-12-16,True,True,PB2,1662,C,0.0,0.0,0.0,1.0,mccrone,1662
50809,2014-12-16,True,True,PB2,1707,T,0.0,1.0,0.0,0.0,mccrone,1707
50809,2014-12-16,True,True,PB2,1790,T,0.0,1.0,0.0,0.0,mccrone,1790
50809,2014-12-16,True,True,PB2,1885,T,0.0,1.0,0.0,0.0,mccrone,1885
50809,2014-12-16,True,True,PB2,2145,T,1.0,0.0,0.0,0.0,mccrone,2150
50809,2014-12-16,True,True,PB2,2184,A,0.0,0.0,1.0,0.0,mccrone,2189
50812,2014-12-10,False,True,HA,47,T,0.0,1.0,0.0,0.0,mccrone,56
50812,2014-12-10,False,True,HA,167,G,1.0,0.0,0.0,0.0,mccrone,221
50812,2014-12-10,False,True,HA,204,G,0.99726289859,0.0,0.0027371014100000535,0.0,mccrone,265
50812,2014-12-10,False,True,HA,364,G,1.0,0.0,0.0,0.0,mccrone,425
50812,2014-12-10,False,True,HA,481,C,1.0,0.0,0.0,0.0,mccrone,567
50812,2014-12-10,False,True,HA,556,A,0.0,1.0,0.0,0.0,mccrone,647
50812,2014-12-10,False,True,HA,658,C,0.0,0.0014514859280000403,0.0,0.998548514072,mccrone,749
50812,2014-12-10,False,True,HA,685,T,0.0,1.0,0.0,0.0,mccrone,776
50812,2014-12-10,False,True,HA,1466,C,1.0,0.0,0.0,0.0,mccrone,1592
50812,2014-12-10,False,True,MP,349,A,0.0,0.0,1.0,0.0,mccrone,349
50812,2014-12-10,False,True,MP,427,A,0.0,0.0,1.0,0.0,mccrone,427
50812,2014-12-10,False,True,MP,549,G,0.998462451446,0.0,0.0015375485540000122,0.0,mccrone,549
50812,2014-12-10,False,True,MP,694,C,0.0,0.0,0.0,1.0,mccrone,694
50812,2014-12-10,False,True,NA,70,T,0.0,1.0,0.0,0.0,mccrone,72
50812,2014-12-10,False,True,NA,103,T,0.0,1.0,0.0,0.0,mccrone,105
50812,2014-12-10,False,True,NA,211,A,0.0,0.0,1.0,0.0,mccrone,226
50812,2014-12-10,False,True,NA,223,A,0.0,0.0,1.0,0.0,mccrone,238
50812,2014-12-10,False,True,NA,226,T,0.0,1.0,0.0,0.0,mccrone,241
50812,2014-12-10,False,True,NA,670,A,0.0015583711629999497,0.0,0.998441628837,0.0,mccrone,697
50812,2014-12-10,False,True,NA,710,A,0.0,0.0,1.0,0.0,mccrone,737
50812,2014-12-10,False,True,NA,819,C,1.0,0.0,0.0,0.0,mccrone,846
50812,2014-12-10,False,True,NA,907,G,0.997597242052,0.0,0.002402757948000045,0.0,mccrone,934
50812,2014-12-10,False,True,NA,1108,A,0.0,0.0,1.0,0.0,mccrone,1135
50812,2014-12-10,False,True,NA,1157,A,0.0,0.0,1.0,0.0,mccrone,1184
50812,2014-12-10,False,True,NA,1194,C,0.0,0.0,0.0,1.0,mccrone,1221
50812,2014-12-10,False,True,NP,207,G,0.997206947718,0.0,0.002793052281999997,0.0,mccrone,207
50812,2014-12-10,False,True,NP,347,G,1.0,0.0,0.0,0.0,mccrone,347
50812,2014-12-10,False,True,NP,606,G,0.998099311,0.0,0.0019006889999999554,0.0,mccrone,606
50812,2014-12-10,False,True,NP,885,G,0.999165929483,0.0,0.0008340705170000184,0.0,mccrone,885
50812,2014-12-10,False,True,NP,909,G,0.0,0.0,0.0,1.0,mccrone,909
50812,2014-12-10,False,True,NP,918,C,0.0,0.0,0.0,1.0,mccrone,918
50812,2014-12-10,False,True,NP,1002,C,0.0,0.0,0.0,1.0,mccrone,1002
50812,2014-12-10,False,True,NP,1092,A,0.0,0.0,1.0,0.0,mccrone,1092
50812,2014-12-10,False,True,NP,1093,A,0.0,0.0,1.0,0.0,mccrone,1093
50812,2014-12-10,False,True,NP,1186,T,0.0,1.0,0.0,0.0,mccrone,1186
50812,2014-12-10,False,True,NP,1188,A,0.0,0.0,1.0,0.0,mccrone,1188
50812,2014-12-10,False,True,NP,1224,G,0.996531336224,0.0,0.0034686637759999694,0.0,mccrone,1224
50812,2014-12-10,False,True,NP,1407,C,1.0,0.0,0.0,0.0,mccrone,1407
50812,2014-12-10,False,True,NP,1427,G,1.0,0.0,0.0,0.0,mccrone,1427
50812,2014-12-10,False,True,NS,125,T,0.0,1.0,0.0,0.0,mccrone,125
50812,2014-12-10,False,True,NS,180,T,0.0,1.0,0.0,0.0,mccrone,180
50812,2014-12-10,False,True,NS,246,A,0.0015272661940000098,0.0,0.998472733806,0.0,mccrone,246
50812,2014-12-10,False,True,NS,299,C,0.0,0.001645187825999983,0.0,0.998354812174,mccrone,299
50812,2014-12-10,False,True,NS,570,G,1.0,0.0,0.0,0.0,mccrone,570
50812,2014-12-10,False,True,NS,578,A,0.0,0.0,1.0,0.0,mccrone,578
50812,2014-12-10,False,True,NS,744,A,0.0,0.0,1.0,0.0,mccrone,744
50812,2014-12-10,False,True,NS,813,G,1.0,0.0,0.0,0.0,mccrone,813
50812,2014-12-10,False,True,NS,843,C,0.0,0.0,0.0,1.0,mccrone,843
50812,2014-12-10,False,True,PA,153,C,0.0,0.0,1.0,0.0,mccrone,177
50812,2014-12-10,False,True,PA,282,A,0.0,1.0,0.0,0.0,mccrone,306
50812,2014-12-10,False,True,PA,501,T,0.0,1.0,0.0,0.0,mccrone,525
50812,2014-12-10,False,True,PA,669,C,0.0,0.0017400382810000004,0.0,0.998259961719,mccrone,693
50812,2014-12-10,False,True,PA,836,A,0.0,0.0,1.0,0.0,mccrone,860
50812,2014-12-10,False,True,PA,858,G,0.998834983773,0.0,0.0011650162270000486,0.0,mccrone,882
50812,2014-12-10,False,True,PA,1001,G,0.99898680103,0.0,0.0010131989699999622,0.0,mccrone,1025
50812,2014-12-10,False,True,PA,1137,G,1.0,0.0,0.0,0.0,mccrone,1161
50812,2014-12-10,False,True,PA,1293,G,0.998445665282,0.0,0.0015543347180000389,0.0,mccrone,1317
50812,2014-12-10,False,True,PA,1422,T,0.0,1.0,0.0,0.0,mccrone,1446
50812,2014-12-10,False,True,PA,1552,T,0.0,1.0,0.0,0.0,mccrone,1576
50812,2014-12-10,False,True,PA,1578,T,0.0,1.0,0.0,0.0,mccrone,1602
50812,2014-12-10,False,True,PA,1608,C,0.0,0.0,0.0,1.0,mccrone,1632
50812,2014-12-10,False,True,PA,1980,A,0.0,0.0,1.0,0.0,mccrone,2004
50812,2014-12-10,False,True,PA,2001,G,1.0,0.0,0.0,0.0,mccrone,2025
50812,2014-12-10,False,True,PA,2004,G,1.0,0.0,0.0,0.0,mccrone,2028
50812,2014-12-10,False,True,PA,2049,T,0.0,1.0,0.0,0.0,mccrone,2073
50812,2014-12-10,False,True,PB1,364,A,0.0,0.0,1.0,0.0,mccrone,372
50812,2014-12-10,False,True,PB1,424,T,0.0,1.0,0.0,0.0,mccrone,432
50812,2014-12-10,False,True,PB1,463,C,0.0,0.9131605520027,0.0,0.0868394479973,mccrone,471
50812,2014-12-10,False,True,PB1,470,A,0.0,0.0,0.0,1.0,mccrone,478
50812,2014-12-10,False,True,PB1,502,A,0.0,0.0,1.0,0.0,mccrone,510
50812,2014-12-10,False,True,PB1,513,A,0.0,0.0,0.0,1.0,mccrone,521
50812,2014-12-10,False,True,PB1,589,G,1.0,0.0,0.0,0.0,mccrone,597
50812,2014-12-10,False,True,PB1,614,G,0.997859359949,0.0,0.002140640051000009,0.0,mccrone,622
50812,2014-12-10,False,True,PB1,643,G,0.99802955665,0.0,0.001970443349999962,0.0,mccrone,651
50812,2014-12-10,False,True,PB1,655,C,0.0,0.0,0.0,1.0,mccrone,663
50812,2014-12-10,False,True,PB1,751,G,0.0,0.0,0.0014972666179999816,0.998502733382,mccrone,759
50812,2014-12-10,False,True,PB1,892,C,0.0,0.0,0.0,1.0,mccrone,900
50812,2014-12-10,False,True,PB1,913,C,0.0,0.0011624220649999462,0.0,0.998837577935,mccrone,921
50812,2014-12-10,False,True,PB1,1003,G,0.999085730361,0.0,0.0009142696389999871,0.0,mccrone,1011
50812,2014-12-10,False,True,PB1,1159,T,0.0,1.0,0.0,0.0,mccrone,1167
50812,2014-12-10,False,True,PB1,1204,A,0.9754372016897,0.0,0.0245627983103,0.0,mccrone,1212
50812,2014-12-10,False,True,PB1,1570,T,0.0,1.0,0.0,0.0,mccrone,1578
50812,2014-12-10,False,True,PB1,1624,C,0.0,0.0,0.0,1.0,mccrone,1632
50812,2014-12-10,False,True,PB1,1690,A,0.0,0.0,1.0,0.0,mccrone,1698
50812,2014-12-10,False,True,PB1,1906,C,1.0,0.0,0.0,0.0,mccrone,1914
50812,2014-12-10,False,True,PB1,1996,T,0.0,0.997059821328,0.0,0.0029401786720000267,mccrone,2004
50812,2014-12-10,False,True,PB1,2074,G,1.0,0.0,0.0,0.0,mccrone,2082
50812,2014-12-10,False,True,PB2,57,G,1.0,0.0,0.0,0.0,mccrone,57
50812,2014-12-10,False,True,PB2,214,G,1.0,0.0,0.0,0.0,mccrone,214
50812,2014-12-10,False,True,PB2,244,C,0.995852187029,0.004147812970999976,0.0,0.0,mccrone,244
50812,2014-12-10,False,True,PB2,264,C,0.0,0.0,0.0,1.0,mccrone,264
50812,2014-12-10,False,True,PB2,573,A,0.0,0.0,1.0,0.0,mccrone,573
50812,2014-12-10,False,True,PB2,843,A,0.0,0.0,1.0,0.0,mccrone,843
50812,2014-12-10,False,True,PB2,856,T,0.0,1.0,0.0,0.0,mccrone,856
50812,2014-12-10,False,True,PB2,868,T,0.0,0.999058960963,0.0,0.0009410390370000465,mccrone,868
50812,2014-12-10,False,True,PB2,981,A,0.0014567103679999915,0.0,0.998543289632,0.0,mccrone,981
50812,2014-12-10,False,True,PB2,1059,G,0.0,0.0,0.0,1.0,mccrone,1059
50812,2014-12-10,False,True,PB2,1558,G,0.99848076148,0.0,0.0015192385200000214,0.0,mccrone,1558
50812,2014-12-10,False,True,PB2,1581,T,0.0,1.0,0.0,0.0,mccrone,1581
50812,2014-12-10,False,True,PB2,1602,G,1.0,0.0,0.0,0.0,mccrone,1602
50812,2014-12-10,False,True,PB2,1659,A,0.0,0.0,1.0,0.0,mccrone,1659
50812,2014-12-10,False,True,PB2,1662,C,0.0,0.001490927546999976,0.0,0.998509072453,mccrone,1662
50812,2014-12-10,False,True,PB2,1707,T,0.0,1.0,0.0,0.0,mccrone,1707
50812,2014-12-10,False,True,PB2,1790,T,0.0,1.0,0.0,0.0,mccrone,1790
50812,2014-12-10,False,True,PB2,1885,T,0.0,1.0,0.0,0.0,mccrone,1885
50812,2014-12-10,False,True,PB2,2145,T,1.0,0.0,0.0,0.0,mccrone,2150
50812,2014-12-10,False,True,PB2,2184,A,0.0,0.0,1.0,0.0,mccrone,2189
50812,2014-12-11,True,True,HA,47,T,0.0,1.0,0.0,0.0,mccrone,56
50812,2014-12-11,True,True,HA,167,G,1.0,0.0,0.0,0.0,mccrone,221
50812,2014-12-11,True,True,HA,204,G,0.99702300406,0.0,0.0029769959400000046,0.0,mccrone,265
50812,2014-12-11,True,True,HA,364,G,0.999178981938,0.0,0.0008210180619999674,0.0,mccrone,425
50812,2014-12-11,True,True,HA,481,C,0.998788958148,0.0012110418520000499,0.0,0.0,mccrone,567
50812,2014-12-11,True,True,HA,556,A,0.0,1.0,0.0,0.0,mccrone,647
50812,2014-12-11,True,True,HA,658,C,0.0,0.0008772499839999615,0.0,0.999122750016,mccrone,749
50812,2014-12-11,True,True,HA,685,T,0.0,1.0,0.0,0.0,mccrone,776
50812,2014-12-11,True,True,HA,1466,C,1.0,0.0,0.0,0.0,mccrone,1592
50812,2014-12-11,True,True,MP,349,A,0.0,0.0,1.0,0.0,mccrone,349
50812,2014-12-11,True,True,MP,427,A,0.0,0.0,1.0,0.0,mccrone,427
50812,2014-12-11,True,True,MP,549,G,0.998612684032,0.0,0.0013873159680000136,0.0,mccrone,549
50812,2014-12-11,True,True,MP,694,C,0.0,0.0013502284999999947,0.0,0.9986497715,mccrone,694
50812,2014-12-11,True,True,NA,70,T,0.0,0.996782841823,0.0,0.003217158176999968,mccrone,72
50812,2014-12-11,True,True,NA,103,T,0.0,1.0,0.0,0.0,mccrone,105
50812,2014-12-11,True,True,NA,211,A,0.0,0.0,1.0,0.0,mccrone,226
50812,2014-12-11,True,True,NA,223,A,0.0,0.0,1.0,0.0,mccrone,238
50812,2014-12-11,True,True,NA,226,T,0.0,1.0,0.0,0.0,mccrone,241
50812,2014-12-11,True,True,NA,670,A,0.0,0.0,1.0,0.0,mccrone,697
50812,2014-12-11,True,True,NA,710,A,0.0,0.0,1.0,0.0,mccrone,737
50812,2014-12-11,True,True,NA,819,C,1.0,0.0,0.0,0.0,mccrone,846
50812,2014-12-11,True,True,NA,907,G,0.997393809154,0.0,0.0026061908460000005,0.0,mccrone,934
50812,2014-12-11,True,True,NA,1108,A,0.0,0.0,1.0,0.0,mccrone,1135
50812,2014-12-11,True,True,NA,1157,A,0.0,0.0,1.0,0.0,mccrone,1184
50812,2014-12-11,True,True,NA,1194,C,0.0,0.0,0.0,1.0,mccrone,1221
50812,2014-12-11,True,True,NP,207,G,0.99739039666,0.0,0.002609603340000044,0.0,mccrone,207
50812,2014-12-11,True,True,NP,347,G,0.998455449368,0.0,0.0015445506319999858,0.0,mccrone,347
50812,2014-12-11,True,True,NP,606,G,0.998327645051,0.0,0.0016723549489999767,0.0,mccrone,606
50812,2014-12-11,True,True,NP,885,G,0.999561521856,0.0,0.0004384781439999985,0.0,mccrone,885
50812,2014-12-11,True,True,NP,909,G,0.0,0.0,0.0,1.0,mccrone,909
50812,2014-12-11,True,True,NP,918,C,0.0,0.0,0.0,1.0,mccrone,918
50812,2014-12-11,True,True,NP,1002,C,0.0,0.0,0.0,1.0,mccrone,1002
50812,2014-12-11,True,True,NP,1092,A,0.0012020162850000515,0.0,0.998797983715,0.0,mccrone,1092
50812,2014-12-11,True,True,NP,1093,A,0.001078499345000039,0.0,0.998921500655,0.0,mccrone,1093
50812,2014-12-11,True,True,NP,1186,T,0.0,0.999777629531,0.0,0.00022237046899997726,mccrone,1186
50812,2014-12-11,True,True,NP,1188,A,0.0,0.0,1.0,0.0,mccrone,1188
50812,2014-12-11,True,True,NP,1224,G,0.997297432561,0.0,0.002702567438999992,0.0,mccrone,1224
50812,2014-12-11,True,True,NP,1407,C,1.0,0.0,0.0,0.0,mccrone,1407
50812,2014-12-11,True,True,NP,1427,G,1.0,0.0,0.0,0.0,mccrone,1427
50812,2014-12-11,True,True,NS,125,T,0.0,1.0,0.0,0.0,mccrone,125
50812,2014-12-11,True,True,NS,180,T,0.0,1.0,0.0,0.0,mccrone,180
50812,2014-12-11,True,True,NS,246,A,0.0,0.0,1.0,0.0,mccrone,246
50812,2014-12-11,True,True,NS,299,C,0.0,0.0,0.0,1.0,mccrone,299
50812,2014-12-11,True,True,NS,447,C,0.0,0.9823581492074,0.0,0.0176418507926,mccrone,447
50812,2014-12-11,True,True,NS,570,G,1.0,0.0,0.0,0.0,mccrone,570
50812,2014-12-11,True,True,NS,578,A,0.0017234775950000225,0.0,0.998276522405,0.0,mccrone,578
50812,2014-12-11,True,True,NS,744,A,0.0,0.0,1.0,0.0,mccrone,744
50812,2014-12-11,True,True,NS,813,G,1.0,0.0,0.0,0.0,mccrone,813
50812,2014-12-11,True,True,NS,843,C,0.0,0.0,0.0,1.0,mccrone,843
50812,2014-12-11,True,True,PA,153,C,0.0,0.0,1.0,0.0,mccrone,177
50812,2014-12-11,True,True,PA,282,A,0.0,1.0,0.0,0.0,mccrone,306
50812,2014-12-11,True,True,PA,501,T,0.0,1.0,0.0,0.0,mccrone,525
50812,2014-12-11,True,True,PA,669,C,0.0,0.0009268198490000046,0.0,0.999073180151,mccrone,693
50812,2014-12-11,True,True,PA,836,A,0.0,0.0,1.0,0.0,mccrone,860
50812,2014-12-11,True,True,PA,858,G,1.0,0.0,0.0,0.0,mccrone,882
50812,2014-12-11,True,True,PA,1001,G,0.999056105112,0.0,0.000943894887999952,0.0,mccrone,1025
50812,2014-12-11,True,True,PA,1137,G,1.0,0.0,0.0,0.0,mccrone,1161
50812,2014-12-11,True,True,PA,1293,G,0.998273918557,0.0,0.001726081443000016,0.0,mccrone,1317
50812,2014-12-11,True,True,PA,1422,T,0.0,0.998165929442,0.0,0.0018340705580000005,mccrone,1446
50812,2014-12-11,True,True,PA,1552,T,0.0,1.0,0.0,0.0,mccrone,1576
50812,2014-12-11,True,True,PA,1578,T,0.0,1.0,0.0,0.0,mccrone,1602
50812,2014-12-11,True,True,PA,1608,C,0.0,0.0011190689350000227,0.0,0.998880931065,mccrone,1632
50812,2014-12-11,True,True,PA,1980,A,0.0014904436260000375,0.0,0.998509556374,0.0,mccrone,2004
50812,2014-12-11,True,True,PA,2001,G,1.0,0.0,0.0,0.0,mccrone,2025
50812,2014-12-11,True,True,PA,2004,G,1.0,0.0,0.0,0.0,mccrone,2028
50812,2014-12-11,True,True,PA,2049,T,0.0,1.0,0.0,0.0,mccrone,2073
50812,2014-12-11,True,True,PB1,364,A,0.0,0.0,1.0,0.0,mccrone,372
50812,2014-12-11,True,True,PB1,424,T,0.0,1.0,0.0,0.0,mccrone,432
50812,2014-12-11,True,True,PB1,463,C,0.0,0.9251948937077,0.0,0.0748051062923,mccrone,471
50812,2014-12-11,True,True,PB1,470,A,0.0,0.0,0.0,1.0,mccrone,478
50812,2014-12-11,True,True,PB1,502,A,0.0008343763039999619,0.0,0.999165623696,0.0,mccrone,510
50812,2014-12-11,True,True,PB1,513,A,0.0,0.0,0.0,1.0,mccrone,521
50812,2014-12-11,True,True,PB1,589,G,0.99921277061,0.0,0.0007872293899999772,0.0,mccrone,597
50812,2014-12-11,True,True,PB1,614,G,0.998816775494,0.0,0.0011832245059999469,0.0,mccrone,622
50812,2014-12-11,True,True,PB1,643,G,1.0,0.0,0.0,0.0,mccrone,651
50812,2014-12-11,True,True,PB1,655,C,0.0,0.0,0.0,1.0,mccrone,663
50812,2014-12-11,True,True,PB1,751,G,0.0,0.0,0.0007002494640000467,0.999299750536,mccrone,759
50812,2014-12-11,True,True,PB1,892,C,0.0,0.0,0.0,1.0,mccrone,900
50812,2014-12-11,True,True,PB1,913,C,0.0,0.0005539654689999951,0.0,0.999446034531,mccrone,921
50812,2014-12-11,True,True,PB1,1003,G,0.999195647031,0.0,0.000804352969000055,0.0,mccrone,1011
50812,2014-12-11,True,True,PB1,1159,T,0.0,1.0,0.0,0.0,mccrone,1167
50812,2014-12-11,True,True,PB1,1204,A,0.9845916333519,0.0,0.0154083666481,0.0,mccrone,1212
50812,2014-12-11,True,True,PB1,1570,T,0.0,0.999110736684,0.0,0.0008892633160000329,mccrone,1578
50812,2014-12-11,True,True,PB1,1624,C,0.0,0.0,0.0,1.0,mccrone,1632
50812,2014-12-11,True,True,PB1,1690,A,0.0,0.0,1.0,0.0,mccrone,1698
50812,2014-12-11,True,True,PB1,1906,C,0.999134386496,0.0008656135040000512,0.0,0.0,mccrone,1914
50812,2014-12-11,True,True,PB1,1996,T,0.0,0.999101651579,0.0,0.0008983484210000059,mccrone,2004
50812,2014-12-11,True,True,PB1,2074,G,0.997641972883,0.0,0.00235802711699995,0.0,mccrone,2082
50812,2014-12-11,True,True,PB2,57,G,1.0,0.0,0.0,0.0,mccrone,57
50812,2014-12-11,True,True,PB2,214,G,1.0,0.0,0.0,0.0,mccrone,214
50812,2014-12-11,True,True,PB2,244,C,0.996704503845,0.0032954961550000217,0.0,0.0,mccrone,244
50812,2014-12-11,True,True,PB2,264,C,0.0,0.0,0.0,1.0,mccrone,264
50812,2014-12-11,True,True,PB2,573,A,0.0,0.0,1.0,0.0,mccrone,573
50812,2014-12-11,True,True,PB2,843,A,0.0,0.0,1.0,0.0,mccrone,843
50812,2014-12-11,True,True,PB2,856,T,0.0,1.0,0.0,0.0,mccrone,856
50812,2014-12-11,True,True,PB2,868,T,0.0,0.998989694888,0.0,0.001010305111999954,mccrone,868
50812,2014-12-11,True,True,PB2,981,A,0.0008836524299999926,0.0,0.99911634757,0.0,mccrone,981
50812,2014-12-11,True,True,PB2,1059,G,0.0,0.0,0.0,1.0,mccrone,1059
50812,2014-12-11,True,True,PB2,1558,G,0.999523854871,0.0,0.00047614512899996075,0.0,mccrone,1558
50812,2014-12-11,True,True,PB2,1581,T,0.0,0.999087722668,0.0,0.0009122773320000555,mccrone,1581
50812,2014-12-11,True,True,PB2,1602,G,0.999667868666,0.0,0.0003321313340000076,0.0,mccrone,1602
50812,2014-12-11,True,True,PB2,1659,A,0.001179412181000039,0.0,0.998820587819,0.0,mccrone,1659
50812,2014-12-11,True,True,PB2,1662,C,0.0,0.0,0.0,1.0,mccrone,1662
50812,2014-12-11,True,True,PB2,1707,T,0.0,1.0,0.0,0.0,mccrone,1707
50812,2014-12-11,True,True,PB2,1790,T,0.0,1.0,0.0,0.0,mccrone,1790
50812,2014-12-11,True,True,PB2,1885,T,0.0,1.0,0.0,0.0,mccrone,1885
50812,2014-12-11,True,True,PB2,2145,T,1.0,0.0,0.0,0.0,mccrone,2150
50812,2014-12-11,True,True,PB2,2184,A,0.0,0.0,1.0,0.0,mccrone,2189
50842,2014-12-22,False,False,HA,167,G,0.998617299124,0.0,0.0013827008760000092,0.0,mccrone,221
50842,2014-12-22,False,False,HA,225,G,0.996499124781,0.0,0.003500875218999999,0.0,mccrone,286
50842,2014-12-22,False,False,HA,296,C,0.0,0.003371947571999989,0.0,0.996628052428,mccrone,357
50842,2014-12-22,False,False,HA,364,G,0.999165275459,0.0,0.000834724540999976,0.0,mccrone,425
50842,2014-12-22,False,False,HA,556,A,0.00039385584899997994,0.999606144151,0.0,0.0,mccrone,647
50842,2014-12-22,False,False,HA,658,C,0.0,0.0012938651860000538,0.0,0.998706134814,mccrone,749
50842,2014-12-22,False,False,HA,685,T,0.0,0.999004944184,0.0,0.0009950558160000122,mccrone,776
50842,2014-12-22,False,False,HA,866,G,0.013956799727,0.0,0.986043200273,0.0,mccrone,989
50842,2014-12-22,False,False,HA,1466,C,1.0,0.0,0.0,0.0,mccrone,1592
50842,2014-12-22,False,False,MP,349,A,0.0009134596290000241,0.0,0.999086540371,0.0,mccrone,349
50842,2014-12-22,False,False,MP,427,A,0.0,0.0,1.0,0.0,mccrone,427
50842,2014-12-22,False,False,MP,445,T,0.0,0.996306799446,0.0,0.00369320055400002,mccrone,445
50842,2014-12-22,False,False,MP,549,G,0.999119000228,0.0,0.0008809997719999574,0.0,mccrone,549
50842,2014-12-22,False,False,MP,628,G,0.996065529288,0.0,0.003934470712000038,0.0,mccrone,628
50842,2014-12-22,False,False,MP,694,C,0.0,0.0016789254879999715,0.0,0.998321074512,mccrone,694
50842,2014-12-22,False,False,NA,103,T,0.0,1.0,0.0,0.0,mccrone,105
50842,2014-12-22,False,False,NA,211,A,0.0,0.0,1.0,0.0,mccrone,226
50842,2014-12-22,False,False,NA,223,A,0.0,0.0,1.0,0.0,mccrone,238
50842,2014-12-22,False,False,NA,226,T,0.0,1.0,0.0,0.0,mccrone,241
50842,2014-12-22,False,False,NA,710,A,0.0,0.0,1.0,0.0,mccrone,737
50842,2014-12-22,False,False,NA,801,A,0.002293662832000054,0.0,0.997706337168,0.0,mccrone,828
50842,2014-12-22,False,False,NA,819,C,1.0,0.0,0.0,0.0,mccrone,846
50842,2014-12-22,False,False,NA,887,G,0.99762433903,0.0,0.002375660969999971,0.0,mccrone,914
50842,2014-12-22,False,False,NA,907,G,0.998285068402,0.0,0.001714931597999958,0.0,mccrone,934
50842,2014-12-22,False,False,NA,1108,A,0.0,0.0,1.0,0.0,mccrone,1135
50842,2014-12-22,False,False,NA,1157,A,0.0,0.0,1.0,0.0,mccrone,1184
50842,2014-12-22,False,False,NA,1194,C,0.0,0.0,0.0,1.0,mccrone,1221
50842,2014-12-22,False,False,NP,207,G,0.996796012816,0.0,0.0032039871839999456,0.0,mccrone,207
50842,2014-12-22,False,False,NP,347,G,0.998957091776,0.0,0.0010429082239999943,0.0,mccrone,347
50842,2014-12-22,False,False,NP,606,G,0.998502799115,0.0,0.0014972008850000496,0.0,mccrone,606
50842,2014-12-22,False,False,NP,684,G,0.997199144008,0.0,0.002800855991999973,0.0,mccrone,684
50842,2014-12-22,False,False,NP,885,G,1.0,0.0,0.0,0.0,mccrone,885
50842,2014-12-22,False,False,NP,909,G,0.0,0.0,0.0,1.0,mccrone,909
50842,2014-12-22,False,False,NP,918,C,0.0,0.0,0.0,1.0,mccrone,918
50842,2014-12-22,False,False,NP,1002,C,0.0,0.0,0.0,1.0,mccrone,1002
50842,2014-12-22,False,False,NP,1092,A,0.0013706535849999923,0.0,0.998629346415,0.0,mccrone,1092
50842,2014-12-22,False,False,NP,1186,T,0.0,1.0,0.0,0.0,mccrone,1186
50842,2014-12-22,False,False,NP,1188,A,0.0011936226450000031,0.0,0.998806377355,0.0,mccrone,1188
50842,2014-12-22,False,False,NP,1224,G,0.997475360489,0.0,0.0025246395110000153,0.0,mccrone,1224
50842,2014-12-22,False,False,NP,1407,C,1.0,0.0,0.0,0.0,mccrone,1407
50842,2014-12-22,False,False,NS,125,T,0.0,1.0,0.0,0.0,mccrone,125
50842,2014-12-22,False,False,NS,180,T,0.0,0.997458057956,0.0,0.002541942044000045,mccrone,180
50842,2014-12-22,False,False,NS,246,A,0.0,0.0,1.0,0.0,mccrone,246
50842,2014-12-22,False,False,NS,299,C,0.0,0.0,0.0,1.0,mccrone,299
50842,2014-12-22,False,False,NS,326,A,0.007591186816999995,0.0,0.992408813183,0.0,mccrone,326
50842,2014-12-22,False,False,NS,453,A,0.006586345381999981,0.0,0.993413654618,0.0,mccrone,453
50842,2014-12-22,False,False,NS,570,G,1.0,0.0,0.0,0.0,mccrone,570
50842,2014-12-22,False,False,NS,687,G,0.0681319007211,0.0,0.9318680992789,0.0,mccrone,687
50842,2014-12-22,False,False,NS,744,A,0.0,0.0,1.0,0.0,mccrone,744
50842,2014-12-22,False,False,NS,813,G,1.0,0.0,0.0,0.0,mccrone,813
50842,2014-12-22,False,False,NS,843,C,0.0,0.0,0.0,1.0,mccrone,843
50842,2014-12-22,False,False,PA,96,G,1.0,0.0,0.0,0.0,mccrone,120
50842,2014-12-22,False,False,PA,153,C,0.0,0.0,1.0,0.0,mccrone,177
50842,2014-12-22,False,False,PA,282,A,0.0,1.0,0.0,0.0,mccrone,306
50842,2014-12-22,False,False,PA,501,T,0.0,0.998946404031,0.0,0.0010535959690000096,mccrone,525
50842,2014-12-22,False,False,PA,762,T,0.0,0.0,0.997419784427,0.002580215573000033,mccrone,786
50842,2014-12-22,False,False,PA,836,A,0.0,0.0,1.0,0.0,mccrone,860
50842,2014-12-22,False,False,PA,858,G,0.999070707071,0.0,0.000929292929000014,0.0,mccrone,882
50842,2014-12-22,False,False,PA,1001,G,0.998968417711,0.0,0.0010315822890000215,0.0,mccrone,1025
50842,2014-12-22,False,False,PA,1137,G,1.0,0.0,0.0,0.0,mccrone,1161
50842,2014-12-22,False,False,PA,1552,T,0.0,1.0,0.0,0.0,mccrone,1576
50842,2014-12-22,False,False,PA,1578,T,0.0,1.0,0.0,0.0,mccrone,1602
50842,2014-12-22,False,False,PA,1608,C,0.0,0.0008805635609999696,0.0,0.999119436439,mccrone,1632
50842,2014-12-22,False,False,PA,2001,G,1.0,0.0,0.0,0.0,mccrone,2025
50842,2014-12-22,False,False,PA,2049,T,0.0,1.0,0.0,0.0,mccrone,2073
50842,2014-12-22,False,False,PB1,364,A,0.0,0.0,1.0,0.0,mccrone,372
50842,2014-12-22,False,False,PB1,424,T,0.0,1.0,0.0,0.0,mccrone,432
50842,2014-12-22,False,False,PB1,470,A,0.0,0.0,0.0,1.0,mccrone,478
50842,2014-12-22,False,False,PB1,502,A,0.0,0.0,1.0,0.0,mccrone,510
50842,2014-12-22,False,False,PB1,513,A,0.0,0.0,0.0,1.0,mccrone,521
50842,2014-12-22,False,False,PB1,589,G,1.0,0.0,0.0,0.0,mccrone,597
50842,2014-12-22,False,False,PB1,643,G,0.998478581277,0.0,0.0015214187230000453,0.0,mccrone,651
50842,2014-12-22,False,False,PB1,655,C,0.0,0.0,0.0,1.0,mccrone,663
50842,2014-12-22,False,False,PB1,748,C,0.997837589142,0.0021624108579999524,0.0,0.0,mccrone,756
50842,2014-12-22,False,False,PB1,892,C,0.0,0.0005930318750000385,0.0,0.999406968125,mccrone,900
50842,2014-12-22,False,False,PB1,913,C,0.0,0.0,0.0,1.0,mccrone,921
50842,2014-12-22,False,False,PB1,1003,G,0.999260646688,0.0,0.0007393533120000351,0.0,mccrone,1011
50842,2014-12-22,False,False,PB1,1159,T,0.0,1.0,0.0,0.0,mccrone,1167
50842,2014-12-22,False,False,PB1,1345,C,0.0,0.002600260026000001,0.0,0.997399739974,mccrone,1353
50842,2014-12-22,False,False,PB1,1570,T,0.0,0.998608903021,0.0,0.0013910969789999728,mccrone,1578
50842,2014-12-22,False,False,PB1,1624,C,0.0,0.0,0.0,1.0,mccrone,1632
50842,2014-12-22,False,False,PB1,1690,A,0.0,0.0,1.0,0.0,mccrone,1698
50842,2014-12-22,False,False,PB1,1696,G,0.997793576857,0.0,0.0022064231430000136,0.0,mccrone,1704
50842,2014-12-22,False,False,PB1,1975,A,0.0027249860260000203,0.0,0.997275013974,0.0,mccrone,1983
50842,2014-12-22,False,False,PB1,2074,G,0.998601398601,0.0,0.0013986013990000545,0.0,mccrone,2082
50842,2014-12-22,False,False,PB2,46,C,0.0,0.0,0.0,1.0,mccrone,46
50842,2014-12-22,False,False,PB2,57,G,1.0,0.0,0.0,0.0,mccrone,57
50842,2014-12-22,False,False,PB2,214,G,0.998462524023,0.0,0.0015374759770000468,0.0,mccrone,214
50842,2014-12-22,False,False,PB2,264,C,0.0,0.0,0.0,1.0,mccrone,264
50842,2014-12-22,False,False,PB2,573,A,0.0,0.0,1.0,0.0,mccrone,573
50842,2014-12-22,False,False,PB2,621,T,0.0,0.997200378772,0.0,0.0027996212280000377,mccrone,621
50842,2014-12-22,False,False,PB2,705,T,0.0,0.997967479675,0.0,0.002032520325000009,mccrone,705
50842,2014-12-22,False,False,PB2,843,A,0.0009298188869999446,0.0,0.999070181113,0.0,mccrone,843
50842,2014-12-22,False,False,PB2,856,T,0.0,1.0,0.0,0.0,mccrone,856
50842,2014-12-22,False,False,PB2,1059,G,0.0,0.0,0.0,1.0,mccrone,1059
50842,2014-12-22,False,False,PB2,1173,T,0.0,0.997690990883,0.0,0.0023090091170000493,mccrone,1173
50842,2014-12-22,False,False,PB2,1518,C,0.0,0.0023564782839999854,0.0,0.997643521716,mccrone,1518
50842,2014-12-22,False,False,PB2,1581,T,0.0,0.998901814041,0.0,0.0010981859590000198,mccrone,1581
50842,2014-12-22,False,False,PB2,1602,G,1.0,0.0,0.0,0.0,mccrone,1602
50842,2014-12-22,False,False,PB2,1659,A,0.0013127013799999476,0.0,0.99868729862,0.0,mccrone,1659
50842,2014-12-22,False,False,PB2,1662,C,0.0,0.0,0.0,1.0,mccrone,1662
50842,2014-12-22,False,False,PB2,1707,T,0.0,1.0,0.0,0.0,mccrone,1707
50842,2014-12-22,False,False,PB2,1790,T,0.0,1.0,0.0,0.0,mccrone,1790
50842,2014-12-22,False,False,PB2,1818,A,0.0021749966020000455,0.0,0.997825003398,0.0,mccrone,1818
50842,2014-12-22,False,False,PB2,1854,A,0.002541472205999984,0.0,0.997458527794,0.0,mccrone,1854
50842,2014-12-22,False,False,PB2,1885,T,0.0,0.998209400647,0.0,0.0017905993529999664,mccrone,1885
50842,2014-12-22,False,False,PB2,2145,T,1.0,0.0,0.0,0.0,mccrone,2150
50842,2014-12-22,False,False,PB2,2184,A,0.0,0.0,1.0,0.0,mccrone,2189
50842,2014-12-23,True,False,HA,167,G,1.0,0.0,0.0,0.0,mccrone,221
50842,2014-12-23,True,False,HA,225,G,0.996090742167,0.0,0.003909257833000002,0.0,mccrone,286
50842,2014-12-23,True,False,HA,296,C,0.0,0.0026790063320000224,0.0,0.997320993668,mccrone,357
50842,2014-12-23,True,False,HA,364,G,0.999015279057,0.0,0.0009847209429999504,0.0,mccrone,425
50842,2014-12-23,True,False,HA,556,A,0.0,1.0,0.0,0.0,mccrone,647
50842,2014-12-23,True,False,HA,658,C,0.0,0.0017387360149999642,0.0,0.998261263985,mccrone,749
50842,2014-12-23,True,False,HA,685,T,0.0,1.0,0.0,0.0,mccrone,776
50842,2014-12-23,True,False,HA,866,G,0.00595650575233,0.0,0.99404349424767,0.0,mccrone,989
50842,2014-12-23,True,False,HA,1466,C,1.0,0.0,0.0,0.0,mccrone,1592
50842,2014-12-23,True,False,MP,349,A,0.0,0.0,1.0,0.0,mccrone,349
50842,2014-12-23,True,False,MP,427,A,0.0,0.0,1.0,0.0,mccrone,427
50842,2014-12-23,True,False,MP,445,T,0.0,0.997123904068,0.0,0.002876095932,mccrone,445
50842,2014-12-23,True,False,MP,517,G,0.0,0.0,0.99311542701721,0.00688457298279,mccrone,517
50842,2014-12-23,True,False,MP,549,G,1.0,0.0,0.0,0.0,mccrone,549
50842,2014-12-23,True,False,MP,628,G,0.997255022599,0.0,0.0027449774009999928,0.0,mccrone,628
50842,2014-12-23,True,False,MP,694,C,0.0,0.0018459842950000471,0.0,0.998154015705,mccrone,694
50842,2014-12-23,True,False,NA,103,T,0.0,1.0,0.0,0.0,mccrone,105
50842,2014-12-23,True,False,NA,211,A,0.0,0.0,1.0,0.0,mccrone,226
50842,2014-12-23,True,False,NA,223,A,0.0,0.0,1.0,0.0,mccrone,238
50842,2014-12-23,True,False,NA,226,T,0.0,1.0,0.0,0.0,mccrone,241
50842,2014-12-23,True,False,NA,710,A,0.0,0.0,1.0,0.0,mccrone,737
50842,2014-12-23,True,False,NA,801,A,0.001770770856999948,0.0,0.998229229143,0.0,mccrone,828
50842,2014-12-23,True,False,NA,819,C,1.0,0.0,0.0,0.0,mccrone,846
50842,2014-12-23,True,False,NA,887,G,0.998072936436,0.0,0.0019270635639999645,0.0,mccrone,914
50842,2014-12-23,True,False,NA,907,G,0.997599502119,0.0,0.002400497881000052,0.0,mccrone,934
50842,2014-12-23,True,False,NA,1108,A,0.0,0.0,1.0,0.0,mccrone,1135
50842,2014-12-23,True,False,NA,1157,A,0.0,0.0,1.0,0.0,mccrone,1184
50842,2014-12-23,True,False,NA,1194,C,0.0,0.0,0.0,1.0,mccrone,1221
50842,2014-12-23,True,False,NP,207,G,0.996407283416,0.0,0.0035927165839999553,0.0,mccrone,207
50842,2014-12-23,True,False,NP,347,G,0.998336518723,0.0,0.0016634812770000007,0.0,mccrone,347
50842,2014-12-23,True,False,NP,606,G,0.998316498316,0.0,0.0016835016839999994,0.0,mccrone,606
50842,2014-12-23,True,False,NP,684,G,0.997912417516,0.0,0.0020875824839999835,0.0,mccrone,684
50842,2014-12-23,True,False,NP,885,G,0.99895045155,0.0,0.0010495484500000485,0.0,mccrone,885
50842,2014-12-23,True,False,NP,909,G,0.0,0.0,0.0,1.0,mccrone,909
50842,2014-12-23,True,False,NP,918,C,0.0,0.0,0.0,1.0,mccrone,918
50842,2014-12-23,True,False,NP,1002,C,0.0,0.0,0.0,1.0,mccrone,1002
50842,2014-12-23,True,False,NP,1092,A,0.0,0.0,1.0,0.0,mccrone,1092
50842,2014-12-23,True,False,NP,1186,T,0.0,1.0,0.0,0.0,mccrone,1186
50842,2014-12-23,True,False,NP,1188,A,0.0,0.0,1.0,0.0,mccrone,1188
50842,2014-12-23,True,False,NP,1224,G,0.99754406241,0.0,0.002455937589999957,0.0,mccrone,1224
50842,2014-12-23,True,False,NP,1407,C,1.0,0.0,0.0,0.0,mccrone,1407
50842,2014-12-23,True,False,NS,125,T,0.0,1.0,0.0,0.0,mccrone,125
50842,2014-12-23,True,False,NS,180,T,0.0,1.0,0.0,0.0,mccrone,180
50842,2014-12-23,True,False,NS,246,A,0.0,0.0,1.0,0.0,mccrone,246
50842,2014-12-23,True,False,NS,299,C,0.0,0.0017690875229999792,0.0,0.998230912477,mccrone,299
50842,2014-12-23,True,False,NS,326,A,0.00430488731300005,0.0,0.995695112687,0.0,mccrone,326
50842,2014-12-23,True,False,NS,453,A,0.0045968624590000395,0.0,0.995403137541,0.0,mccrone,453
50842,2014-12-23,True,False,NS,570,G,1.0,0.0,0.0,0.0,mccrone,570
50842,2014-12-23,True,False,NS,687,G,0.0292183267245,0.0,0.9707816732755,0.0,mccrone,687
50842,2014-12-23,True,False,NS,744,A,0.0,0.0,1.0,0.0,mccrone,744
50842,2014-12-23,True,False,NS,813,G,1.0,0.0,0.0,0.0,mccrone,813
50842,2014-12-23,True,False,NS,843,C,0.0,0.0,0.0,1.0,mccrone,843
50842,2014-12-23,True,False,PA,96,G,1.0,0.0,0.0,0.0,mccrone,120
50842,2014-12-23,True,False,PA,153,C,0.0,0.0,1.0,0.0,mccrone,177
50842,2014-12-23,True,False,PA,282,A,0.0,1.0,0.0,0.0,mccrone,306
50842,2014-12-23,True,False,PA,501,T,0.0,1.0,0.0,0.0,mccrone,525
50842,2014-12-23,True,False,PA,762,T,0.0,0.0,0.997958141909,0.002041858090999993,mccrone,786
50842,2014-12-23,True,False,PA,836,A,0.0,0.0,1.0,0.0,mccrone,860
50842,2014-12-23,True,False,PA,858,G,0.999164474702,0.0,0.0008355252980000172,0.0,mccrone,882
50842,2014-12-23,True,False,PA,1001,G,0.99873633664,0.0,0.0012636633599999447,0.0,mccrone,1025
50842,2014-12-23,True,False,PA,1137,G,0.999082785964,0.0,0.0009172140359999803,0.0,mccrone,1161
50842,2014-12-23,True,False,PA,1552,T,0.0,0.999087161366,0.0,0.0009128386340000461,mccrone,1576
50842,2014-12-23,True,False,PA,1578,T,0.0,0.998876836225,0.0,0.0011231637749999912,mccrone,1602
50842,2014-12-23,True,False,PA,1608,C,0.0,0.0008873657479999686,0.0,0.999112634252,mccrone,1632
50842,2014-12-23,True,False,PA,2001,G,1.0,0.0,0.0,0.0,mccrone,2025
50842,2014-12-23,True,False,PA,2049,T,0.0,1.0,0.0,0.0,mccrone,2073
50842,2014-12-23,True,False,PB1,364,A,0.0,0.0,1.0,0.0,mccrone,372
50842,2014-12-23,True,False,PB1,424,T,0.0,0.998875562219,0.0,0.0011244377810000206,mccrone,432
50842,2014-12-23,True,False,PB1,470,A,0.0,0.0,0.0,1.0,mccrone,478
50842,2014-12-23,True,False,PB1,502,A,0.0,0.0,1.0,0.0,mccrone,510
50842,2014-12-23,True,False,PB1,513,A,0.0,0.0,0.0,1.0,mccrone,521
50842,2014-12-23,True,False,PB1,589,G,0.99913975131,0.0,0.0008602486900000095,0.0,mccrone,597
50842,2014-12-23,True,False,PB1,643,G,1.0,0.0,0.0,0.0,mccrone,651
50842,2014-12-23,True,False,PB1,655,C,0.0,0.0,0.0,1.0,mccrone,663
50842,2014-12-23,True,False,PB1,748,C,0.998243422593,0.0017565774069999707,0.0,0.0,mccrone,756
50842,2014-12-23,True,False,PB1,892,C,0.0,0.0007219296760000438,0.0,0.999278070324,mccrone,900
50842,2014-12-23,True,False,PB1,913,C,0.0,0.000884322230000012,0.0,0.99911567777,mccrone,921
50842,2014-12-23,True,False,PB1,1003,G,0.99889404058,0.0,0.0011059594200000245,0.0,mccrone,1011
50842,2014-12-23,True,False,PB1,1159,T,0.0,1.0,0.0,0.0,mccrone,1167
50842,2014-12-23,True,False,PB1,1345,C,0.0,0.0016365925300000361,0.0,0.99836340747,mccrone,1353
50842,2014-12-23,True,False,PB1,1570,T,0.0,0.998644275343,0.0,0.001355724656999957,mccrone,1578
50842,2014-12-23,True,False,PB1,1624,C,0.0,0.0,0.0,1.0,mccrone,1632
50842,2014-12-23,True,False,PB1,1658,C,0.00378853062029,0.99621146937971,0.0,0.0,mccrone,1666
50842,2014-12-23,True,False,PB1,1690,A,0.0011283380000000065,0.0,0.998871662,0.0,mccrone,1698
50842,2014-12-23,True,False,PB1,1696,G,0.998715132424,0.0,0.0012848675759999928,0.0,mccrone,1704
50842,2014-12-23,True,False,PB1,1975,A,0.002186295380000036,0.0,0.99781370462,0.0,mccrone,1983
50842,2014-12-23,True,False,PB1,2074,G,1.0,0.0,0.0,0.0,mccrone,2082
50842,2014-12-23,True,False,PB2,46,C,0.0,0.0,0.0,1.0,mccrone,46
50842,2014-12-23,True,False,PB2,57,G,1.0,0.0,0.0,0.0,mccrone,57
50842,2014-12-23,True,False,PB2,214,G,0.997900763359,0.0,0.0020992366409999796,0.0,mccrone,214
50842,2014-12-23,True,False,PB2,264,C,0.0,0.0,0.0,1.0,mccrone,264
50842,2014-12-23,True,False,PB2,573,A,0.0,0.0,1.0,0.0,mccrone,573
50842,2014-12-23,True,False,PB2,621,T,0.0,0.998335818049,0.0,0.0016641819510000433,mccrone,621
50842,2014-12-23,True,False,PB2,705,T,0.0,0.997932215437,0.0,0.0020677845630000524,mccrone,705
50842,2014-12-23,True,False,PB2,843,A,0.0,0.0,1.0,0.0,mccrone,843
50842,2014-12-23,True,False,PB2,856,T,0.0,0.998751287735,0.0,0.001248712265000007,mccrone,856
50842,2014-12-23,True,False,PB2,1059,G,0.0,0.0,0.0,1.0,mccrone,1059
50842,2014-12-23,True,False,PB2,1173,T,0.0,0.997862269049,0.0,0.0021377309510000053,mccrone,1173
50842,2014-12-23,True,False,PB2,1518,C,0.0,0.002029727704000006,0.0,0.997970272296,mccrone,1518
50842,2014-12-23,True,False,PB2,1581,T,0.0,1.0,0.0,0.0,mccrone,1581
50842,2014-12-23,True,False,PB2,1602,G,1.0,0.0,0.0,0.0,mccrone,1602
50842,2014-12-23,True,False,PB2,1659,A,0.0,0.0,1.0,0.0,mccrone,1659
50842,2014-12-23,True,False,PB2,1662,C,0.0,0.00102608749699995,0.0,0.998973912503,mccrone,1662
50842,2014-12-23,True,False,PB2,1707,T,0.0,1.0,0.0,0.0,mccrone,1707
50842,2014-12-23,True,False,PB2,1790,T,0.0,0.998696308495,0.0,0.001303691504999982,mccrone,1790
50842,2014-12-23,True,False,PB2,1818,A,0.0,0.0,1.0,0.0,mccrone,1818
50842,2014-12-23,True,False,PB2,1854,A,0.0013130811270000153,0.0,0.998686918873,0.0,mccrone,1854
50842,2014-12-23,True,False,PB2,1885,T,0.0,1.0,0.0,0.0,mccrone,1885
50842,2014-12-23,True,False,PB2,2145,T,1.0,0.0,0.0,0.0,mccrone,2150
50842,2014-12-23,True,False,PB2,2184,A,0.0,0.0,1.0,0.0,mccrone,2189
50851,2014-12-20,False,False,HA,167,G,1.0,0.0,0.0,0.0,mccrone,221
50851,2014-12-20,False,False,HA,364,G,1.0,0.0,0.0,0.0,mccrone,425
50851,2014-12-20,False,False,HA,556,A,0.0009559576650000068,0.999044042335,0.0,0.0,mccrone,647
50851,2014-12-20,False,False,HA,658,C,0.0,0.0013087248319999523,0.0,0.998691275168,mccrone,749
50851,2014-12-20,False,False,HA,685,T,0.0,1.0,0.0,0.0,mccrone,776
50851,2014-12-20,False,False,HA,1466,C,1.0,0.0,0.0,0.0,mccrone,1592
50851,2014-12-20,False,False,MP,220,G,0.995674318007,0.0,0.004325681992999986,0.0,mccrone,220
50851,2014-12-20,False,False,MP,349,A,0.000981650683000046,0.0,0.999018349317,0.0,mccrone,349
50851,2014-12-20,False,False,MP,427,A,0.0,0.0,1.0,0.0,mccrone,427
50851,2014-12-20,False,False,MP,549,G,0.998549536482,0.0,0.0014504635180000447,0.0,mccrone,549
50851,2014-12-20,False,False,MP,694,C,0.0,0.0019644138869999717,0.0,0.998035586113,mccrone,694
50851,2014-12-20,False,False,NA,103,T,0.0,1.0,0.0,0.0,mccrone,105
50851,2014-12-20,False,False,NA,211,A,0.0,0.0,1.0,0.0,mccrone,226
50851,2014-12-20,False,False,NA,223,A,0.0,0.0,1.0,0.0,mccrone,238
50851,2014-12-20,False,False,NA,226,T,0.0,0.998949579832,0.0,0.0010504201680000547,mccrone,241
50851,2014-12-20,False,False,NA,475,G,0.997958408508,0.0,0.0020415914920000056,0.0,mccrone,492
50851,2014-12-20,False,False,NA,491,C,0.0,0.001028277635000019,0.0,0.998971722365,mccrone,508
50851,2014-12-20,False,False,NA,710,A,0.0,0.0,1.0,0.0,mccrone,737
50851,2014-12-20,False,False,NA,753,G,0.998521096129,0.0,0.0014789038710000257,0.0,mccrone,780
50851,2014-12-20,False,False,NA,819,C,1.0,0.0,0.0,0.0,mccrone,846
50851,2014-12-20,False,False,NA,862,T,0.0,0.998551156944,0.0,0.0014488430560000154,mccrone,889
50851,2014-12-20,False,False,NA,907,G,0.997941215121,0.0,0.0020587848790000196,0.0,mccrone,934
50851,2014-12-20,False,False,NA,1108,A,0.0023907483599999724,0.0,0.99760925164,0.0,mccrone,1135
50851,2014-12-20,False,False,NA,1126,G,0.998567171022,0.0,0.0014328289780000114,0.0,mccrone,1153
50851,2014-12-20,False,False,NA,1157,A,0.0,0.0,1.0,0.0,mccrone,1184
50851,2014-12-20,False,False,NA,1194,C,0.0,0.0005658394630000396,0.0,0.999434160537,mccrone,1221
50851,2014-12-20,False,False,NP,207,G,0.997319633683,0.0,0.0026803663169999714,0.0,mccrone,207
50851,2014-12-20,False,False,NP,297,C,0.0,0.0015304020249999883,0.0,0.998469597975,mccrone,297
50851,2014-12-20,False,False,NP,347,G,0.998469997609,0.0,0.001530002390999985,0.0,mccrone,347
50851,2014-12-20,False,False,NP,606,G,0.998028149861,0.0,0.001971850139000031,0.0,mccrone,606
50851,2014-12-20,False,False,NP,885,G,0.999135638298,0.0,0.0008643617019999938,0.0,mccrone,885
50851,2014-12-20,False,False,NP,909,G,0.0,0.0,0.0,1.0,mccrone,909
50851,2014-12-20,False,False,NP,918,C,0.0,0.000924815892999975,0.0,0.999075184107,mccrone,918
50851,2014-12-20,False,False,NP,1002,C,0.0,0.0,0.0,1.0,mccrone,1002
50851,2014-12-20,False,False,NP,1092,A,0.0,0.0,1.0,0.0,mccrone,1092
50851,2014-12-20,False,False,NP,1186,T,0.0,0.9986339381,0.0,0.001366061899999993,mccrone,1186
50851,2014-12-20,False,False,NP,1188,A,0.0,0.0,1.0,0.0,mccrone,1188
50851,2014-12-20,False,False,NP,1224,G,0.998524231172,0.0,0.0014757688280000458,0.0,mccrone,1224
50851,2014-12-20,False,False,NP,1407,C,1.0,0.0,0.0,0.0,mccrone,1407
50851,2014-12-20,False,False,NS,125,T,0.0,1.0,0.0,0.0,mccrone,125
50851,2014-12-20,False,False,NS,140,A,0.008713480267000029,0.0,0.991286519733,0.0,mccrone,140
50851,2014-12-20,False,False,NS,173,T,0.995714722987,0.0,0.0,0.004285277012999966,mccrone,173
50851,2014-12-20,False,False,NS,180,T,0.0,1.0,0.0,0.0,mccrone,180
50851,2014-12-20,False,False,NS,246,A,0.0017579445569999574,0.0,0.998242055443,0.0,mccrone,246
50851,2014-12-20,False,False,NS,299,C,0.0,0.0016359918199999601,0.0,0.99836400818,mccrone,299
50851,2014-12-20,False,False,NS,570,G,1.0,0.0,0.0,0.0,mccrone,570
50851,2014-12-20,False,False,NS,702,G,0.993215031315,0.0,0.0067849686850000035,0.0,mccrone,702
50851,2014-12-20,False,False,NS,744,A,0.0,0.0,1.0,0.0,mccrone,744
50851,2014-12-20,False,False,NS,813,G,1.0,0.0,0.0,0.0,mccrone,813
50851,2014-12-20,False,False,NS,843,C,0.0,0.0,0.0,1.0,mccrone,843
50851,2014-12-20,False,False,PA,153,C,0.0,0.0,1.0,0.0,mccrone,177
50851,2014-12-20,False,False,PA,282,A,0.0014761867760000325,0.998523813224,0.0,0.0,mccrone,306
50851,2014-12-20,False,False,PA,501,T,0.0,1.0,0.0,0.0,mccrone,525
50851,2014-12-20,False,False,PA,836,A,0.0008344807440000546,0.0,0.999165519256,0.0,mccrone,860
50851,2014-12-20,False,False,PA,858,G,1.0,0.0,0.0,0.0,mccrone,882
50851,2014-12-20,False,False,PA,1001,G,0.999242997729,0.0,0.0007570022709999513,0.0,mccrone,1025
50851,2014-12-20,False,False,PA,1099,A,0.0013814399479999961,0.998618560052,0.0,0.0,mccrone,1123
50851,2014-12-20,False,False,PA,1137,G,0.999285175331,0.0,0.0007148246689999693,0.0,mccrone,1161
50851,2014-12-20,False,False,PA,1461,T,0.0,0.00487611496531,0.0,0.99512388503469,mccrone,1485
50851,2014-12-20,False,False,PA,1552,T,0.0,0.999093202965,0.0,0.0009067970349999621,mccrone,1576
50851,2014-12-20,False,False,PA,1578,T,0.0,0.999411995296,0.0,0.0005880047040000003,mccrone,1602
50851,2014-12-20,False,False,PA,1605,A,0.001948077763999967,0.0,0.998051922236,0.0,mccrone,1629
50851,2014-12-20,False,False,PA,1608,C,0.0,0.0,0.0,1.0,mccrone,1632
50851,2014-12-20,False,False,PA,2001,G,1.0,0.0,0.0,0.0,mccrone,2025
50851,2014-12-20,False,False,PA,2049,T,0.0,1.0,0.0,0.0,mccrone,2073
50851,2014-12-20,False,False,PB1,364,A,0.0,0.0,1.0,0.0,mccrone,372
50851,2014-12-20,False,False,PB1,424,T,0.0,1.0,0.0,0.0,mccrone,432
50851,2014-12-20,False,False,PB1,470,A,0.0006618133689999528,0.0,0.0,0.999338186631,mccrone,478
50851,2014-12-20,False,False,PB1,502,A,0.0012153878670000395,0.0,0.998784612133,0.0,mccrone,510
50851,2014-12-20,False,False,PB1,513,A,0.0,0.0,0.0,1.0,mccrone,521
50851,2014-12-20,False,False,PB1,589,G,1.0,0.0,0.0,0.0,mccrone,597
50851,2014-12-20,False,False,PB1,643,G,0.997691690084,0.0,0.002308309915999951,0.0,mccrone,651
50851,2014-12-20,False,False,PB1,650,G,0.999006063016,0.0,0.0009939369839999657,0.0,mccrone,658
50851,2014-12-20,False,False,PB1,655,C,0.0,0.0,0.0,1.0,mccrone,663
50851,2014-12-20,False,False,PB1,892,C,0.0,0.0004353267669999772,0.0,0.999564673233,mccrone,900
50851,2014-12-20,False,False,PB1,913,C,0.0,0.0,0.0,1.0,mccrone,921
50851,2014-12-20,False,False,PB1,1003,G,0.998391420912,0.0,0.0016085790880000506,0.0,mccrone,1011
50851,2014-12-20,False,False,PB1,1159,T,0.0,1.0,0.0,0.0,mccrone,1167
50851,2014-12-20,False,False,PB1,1570,T,0.0,0.999155405405,0.0,0.00084459459499997,mccrone,1578
50851,2014-12-20,False,False,PB1,1624,C,0.0,0.001198166285000024,0.0,0.998801833715,mccrone,1632
50851,2014-12-20,False,False,PB1,1690,A,0.0012348855160000394,0.0,0.998765114484,0.0,mccrone,1698
50851,2014-12-20,False,False,PB1,2074,G,0.997215633701,0.0,0.0027843662990000295,0.0,mccrone,2082
50851,2014-12-20,False,False,PB2,57,G,1.0,0.0,0.0,0.0,mccrone,57
50851,2014-12-20,False,False,PB2,214,G,0.998107180883,0.0,0.0018928191170000108,0.0,mccrone,214
50851,2014-12-20,False,False,PB2,264,C,0.0,0.0013893429229999699,0.0,0.998610657077,mccrone,264
50851,2014-12-20,False,False,PB2,352,G,0.997720231484,0.0,0.0022797685159999803,0.0,mccrone,352
50851,2014-12-20,False,False,PB2,501,G,0.998180715585,0.0,0.001819284415000011,0.0,mccrone,501
50851,2014-12-20,False,False,PB2,573,A,0.0,0.0,1.0,0.0,mccrone,573
50851,2014-12-20,False,False,PB2,843,A,0.0,0.0,1.0,0.0,mccrone,843
50851,2014-12-20,False,False,PB2,856,T,0.0,0.999068743651,0.0,0.0009312563490000425,mccrone,856
50851,2014-12-20,False,False,PB2,1059,G,0.0,0.0,0.0,1.0,mccrone,1059
50851,2014-12-20,False,False,PB2,1413,A,0.0024975433999999685,0.0,0.9975024566,0.0,mccrone,1413
50851,2014-12-20,False,False,PB2,1581,T,0.0,0.998925531036,0.0,0.001074468963999986,mccrone,1581
50851,2014-12-20,False,False,PB2,1602,G,0.998931887273,0.0,0.0010681127270000257,0.0,mccrone,1602
50851,2014-12-20,False,False,PB2,1659,A,0.0,0.0,1.0,0.0,mccrone,1659
50851,2014-12-20,False,False,PB2,1662,C,0.0,0.001261290585000019,0.0,0.998738709415,mccrone,1662
50851,2014-12-20,False,False,PB2,1707,T,0.0,1.0,0.0,0.0,mccrone,1707
50851,2014-12-20,False,False,PB2,1790,T,0.0,0.99933815743,0.0,0.0006618425700000152,mccrone,1790
50851,2014-12-20,False,False,PB2,1869,G,1.0,0.0,0.0,0.0,mccrone,1869
50851,2014-12-20,False,False,PB2,1885,T,0.0,1.0,0.0,0.0,mccrone,1885
50851,2014-12-20,False,False,PB2,2145,T,1.0,0.0,0.0,0.0,mccrone,2150
50851,2014-12-20,False,False,PB2,2184,A,0.0,0.0,1.0,0.0,mccrone,2189
50851,2014-12-22,True,True,HA,149,G,0.0,0.0,0.924435026238,0.075564973762,mccrone,199
50851,2014-12-22,True,True,HA,167,G,1.0,0.0,0.0,0.0,mccrone,221
50851,2014-12-22,True,True,HA,364,G,1.0,0.0,0.0,0.0,mccrone,425
50851,2014-12-22,True,True,HA,556,A,0.0,1.0,0.0,0.0,mccrone,647
50851,2014-12-22,True,True,HA,658,C,0.0,0.0013541128099999744,0.0,0.99864588719,mccrone,749
50851,2014-12-22,True,True,HA,685,T,0.0,1.0,0.0,0.0,mccrone,776
50851,2014-12-22,True,True,HA,935,A,0.9255139247949,0.0,0.0744860752051,0.0,mccrone,1061
50851,2014-12-22,True,True,HA,974,G,0.0759168698897,0.0,0.9240831301103,0.0,mccrone,1100
50851,2014-12-22,True,True,HA,1316,T,0.0,0.0,0.0733906766009,0.9266093233991,mccrone,1442
50851,2014-12-22,True,True,HA,1466,C,1.0,0.0,0.0,0.0,mccrone,1592
50851,2014-12-22,True,True,MP,220,G,0.848744227954,0.0,0.15125577204600005,0.0,mccrone,220
50851,2014-12-22,True,True,MP,334,T,0.149987976871,0.0,0.0,0.850012023129,mccrone,334
50851,2014-12-22,True,True,MP,349,A,0.0,0.0,1.0,0.0,mccrone,349
50851,2014-12-22,True,True,MP,427,A,0.0,0.0,1.0,0.0,mccrone,427
50851,2014-12-22,True,True,MP,466,G,0.145075153437,0.0,0.8549248465629999,0.0,mccrone,466
50851,2014-12-22,True,True,MP,549,G,0.998681538908,0.0,0.0013184610919999562,0.0,mccrone,549
50851,2014-12-22,True,True,MP,694,C,0.0,0.0019053876479999676,0.0,0.998094612352,mccrone,694
50851,2014-12-22,True,True,NA,103,T,0.0,1.0,0.0,0.0,mccrone,105
50851,2014-12-22,True,True,NA,211,A,0.0,0.0,1.0,0.0,mccrone,226
50851,2014-12-22,True,True,NA,223,A,0.0,0.0,1.0,0.0,mccrone,238
50851,2014-12-22,True,True,NA,226,T,0.0,1.0,0.0,0.0,mccrone,241
50851,2014-12-22,True,True,NA,475,G,0.943064522012,0.0,0.05693547798800003,0.0,mccrone,492
50851,2014-12-22,True,True,NA,491,C,0.0,0.05723953695499995,0.0,0.942760463045,mccrone,508
50851,2014-12-22,True,True,NA,709,C,0.0,0.9426069139915,0.0,0.0573930860085,mccrone,736
50851,2014-12-22,True,True,NA,710,A,0.0,0.0,1.0,0.0,mccrone,737
50851,2014-12-22,True,True,NA,753,G,0.941452349569,0.0,0.058547650430999965,0.0,mccrone,780
50851,2014-12-22,True,True,NA,819,C,1.0,0.0,0.0,0.0,mccrone,846
50851,2014-12-22,True,True,NA,862,T,0.0,0.943233748873,0.0,0.056766251126999956,mccrone,889
50851,2014-12-22,True,True,NA,907,G,0.997582438836,0.0,0.0024175611640000483,0.0,mccrone,934
50851,2014-12-22,True,True,NA,925,C,0.0566924410079,0.9433075589921,0.0,0.0,mccrone,952
50851,2014-12-22,True,True,NA,1066,G,0.054890911597,0.0,0.945109088403,0.0,mccrone,1093
50851,2014-12-22,True,True,NA,1108,A,0.0,0.0,1.0,0.0,mccrone,1135
50851,2014-12-22,True,True,NA,1126,G,0.941218994262,0.0,0.05878100573800005,0.0,mccrone,1153
50851,2014-12-22,True,True,NA,1157,A,0.0,0.0,1.0,0.0,mccrone,1184
50851,2014-12-22,True,True,NA,1194,C,0.0,0.0,0.0,1.0,mccrone,1221
50851,2014-12-22,True,True,NP,207,G,1.0,0.0,0.0,0.0,mccrone,207
50851,2014-12-22,True,True,NP,297,C,0.0,0.03787490088199996,0.0,0.962125099118,mccrone,297
50851,2014-12-22,True,True,NP,330,C,0.0,0.99071837461417,0.0,0.00928162538583,mccrone,330
50851,2014-12-22,True,True,NP,347,G,0.997735250821,0.0,0.002264749178999992,0.0,mccrone,347
50851,2014-12-22,True,True,NP,606,G,0.998397355637,0.0,0.0016026443629999498,0.0,mccrone,606
50851,2014-12-22,True,True,NP,735,T,0.0,0.0358140770358,0.0,0.9641859229642,mccrone,735
50851,2014-12-22,True,True,NP,885,G,0.999077087482,0.0,0.0009229125180000297,0.0,mccrone,885
50851,2014-12-22,True,True,NP,909,G,0.0,0.0,0.0,1.0,mccrone,909
50851,2014-12-22,True,True,NP,918,C,0.0,0.0007233002440000247,0.0,0.999276699756,mccrone,918
50851,2014-12-22,True,True,NP,1002,C,0.0,0.0010659594940000128,0.0,0.998934040506,mccrone,1002
50851,2014-12-22,True,True,NP,1092,A,0.0,0.0,1.0,0.0,mccrone,1092
50851,2014-12-22,True,True,NP,1186,T,0.0,1.0,0.0,0.0,mccrone,1186
50851,2014-12-22,True,True,NP,1188,A,0.0,0.0,1.0,0.0,mccrone,1188
50851,2014-12-22,True,True,NP,1224,G,0.997534093032,0.0,0.0024659069679999757,0.0,mccrone,1224
50851,2014-12-22,True,True,NP,1407,C,0.96290978703,0.0008375209384000604,0.0362526920316,0.0,mccrone,1407
50851,2014-12-22,True,True,NS,125,T,0.0,1.0,0.0,0.0,mccrone,125
50851,2014-12-22,True,True,NS,140,A,0.05159332321700005,0.0,0.948406676783,0.0,mccrone,140
50851,2014-12-22,True,True,NS,173,T,0.953384867651,0.0,0.0,0.046615132349000055,mccrone,173
50851,2014-12-22,True,True,NS,180,T,0.0,1.0,0.0,0.0,mccrone,180
50851,2014-12-22,True,True,NS,233,G,0.0454652845925,0.0,0.9545347154075,0.0,mccrone,233
50851,2014-12-22,True,True,NS,246,A,0.0,0.0,1.0,0.0,mccrone,246
50851,2014-12-22,True,True,NS,299,C,0.0,0.0,0.0,1.0,mccrone,299
50851,2014-12-22,True,True,NS,570,G,1.0,0.0,0.0,0.0,mccrone,570
50851,2014-12-22,True,True,NS,702,G,0.469501866079,0.0,0.530498133921,0.0,mccrone,702
50851,2014-12-22,True,True,NS,744,A,0.0,0.0,1.0,0.0,mccrone,744
50851,2014-12-22,True,True,NS,813,G,1.0,0.0,0.0,0.0,mccrone,813
50851,2014-12-22,True,True,NS,843,C,0.0,0.0,0.0,1.0,mccrone,843
50851,2014-12-22,True,True,PA,153,C,0.0,0.0,1.0,0.0,mccrone,177
50851,2014-12-22,True,True,PA,282,A,0.0,1.0,0.0,0.0,mccrone,306
50851,2014-12-22,True,True,PA,501,T,0.0,0.995782991399,0.0,0.00421700860100005,mccrone,525
50851,2014-12-22,True,True,PA,836,A,0.0,0.0,1.0,0.0,mccrone,860
50851,2014-12-22,True,True,PA,858,G,1.0,0.0,0.0,0.0,mccrone,882
50851,2014-12-22,True,True,PA,1001,G,0.998858046381,0.0,0.0011419536190000468,0.0,mccrone,1025
50851,2014-12-22,True,True,PA,1099,A,0.04801252500700004,0.951987474993,0.0,0.0,mccrone,1123
50851,2014-12-22,True,True,PA,1137,G,1.0,0.0,0.0,0.0,mccrone,1161
50851,2014-12-22,True,True,PA,1552,T,0.0,1.0,0.0,0.0,mccrone,1576
50851,2014-12-22,True,True,PA,1578,T,0.0,1.0,0.0,0.0,mccrone,1602
50851,2014-12-22,True,True,PA,1605,A,0.048142068347999944,0.0,0.951857931652,0.0,mccrone,1629
50851,2014-12-22,True,True,PA,1608,C,0.0,0.0012404254660000058,0.0,0.998759574534,mccrone,1632
50851,2014-12-22,True,True,PA,1809,T,0.0,0.0475376484968,0.0,0.9524623515032,mccrone,1833
50851,2014-12-22,True,True,PA,2001,G,1.0,0.0,0.0,0.0,mccrone,2025
50851,2014-12-22,True,True,PA,2049,T,0.0,1.0,0.0,0.0,mccrone,2073
50851,2014-12-22,True,True,PB1,364,A,0.0,0.0,1.0,0.0,mccrone,372
50851,2014-12-22,True,True,PB1,424,T,0.0,1.0,0.0,0.0,mccrone,432
50851,2014-12-22,True,True,PB1,470,A,0.0,0.0,0.0,1.0,mccrone,478
50851,2014-12-22,True,True,PB1,502,A,0.0,0.0,1.0,0.0,mccrone,510
50851,2014-12-22,True,True,PB1,513,A,0.0,0.0,0.0,1.0,mccrone,521
50851,2014-12-22,True,True,PB1,589,G,1.0,0.0,0.0,0.0,mccrone,597
50851,2014-12-22,True,True,PB1,643,G,0.997799210305,0.0,0.0022007896950000383,0.0,mccrone,651
50851,2014-12-22,True,True,PB1,650,G,0.915139671963,0.0,0.08486032803700005,0.0,mccrone,658
50851,2014-12-22,True,True,PB1,655,C,0.0,0.0,0.0,1.0,mccrone,663
50851,2014-12-22,True,True,PB1,892,C,0.0,0.0,0.0,1.0,mccrone,900
50851,2014-12-22,True,True,PB1,913,C,0.0,0.0,0.0,1.0,mccrone,921
50851,2014-12-22,True,True,PB1,1003,G,0.998591087811,0.0,0.0014089121889999667,0.0,mccrone,1011
50851,2014-12-22,True,True,PB1,1109,C,0.0886797551548,0.9113202448452,0.0,0.0,mccrone,1117
50851,2014-12-22,True,True,PB1,1159,T,0.0,1.0,0.0,0.0,mccrone,1167
50851,2014-12-22,True,True,PB1,1472,A,0.9934675150814,0.0065324849186,0.0,0.0,mccrone,1480
50851,2014-12-22,True,True,PB1,1570,T,0.0,1.0,0.0,0.0,mccrone,1578
50851,2014-12-22,True,True,PB1,1624,C,0.0,0.0,0.0,1.0,mccrone,1632
50851,2014-12-22,True,True,PB1,1690,A,0.0,0.0,1.0,0.0,mccrone,1698
50851,2014-12-22,True,True,PB1,2074,G,1.0,0.0,0.0,0.0,mccrone,2082
50851,2014-12-22,True,True,PB2,57,G,1.0,0.0,0.0,0.0,mccrone,57
50851,2014-12-22,True,True,PB2,214,G,0.997834130494,0.0,0.002165869505999951,0.0,mccrone,214
50851,2014-12-22,True,True,PB2,264,C,0.0,0.0,0.0,1.0,mccrone,264
50851,2014-12-22,True,True,PB2,352,G,0.998337950139,0.0,0.0016620498610000478,0.0,mccrone,352
50851,2014-12-22,True,True,PB2,501,G,0.998160350537,0.0,0.0018396494629999705,0.0,mccrone,501
50851,2014-12-22,True,True,PB2,573,A,0.0016696677030000329,0.0,0.998330332297,0.0,mccrone,573
50851,2014-12-22,True,True,PB2,843,A,0.0,0.0,1.0,0.0,mccrone,843
50851,2014-12-22,True,True,PB2,856,T,0.0,1.0,0.0,0.0,mccrone,856
50851,2014-12-22,True,True,PB2,951,G,0.0249624414124,0.0,0.9750375585876,0.0,mccrone,951
50851,2014-12-22,True,True,PB2,1059,G,0.0,0.0,0.0,1.0,mccrone,1059
50851,2014-12-22,True,True,PB2,1413,A,0.0,0.0,1.0,0.0,mccrone,1413
50851,2014-12-22,True,True,PB2,1458,A,0.99229687912041,0.0,0.00770312087959,0.0,mccrone,1458
50851,2014-12-22,True,True,PB2,1581,T,0.0,1.0,0.0,0.0,mccrone,1581
50851,2014-12-22,True,True,PB2,1602,G,1.0,0.0,0.0,0.0,mccrone,1602
50851,2014-12-22,True,True,PB2,1659,A,0.0,0.0,1.0,0.0,mccrone,1659
50851,2014-12-22,True,True,PB2,1662,C,0.0,0.0,0.0,1.0,mccrone,1662
50851,2014-12-22,True,True,PB2,1707,T,0.0,1.0,0.0,0.0,mccrone,1707
50851,2014-12-22,True,True,PB2,1790,T,0.0,1.0,0.0,0.0,mccrone,1790
50851,2014-12-22,True,True,PB2,1869,G,0.998563218391,0.0,0.0014367816089999597,0.0,mccrone,1869
50851,2014-12-22,True,True,PB2,1885,T,0.0,1.0,0.0,0.0,mccrone,1885
50851,2014-12-22,True,True,PB2,2145,T,1.0,0.0,0.0,0.0,mccrone,2150
50851,2014-12-22,True,True,PB2,2184,A,0.0,0.0,1.0,0.0,mccrone,2189
50874,2014-12-05,False,True,HA,167,G,1.0,0.0,0.0,0.0,mccrone,221
50874,2014-12-05,False,True,HA,242,T,0.0,0.997284898418,0.0,0.0027151015819999458,mccrone,303
50874,2014-12-05,False,True,HA,323,G,1.0,0.0,0.0,0.0,mccrone,384
50874,2014-12-05,False,True,HA,364,G,0.998594150564,0.0,0.001405849435999973,0.0,mccrone,425
50874,2014-12-05,False,True,HA,556,A,0.0,1.0,0.0,0.0,mccrone,647
50874,2014-12-05,False,True,HA,658,C,0.0,0.0011985275229999814,0.0,0.998801472477,mccrone,749
50874,2014-12-05,False,True,HA,685,T,0.0,1.0,0.0,0.0,mccrone,776
50874,2014-12-05,False,True,HA,1150,C,0.00773385140611,0.99226614859389,0.0,0.0,mccrone,1276
50874,2014-12-05,False,True,HA,1466,C,1.0,0.0,0.0,0.0,mccrone,1592
50874,2014-12-05,False,True,HA,1486,A,0.8960991458850001,0.0,0.0,0.103900854115,mccrone,1612
50874,2014-12-05,False,True,MP,68,G,1.0,0.0,0.0,0.0,mccrone,68
50874,2014-12-05,False,True,MP,349,A,0.0,0.0,1.0,0.0,mccrone,349
50874,2014-12-05,False,True,MP,427,A,0.0,0.0,1.0,0.0,mccrone,427
50874,2014-12-05,False,True,MP,549,G,1.0,0.0,0.0,0.0,mccrone,549
50874,2014-12-05,False,True,MP,559,A,0.0,0.0,1.0,0.0,mccrone,559
50874,2014-12-05,False,True,MP,694,C,0.0,0.0,0.0,1.0,mccrone,694
50874,2014-12-05,False,True,MP,887,C,1.0,0.0,0.0,0.0,mccrone,887
50874,2014-12-05,False,True,NA,103,T,0.0,1.0,0.0,0.0,mccrone,105
50874,2014-12-05,False,True,NA,211,A,0.0,0.0,1.0,0.0,mccrone,226
50874,2014-12-05,False,True,NA,223,A,0.0,0.0,1.0,0.0,mccrone,238
50874,2014-12-05,False,True,NA,226,T,0.0,1.0,0.0,0.0,mccrone,241
50874,2014-12-05,False,True,NA,349,T,0.997052631579,0.0,0.0,0.002947368420999963,mccrone,366
50874,2014-12-05,False,True,NA,475,G,0.997783360426,0.0,0.002216639573999979,0.0,mccrone,492
50874,2014-12-05,False,True,NA,491,C,0.0,0.0015414146109999916,0.0,0.998458585389,mccrone,508
50874,2014-12-05,False,True,NA,501,A,0.9668293998999,0.0,0.0331706001001,0.0,mccrone,518
50874,2014-12-05,False,True,NA,710,A,0.0,0.0,1.0,0.0,mccrone,737
50874,2014-12-05,False,True,NA,753,G,0.998549485845,0.0,0.0014505141549999712,0.0,mccrone,780
50874,2014-12-05,False,True,NA,819,C,1.0,0.0,0.0,0.0,mccrone,846
50874,2014-12-05,False,True,NA,862,T,0.0,0.998401718807,0.0,0.001598281192999984,mccrone,889
50874,2014-12-05,False,True,NA,907,G,0.99022986946,0.0,0.009770130539999977,0.0,mccrone,934
50874,2014-12-05,False,True,NA,1108,A,0.0,0.0,1.0,0.0,mccrone,1135
50874,2014-12-05,False,True,NA,1157,A,0.0,0.0,1.0,0.0,mccrone,1184
50874,2014-12-05,False,True,NA,1194,C,0.0,0.0,0.0,1.0,mccrone,1221
50874,2014-12-05,False,True,NP,207,G,0.997717589775,0.0,0.0022824102249999756,0.0,mccrone,207
50874,2014-12-05,False,True,NP,303,G,0.997787887641,0.0,0.0022121123589999847,0.0,mccrone,303
50874,2014-12-05,False,True,NP,347,G,1.0,0.0,0.0,0.0,mccrone,347
50874,2014-12-05,False,True,NP,606,G,0.998630334487,0.0,0.0013696655129999957,0.0,mccrone,606
50874,2014-12-05,False,True,NP,885,G,1.0,0.0,0.0,0.0,mccrone,885
50874,2014-12-05,False,True,NP,909,G,0.0,0.0,0.0,1.0,mccrone,909
50874,2014-12-05,False,True,NP,918,C,0.0,0.0,0.0,1.0,mccrone,918
50874,2014-12-05,False,True,NP,1002,C,0.0,0.0,0.0,1.0,mccrone,1002
50874,2014-12-05,False,True,NP,1092,A,0.0,0.0,1.0,0.0,mccrone,1092
50874,2014-12-05,False,True,NP,1186,T,0.0,1.0,0.0,0.0,mccrone,1186
50874,2014-12-05,False,True,NP,1188,A,0.0013167134829999982,0.0,0.998683286517,0.0,mccrone,1188
50874,2014-12-05,False,True,NP,1224,G,0.997767344125,0.0,0.002232655874999989,0.0,mccrone,1224
50874,2014-12-05,False,True,NP,1407,C,1.0,0.0,0.0,0.0,mccrone,1407
50874,2014-12-05,False,True,NS,125,T,0.0,1.0,0.0,0.0,mccrone,125
50874,2014-12-05,False,True,NS,140,A,0.0,0.0,1.0,0.0,mccrone,140
50874,2014-12-05,False,True,NS,173,T,0.997591328784,0.0,0.0,0.002408671215999969,mccrone,173
50874,2014-12-05,False,True,NS,180,T,0.0,0.997754911132,0.0,0.0022450888680000114,mccrone,180
50874,2014-12-05,False,True,NS,246,A,0.0,0.0,1.0,0.0,mccrone,246
50874,2014-12-05,False,True,NS,299,C,0.0,0.0013155009869999512,0.0,0.998684499013,mccrone,299
50874,2014-12-05,False,True,NS,570,G,1.0,0.0,0.0,0.0,mccrone,570
50874,2014-12-05,False,True,NS,744,A,0.0,0.0,1.0,0.0,mccrone,744
50874,2014-12-05,False,True,NS,813,G,1.0,0.0,0.0,0.0,mccrone,813
50874,2014-12-05,False,True,NS,843,C,0.0,0.0,0.0,1.0,mccrone,843
50874,2014-12-05,False,True,PA,153,C,0.0,0.0,1.0,0.0,mccrone,177
50874,2014-12-05,False,True,PA,282,A,0.0,1.0,0.0,0.0,mccrone,306
50874,2014-12-05,False,True,PA,501,T,0.0,1.0,0.0,0.0,mccrone,525
50874,2014-12-05,False,True,PA,836,A,0.0,0.0,1.0,0.0,mccrone,860
50874,2014-12-05,False,True,PA,858,G,1.0,0.0,0.0,0.0,mccrone,882
50874,2014-12-05,False,True,PA,1001,G,0.998606349472,0.0,0.0013936505280000011,0.0,mccrone,1025
50874,2014-12-05,False,True,PA,1137,G,1.0,0.0,0.0,0.0,mccrone,1161
50874,2014-12-05,False,True,PA,1552,T,0.0,1.0,0.0,0.0,mccrone,1576
50874,2014-12-05,False,True,PA,1578,T,0.0,1.0,0.0,0.0,mccrone,1602
50874,2014-12-05,False,True,PA,1608,C,0.0,0.0,0.0,1.0,mccrone,1632
50874,2014-12-05,False,True,PA,2001,G,1.0,0.0,0.0,0.0,mccrone,2025
50874,2014-12-05,False,True,PA,2049,T,0.0,0.997767177509,0.0,0.002232822490999986,mccrone,2073
50874,2014-12-05,False,True,PB1,364,A,0.0,0.0,1.0,0.0,mccrone,372
50874,2014-12-05,False,True,PB1,424,T,0.0,1.0,0.0,0.0,mccrone,432
50874,2014-12-05,False,True,PB1,470,A,0.0,0.0,0.0,1.0,mccrone,478
50874,2014-12-05,False,True,PB1,502,A,0.0,0.0,1.0,0.0,mccrone,510
50874,2014-12-05,False,True,PB1,513,A,0.0,0.0,0.0,1.0,mccrone,521
50874,2014-12-05,False,True,PB1,530,G,0.25351760292,0.0,0.7464823970800001,0.0,mccrone,538
50874,2014-12-05,False,True,PB1,589,G,0.988283400173,0.0,0.011716599827000018,0.0,mccrone,597
50874,2014-12-05,False,True,PB1,643,G,0.997900221643,0.0,0.0020997783570000372,0.0,mccrone,651
50874,2014-12-05,False,True,PB1,650,G,0.99826536119,0.0,0.001734638810000022,0.0,mccrone,658
50874,2014-12-05,False,True,PB1,655,C,0.0,0.0,0.0,1.0,mccrone,663
50874,2014-12-05,False,True,PB1,892,C,0.0,0.0,0.0,1.0,mccrone,900
50874,2014-12-05,False,True,PB1,913,C,0.0,0.0005413557090000465,0.0,0.999458644291,mccrone,921
50874,2014-12-05,False,True,PB1,1003,G,0.999288565669,0.0,0.0007114343309999605,0.0,mccrone,1011
50874,2014-12-05,False,True,PB1,1159,T,0.0,0.998836126629,0.0,0.0011638733709999904,mccrone,1167
50874,2014-12-05,False,True,PB1,1570,T,0.0,1.0,0.0,0.0,mccrone,1578
50874,2014-12-05,False,True,PB1,1624,C,0.0,0.0,0.0,1.0,mccrone,1632
50874,2014-12-05,False,True,PB1,1690,A,0.0,0.0,1.0,0.0,mccrone,1698
50874,2014-12-05,False,True,PB1,1705,A,0.703656988477,0.0,0.296343011523,0.0,mccrone,1713
50874,2014-12-05,False,True,PB1,1798,G,0.820306948984,0.0,0.17969305101599997,0.0,mccrone,1806
50874,2014-12-05,False,True,PB1,2074,G,1.0,0.0,0.0,0.0,mccrone,2082
50874,2014-12-05,False,True,PB2,57,G,0.999227799228,0.0,0.0007722007720000201,0.0,mccrone,57
50874,2014-12-05,False,True,PB2,212,G,0.302404459968,0.0,0.697595540032,0.0,mccrone,212
50874,2014-12-05,False,True,PB2,214,G,1.0,0.0,0.0,0.0,mccrone,214
50874,2014-12-05,False,True,PB2,264,C,0.0,0.0,0.0,1.0,mccrone,264
50874,2014-12-05,False,True,PB2,352,G,0.997882729119,0.0,0.0021172708809999996,0.0,mccrone,352
50874,2014-12-05,False,True,PB2,501,G,0.99746835443,0.0,0.002531645569999963,0.0,mccrone,501
50874,2014-12-05,False,True,PB2,573,A,0.0,0.0,1.0,0.0,mccrone,573
50874,2014-12-05,False,True,PB2,843,A,0.0,0.0,1.0,0.0,mccrone,843
50874,2014-12-05,False,True,PB2,856,T,0.0,1.0,0.0,0.0,mccrone,856
50874,2014-12-05,False,True,PB2,1059,G,0.0,0.0,0.0,1.0,mccrone,1059
50874,2014-12-05,False,True,PB2,1581,T,0.0,0.998493883322,0.0,0.0015061166780000468,mccrone,1581
50874,2014-12-05,False,True,PB2,1602,G,0.999267555773,0.0,0.0007324442270000286,0.0,mccrone,1602
50874,2014-12-05,False,True,PB2,1659,A,0.0019280592879999947,0.0,0.998071940712,0.0,mccrone,1659
50874,2014-12-05,False,True,PB2,1662,C,0.0,0.004257648561999949,0.0,0.995742351438,mccrone,1662
50874,2014-12-05,False,True,PB2,1707,T,0.0,0.998885103747,0.0,0.0011148962529999862,mccrone,1707
50874,2014-12-05,False,True,PB2,1790,T,0.0,1.0,0.0,0.0,mccrone,1790
50874,2014-12-05,False,True,PB2,1885,T,0.0,1.0,0.0,0.0,mccrone,1885
50874,2014-12-05,False,True,PB2,2145,T,1.0,0.0,0.0,0.0,mccrone,2150
50874,2014-12-05,False,True,PB2,2184,A,0.0,0.0,1.0,0.0,mccrone,2189
50874,2014-12-06,True,True,HA,167,G,1.0,0.0,0.0,0.0,mccrone,221
50874,2014-12-06,True,True,HA,242,T,0.0,0.996181672026,0.0,0.0038183279739999465,mccrone,303
50874,2014-12-06,True,True,HA,323,G,1.0,0.0,0.0,0.0,mccrone,384
50874,2014-12-06,True,True,HA,364,G,1.0,0.0,0.0,0.0,mccrone,425
50874,2014-12-06,True,True,HA,556,A,0.0,1.0,0.0,0.0,mccrone,647
50874,2014-12-06,True,True,HA,658,C,0.0,0.0015116800910000006,0.0,0.998488319909,mccrone,749
50874,2014-12-06,True,True,HA,685,T,0.0,1.0,0.0,0.0,mccrone,776
50874,2014-12-06,True,True,HA,1466,C,1.0,0.0,0.0,0.0,mccrone,1592
50874,2014-12-06,True,True,HA,1486,A,0.99036343592133,0.0,0.0,0.00963656407867,mccrone,1612
50874,2014-12-06,True,True,MP,68,G,1.0,0.0,0.0,0.0,mccrone,68
50874,2014-12-06,True,True,MP,349,A,0.0,0.0,1.0,0.0,mccrone,349
50874,2014-12-06,True,True,MP,427,A,0.0,0.0,1.0,0.0,mccrone,427
50874,2014-12-06,True,True,MP,549,G,1.0,0.0,0.0,0.0,mccrone,549
50874,2014-12-06,True,True,MP,559,A,0.0,0.0,1.0,0.0,mccrone,559
50874,2014-12-06,True,True,MP,694,C,0.0,0.0,0.0,1.0,mccrone,694
50874,2014-12-06,True,True,MP,887,C,1.0,0.0,0.0,0.0,mccrone,887
50874,2014-12-06,True,True,NA,103,T,0.0,1.0,0.0,0.0,mccrone,105
50874,2014-12-06,True,True,NA,211,A,0.0,0.0,1.0,0.0,mccrone,226
50874,2014-12-06,True,True,NA,223,A,0.0,0.0,1.0,0.0,mccrone,238
50874,2014-12-06,True,True,NA,226,T,0.0,1.0,0.0,0.0,mccrone,241
50874,2014-12-06,True,True,NA,349,T,0.997708287129,0.0,0.0,0.002291712871000051,mccrone,366
50874,2014-12-06,True,True,NA,475,G,0.997695716396,0.0,0.0023042836040000347,0.0,mccrone,492
50874,2014-12-06,True,True,NA,491,C,0.0,0.0,0.0,1.0,mccrone,508
50874,2014-12-06,True,True,NA,501,A,0.532362717449,0.0,0.467637282551,0.0,mccrone,518
50874,2014-12-06,True,True,NA,710,A,0.0,0.0,1.0,0.0,mccrone,737
50874,2014-12-06,True,True,NA,753,G,0.998564707759,0.0,0.0014352922410000302,0.0,mccrone,780
50874,2014-12-06,True,True,NA,819,C,1.0,0.0,0.0,0.0,mccrone,846
50874,2014-12-06,True,True,NA,862,T,0.0,1.0,0.0,0.0,mccrone,889
50874,2014-12-06,True,True,NA,907,G,0.997123496059,0.0,0.0028765039410000304,0.0,mccrone,934
50874,2014-12-06,True,True,NA,1108,A,0.0,0.0,1.0,0.0,mccrone,1135
50874,2014-12-06,True,True,NA,1157,A,0.0,0.0,1.0,0.0,mccrone,1184
50874,2014-12-06,True,True,NA,1194,C,0.0,0.0,0.0,1.0,mccrone,1221
50874,2014-12-06,True,True,NP,207,G,0.997331410025,0.0,0.0026685899749999686,0.0,mccrone,207
50874,2014-12-06,True,True,NP,303,G,0.997042353498,0.0,0.002957646502000033,0.0,mccrone,303
50874,2014-12-06,True,True,NP,347,G,0.998306660469,0.0,0.0016933395310000376,0.0,mccrone,347
50874,2014-12-06,True,True,NP,606,G,0.998017076471,0.0,0.0019829235289999803,0.0,mccrone,606
50874,2014-12-06,True,True,NP,885,G,0.999026403023,0.0,0.0009735969769999464,0.0,mccrone,885
50874,2014-12-06,True,True,NP,909,G,0.0,0.0,0.0,1.0,mccrone,909
50874,2014-12-06,True,True,NP,918,C,0.0,0.0,0.0,1.0,mccrone,918
50874,2014-12-06,True,True,NP,1002,C,0.0,0.0,0.0,1.0,mccrone,1002
50874,2014-12-06,True,True,NP,1092,A,0.0,0.0,1.0,0.0,mccrone,1092
50874,2014-12-06,True,True,NP,1186,T,0.0,1.0,0.0,0.0,mccrone,1186
50874,2014-12-06,True,True,NP,1188,A,0.0,0.0,1.0,0.0,mccrone,1188
50874,2014-12-06,True,True,NP,1224,G,0.997793693357,0.0,0.0022063066430000333,0.0,mccrone,1224
50874,2014-12-06,True,True,NP,1407,C,1.0,0.0,0.0,0.0,mccrone,1407
50874,2014-12-06,True,True,NS,125,T,0.0,1.0,0.0,0.0,mccrone,125
50874,2014-12-06,True,True,NS,140,A,0.0,0.0,1.0,0.0,mccrone,140
50874,2014-12-06,True,True,NS,173,T,1.0,0.0,0.0,0.0,mccrone,173
50874,2014-12-06,True,True,NS,180,T,0.0,1.0,0.0,0.0,mccrone,180
50874,2014-12-06,True,True,NS,246,A,0.0,0.0,1.0,0.0,mccrone,246
50874,2014-12-06,True,True,NS,299,C,0.0,0.002195080768000013,0.0,0.997804919232,mccrone,299
50874,2014-12-06,True,True,NS,570,G,1.0,0.0,0.0,0.0,mccrone,570
50874,2014-12-06,True,True,NS,744,A,0.0,0.0,1.0,0.0,mccrone,744
50874,2014-12-06,True,True,NS,813,G,1.0,0.0,0.0,0.0,mccrone,813
50874,2014-12-06,True,True,NS,843,C,0.0,0.0,0.0,1.0,mccrone,843
50874,2014-12-06,True,True,PA,153,C,0.0,0.0,1.0,0.0,mccrone,177
50874,2014-12-06,True,True,PA,282,A,0.0,1.0,0.0,0.0,mccrone,306
50874,2014-12-06,True,True,PA,501,T,0.0,1.0,0.0,0.0,mccrone,525
50874,2014-12-06,True,True,PA,836,A,0.0,0.0,1.0,0.0,mccrone,860
50874,2014-12-06,True,True,PA,858,G,0.998834300011,0.0,0.0011656999889999575,0.0,mccrone,882
50874,2014-12-06,True,True,PA,1001,G,0.998886605002,0.0,0.0011133949980000057,0.0,mccrone,1025
50874,2014-12-06,True,True,PA,1137,G,1.0,0.0,0.0,0.0,mccrone,1161
50874,2014-12-06,True,True,PA,1552,T,0.0,1.0,0.0,0.0,mccrone,1576
50874,2014-12-06,True,True,PA,1578,T,0.0,0.999129751277,0.0,0.0008702487230000111,mccrone,1602
50874,2014-12-06,True,True,PA,1608,C,0.0,0.0009272943289999613,0.0,0.999072705671,mccrone,1632
50874,2014-12-06,True,True,PA,2001,G,1.0,0.0,0.0,0.0,mccrone,2025
50874,2014-12-06,True,True,PA,2049,T,0.0,1.0,0.0,0.0,mccrone,2073
50874,2014-12-06,True,True,PB1,364,A,0.0,0.0,1.0,0.0,mccrone,372
50874,2014-12-06,True,True,PB1,424,T,0.0,1.0,0.0,0.0,mccrone,432
50874,2014-12-06,True,True,PB1,470,A,0.0,0.0,0.0,1.0,mccrone,478
50874,2014-12-06,True,True,PB1,502,A,0.0,0.0,1.0,0.0,mccrone,510
50874,2014-12-06,True,True,PB1,513,A,0.0,0.0,0.0,1.0,mccrone,521
50874,2014-12-06,True,True,PB1,530,G,0.473359560691,0.0,0.5266404393090001,0.0,mccrone,538
50874,2014-12-06,True,True,PB1,589,G,1.0,0.0,0.0,0.0,mccrone,597
50874,2014-12-06,True,True,PB1,643,G,0.996765005802,0.0,0.0032349941979999963,0.0,mccrone,651
50874,2014-12-06,True,True,PB1,650,G,0.998466418041,0.0,0.0015335819589999966,0.0,mccrone,658
50874,2014-12-06,True,True,PB1,655,C,0.0,0.0,0.0,1.0,mccrone,663
50874,2014-12-06,True,True,PB1,892,C,0.0,0.0,0.0,1.0,mccrone,900
50874,2014-12-06,True,True,PB1,913,C,0.0,0.0009581721019999989,0.0,0.999041827898,mccrone,921
50874,2014-12-06,True,True,PB1,1003,G,1.0,0.0,0.0,0.0,mccrone,1011
50874,2014-12-06,True,True,PB1,1159,T,0.0,1.0,0.0,0.0,mccrone,1167
50874,2014-12-06,True,True,PB1,1570,T,0.0,1.0,0.0,0.0,mccrone,1578
50874,2014-12-06,True,True,PB1,1624,C,0.0,0.0,0.0,1.0,mccrone,1632
50874,2014-12-06,True,True,PB1,1690,A,0.0,0.0,1.0,0.0,mccrone,1698
50874,2014-12-06,True,True,PB1,1705,A,0.5386492206269999,0.0,0.461350779373,0.0,mccrone,1713
50874,2014-12-06,True,True,PB1,1798,G,0.556361093733,0.0,0.443638906267,0.0,mccrone,1806
50874,2014-12-06,True,True,PB1,2074,G,0.997876374668,0.0,0.0021236253319999454,0.0,mccrone,2082
50874,2014-12-06,True,True,PB2,57,G,1.0,0.0,0.0,0.0,mccrone,57
50874,2014-12-06,True,True,PB2,212,G,0.470121801684,0.0,0.529878198316,0.0,mccrone,212
50874,2014-12-06,True,True,PB2,214,G,0.998388266581,0.0,0.0016117334190000054,0.0,mccrone,214
50874,2014-12-06,True,True,PB2,264,C,0.0,0.0,0.0,1.0,mccrone,264
50874,2014-12-06,True,True,PB2,352,G,0.997702345342,0.0,0.0022976546580000257,0.0,mccrone,352
50874,2014-12-06,True,True,PB2,501,G,0.997261280518,0.0,0.002738719481999996,0.0,mccrone,501
50874,2014-12-06,True,True,PB2,573,A,0.0,0.0,1.0,0.0,mccrone,573
50874,2014-12-06,True,True,PB2,843,A,0.0,0.0,1.0,0.0,mccrone,843
50874,2014-12-06,True,True,PB2,856,T,0.0,1.0,0.0,0.0,mccrone,856
50874,2014-12-06,True,True,PB2,1059,G,0.0,0.0,0.0,1.0,mccrone,1059
50874,2014-12-06,True,True,PB2,1581,T,0.0,1.0,0.0,0.0,mccrone,1581
50874,2014-12-06,True,True,PB2,1602,G,0.99918635487,0.0,0.0008136451300000402,0.0,mccrone,1602
50874,2014-12-06,True,True,PB2,1659,A,0.0,0.0,1.0,0.0,mccrone,1659
50874,2014-12-06,True,True,PB2,1662,C,0.0,0.0,0.0,1.0,mccrone,1662
50874,2014-12-06,True,True,PB2,1707,T,0.0,1.0,0.0,0.0,mccrone,1707
50874,2014-12-06,True,True,PB2,1790,T,0.0,1.0,0.0,0.0,mccrone,1790
50874,2014-12-06,True,True,PB2,1885,T,0.0,1.0,0.0,0.0,mccrone,1885
50874,2014-12-06,True,True,PB2,2145,T,1.0,0.0,0.0,0.0,mccrone,2150
50874,2014-12-06,True,True,PB2,2184,A,0.0,0.0,1.0,0.0,mccrone,2189
50879,2014-12-28,False,False,HA,47,T,0.0,1.0,0.0,0.0,mccrone,56
50879,2014-12-28,False,False,HA,167,G,1.0,0.0,0.0,0.0,mccrone,221
50879,2014-12-28,False,False,HA,364,G,1.0,0.0,0.0,0.0,mccrone,425
50879,2014-12-28,False,False,HA,556,A,0.0009431984909999969,0.999056801509,0.0,0.0,mccrone,647
50879,2014-12-28,False,False,HA,561,C,0.0,0.001324082411000016,0.0,0.998675917589,mccrone,652
50879,2014-12-28,False,False,HA,658,C,0.0,0.0008801710050000411,0.0,0.999119828995,mccrone,749
50879,2014-12-28,False,False,HA,685,T,0.0,1.0,0.0,0.0,mccrone,776
50879,2014-12-28,False,False,HA,1466,C,1.0,0.0,0.0,0.0,mccrone,1592
50879,2014-12-28,False,False,MP,349,A,0.0,0.0,1.0,0.0,mccrone,349
50879,2014-12-28,False,False,MP,427,A,0.0,0.0,1.0,0.0,mccrone,427
50879,2014-12-28,False,False,MP,549,G,0.998677806847,0.0,0.001322193152999973,0.0,mccrone,549
50879,2014-12-28,False,False,MP,640,T,0.0,0.997300412521,0.0,0.0026995874790000096,mccrone,640
50879,2014-12-28,False,False,MP,694,C,0.0,0.001414915277999973,0.0,0.998585084722,mccrone,694
50879,2014-12-28,False,False,NA,70,T,0.0,1.0,0.0,0.0,mccrone,72
50879,2014-12-28,False,False,NA,103,T,0.0,1.0,0.0,0.0,mccrone,105
50879,2014-12-28,False,False,NA,211,A,0.0,0.0,1.0,0.0,mccrone,226
50879,2014-12-28,False,False,NA,223,A,0.0,0.0,1.0,0.0,mccrone,238
50879,2014-12-28,False,False,NA,226,T,0.0,1.0,0.0,0.0,mccrone,241
50879,2014-12-28,False,False,NA,231,C,0.998128742515,0.0018712574850000552,0.0,0.0,mccrone,246
50879,2014-12-28,False,False,NA,670,A,0.0013084948870000224,0.0,0.998691505113,0.0,mccrone,697
50879,2014-12-28,False,False,NA,710,A,0.0010588154930000204,0.0,0.998941184507,0.0,mccrone,737
50879,2014-12-28,False,False,NA,808,T,0.0,1.0,0.0,0.0,mccrone,835
50879,2014-12-28,False,False,NA,819,C,1.0,0.0,0.0,0.0,mccrone,846
50879,2014-12-28,False,False,NA,907,G,0.998503267258,0.0,0.0014967327420000176,0.0,mccrone,934
50879,2014-12-28,False,False,NA,1099,G,0.998795412932,0.0,0.0012045870679999737,0.0,mccrone,1126
50879,2014-12-28,False,False,NA,1108,A,0.0,0.0,1.0,0.0,mccrone,1135
50879,2014-12-28,False,False,NA,1157,A,0.0,0.0,1.0,0.0,mccrone,1184
50879,2014-12-28,False,False,NA,1194,C,0.0,0.0,0.0,1.0,mccrone,1221
50879,2014-12-28,False,False,NP,207,G,0.99771949829,0.0,0.002280501710000049,0.0,mccrone,207
50879,2014-12-28,False,False,NP,347,G,0.998765279664,0.0,0.001234720336000028,0.0,mccrone,347
50879,2014-12-28,False,False,NP,411,A,0.0021616509609999612,0.0,0.997838349039,0.0,mccrone,411
50879,2014-12-28,False,False,NP,573,C,0.0,0.003125527960999963,0.0,0.996874472039,mccrone,573
50879,2014-12-28,False,False,NP,606,G,0.998750208299,0.0,0.001249791701000036,0.0,mccrone,606
50879,2014-12-28,False,False,NP,885,G,0.999142010296,0.0,0.0008579897039999729,0.0,mccrone,885
50879,2014-12-28,False,False,NP,909,G,0.0,0.0,0.0,1.0,mccrone,909
50879,2014-12-28,False,False,NP,918,C,0.0,0.0010952317350000351,0.0,0.998904768265,mccrone,918
50879,2014-12-28,False,False,NP,1002,C,0.0,0.0009161322559999574,0.0,0.999083867744,mccrone,1002
50879,2014-12-28,False,False,NP,1092,A,0.0020925652390000327,0.0,0.997907434761,0.0,mccrone,1092
50879,2014-12-28,False,False,NP,1093,A,0.0016560353290000496,0.0,0.998343964671,0.0,mccrone,1093
50879,2014-12-28,False,False,NP,1186,T,0.0,0.999203475742,0.0,0.0007965242580000309,mccrone,1186
50879,2014-12-28,False,False,NP,1188,A,0.0011262488650000124,0.0,0.998873751135,0.0,mccrone,1188
50879,2014-12-28,False,False,NP,1224,G,0.998372462058,0.0,0.0016275379419999902,0.0,mccrone,1224
50879,2014-12-28,False,False,NP,1407,C,1.0,0.0,0.0,0.0,mccrone,1407
50879,2014-12-28,False,False,NS,125,T,0.0,0.998165137615,0.0,0.001834862384999969,mccrone,125
50879,2014-12-28,False,False,NS,180,T,0.0,1.0,0.0,0.0,mccrone,180
50879,2014-12-28,False,False,NS,246,A,0.0,0.0,1.0,0.0,mccrone,246
50879,2014-12-28,False,False,NS,299,C,0.0,0.0009956027549999913,0.0,0.999004397245,mccrone,299
50879,2014-12-28,False,False,NS,341,A,0.001186063751000055,0.0,0.998813936249,0.0,mccrone,341
50879,2014-12-28,False,False,NS,570,G,1.0,0.0,0.0,0.0,mccrone,570
50879,2014-12-28,False,False,NS,578,A,0.0021507226429999804,0.0,0.997849277357,0.0,mccrone,578
50879,2014-12-28,False,False,NS,744,A,0.0,0.0,1.0,0.0,mccrone,744
50879,2014-12-28,False,False,NS,813,G,1.0,0.0,0.0,0.0,mccrone,813
50879,2014-12-28,False,False,NS,843,C,0.0,0.0,0.0,1.0,mccrone,843
50879,2014-12-28,False,False,PA,153,C,0.0,0.0,1.0,0.0,mccrone,177
50879,2014-12-28,False,False,PA,282,A,0.001335676625999982,0.998664323374,0.0,0.0,mccrone,306
50879,2014-12-28,False,False,PA,501,T,0.0,1.0,0.0,0.0,mccrone,525
50879,2014-12-28,False,False,PA,836,A,0.0,0.0,1.0,0.0,mccrone,860
50879,2014-12-28,False,False,PA,858,G,0.999644747593,0.0,0.00035525240699996186,0.0,mccrone,882
50879,2014-12-28,False,False,PA,1001,G,0.998999206267,0.0,0.0010007937329999939,0.0,mccrone,1025
50879,2014-12-28,False,False,PA,1092,T,0.99821876237,0.0,0.0,0.0017812376300000432,mccrone,1116
50879,2014-12-28,False,False,PA,1137,G,1.0,0.0,0.0,0.0,mccrone,1161
50879,2014-12-28,False,False,PA,1293,G,0.999128365014,0.0,0.0008716349859999584,0.0,mccrone,1317
50879,2014-12-28,False,False,PA,1552,T,0.0,1.0,0.0,0.0,mccrone,1576
50879,2014-12-28,False,False,PA,1578,T,0.0,1.0,0.0,0.0,mccrone,1602
50879,2014-12-28,False,False,PA,1608,C,0.0,0.0010587986169999786,0.0,0.998941201383,mccrone,1632
50879,2014-12-28,False,False,PA,2001,G,0.998393574297,0.0,0.0016064257029999585,0.0,mccrone,2025
50879,2014-12-28,False,False,PA,2049,T,0.0,1.0,0.0,0.0,mccrone,2073
50879,2014-12-28,False,False,PB1,364,A,0.0,0.0,1.0,0.0,mccrone,372
50879,2014-12-28,False,False,PB1,424,T,0.0,0.998728730686,0.0,0.001271269314000012,mccrone,432
50879,2014-12-28,False,False,PB1,470,A,0.000782905038000048,0.0,0.0,0.999217094962,mccrone,478
50879,2014-12-28,False,False,PB1,492,A,0.99044506317651,0.00955493682349,0.0,0.0,mccrone,500
50879,2014-12-28,False,False,PB1,502,A,0.0,0.0,1.0,0.0,mccrone,510
50879,2014-12-28,False,False,PB1,513,A,0.0,0.0,0.0,1.0,mccrone,521
50879,2014-12-28,False,False,PB1,589,G,0.999051383399,0.0,0.0009486166009999852,0.0,mccrone,597
50879,2014-12-28,False,False,PB1,643,G,0.997631895648,0.0,0.0023681043519999667,0.0,mccrone,651
50879,2014-12-28,False,False,PB1,655,C,0.0,0.0,0.0,1.0,mccrone,663
50879,2014-12-28,False,False,PB1,892,C,0.0,0.0,0.0,1.0,mccrone,900
50879,2014-12-28,False,False,PB1,913,C,0.0,0.0005046975700000456,0.0,0.99949530243,mccrone,921
50879,2014-12-28,False,False,PB1,1003,G,0.998856782434,0.0,0.0011432175659999988,0.0,mccrone,1011
50879,2014-12-28,False,False,PB1,1159,T,0.0,1.0,0.0,0.0,mccrone,1167
50879,2014-12-28,False,False,PB1,1450,C,0.0,0.002028644459999951,0.0,0.99797135554,mccrone,1458
50879,2014-12-28,False,False,PB1,1525,T,0.0,0.998510287072,0.0,0.001489712928000042,mccrone,1533
50879,2014-12-28,False,False,PB1,1570,T,0.0,0.999250700004,0.0,0.0007492999960000413,mccrone,1578
50879,2014-12-28,False,False,PB1,1624,C,0.0,0.0,0.0,1.0,mccrone,1632
50879,2014-12-28,False,False,PB1,1690,A,0.0,0.0,1.0,0.0,mccrone,1698
50879,2014-12-28,False,False,PB1,1723,A,0.0009335931160000532,0.0,0.999066406884,0.0,mccrone,1731
50879,2014-12-28,False,False,PB1,1906,C,0.998734177215,0.0012658227849999815,0.0,0.0,mccrone,1914
50879,2014-12-28,False,False,PB1,2074,G,0.998601154048,0.0,0.0013988459520000163,0.0,mccrone,2082
50879,2014-12-28,False,False,PB2,57,G,0.999092147072,0.0,0.000907852927999997,0.0,mccrone,57
50879,2014-12-28,False,False,PB2,214,G,0.997183098592,0.0,0.00281690140799995,0.0,mccrone,214
50879,2014-12-28,False,False,PB2,264,C,0.0,0.0,0.0,1.0,mccrone,264
50879,2014-12-28,False,False,PB2,343,A,0.0023095928670000543,0.0,0.997690407133,0.0,mccrone,343
50879,2014-12-28,False,False,PB2,458,G,0.99887169568,0.0,0.0011283043199999954,0.0,mccrone,458
50879,2014-12-28,False,False,PB2,573,A,0.0,0.0,1.0,0.0,mccrone,573
50879,2014-12-28,False,False,PB2,843,A,0.0007124536910000367,0.0,0.999287546309,0.0,mccrone,843
50879,2014-12-28,False,False,PB2,856,T,0.0,1.0,0.0,0.0,mccrone,856
50879,2014-12-28,False,False,PB2,868,T,0.0,0.998796015907,0.0,0.0012039840930000434,mccrone,868
50879,2014-12-28,False,False,PB2,1059,G,0.0,0.0,0.0,1.0,mccrone,1059
50879,2014-12-28,False,False,PB2,1425,T,0.0,1.0,0.0,0.0,mccrone,1425
50879,2014-12-28,False,False,PB2,1581,T,0.0,0.998691701142,0.0,0.00130829885799999,mccrone,1581
50879,2014-12-28,False,False,PB2,1602,G,1.0,0.0,0.0,0.0,mccrone,1602
50879,2014-12-28,False,False,PB2,1659,A,0.0014583839720000435,0.0,0.998541616028,0.0,mccrone,1659
50879,2014-12-28,False,False,PB2,1662,C,0.0,0.0011173184360000477,0.0,0.998882681564,mccrone,1662
50879,2014-12-28,False,False,PB2,1707,T,0.0,1.0,0.0,0.0,mccrone,1707
50879,2014-12-28,False,False,PB2,1790,T,0.0,0.999117082534,0.0,0.0008829174659999994,mccrone,1790
50879,2014-12-28,False,False,PB2,1885,T,0.0,1.0,0.0,0.0,mccrone,1885
50879,2014-12-28,False,False,PB2,1908,G,0.998990594173,0.0,0.0010094058270000428,0.0,mccrone,1908
50879,2014-12-28,False,False,PB2,2145,T,1.0,0.0,0.0,0.0,mccrone,2150
50879,2014-12-28,False,False,PB2,2184,A,0.0,0.0,1.0,0.0,mccrone,2189
50879,2014-12-31,True,False,HA,47,T,0.0,1.0,0.0,0.0,mccrone,56
50879,2014-12-31,True,False,HA,167,G,1.0,0.0,0.0,0.0,mccrone,221
50879,2014-12-31,True,False,HA,364,G,0.998928391326,0.0,0.0010716086740000241,0.0,mccrone,425
50879,2014-12-31,True,False,HA,556,A,0.0008671773380000136,0.999132822662,0.0,0.0,mccrone,647
50879,2014-12-31,True,False,HA,561,C,0.0,0.0017481656569999782,0.0,0.998251834343,mccrone,652
50879,2014-12-31,True,False,HA,658,C,0.0,0.000899446493999978,0.0,0.999100553506,mccrone,749
50879,2014-12-31,True,False,HA,685,T,0.0,0.998750397601,0.0,0.0012496023989999605,mccrone,776
50879,2014-12-31,True,False,HA,1466,C,1.0,0.0,0.0,0.0,mccrone,1592
50879,2014-12-31,True,False,MP,349,A,0.0,0.0,1.0,0.0,mccrone,349
50879,2014-12-31,True,False,MP,427,A,0.0,0.0,1.0,0.0,mccrone,427
50879,2014-12-31,True,False,MP,549,G,0.998198527492,0.0,0.0018014725080000016,0.0,mccrone,549
50879,2014-12-31,True,False,MP,640,T,0.0,0.996781268693,0.0,0.003218731307000011,mccrone,640
50879,2014-12-31,True,False,MP,694,C,0.0,0.0,0.0,1.0,mccrone,694
50879,2014-12-31,True,False,NA,70,T,0.0,0.994553027876,0.0,0.005446972124000027,mccrone,72
50879,2014-12-31,True,False,NA,103,T,0.0,1.0,0.0,0.0,mccrone,105
50879,2014-12-31,True,False,NA,211,A,0.0,0.0,1.0,0.0,mccrone,226
50879,2014-12-31,True,False,NA,223,A,0.0,0.0,1.0,0.0,mccrone,238
50879,2014-12-31,True,False,NA,226,T,0.0,1.0,0.0,0.0,mccrone,241
50879,2014-12-31,True,False,NA,231,C,1.0,0.0,0.0,0.0,mccrone,246
50879,2014-12-31,True,False,NA,670,A,0.002080346349999984,0.0,0.99791965365,0.0,mccrone,697
50879,2014-12-31,True,False,NA,710,A,0.0009520342729999465,0.0,0.999047965727,0.0,mccrone,737
50879,2014-12-31,True,False,NA,808,T,0.0,0.998308000338,0.0,0.0016919996619999544,mccrone,835
50879,2014-12-31,True,False,NA,819,C,1.0,0.0,0.0,0.0,mccrone,846
50879,2014-12-31,True,False,NA,907,G,0.997622402254,0.0,0.002377597745999993,0.0,mccrone,934
50879,2014-12-31,True,False,NA,1099,G,0.998324447829,0.0,0.0016755521710000165,0.0,mccrone,1126
50879,2014-12-31,True,False,NA,1108,A,0.0,0.0,1.0,0.0,mccrone,1135
50879,2014-12-31,True,False,NA,1157,A,0.0,0.0,1.0,0.0,mccrone,1184
50879,2014-12-31,True,False,NA,1194,C,0.0,0.0,0.0,1.0,mccrone,1221
50879,2014-12-31,True,False,NP,207,G,0.99670537847,0.0,0.0032946215300000414,0.0,mccrone,207
50879,2014-12-31,True,False,NP,347,G,0.998780720137,0.0,0.0012192798629999668,0.0,mccrone,347
50879,2014-12-31,True,False,NP,411,A,0.0025568604129999617,0.0,0.997443139587,0.0,mccrone,411
50879,2014-12-31,True,False,NP,573,C,0.0,0.0035166007810000233,0.0,0.996483399219,mccrone,573
50879,2014-12-31,True,False,NP,606,G,0.998366758737,0.0,0.0016332412630000182,0.0,mccrone,606
50879,2014-12-31,True,False,NP,885,G,0.99912882001,0.0,0.0008711799899999706,0.0,mccrone,885
50879,2014-12-31,True,False,NP,909,G,0.0,0.0,0.0,1.0,mccrone,909
50879,2014-12-31,True,False,NP,918,C,0.0,0.0,0.0,1.0,mccrone,918
50879,2014-12-31,True,False,NP,1002,C,0.0,0.0008475843849999887,0.0,0.999152415615,mccrone,1002
50879,2014-12-31,True,False,NP,1092,A,0.0,0.0,1.0,0.0,mccrone,1092
50879,2014-12-31,True,False,NP,1093,A,0.0024911032029999447,0.0,0.997508896797,0.0,mccrone,1093
50879,2014-12-31,True,False,NP,1186,T,0.0,1.0,0.0,0.0,mccrone,1186
50879,2014-12-31,True,False,NP,1188,A,0.0,0.0,1.0,0.0,mccrone,1188
50879,2014-12-31,True,False,NP,1224,G,0.998410519471,0.0,0.001589480528999987,0.0,mccrone,1224
50879,2014-12-31,True,False,NP,1407,C,1.0,0.0,0.0,0.0,mccrone,1407
50879,2014-12-31,True,False,NS,125,T,0.0,1.0,0.0,0.0,mccrone,125
50879,2014-12-31,True,False,NS,180,T,0.0,1.0,0.0,0.0,mccrone,180
50879,2014-12-31,True,False,NS,246,A,0.0,0.0,1.0,0.0,mccrone,246
50879,2014-12-31,True,False,NS,299,C,0.0,0.0012747875349999882,0.0,0.998725212465,mccrone,299
50879,2014-12-31,True,False,NS,341,A,0.0024118738399999673,0.0,0.99758812616,0.0,mccrone,341
50879,2014-12-31,True,False,NS,570,G,0.998796886058,0.0,0.0012031139420000114,0.0,mccrone,570
50879,2014-12-31,True,False,NS,578,A,0.0030973132610000453,0.0,0.996902686739,0.0,mccrone,578
50879,2014-12-31,True,False,NS,744,A,0.0,0.0,1.0,0.0,mccrone,744
50879,2014-12-31,True,False,NS,813,G,0.998274374461,0.0,0.0017256255390000197,0.0,mccrone,813
50879,2014-12-31,True,False,NS,843,C,0.0,0.0,0.0,1.0,mccrone,843
50879,2014-12-31,True,False,PA,153,C,0.0,0.0,1.0,0.0,mccrone,177
50879,2014-12-31,True,False,PA,282,A,0.0,1.0,0.0,0.0,mccrone,306
50879,2014-12-31,True,False,PA,501,T,0.0,1.0,0.0,0.0,mccrone,525
50879,2014-12-31,True,False,PA,836,A,0.001316618008999959,0.0,0.998683381991,0.0,mccrone,860
50879,2014-12-31,True,False,PA,858,G,1.0,0.0,0.0,0.0,mccrone,882
50879,2014-12-31,True,False,PA,1001,G,0.999037699536,0.0,0.0009623004640000321,0.0,mccrone,1025
50879,2014-12-31,True,False,PA,1092,T,0.998032398049,0.0,0.0,0.0019676019509999865,mccrone,1116
50879,2014-12-31,True,False,PA,1137,G,0.999047515376,0.0,0.000952484623999994,0.0,mccrone,1161
50879,2014-12-31,True,False,PA,1293,G,0.998358907032,0.0,0.0016410929679999686,0.0,mccrone,1317
50879,2014-12-31,True,False,PA,1552,T,0.0,0.999344411823,0.0,0.000655588176999955,mccrone,1576
50879,2014-12-31,True,False,PA,1578,T,0.0,0.999262913194,0.0,0.0007370868060000424,mccrone,1602
50879,2014-12-31,True,False,PA,1608,C,0.0,0.0010029794389999624,0.0,0.998997020561,mccrone,1632
50879,2014-12-31,True,False,PA,2001,G,0.998792464981,0.0,0.00120753501899995,0.0,mccrone,2025
50879,2014-12-31,True,False,PA,2049,T,0.0,1.0,0.0,0.0,mccrone,2073
50879,2014-12-31,True,False,PB1,364,A,0.0,0.0,1.0,0.0,mccrone,372
50879,2014-12-31,True,False,PB1,424,T,0.0,1.0,0.0,0.0,mccrone,432
50879,2014-12-31,True,False,PB1,470,A,0.0,0.0,0.0,1.0,mccrone,478
50879,2014-12-31,True,False,PB1,492,A,0.99060362250156,0.00939637749844,0.0,0.0,mccrone,500
50879,2014-12-31,True,False,PB1,502,A,0.0,0.0,1.0,0.0,mccrone,510
50879,2014-12-31,True,False,PB1,513,A,0.0,0.0,0.0,1.0,mccrone,521
50879,2014-12-31,True,False,PB1,589,G,0.998549404581,0.0,0.0014505954189999448,0.0,mccrone,597
50879,2014-12-31,True,False,PB1,643,G,0.997762495476,0.0,0.002237504523999956,0.0,mccrone,651
50879,2014-12-31,True,False,PB1,655,C,0.0,0.0,0.0,1.0,mccrone,663
50879,2014-12-31,True,False,PB1,892,C,0.0,0.0,0.0,1.0,mccrone,900
50879,2014-12-31,True,False,PB1,913,C,0.0,0.0007205318840000086,0.0,0.999279468116,mccrone,921
50879,2014-12-31,True,False,PB1,1003,G,0.999062974571,0.0,0.0009370254289999824,0.0,mccrone,1011
50879,2014-12-31,True,False,PB1,1159,T,0.0,1.0,0.0,0.0,mccrone,1167
50879,2014-12-31,True,False,PB1,1450,C,0.0,0.0023627709479999703,0.0,0.997637229052,mccrone,1458
50879,2014-12-31,True,False,PB1,1525,T,0.0,0.998543790306,0.0,0.0014562096939999547,mccrone,1533
50879,2014-12-31,True,False,PB1,1570,T,0.0,1.0,0.0,0.0,mccrone,1578
50879,2014-12-31,True,False,PB1,1624,C,0.0,0.0,0.0,1.0,mccrone,1632
50879,2014-12-31,True,False,PB1,1690,A,0.0010850400109999603,0.0,0.998914959989,0.0,mccrone,1698
50879,2014-12-31,True,False,PB1,1723,A,0.0012981245519999574,0.0,0.998701875448,0.0,mccrone,1731
50879,2014-12-31,True,False,PB1,1906,C,0.998240949069,0.001759050931000039,0.0,0.0,mccrone,1914
50879,2014-12-31,True,False,PB1,1945,T,0.0,0.00825896063524,0.0,0.99174103936476,mccrone,1953
50879,2014-12-31,True,False,PB1,2074,G,0.998091457363,0.0,0.0019085426370000214,0.0,mccrone,2082
50879,2014-12-31,True,False,PB2,57,G,1.0,0.0,0.0,0.0,mccrone,57
50879,2014-12-31,True,False,PB2,214,G,0.996320762606,0.0,0.003679237394000001,0.0,mccrone,214
50879,2014-12-31,True,False,PB2,264,C,0.0,0.001188614326000037,0.0,0.998811385674,mccrone,264
50879,2014-12-31,True,False,PB2,343,A,0.002864944715999962,0.0,0.997135055284,0.0,mccrone,343
50879,2014-12-31,True,False,PB2,458,G,0.998378396267,0.0,0.001621603733000021,0.0,mccrone,458
50879,2014-12-31,True,False,PB2,573,A,0.0,0.0,1.0,0.0,mccrone,573
50879,2014-12-31,True,False,PB2,843,A,0.0,0.0,1.0,0.0,mccrone,843
50879,2014-12-31,True,False,PB2,856,T,0.0,1.0,0.0,0.0,mccrone,856
50879,2014-12-31,True,False,PB2,868,T,0.0,0.998560032255,0.0,0.0014399677449999926,mccrone,868
50879,2014-12-31,True,False,PB2,1059,G,0.0,0.0,0.0,1.0,mccrone,1059
50879,2014-12-31,True,False,PB2,1425,T,0.0,0.998372395833,0.0,0.0016276041670000296,mccrone,1425
50879,2014-12-31,True,False,PB2,1581,T,0.0,0.999086784053,0.0,0.0009132159470000012,mccrone,1581
50879,2014-12-31,True,False,PB2,1602,G,0.999075656144,0.0,0.0009243438560000428,0.0,mccrone,1602
50879,2014-12-31,True,False,PB2,1659,A,0.0,0.0,1.0,0.0,mccrone,1659
50879,2014-12-31,True,False,PB2,1662,C,0.0,0.0010515844820000453,0.0,0.998948415518,mccrone,1662
50879,2014-12-31,True,False,PB2,1707,T,0.0,0.998862575828,0.0,0.0011374241720000233,mccrone,1707
50879,2014-12-31,True,False,PB2,1790,T,0.0,1.0,0.0,0.0,mccrone,1790
50879,2014-12-31,True,False,PB2,1885,T,0.0,0.998507574062,0.0,0.0014924259380000304,mccrone,1885
50879,2014-12-31,True,False,PB2,1908,G,0.997709218548,0.0,0.0022907814520000125,0.0,mccrone,1908
50879,2014-12-31,True,False,PB2,2145,T,1.0,0.0,0.0,0.0,mccrone,2150
50879,2014-12-31,True,False,PB2,2184,A,0.0,0.0,1.0,0.0,mccrone,2189
50935,2014-12-05,False,False,HA,167,G,1.0,0.0,0.0,0.0,mccrone,221
50935,2014-12-05,False,False,HA,364,G,1.0,0.0,0.0,0.0,mccrone,425
50935,2014-12-05,False,False,HA,556,A,0.0,1.0,0.0,0.0,mccrone,647
50935,2014-12-05,False,False,HA,593,A,0.0,0.0,1.0,0.0,mccrone,684
50935,2014-12-05,False,False,HA,658,C,0.0,0.0013279218959999506,0.0,0.998672078104,mccrone,749
50935,2014-12-05,False,False,HA,683,C,1.0,0.0,0.0,0.0,mccrone,774
50935,2014-12-05,False,False,HA,685,T,0.0,1.0,0.0,0.0,mccrone,776
50935,2014-12-05,False,False,HA,917,A,0.0032699008309999833,0.0,0.996730099169,0.0,mccrone,1043
50935,2014-12-05,False,False,HA,1466,C,1.0,0.0,0.0,0.0,mccrone,1592
50935,2014-12-05,False,False,HA,1577,C,0.0,0.9857640289328,0.0,0.0142359710672,mccrone,1703
50935,2014-12-05,False,False,MP,292,C,0.0,0.0,0.0,1.0,mccrone,292
50935,2014-12-05,False,False,MP,320,C,0.0,0.001897381080000038,0.0,0.99810261892,mccrone,320
50935,2014-12-05,False,False,MP,349,A,0.0,0.0,1.0,0.0,mccrone,349
50935,2014-12-05,False,False,MP,427,A,0.0,0.0,1.0,0.0,mccrone,427
50935,2014-12-05,False,False,MP,549,G,1.0,0.0,0.0,0.0,mccrone,549
50935,2014-12-05,False,False,MP,694,C,0.0,0.0,0.0,1.0,mccrone,694
50935,2014-12-05,False,False,NA,103,T,0.0,1.0,0.0,0.0,mccrone,105
50935,2014-12-05,False,False,NA,211,A,0.0,0.0,1.0,0.0,mccrone,226
50935,2014-12-05,False,False,NA,223,A,0.0,0.0,1.0,0.0,mccrone,238
50935,2014-12-05,False,False,NA,226,T,0.0,1.0,0.0,0.0,mccrone,241
50935,2014-12-05,False,False,NA,446,G,0.998562363672,0.0,0.0014376363279999804,0.0,mccrone,463
50935,2014-12-05,False,False,NA,710,A,0.0011557830430000138,0.0,0.998844216957,0.0,mccrone,737
50935,2014-12-05,False,False,NA,733,A,0.0017867044539999766,0.0,0.998213295546,0.0,mccrone,760
50935,2014-12-05,False,False,NA,819,C,1.0,0.0,0.0,0.0,mccrone,846
50935,2014-12-05,False,False,NA,907,G,0.997934519886,0.0,0.0020654801139999845,0.0,mccrone,934
50935,2014-12-05,False,False,NA,1108,A,0.001855123674999959,0.0,0.998144876325,0.0,mccrone,1135
50935,2014-12-05,False,False,NA,1157,A,0.0012700374149999805,0.0,0.998729962585,0.0,mccrone,1184
50935,2014-12-05,False,False,NA,1194,C,0.0,0.0,0.0,1.0,mccrone,1221
50935,2014-12-05,False,False,NP,207,G,0.997516435354,0.0,0.0024835646459999694,0.0,mccrone,207
50935,2014-12-05,False,False,NP,208,C,1.0,0.0,0.0,0.0,mccrone,208
50935,2014-12-05,False,False,NP,347,G,0.998411571868,0.0,0.001588428131999997,0.0,mccrone,347
50935,2014-12-05,False,False,NP,492,G,0.998434677905,0.0,0.0015653220950000435,0.0,mccrone,492
50935,2014-12-05,False,False,NP,493,A,0.0015148964819999833,0.998485103518,0.0,0.0,mccrone,493
50935,2014-12-05,False,False,NP,570,G,0.00404415087467,0.0,0.99595584912533,0.0,mccrone,570
50935,2014-12-05,False,False,NP,606,G,0.998607211052,0.0,0.00139278894799999,0.0,mccrone,606
50935,2014-12-05,False,False,NP,885,G,0.99912882952,0.0,0.0008711704799999609,0.0,mccrone,885
50935,2014-12-05,False,False,NP,909,G,0.0,0.0,0.0,1.0,mccrone,909
50935,2014-12-05,False,False,NP,918,C,0.0,0.0,0.0,1.0,mccrone,918
50935,2014-12-05,False,False,NP,1002,C,0.0,0.0,0.0,1.0,mccrone,1002
50935,2014-12-05,False,False,NP,1092,A,0.0,0.0,1.0,0.0,mccrone,1092
50935,2014-12-05,False,False,NP,1186,T,0.0,1.0,0.0,0.0,mccrone,1186
50935,2014-12-05,False,False,NP,1188,A,0.0,0.0,1.0,0.0,mccrone,1188
50935,2014-12-05,False,False,NP,1224,G,0.996939334386,0.0,0.00306066561399998,0.0,mccrone,1224
50935,2014-12-05,False,False,NP,1407,C,1.0,0.0,0.0,0.0,mccrone,1407
50935,2014-12-05,False,False,NS,125,T,0.0,1.0,0.0,0.0,mccrone,125
50935,2014-12-05,False,False,NS,180,T,0.0,0.997439590334,0.0,0.0025604096660000186,mccrone,180
50935,2014-12-05,False,False,NS,246,A,0.0,0.0,1.0,0.0,mccrone,246
50935,2014-12-05,False,False,NS,299,C,0.0,0.0021382751249999776,0.0,0.997861724875,mccrone,299
50935,2014-12-05,False,False,NS,570,G,1.0,0.0,0.0,0.0,mccrone,570
50935,2014-12-05,False,False,NS,744,A,0.0,0.0,1.0,0.0,mccrone,744
50935,2014-12-05,False,False,NS,813,G,1.0,0.0,0.0,0.0,mccrone,813
50935,2014-12-05,False,False,NS,843,C,0.0,0.0,0.0,1.0,mccrone,843
50935,2014-12-05,False,False,PA,153,C,0.0,0.0,1.0,0.0,mccrone,177
50935,2014-12-05,False,False,PA,282,A,0.0,1.0,0.0,0.0,mccrone,306
50935,2014-12-05,False,False,PA,501,T,0.0,1.0,0.0,0.0,mccrone,525
50935,2014-12-05,False,False,PA,525,G,0.00508644151952,0.0,0.99491355848048,0.0,mccrone,549
50935,2014-12-05,False,False,PA,552,C,1.0,0.0,0.0,0.0,mccrone,576
50935,2014-12-05,False,False,PA,836,A,0.0,0.0,1.0,0.0,mccrone,860
50935,2014-12-05,False,False,PA,858,G,0.99913855484,0.0,0.000861445159999974,0.0,mccrone,882
50935,2014-12-05,False,False,PA,1001,G,0.998762955533,0.0,0.0012370444670000147,0.0,mccrone,1025
50935,2014-12-05,False,False,PA,1014,T,0.0,0.999037088687,0.0,0.00096291131299997,mccrone,1038
50935,2014-12-05,False,False,PA,1137,G,1.0,0.0,0.0,0.0,mccrone,1161
50935,2014-12-05,False,False,PA,1193,A,0.0018711837699999512,0.0,0.99812881623,0.0,mccrone,1217
50935,2014-12-05,False,False,PA,1552,T,0.0,0.998746654924,0.0,0.0012533450759999454,mccrone,1576
50935,2014-12-05,False,False,PA,1578,T,0.0,0.998953339186,0.0,0.0010466608139999556,mccrone,1602
50935,2014-12-05,False,False,PA,1608,C,0.0,0.0,0.0,1.0,mccrone,1632
50935,2014-12-05,False,False,PA,2001,G,1.0,0.0,0.0,0.0,mccrone,2025
50935,2014-12-05,False,False,PA,2049,T,0.0,1.0,0.0,0.0,mccrone,2073
50935,2014-12-05,False,False,PB1,364,A,0.0,0.0,1.0,0.0,mccrone,372
50935,2014-12-05,False,False,PB1,424,T,0.0,1.0,0.0,0.0,mccrone,432
50935,2014-12-05,False,False,PB1,470,A,0.0,0.0,0.0,1.0,mccrone,478
50935,2014-12-05,False,False,PB1,502,A,0.0011952429329999958,0.0,0.998804757067,0.0,mccrone,510
50935,2014-12-05,False,False,PB1,513,A,0.0,0.0,0.0,1.0,mccrone,521
50935,2014-12-05,False,False,PB1,589,G,1.0,0.0,0.0,0.0,mccrone,597
50935,2014-12-05,False,False,PB1,643,G,0.997842186584,0.0,0.002157813415999965,0.0,mccrone,651
50935,2014-12-05,False,False,PB1,655,C,0.0,0.0,0.0,1.0,mccrone,663
50935,2014-12-05,False,False,PB1,892,C,0.0,0.0,0.0,1.0,mccrone,900
50935,2014-12-05,False,False,PB1,913,C,0.0,0.0010164985530000115,0.0,0.998983501447,mccrone,921
50935,2014-12-05,False,False,PB1,1003,G,0.998954549019,0.0,0.0010454509809999513,0.0,mccrone,1011
50935,2014-12-05,False,False,PB1,1159,T,0.0,1.0,0.0,0.0,mccrone,1167
50935,2014-12-05,False,False,PB1,1271,T,0.0,1.0,0.0,0.0,mccrone,1279
50935,2014-12-05,False,False,PB1,1345,C,0.0,0.0009278651149999817,0.0,0.999072134885,mccrone,1353
50935,2014-12-05,False,False,PB1,1411,A,0.0,0.0,1.0,0.0,mccrone,1419
50935,2014-12-05,False,False,PB1,1570,T,0.0,0.998757402707,0.0,0.001242597293000025,mccrone,1578
50935,2014-12-05,False,False,PB1,1624,C,0.0,0.0,0.0,1.0,mccrone,1632
50935,2014-12-05,False,False,PB1,1690,A,0.0,0.0,1.0,0.0,mccrone,1698
50935,2014-12-05,False,False,PB1,2074,G,1.0,0.0,0.0,0.0,mccrone,2082
50935,2014-12-05,False,False,PB2,57,G,1.0,0.0,0.0,0.0,mccrone,57
50935,2014-12-05,False,False,PB2,214,G,1.0,0.0,0.0,0.0,mccrone,214
50935,2014-12-05,False,False,PB2,264,C,0.0,0.0,0.0,1.0,mccrone,264
50935,2014-12-05,False,False,PB2,573,A,0.001160456654999975,0.0,0.998839543345,0.0,mccrone,573
50935,2014-12-05,False,False,PB2,705,T,0.0,0.998269147555,0.0,0.0017308524450000418,mccrone,705
50935,2014-12-05,False,False,PB2,843,A,0.0008479284229999662,0.0,0.999152071577,0.0,mccrone,843
50935,2014-12-05,False,False,PB2,856,T,0.0,0.999023957409,0.0,0.000976042591000037,mccrone,856
50935,2014-12-05,False,False,PB2,1059,G,0.0,0.0,0.0,1.0,mccrone,1059
50935,2014-12-05,False,False,PB2,1149,A,0.0013371537730000327,0.0,0.998662846227,0.0,mccrone,1149
50935,2014-12-05,False,False,PB2,1413,A,0.0018536201759999926,0.0,0.998146379824,0.0,mccrone,1413
50935,2014-12-05,False,False,PB2,1581,T,0.0,1.0,0.0,0.0,mccrone,1581
50935,2014-12-05,False,False,PB2,1602,G,0.998748898177,0.0,0.0012511018230000337,0.0,mccrone,1602
50935,2014-12-05,False,False,PB2,1659,A,0.0015088538399999907,0.0,0.99849114616,0.0,mccrone,1659
50935,2014-12-05,False,False,PB2,1662,C,0.0,0.0,0.0,1.0,mccrone,1662
50935,2014-12-05,False,False,PB2,1707,T,0.0,0.998844307473,0.0,0.0011556925269999851,mccrone,1707
50935,2014-12-05,False,False,PB2,1790,T,0.0,0.998578755484,0.0,0.0014212445160000087,mccrone,1790
50935,2014-12-05,False,False,PB2,1818,A,0.0,0.0,1.0,0.0,mccrone,1818
50935,2014-12-05,False,False,PB2,1885,T,0.0,1.0,0.0,0.0,mccrone,1885
50935,2014-12-05,False,False,PB2,2145,T,1.0,0.0,0.0,0.0,mccrone,2150
50935,2014-12-05,False,False,PB2,2184,A,0.0,0.0,1.0,0.0,mccrone,2189
50935,2014-12-08,True,True,HA,167,G,1.0,0.0,0.0,0.0,mccrone,221
50935,2014-12-08,True,True,HA,364,G,0.998799966896,0.0,0.0012000331039999645,0.0,mccrone,425
50935,2014-12-08,True,True,HA,556,A,0.0,1.0,0.0,0.0,mccrone,647
50935,2014-12-08,True,True,HA,593,A,0.0010901978389999956,0.0,0.998909802161,0.0,mccrone,684
50935,2014-12-08,True,True,HA,655,T,0.0,0.174562543218,0.0,0.825437456782,mccrone,746
50935,2014-12-08,True,True,HA,658,C,0.0,0.0,0.0,1.0,mccrone,749
50935,2014-12-08,True,True,HA,683,C,1.0,0.0,0.0,0.0,mccrone,774
50935,2014-12-08,True,True,HA,685,T,0.0,1.0,0.0,0.0,mccrone,776
50935,2014-12-08,True,True,HA,917,A,0.003234265733999986,0.0,0.996765734266,0.0,mccrone,1043
50935,2014-12-08,True,True,HA,1466,C,1.0,0.0,0.0,0.0,mccrone,1592
50935,2014-12-08,True,True,MP,292,C,0.0,0.0,0.0,1.0,mccrone,292
50935,2014-12-08,True,True,MP,320,C,0.0,0.005861611027000002,0.0,0.994138388973,mccrone,320
50935,2014-12-08,True,True,MP,349,A,0.0,0.0,1.0,0.0,mccrone,349
50935,2014-12-08,True,True,MP,427,A,0.0,0.0,1.0,0.0,mccrone,427
50935,2014-12-08,True,True,MP,549,G,0.998082680211,0.0,0.0019173197890000049,0.0,mccrone,549
50935,2014-12-08,True,True,MP,694,C,0.0,0.0018004887039999584,0.0,0.998199511296,mccrone,694
50935,2014-12-08,True,True,NA,103,T,0.0,1.0,0.0,0.0,mccrone,105
50935,2014-12-08,True,True,NA,211,A,0.0,0.0,1.0,0.0,mccrone,226
50935,2014-12-08,True,True,NA,223,A,0.0023168259479999787,0.0,0.997683174052,0.0,mccrone,238
50935,2014-12-08,True,True,NA,226,T,0.0,1.0,0.0,0.0,mccrone,241
50935,2014-12-08,True,True,NA,446,G,0.998302412999,0.0,0.0016975870009999783,0.0,mccrone,463
50935,2014-12-08,True,True,NA,710,A,0.0,0.0,1.0,0.0,mccrone,737
50935,2014-12-08,True,True,NA,733,A,0.0015735377819999785,0.0,0.998426462218,0.0,mccrone,760
50935,2014-12-08,True,True,NA,819,C,1.0,0.0,0.0,0.0,mccrone,846
50935,2014-12-08,True,True,NA,907,G,0.997879109226,0.0,0.002120890774000017,0.0,mccrone,934
50935,2014-12-08,True,True,NA,1108,A,0.0,0.0,1.0,0.0,mccrone,1135
50935,2014-12-08,True,True,NA,1157,A,0.0,0.0,1.0,0.0,mccrone,1184
50935,2014-12-08,True,True,NA,1194,C,0.0,0.0,0.0,1.0,mccrone,1221
50935,2014-12-08,True,True,NP,207,G,0.997399366802,0.0,0.0026006331979999686,0.0,mccrone,207
50935,2014-12-08,True,True,NP,208,C,1.0,0.0,0.0,0.0,mccrone,208
50935,2014-12-08,True,True,NP,347,G,0.998740620245,0.0,0.0012593797550000119,0.0,mccrone,347
50935,2014-12-08,True,True,NP,492,G,0.998384787636,0.0,0.0016152123639999738,0.0,mccrone,492
50935,2014-12-08,True,True,NP,493,A,0.0019218914309999668,0.998078108569,0.0,0.0,mccrone,493
50935,2014-12-08,True,True,NP,606,G,0.998013358452,0.0,0.00198664154799999,0.0,mccrone,606
50935,2014-12-08,True,True,NP,885,G,0.998991257566,0.0,0.001008742433999954,0.0,mccrone,885
50935,2014-12-08,True,True,NP,909,G,0.0,0.0,0.0,1.0,mccrone,909
50935,2014-12-08,True,True,NP,918,C,0.0,0.0,0.0,1.0,mccrone,918
50935,2014-12-08,True,True,NP,1002,C,0.0,0.0008668954310000476,0.0,0.999133104569,mccrone,1002
50935,2014-12-08,True,True,NP,1092,A,0.0,0.0,1.0,0.0,mccrone,1092
50935,2014-12-08,True,True,NP,1186,T,0.0,1.0,0.0,0.0,mccrone,1186
50935,2014-12-08,True,True,NP,1188,A,0.0,0.0,1.0,0.0,mccrone,1188
50935,2014-12-08,True,True,NP,1224,G,0.995549039116,0.0,0.004450960883999988,0.0,mccrone,1224
50935,2014-12-08,True,True,NP,1407,C,1.0,0.0,0.0,0.0,mccrone,1407
50935,2014-12-08,True,True,NS,125,T,0.0,0.998735244519,0.0,0.0012647554810000239,mccrone,125
50935,2014-12-08,True,True,NS,180,T,0.0,1.0,0.0,0.0,mccrone,180
50935,2014-12-08,True,True,NS,246,A,0.0,0.0,1.0,0.0,mccrone,246
50935,2014-12-08,True,True,NS,299,C,0.0,0.0020668274199999725,0.0,0.99793317258,mccrone,299
50935,2014-12-08,True,True,NS,570,G,0.999108496033,0.0,0.0008915039669999958,0.0,mccrone,570
50935,2014-12-08,True,True,NS,744,A,0.0,0.0,1.0,0.0,mccrone,744
50935,2014-12-08,True,True,NS,813,G,1.0,0.0,0.0,0.0,mccrone,813
50935,2014-12-08,True,True,NS,843,C,0.0,0.0,0.0,1.0,mccrone,843
50935,2014-12-08,True,True,PA,153,C,0.0,0.0,1.0,0.0,mccrone,177
50935,2014-12-08,True,True,PA,282,A,0.0,1.0,0.0,0.0,mccrone,306
50935,2014-12-08,True,True,PA,501,T,0.0,1.0,0.0,0.0,mccrone,525
50935,2014-12-08,True,True,PA,552,C,1.0,0.0,0.0,0.0,mccrone,576
50935,2014-12-08,True,True,PA,836,A,0.0024198160939999935,0.0,0.997580183906,0.0,mccrone,860
50935,2014-12-08,True,True,PA,858,G,0.999250143355,0.0,0.0007498566450000466,0.0,mccrone,882
50935,2014-12-08,True,True,PA,1001,G,0.999334752528,0.0,0.0006652474720000301,0.0,mccrone,1025
50935,2014-12-08,True,True,PA,1014,T,0.0,0.999022700013,0.0,0.0009772999870000243,mccrone,1038
50935,2014-12-08,True,True,PA,1137,G,1.0,0.0,0.0,0.0,mccrone,1161
50935,2014-12-08,True,True,PA,1193,A,0.0010014368440000032,0.0,0.998998563156,0.0,mccrone,1217
50935,2014-12-08,True,True,PA,1552,T,0.0,1.0,0.0,0.0,mccrone,1576
50935,2014-12-08,True,True,PA,1578,T,0.0,1.0,0.0,0.0,mccrone,1602
50935,2014-12-08,True,True,PA,1608,C,0.0,0.0008275101139999519,0.0,0.999172489886,mccrone,1632
50935,2014-12-08,True,True,PA,2001,G,0.998320134389,0.0,0.0016798656109999754,0.0,mccrone,2025
50935,2014-12-08,True,True,PA,2049,T,0.0,1.0,0.0,0.0,mccrone,2073
50935,2014-12-08,True,True,PB1,364,A,0.0,0.0,1.0,0.0,mccrone,372
50935,2014-12-08,True,True,PB1,424,T,0.0,1.0,0.0,0.0,mccrone,432
50935,2014-12-08,True,True,PB1,470,A,0.0,0.0,0.0,1.0,mccrone,478
50935,2014-12-08,True,True,PB1,502,A,0.0,0.0,1.0,0.0,mccrone,510
50935,2014-12-08,True,True,PB1,513,A,0.0,0.0,0.0,1.0,mccrone,521
50935,2014-12-08,True,True,PB1,589,G,0.999050933249,0.0,0.0009490667510000383,0.0,mccrone,597
50935,2014-12-08,True,True,PB1,643,G,0.997425311848,0.0,0.0025746881520000153,0.0,mccrone,651
50935,2014-12-08,True,True,PB1,655,C,0.0,0.0,0.0,1.0,mccrone,663
50935,2014-12-08,True,True,PB1,892,C,0.0,0.0,0.0,1.0,mccrone,900
50935,2014-12-08,True,True,PB1,913,C,0.0,0.0009791122719999823,0.0,0.999020887728,mccrone,921
50935,2014-12-08,True,True,PB1,1003,G,0.998746692661,0.0,0.001253307338999976,0.0,mccrone,1011
50935,2014-12-08,True,True,PB1,1159,T,0.0,1.0,0.0,0.0,mccrone,1167
50935,2014-12-08,True,True,PB1,1271,T,0.0,0.998855507868,0.0,0.0011444921319999635,mccrone,1279
50935,2014-12-08,True,True,PB1,1345,C,0.0,0.0009058426850000467,0.0,0.999094157315,mccrone,1353
50935,2014-12-08,True,True,PB1,1411,A,0.0,0.0,1.0,0.0,mccrone,1419
50935,2014-12-08,True,True,PB1,1570,T,0.0,0.99920819518,0.0,0.0007918048199999639,mccrone,1578
50935,2014-12-08,True,True,PB1,1624,C,0.0,0.0,0.0,1.0,mccrone,1632
50935,2014-12-08,True,True,PB1,1690,A,0.0,0.0,1.0,0.0,mccrone,1698
50935,2014-12-08,True,True,PB1,2074,G,0.998106060606,0.0,0.001893939393999955,0.0,mccrone,2082
50935,2014-12-08,True,True,PB2,57,G,1.0,0.0,0.0,0.0,mccrone,57
50935,2014-12-08,True,True,PB2,214,G,1.0,0.0,0.0,0.0,mccrone,214
50935,2014-12-08,True,True,PB2,264,C,0.0,0.0,0.0,1.0,mccrone,264
50935,2014-12-08,True,True,PB2,573,A,0.0011819166750000054,0.0,0.998818083325,0.0,mccrone,573
50935,2014-12-08,True,True,PB2,705,T,0.0,0.999135970896,0.0,0.0008640291039999637,mccrone,705
50935,2014-12-08,True,True,PB2,843,A,0.0,0.0,1.0,0.0,mccrone,843
50935,2014-12-08,True,True,PB2,856,T,0.0,1.0,0.0,0.0,mccrone,856
50935,2014-12-08,True,True,PB2,1059,G,0.0,0.0,0.0,1.0,mccrone,1059
50935,2014-12-08,True,True,PB2,1149,A,0.0011798415639999726,0.0,0.998820158436,0.0,mccrone,1149
50935,2014-12-08,True,True,PB2,1413,A,0.0,0.0,1.0,0.0,mccrone,1413
50935,2014-12-08,True,True,PB2,1581,T,0.0,1.0,0.0,0.0,mccrone,1581
50935,2014-12-08,True,True,PB2,1602,G,0.999011857708,0.0,0.0009881422919999494,0.0,mccrone,1602
50935,2014-12-08,True,True,PB2,1659,A,0.0,0.0,1.0,0.0,mccrone,1659
50935,2014-12-08,True,True,PB2,1662,C,0.0,0.0,0.0,1.0,mccrone,1662
50935,2014-12-08,True,True,PB2,1707,T,0.0,0.999385894468,0.0,0.000614105532000031,mccrone,1707
50935,2014-12-08,True,True,PB2,1790,T,0.0,0.999203266607,0.0,0.0007967333930000153,mccrone,1790
50935,2014-12-08,True,True,PB2,1818,A,0.0,0.0,1.0,0.0,mccrone,1818
50935,2014-12-08,True,True,PB2,1885,T,0.0,1.0,0.0,0.0,mccrone,1885
50935,2014-12-08,True,True,PB2,2145,T,1.0,0.0,0.0,0.0,mccrone,2150
50935,2014-12-08,True,True,PB2,2184,A,0.0,0.0,1.0,0.0,mccrone,2189
50968,2014-12-07,False,True,HA,47,T,0.0,1.0,0.0,0.0,mccrone,56
50968,2014-12-07,False,True,HA,167,G,1.0,0.0,0.0,0.0,mccrone,221
50968,2014-12-07,False,True,HA,364,G,1.0,0.0,0.0,0.0,mccrone,425
50968,2014-12-07,False,True,HA,556,A,0.0,1.0,0.0,0.0,mccrone,647
50968,2014-12-07,False,True,HA,658,C,0.0,0.00116064581599995,0.0,0.998839354184,mccrone,749
50968,2014-12-07,False,True,HA,685,T,0.0,1.0,0.0,0.0,mccrone,776
50968,2014-12-07,False,True,HA,879,A,0.9658839427352,0.0341160572648,0.0,0.0,mccrone,1005
50968,2014-12-07,False,True,HA,1466,C,1.0,0.0,0.0,0.0,mccrone,1592
50968,2014-12-07,False,True,MP,349,A,0.0,0.0,1.0,0.0,mccrone,349
50968,2014-12-07,False,True,MP,427,A,0.0,0.0,1.0,0.0,mccrone,427
50968,2014-12-07,False,True,MP,549,G,1.0,0.0,0.0,0.0,mccrone,549
50968,2014-12-07,False,True,MP,694,C,0.0,0.001765010193999994,0.0,0.998234989806,mccrone,694
50968,2014-12-07,False,True,NA,70,T,0.0,1.0,0.0,0.0,mccrone,72
50968,2014-12-07,False,True,NA,103,T,0.0,1.0,0.0,0.0,mccrone,105
50968,2014-12-07,False,True,NA,211,A,0.0,0.0,1.0,0.0,mccrone,226
50968,2014-12-07,False,True,NA,223,A,0.0,0.0,1.0,0.0,mccrone,238
50968,2014-12-07,False,True,NA,226,T,0.0,1.0,0.0,0.0,mccrone,241
50968,2014-12-07,False,True,NA,670,A,0.0014817009930000458,0.0,0.998518299007,0.0,mccrone,697
50968,2014-12-07,False,True,NA,710,A,0.0,0.0,1.0,0.0,mccrone,737
50968,2014-12-07,False,True,NA,808,T,0.0,1.0,0.0,0.0,mccrone,835
50968,2014-12-07,False,True,NA,819,C,1.0,0.0,0.0,0.0,mccrone,846
50968,2014-12-07,False,True,NA,907,G,0.998093119339,0.0,0.0019068806609999767,0.0,mccrone,934
50968,2014-12-07,False,True,NA,1099,G,0.998969624531,0.0,0.0010303754689999778,0.0,mccrone,1126
50968,2014-12-07,False,True,NA,1108,A,0.0,0.0,1.0,0.0,mccrone,1135
50968,2014-12-07,False,True,NA,1157,A,0.0,0.0,1.0,0.0,mccrone,1184
50968,2014-12-07,False,True,NA,1194,C,0.0,0.0,0.0,1.0,mccrone,1221
50968,2014-12-07,False,True,NP,207,G,0.99700828475,0.0,0.002991715249999971,0.0,mccrone,207
50968,2014-12-07,False,True,NP,347,G,0.998519232756,0.0,0.0014807672440000363,0.0,mccrone,347
50968,2014-12-07,False,True,NP,606,G,0.998424657534,0.0,0.001575342465999996,0.0,mccrone,606
50968,2014-12-07,False,True,NP,885,G,0.999219112743,0.0,0.0007808872569999847,0.0,mccrone,885
50968,2014-12-07,False,True,NP,909,G,0.0,0.0,0.0,1.0,mccrone,909
50968,2014-12-07,False,True,NP,918,C,0.0,0.0,0.0,1.0,mccrone,918
50968,2014-12-07,False,True,NP,1002,C,0.0,0.0,0.0,1.0,mccrone,1002
50968,2014-12-07,False,True,NP,1092,A,0.0,0.0,1.0,0.0,mccrone,1092
50968,2014-12-07,False,True,NP,1093,A,0.0019553072629999724,0.0,0.998044692737,0.0,mccrone,1093
50968,2014-12-07,False,True,NP,1186,T,0.0,1.0,0.0,0.0,mccrone,1186
50968,2014-12-07,False,True,NP,1188,A,0.000851413639999965,0.0,0.99914858636,0.0,mccrone,1188
50968,2014-12-07,False,True,NP,1224,G,0.998295808344,0.0,0.0017041916559999981,0.0,mccrone,1224
50968,2014-12-07,False,True,NP,1407,C,1.0,0.0,0.0,0.0,mccrone,1407
50968,2014-12-07,False,True,NS,125,T,0.0,1.0,0.0,0.0,mccrone,125
50968,2014-12-07,False,True,NS,180,T,0.0,1.0,0.0,0.0,mccrone,180
50968,2014-12-07,False,True,NS,246,A,0.0,0.0,1.0,0.0,mccrone,246
50968,2014-12-07,False,True,NS,299,C,0.0,0.005017141901,0.0,0.994982858099,mccrone,299
50968,2014-12-07,False,True,NS,341,A,0.005199179848000002,0.0,0.994800820152,0.0,mccrone,341
50968,2014-12-07,False,True,NS,570,G,1.0,0.0,0.0,0.0,mccrone,570
50968,2014-12-07,False,True,NS,578,A,0.0,0.0,1.0,0.0,mccrone,578
50968,2014-12-07,False,True,NS,744,A,0.0,0.0,1.0,0.0,mccrone,744
50968,2014-12-07,False,True,NS,813,G,1.0,0.0,0.0,0.0,mccrone,813
50968,2014-12-07,False,True,NS,843,C,0.0,0.0,0.0,1.0,mccrone,843
50968,2014-12-07,False,True,PA,153,C,0.0,0.0,1.0,0.0,mccrone,177
50968,2014-12-07,False,True,PA,282,A,0.0,1.0,0.0,0.0,mccrone,306
50968,2014-12-07,False,True,PA,501,T,0.0,1.0,0.0,0.0,mccrone,525
50968,2014-12-07,False,True,PA,836,A,0.0,0.0,1.0,0.0,mccrone,860
50968,2014-12-07,False,True,PA,858,G,0.998552047594,0.0,0.0014479524060000415,0.0,mccrone,882
50968,2014-12-07,False,True,PA,984,T,0.0,0.0102375079418,0.0,0.9897624920582,mccrone,1008
50968,2014-12-07,False,True,PA,1001,G,0.998597689236,0.0,0.001402310763999992,0.0,mccrone,1025
50968,2014-12-07,False,True,PA,1092,T,0.997567052616,0.0,0.0,0.002432947384000017,mccrone,1116
50968,2014-12-07,False,True,PA,1137,G,1.0,0.0,0.0,0.0,mccrone,1161
50968,2014-12-07,False,True,PA,1293,G,0.998686214207,0.0,0.0013137857930000107,0.0,mccrone,1317
50968,2014-12-07,False,True,PA,1552,T,0.0,1.0,0.0,0.0,mccrone,1576
50968,2014-12-07,False,True,PA,1578,T,0.0,1.0,0.0,0.0,mccrone,1602
50968,2014-12-07,False,True,PA,1608,C,0.0,0.0011988076719999796,0.0,0.998801192328,mccrone,1632
50968,2014-12-07,False,True,PA,2001,G,1.0,0.0,0.0,0.0,mccrone,2025
50968,2014-12-07,False,True,PA,2049,T,0.0,0.989784799782,0.0,0.010215200218000042,mccrone,2073
50968,2014-12-07,False,True,PB1,364,A,0.0011150260919999821,0.0,0.998884973908,0.0,mccrone,372
50968,2014-12-07,False,True,PB1,424,T,0.0,1.0,0.0,0.0,mccrone,432
50968,2014-12-07,False,True,PB1,470,A,0.0,0.0,0.0,1.0,mccrone,478
50968,2014-12-07,False,True,PB1,502,A,0.0,0.0,1.0,0.0,mccrone,510
50968,2014-12-07,False,True,PB1,513,A,0.0,0.0,0.0,1.0,mccrone,521
50968,2014-12-07,False,True,PB1,589,G,0.99907259354,0.0,0.000927406460000002,0.0,mccrone,597
50968,2014-12-07,False,True,PB1,643,G,0.997977346278,0.0,0.002022653721999945,0.0,mccrone,651
50968,2014-12-07,False,True,PB1,655,C,0.0,0.0,0.0,1.0,mccrone,663
50968,2014-12-07,False,True,PB1,892,C,0.0,0.0,0.0,1.0,mccrone,900
50968,2014-12-07,False,True,PB1,913,C,0.0,0.0008598962189999559,0.0,0.999140103781,mccrone,921
50968,2014-12-07,False,True,PB1,1003,G,0.999006981223,0.0,0.0009930187769999765,0.0,mccrone,1011
50968,2014-12-07,False,True,PB1,1159,T,0.0,1.0,0.0,0.0,mccrone,1167
50968,2014-12-07,False,True,PB1,1525,T,0.0,0.998013683514,0.0,0.001986316486000006,mccrone,1533
50968,2014-12-07,False,True,PB1,1570,T,0.0,1.0,0.0,0.0,mccrone,1578
50968,2014-12-07,False,True,PB1,1615,C,0.0,0.0014778641649999535,0.0,0.998522135835,mccrone,1623
50968,2014-12-07,False,True,PB1,1624,C,0.0,0.0,0.0,1.0,mccrone,1632
50968,2014-12-07,False,True,PB1,1690,A,0.0,0.0,1.0,0.0,mccrone,1698
50968,2014-12-07,False,True,PB1,1729,A,0.99191333989303,0.0,0.00808666010697,0.0,mccrone,1737
50968,2014-12-07,False,True,PB1,1906,C,0.998153491056,0.0018465089439999582,0.0,0.0,mccrone,1914
50968,2014-12-07,False,True,PB1,2074,G,0.998436225184,0.0,0.0015637748160000076,0.0,mccrone,2082
50968,2014-12-07,False,True,PB2,57,G,1.0,0.0,0.0,0.0,mccrone,57
50968,2014-12-07,False,True,PB2,214,G,1.0,0.0,0.0,0.0,mccrone,214
50968,2014-12-07,False,True,PB2,264,C,0.0,0.0,0.0,1.0,mccrone,264
50968,2014-12-07,False,True,PB2,573,A,0.0010347165230000233,0.0,0.998965283477,0.0,mccrone,573
50968,2014-12-07,False,True,PB2,688,G,0.00470598992804,0.0,0.9952940100719601,0.0,mccrone,688
50968,2014-12-07,False,True,PB2,843,A,0.0014631043260000531,0.0,0.998536895674,0.0,mccrone,843
50968,2014-12-07,False,True,PB2,856,T,0.0,1.0,0.0,0.0,mccrone,856
50968,2014-12-07,False,True,PB2,868,T,0.0,0.998713578182,0.0,0.0012864218179999831,mccrone,868
50968,2014-12-07,False,True,PB2,1059,G,0.0,0.0,0.0,1.0,mccrone,1059
50968,2014-12-07,False,True,PB2,1389,C,0.0,0.9884246610852,0.0,0.0115753389148,mccrone,1389
50968,2014-12-07,False,True,PB2,1425,T,0.0,0.998273963634,0.0,0.0017260363659999944,mccrone,1425
50968,2014-12-07,False,True,PB2,1581,T,0.0,0.998031496063,0.0,0.001968503936999988,mccrone,1581
50968,2014-12-07,False,True,PB2,1602,G,0.998536919437,0.0,0.001463080563000041,0.0,mccrone,1602
50968,2014-12-07,False,True,PB2,1659,A,0.0,0.0,1.0,0.0,mccrone,1659
50968,2014-12-07,False,True,PB2,1662,C,0.0,0.0,0.0,1.0,mccrone,1662
50968,2014-12-07,False,True,PB2,1707,T,0.0,0.998231132075,0.0,0.0017688679249999728,mccrone,1707
50968,2014-12-07,False,True,PB2,1785,G,0.00825318885133,0.0,0.99174681114867,0.0,mccrone,1785
50968,2014-12-07,False,True,PB2,1790,T,0.0,1.0,0.0,0.0,mccrone,1790
50968,2014-12-07,False,True,PB2,1885,T,0.0,1.0,0.0,0.0,mccrone,1885
50968,2014-12-07,False,True,PB2,1908,G,0.997981446487,0.0,0.0020185535129999543,0.0,mccrone,1908
50968,2014-12-07,False,True,PB2,2145,T,1.0,0.0,0.0,0.0,mccrone,2150
50968,2014-12-07,False,True,PB2,2184,A,0.0,0.0,1.0,0.0,mccrone,2189
50968,2014-12-08,True,True,HA,47,T,0.0,1.0,0.0,0.0,mccrone,56
50968,2014-12-08,True,True,HA,167,G,1.0,0.0,0.0,0.0,mccrone,221
50968,2014-12-08,True,True,HA,364,G,1.0,0.0,0.0,0.0,mccrone,425
50968,2014-12-08,True,True,HA,556,A,0.0,1.0,0.0,0.0,mccrone,647
50968,2014-12-08,True,True,HA,658,C,0.0,0.0017264199800000046,0.0,0.99827358002,mccrone,749
50968,2014-12-08,True,True,HA,685,T,0.0,1.0,0.0,0.0,mccrone,776
50968,2014-12-08,True,True,HA,1466,C,1.0,0.0,0.0,0.0,mccrone,1592
50968,2014-12-08,True,True,MP,349,A,0.0,0.0,1.0,0.0,mccrone,349
50968,2014-12-08,True,True,MP,427,A,0.0,0.0,1.0,0.0,mccrone,427
50968,2014-12-08,True,True,MP,549,G,1.0,0.0,0.0,0.0,mccrone,549
50968,2014-12-08,True,True,MP,694,C,0.0,0.0017925655699999599,0.0,0.99820743443,mccrone,694
50968,2014-12-08,True,True,NA,70,T,0.0,1.0,0.0,0.0,mccrone,72
50968,2014-12-08,True,True,NA,103,T,0.0,1.0,0.0,0.0,mccrone,105
50968,2014-12-08,True,True,NA,211,A,0.0,0.0,1.0,0.0,mccrone,226
50968,2014-12-08,True,True,NA,223,A,0.0,0.0,1.0,0.0,mccrone,238
50968,2014-12-08,True,True,NA,226,T,0.0,1.0,0.0,0.0,mccrone,241
50968,2014-12-08,True,True,NA,670,A,0.0011107528039999703,0.0,0.998889247196,0.0,mccrone,697
50968,2014-12-08,True,True,NA,710,A,0.0007925072050000148,0.0,0.999207492795,0.0,mccrone,737
50968,2014-12-08,True,True,NA,808,T,0.0,0.998822941932,0.0,0.0011770580679999476,mccrone,835
50968,2014-12-08,True,True,NA,819,C,1.0,0.0,0.0,0.0,mccrone,846
50968,2014-12-08,True,True,NA,907,G,0.998100134108,0.0,0.0018998658919999745,0.0,mccrone,934
50968,2014-12-08,True,True,NA,1099,G,0.999054060446,0.0,0.0009459395540000193,0.0,mccrone,1126
50968,2014-12-08,True,True,NA,1108,A,0.0,0.0,1.0,0.0,mccrone,1135
50968,2014-12-08,True,True,NA,1157,A,0.0,0.0,1.0,0.0,mccrone,1184
50968,2014-12-08,True,True,NA,1194,C,0.0,0.0,0.0,1.0,mccrone,1221
50968,2014-12-08,True,True,NP,207,G,0.996862545578,0.0,0.0031374544219999745,0.0,mccrone,207
50968,2014-12-08,True,True,NP,347,G,1.0,0.0,0.0,0.0,mccrone,347
50968,2014-12-08,True,True,NP,606,G,0.998470530398,0.0,0.0015294696019999554,0.0,mccrone,606
50968,2014-12-08,True,True,NP,885,G,0.999197254055,0.0,0.0008027459449999608,0.0,mccrone,885
50968,2014-12-08,True,True,NP,909,G,0.0,0.0,0.0,1.0,mccrone,909
50968,2014-12-08,True,True,NP,918,C,0.0,0.0,0.0,1.0,mccrone,918
50968,2014-12-08,True,True,NP,1002,C,0.0,0.000672534285000026,0.0,0.999327465715,mccrone,1002
50968,2014-12-08,True,True,NP,1092,A,0.0,0.0,1.0,0.0,mccrone,1092
50968,2014-12-08,True,True,NP,1093,A,0.0016158671820000192,0.0,0.998384132818,0.0,mccrone,1093
50968,2014-12-08,True,True,NP,1186,T,0.0,1.0,0.0,0.0,mccrone,1186
50968,2014-12-08,True,True,NP,1188,A,0.0,0.0,1.0,0.0,mccrone,1188
50968,2014-12-08,True,True,NP,1224,G,0.997539429632,0.0,0.002460570367999959,0.0,mccrone,1224
50968,2014-12-08,True,True,NP,1407,C,1.0,0.0,0.0,0.0,mccrone,1407
50968,2014-12-08,True,True,NS,125,T,0.0,1.0,0.0,0.0,mccrone,125
50968,2014-12-08,True,True,NS,180,T,0.0,1.0,0.0,0.0,mccrone,180
50968,2014-12-08,True,True,NS,246,A,0.0,0.0,1.0,0.0,mccrone,246
50968,2014-12-08,True,True,NS,299,C,0.0,0.0019324916259999547,0.0,0.998067508374,mccrone,299
50968,2014-12-08,True,True,NS,341,A,0.0013621658439999518,0.0,0.998637834156,0.0,mccrone,341
50968,2014-12-08,True,True,NS,570,G,0.99941260932,0.0,0.0005873906800000217,0.0,mccrone,570
50968,2014-12-08,True,True,NS,578,A,0.0,0.0,1.0,0.0,mccrone,578
50968,2014-12-08,True,True,NS,744,A,0.0,0.0,1.0,0.0,mccrone,744
50968,2014-12-08,True,True,NS,813,G,1.0,0.0,0.0,0.0,mccrone,813
50968,2014-12-08,True,True,NS,843,C,0.0,0.0,0.0,1.0,mccrone,843
50968,2014-12-08,True,True,PA,153,C,0.0,0.0,1.0,0.0,mccrone,177
50968,2014-12-08,True,True,PA,282,A,0.0,1.0,0.0,0.0,mccrone,306
50968,2014-12-08,True,True,PA,501,T,0.0,1.0,0.0,0.0,mccrone,525
50968,2014-12-08,True,True,PA,836,A,0.0,0.0,1.0,0.0,mccrone,860
50968,2014-12-08,True,True,PA,858,G,1.0,0.0,0.0,0.0,mccrone,882
50968,2014-12-08,True,True,PA,984,T,0.0,0.0217852295444,0.0,0.9782147704556,mccrone,1008
50968,2014-12-08,True,True,PA,1001,G,0.998820304639,0.0,0.0011796953610000438,0.0,mccrone,1025
50968,2014-12-08,True,True,PA,1092,T,1.0,0.0,0.0,0.0,mccrone,1116
50968,2014-12-08,True,True,PA,1137,G,1.0,0.0,0.0,0.0,mccrone,1161
50968,2014-12-08,True,True,PA,1293,G,0.999068219634,0.0,0.0009317803659999457,0.0,mccrone,1317
50968,2014-12-08,True,True,PA,1552,T,0.0,1.0,0.0,0.0,mccrone,1576
50968,2014-12-08,True,True,PA,1578,T,0.0,0.998082913971,0.0,0.0019170860289999814,mccrone,1602
50968,2014-12-08,True,True,PA,1608,C,0.0,0.0,0.0,1.0,mccrone,1632
50968,2014-12-08,True,True,PA,2001,G,1.0,0.0,0.0,0.0,mccrone,2025
50968,2014-12-08,True,True,PA,2049,T,0.0,1.0,0.0,0.0,mccrone,2073
50968,2014-12-08,True,True,PB1,364,A,0.0,0.0,1.0,0.0,mccrone,372
50968,2014-12-08,True,True,PB1,424,T,0.0,1.0,0.0,0.0,mccrone,432
50968,2014-12-08,True,True,PB1,470,A,0.0,0.0,0.0,1.0,mccrone,478
50968,2014-12-08,True,True,PB1,502,A,0.0,0.0,1.0,0.0,mccrone,510
50968,2014-12-08,True,True,PB1,513,A,0.0,0.0,0.0,1.0,mccrone,521
50968,2014-12-08,True,True,PB1,577,A,0.9172364653411,0.0,0.0827635346589,0.0,mccrone,585
50968,2014-12-08,True,True,PB1,589,G,0.999156082535,0.0,0.0008439174650000103,0.0,mccrone,597
50968,2014-12-08,True,True,PB1,643,G,0.997987266379,0.0,0.0020127336209999624,0.0,mccrone,651
50968,2014-12-08,True,True,PB1,655,C,0.0,0.0,0.0,1.0,mccrone,663
50968,2014-12-08,True,True,PB1,892,C,0.0,0.0,0.0,1.0,mccrone,900
50968,2014-12-08,True,True,PB1,913,C,0.0,0.0009753201590000371,0.0,0.999024679841,mccrone,921
50968,2014-12-08,True,True,PB1,1003,G,0.997373326555,0.0,0.002626673445000005,0.0,mccrone,1011
50968,2014-12-08,True,True,PB1,1159,T,0.0,1.0,0.0,0.0,mccrone,1167
50968,2014-12-08,True,True,PB1,1525,T,0.0,0.99733320164,0.0,0.0026667983599999445,mccrone,1533
50968,2014-12-08,True,True,PB1,1570,T,0.0,1.0,0.0,0.0,mccrone,1578
50968,2014-12-08,True,True,PB1,1615,C,0.0,0.0019314340899999616,0.0,0.99806856591,mccrone,1623
50968,2014-12-08,True,True,PB1,1624,C,0.0,0.0,0.0,1.0,mccrone,1632
50968,2014-12-08,True,True,PB1,1690,A,0.0,0.0,1.0,0.0,mccrone,1698
50968,2014-12-08,True,True,PB1,1906,C,0.998471512149,0.0015284878510000155,0.0,0.0,mccrone,1914
50968,2014-12-08,True,True,PB1,2074,G,0.998450213096,0.0,0.0015497869039999834,0.0,mccrone,2082
50968,2014-12-08,True,True,PB2,57,G,1.0,0.0,0.0,0.0,mccrone,57
50968,2014-12-08,True,True,PB2,214,G,1.0,0.0,0.0,0.0,mccrone,214
50968,2014-12-08,True,True,PB2,264,C,0.0,0.0,0.0,1.0,mccrone,264
50968,2014-12-08,True,True,PB2,573,A,0.0,0.0,1.0,0.0,mccrone,573
50968,2014-12-08,True,True,PB2,843,A,0.0013571428569999489,0.0,0.998642857143,0.0,mccrone,843
50968,2014-12-08,True,True,PB2,856,T,0.0,1.0,0.0,0.0,mccrone,856
50968,2014-12-08,True,True,PB2,868,T,0.0,1.0,0.0,0.0,mccrone,868
50968,2014-12-08,True,True,PB2,1059,G,0.0,0.0,0.0,1.0,mccrone,1059
50968,2014-12-08,True,True,PB2,1425,T,0.0,0.998868972136,0.0,0.0011310278639999893,mccrone,1425
50968,2014-12-08,True,True,PB2,1581,T,0.0,1.0,0.0,0.0,mccrone,1581
50968,2014-12-08,True,True,PB2,1602,G,0.99870768568,0.0,0.0012923143199999876,0.0,mccrone,1602
50968,2014-12-08,True,True,PB2,1659,A,0.0,0.0,1.0,0.0,mccrone,1659
50968,2014-12-08,True,True,PB2,1662,C,0.0,0.0009756450100000258,0.0,0.99902435499,mccrone,1662
50968,2014-12-08,True,True,PB2,1707,T,0.0,1.0,0.0,0.0,mccrone,1707
50968,2014-12-08,True,True,PB2,1785,G,0.0318535602867,0.0,0.9681464397132999,0.0,mccrone,1785
50968,2014-12-08,True,True,PB2,1790,T,0.0,1.0,0.0,0.0,mccrone,1790
50968,2014-12-08,True,True,PB2,1885,T,0.0,1.0,0.0,0.0,mccrone,1885
50968,2014-12-08,True,True,PB2,1908,G,0.998245850762,0.0,0.0017541492379999912,0.0,mccrone,1908
50968,2014-12-08,True,True,PB2,2145,T,1.0,0.0,0.0,0.0,mccrone,2150
50968,2014-12-08,True,True,PB2,2184,A,0.0,0.0,1.0,0.0,mccrone,2189
50969,2014-12-01,False,False,HA,47,T,0.0,1.0,0.0,0.0,mccrone,56
50969,2014-12-01,False,False,HA,167,G,1.0,0.0,0.0,0.0,mccrone,221
50969,2014-12-01,False,False,HA,364,G,1.0,0.0,0.0,0.0,mccrone,425
50969,2014-12-01,False,False,HA,556,A,0.0,1.0,0.0,0.0,mccrone,647
50969,2014-12-01,False,False,HA,658,C,0.0,0.0010193102669999732,0.0,0.998980689733,mccrone,749
50969,2014-12-01,False,False,HA,685,T,0.0,1.0,0.0,0.0,mccrone,776
50969,2014-12-01,False,False,HA,1466,C,1.0,0.0,0.0,0.0,mccrone,1592
50969,2014-12-01,False,False,MP,349,A,0.0,0.0,1.0,0.0,mccrone,349
50969,2014-12-01,False,False,MP,427,A,0.0,0.0,1.0,0.0,mccrone,427
50969,2014-12-01,False,False,MP,549,G,0.998513011152,0.0,0.001486988848000026,0.0,mccrone,549
50969,2014-12-01,False,False,MP,694,C,0.0,0.001608705937999999,0.0,0.998391294062,mccrone,694
50969,2014-12-01,False,False,NA,70,T,0.0,1.0,0.0,0.0,mccrone,72
50969,2014-12-01,False,False,NA,103,T,0.0,1.0,0.0,0.0,mccrone,105
50969,2014-12-01,False,False,NA,211,A,0.0,0.0,1.0,0.0,mccrone,226
50969,2014-12-01,False,False,NA,223,A,0.0,0.0,1.0,0.0,mccrone,238
50969,2014-12-01,False,False,NA,226,T,0.0,1.0,0.0,0.0,mccrone,241
50969,2014-12-01,False,False,NA,670,A,0.001382989231999976,0.0,0.998617010768,0.0,mccrone,697
50969,2014-12-01,False,False,NA,710,A,0.0,0.0,1.0,0.0,mccrone,737
50969,2014-12-01,False,False,NA,808,T,0.0,0.998225062123,0.0,0.0017749378770000046,mccrone,835
50969,2014-12-01,False,False,NA,819,C,1.0,0.0,0.0,0.0,mccrone,846
50969,2014-12-01,False,False,NA,907,G,0.997237862531,0.0,0.0027621374690000033,0.0,mccrone,934
50969,2014-12-01,False,False,NA,1099,G,0.998241500586,0.0,0.00175849941399997,0.0,mccrone,1126
50969,2014-12-01,False,False,NA,1108,A,0.0,0.0,1.0,0.0,mccrone,1135
50969,2014-12-01,False,False,NA,1157,A,0.0,0.0,1.0,0.0,mccrone,1184
50969,2014-12-01,False,False,NA,1194,C,0.0,0.0,0.0,1.0,mccrone,1221
50969,2014-12-01,False,False,NP,207,G,0.998090388288,0.0,0.0019096117119999922,0.0,mccrone,207
50969,2014-12-01,False,False,NP,347,G,0.998602150538,0.0,0.0013978494619999449,0.0,mccrone,347
50969,2014-12-01,False,False,NP,606,G,0.998721184587,0.0,0.0012788154130000118,0.0,mccrone,606
50969,2014-12-01,False,False,NP,885,G,0.999109090351,0.0,0.0008909096489999602,0.0,mccrone,885
50969,2014-12-01,False,False,NP,909,G,0.0,0.0,0.0,1.0,mccrone,909
50969,2014-12-01,False,False,NP,918,C,0.0,0.001240142456999993,0.0,0.998759857543,mccrone,918
50969,2014-12-01,False,False,NP,1002,C,0.0,0.0009339248190000093,0.0,0.999066075181,mccrone,1002
50969,2014-12-01,False,False,NP,1092,A,0.0,0.0,1.0,0.0,mccrone,1092
50969,2014-12-01,False,False,NP,1093,A,0.0021560536779999806,0.0,0.997843946322,0.0,mccrone,1093
50969,2014-12-01,False,False,NP,1186,T,0.0,0.999198468184,0.0,0.0008015318159999563,mccrone,1186
50969,2014-12-01,False,False,NP,1188,A,0.0,0.0,1.0,0.0,mccrone,1188
50969,2014-12-01,False,False,NP,1224,G,0.997285477304,0.0,0.0027145226960000324,0.0,mccrone,1224
50969,2014-12-01,False,False,NP,1407,C,1.0,0.0,0.0,0.0,mccrone,1407
50969,2014-12-01,False,False,NS,125,T,0.0,1.0,0.0,0.0,mccrone,125
50969,2014-12-01,False,False,NS,180,T,0.0,1.0,0.0,0.0,mccrone,180
50969,2014-12-01,False,False,NS,246,A,0.0,0.0,1.0,0.0,mccrone,246
50969,2014-12-01,False,False,NS,275,A,0.9886708995523,0.0,0.0,0.0113291004477,mccrone,275
50969,2014-12-01,False,False,NS,299,C,0.0,0.0015471892730000159,0.0,0.998452810727,mccrone,299
50969,2014-12-01,False,False,NS,341,A,0.0016860821580000351,0.0,0.998313917842,0.0,mccrone,341
50969,2014-12-01,False,False,NS,524,T,0.0,0.0116470806427,0.0,0.9883529193573,mccrone,524
50969,2014-12-01,False,False,NS,570,G,1.0,0.0,0.0,0.0,mccrone,570
50969,2014-12-01,False,False,NS,578,A,0.0028253908459999755,0.0,0.997174609154,0.0,mccrone,578
50969,2014-12-01,False,False,NS,744,A,0.0,0.0,1.0,0.0,mccrone,744
50969,2014-12-01,False,False,NS,813,G,1.0,0.0,0.0,0.0,mccrone,813
50969,2014-12-01,False,False,NS,843,C,0.0,0.0,0.0,1.0,mccrone,843
50969,2014-12-01,False,False,PA,153,C,0.0,0.0,1.0,0.0,mccrone,177
50969,2014-12-01,False,False,PA,282,A,0.0016120906800000112,0.99838790932,0.0,0.0,mccrone,306
50969,2014-12-01,False,False,PA,501,T,0.0,1.0,0.0,0.0,mccrone,525
50969,2014-12-01,False,False,PA,519,A,0.9740944519675,0.0,0.0259055480325,0.0,mccrone,543
50969,2014-12-01,False,False,PA,836,A,0.0,0.0,1.0,0.0,mccrone,860
50969,2014-12-01,False,False,PA,858,G,0.998739665255,0.0,0.0012603347449999802,0.0,mccrone,882
50969,2014-12-01,False,False,PA,1001,G,0.99863274574,0.0,0.0013672542599999504,0.0,mccrone,1025
50969,2014-12-01,False,False,PA,1092,T,0.997435658336,0.0,0.0,0.0025643416639999916,mccrone,1116
50969,2014-12-01,False,False,PA,1137,G,0.999198793477,0.0,0.0008012065229999754,0.0,mccrone,1161
50969,2014-12-01,False,False,PA,1202,A,0.9802573566418,0.0,0.0197426433582,0.0,mccrone,1226
50969,2014-12-01,False,False,PA,1293,G,0.999180564928,0.0,0.0008194350719999965,0.0,mccrone,1317
50969,2014-12-01,False,False,PA,1552,T,0.0,0.99940482095,0.0,0.0005951790499999499,mccrone,1576
50969,2014-12-01,False,False,PA,1578,T,0.0,1.0,0.0,0.0,mccrone,1602
50969,2014-12-01,False,False,PA,1608,C,0.0,0.0022717885170000507,0.0,0.997728211483,mccrone,1632
50969,2014-12-01,False,False,PA,2001,G,1.0,0.0,0.0,0.0,mccrone,2025
50969,2014-12-01,False,False,PA,2049,T,0.0,1.0,0.0,0.0,mccrone,2073
50969,2014-12-01,False,False,PB1,364,A,0.0,0.0,1.0,0.0,mccrone,372
50969,2014-12-01,False,False,PB1,424,T,0.0,1.0,0.0,0.0,mccrone,432
50969,2014-12-01,False,False,PB1,470,A,0.0,0.0,0.0,1.0,mccrone,478
50969,2014-12-01,False,False,PB1,502,A,0.0,0.0,1.0,0.0,mccrone,510
50969,2014-12-01,False,False,PB1,513,A,0.0,0.0,0.0,1.0,mccrone,521
50969,2014-12-01,False,False,PB1,589,G,0.999001806255,0.0,0.0009981937449999867,0.0,mccrone,597
50969,2014-12-01,False,False,PB1,643,G,0.997888513514,0.0,0.0021114864860000138,0.0,mccrone,651
50969,2014-12-01,False,False,PB1,655,C,0.0,0.0,0.0,1.0,mccrone,663
50969,2014-12-01,False,False,PB1,892,C,0.0,0.0,0.0,1.0,mccrone,900
50969,2014-12-01,False,False,PB1,913,C,0.0,0.0005826461100000291,0.0,0.99941735389,mccrone,921
50969,2014-12-01,False,False,PB1,1003,G,0.998861773812,0.0,0.0011382261879999689,0.0,mccrone,1011
50969,2014-12-01,False,False,PB1,1159,T,0.0,1.0,0.0,0.0,mccrone,1167
50969,2014-12-01,False,False,PB1,1525,T,0.0,0.998596359893,0.0,0.0014036401070000037,mccrone,1533
50969,2014-12-01,False,False,PB1,1570,T,0.0,0.998994699324,0.0,0.0010053006760000205,mccrone,1578
50969,2014-12-01,False,False,PB1,1615,C,0.0,0.0,0.0,1.0,mccrone,1623
50969,2014-12-01,False,False,PB1,1624,C,0.0,0.0,0.0,1.0,mccrone,1632
50969,2014-12-01,False,False,PB1,1690,A,0.0013542542259999957,0.0,0.998645745774,0.0,mccrone,1698
50969,2014-12-01,False,False,PB1,1906,C,0.998718098124,0.001281901875999969,0.0,0.0,mccrone,1914
50969,2014-12-01,False,False,PB1,2074,G,0.997355057131,0.0,0.0026449428689999666,0.0,mccrone,2082
50969,2014-12-01,False,False,PB2,57,G,1.0,0.0,0.0,0.0,mccrone,57
50969,2014-12-01,False,False,PB2,214,G,1.0,0.0,0.0,0.0,mccrone,214
50969,2014-12-01,False,False,PB2,264,C,0.0,0.0,0.0,1.0,mccrone,264
50969,2014-12-01,False,False,PB2,573,A,0.001096641534999998,0.0,0.998903358465,0.0,mccrone,573
50969,2014-12-01,False,False,PB2,843,A,0.0010541851149999948,0.0,0.998945814885,0.0,mccrone,843
50969,2014-12-01,False,False,PB2,856,T,0.0,1.0,0.0,0.0,mccrone,856
50969,2014-12-01,False,False,PB2,868,T,0.0,0.998919946429,0.0,0.0010800535710000503,mccrone,868
50969,2014-12-01,False,False,PB2,1059,G,0.0,0.0,0.0,1.0,mccrone,1059
50969,2014-12-01,False,False,PB2,1425,T,0.0,0.99865073246,0.0,0.0013492675399999765,mccrone,1425
50969,2014-12-01,False,False,PB2,1581,T,0.0,1.0,0.0,0.0,mccrone,1581
50969,2014-12-01,False,False,PB2,1602,G,0.999150588521,0.0,0.0008494114789999729,0.0,mccrone,1602
50969,2014-12-01,False,False,PB2,1659,A,0.0015398954490000172,0.0,0.998460104551,0.0,mccrone,1659
50969,2014-12-01,False,False,PB2,1662,C,0.0,0.0012736759929999897,0.0,0.998726324007,mccrone,1662
50969,2014-12-01,False,False,PB2,1707,T,0.0,0.999149876732,0.0,0.000850123268000047,mccrone,1707
50969,2014-12-01,False,False,PB2,1790,T,0.0,1.0,0.0,0.0,mccrone,1790
50969,2014-12-01,False,False,PB2,1885,T,0.0,0.997868282284,0.0,0.002131717715999959,mccrone,1885
50969,2014-12-01,False,False,PB2,1908,G,0.998532565752,0.0,0.0014674342479999991,0.0,mccrone,1908
50969,2014-12-01,False,False,PB2,2145,T,1.0,0.0,0.0,0.0,mccrone,2150
50969,2014-12-01,False,False,PB2,2184,A,0.0,0.0,1.0,0.0,mccrone,2189
50969,2014-12-02,True,True,HA,47,T,0.0,1.0,0.0,0.0,mccrone,56
50969,2014-12-02,True,True,HA,167,G,1.0,0.0,0.0,0.0,mccrone,221
50969,2014-12-02,True,True,HA,364,G,1.0,0.0,0.0,0.0,mccrone,425
50969,2014-12-02,True,True,HA,556,A,0.0,1.0,0.0,0.0,mccrone,647
50969,2014-12-02,True,True,HA,658,C,0.0,0.0016305863669999754,0.0,0.998369413633,mccrone,749
50969,2014-12-02,True,True,HA,685,T,0.0,1.0,0.0,0.0,mccrone,776
50969,2014-12-02,True,True,HA,1466,C,1.0,0.0,0.0,0.0,mccrone,1592
50969,2014-12-02,True,True,MP,349,A,0.0,0.0,1.0,0.0,mccrone,349
50969,2014-12-02,True,True,MP,427,A,0.0,0.0,1.0,0.0,mccrone,427
50969,2014-12-02,True,True,MP,549,G,1.0,0.0,0.0,0.0,mccrone,549
50969,2014-12-02,True,True,MP,694,C,0.0,0.0,0.0,1.0,mccrone,694
50969,2014-12-02,True,True,NA,70,T,0.0,1.0,0.0,0.0,mccrone,72
50969,2014-12-02,True,True,NA,103,T,0.0,1.0,0.0,0.0,mccrone,105
50969,2014-12-02,True,True,NA,211,A,0.0,0.0,1.0,0.0,mccrone,226
50969,2014-12-02,True,True,NA,223,A,0.0,0.0,1.0,0.0,mccrone,238
50969,2014-12-02,True,True,NA,226,T,0.0,1.0,0.0,0.0,mccrone,241
50969,2014-12-02,True,True,NA,670,A,0.0015764020630000264,0.0,0.998423597937,0.0,mccrone,697
50969,2014-12-02,True,True,NA,710,A,0.0010735373050000385,0.0,0.998926462695,0.0,mccrone,737
50969,2014-12-02,True,True,NA,808,T,0.0,0.998087696617,0.0,0.0019123033829999692,mccrone,835
50969,2014-12-02,True,True,NA,819,C,1.0,0.0,0.0,0.0,mccrone,846
50969,2014-12-02,True,True,NA,907,G,0.998197298721,0.0,0.001802701278999952,0.0,mccrone,934
50969,2014-12-02,True,True,NA,1099,G,1.0,0.0,0.0,0.0,mccrone,1126
50969,2014-12-02,True,True,NA,1108,A,0.0,0.0,1.0,0.0,mccrone,1135
50969,2014-12-02,True,True,NA,1157,A,0.0,0.0,1.0,0.0,mccrone,1184
50969,2014-12-02,True,True,NA,1194,C,0.0,0.0,0.0,1.0,mccrone,1221
50969,2014-12-02,True,True,NP,207,G,0.997248495271,0.0,0.002751504728999987,0.0,mccrone,207
50969,2014-12-02,True,True,NP,347,G,1.0,0.0,0.0,0.0,mccrone,347
50969,2014-12-02,True,True,NP,606,G,0.99814193239,0.0,0.0018580676099999582,0.0,mccrone,606
50969,2014-12-02,True,True,NP,885,G,1.0,0.0,0.0,0.0,mccrone,885
50969,2014-12-02,True,True,NP,909,G,0.0,0.0,0.0,1.0,mccrone,909
50969,2014-12-02,True,True,NP,918,C,0.0,0.0,0.0,1.0,mccrone,918
50969,2014-12-02,True,True,NP,1002,C,0.0,0.0,0.0,1.0,mccrone,1002
50969,2014-12-02,True,True,NP,1092,A,0.0,0.0,1.0,0.0,mccrone,1092
50969,2014-12-02,True,True,NP,1093,A,0.0017317232989999543,0.0,0.998268276701,0.0,mccrone,1093
50969,2014-12-02,True,True,NP,1186,T,0.0,1.0,0.0,0.0,mccrone,1186
50969,2014-12-02,True,True,NP,1188,A,0.0,0.0,1.0,0.0,mccrone,1188
50969,2014-12-02,True,True,NP,1224,G,0.994210586356,0.0,0.0057894136439999855,0.0,mccrone,1224
50969,2014-12-02,True,True,NP,1407,C,1.0,0.0,0.0,0.0,mccrone,1407
50969,2014-12-02,True,True,NS,125,T,0.0,1.0,0.0,0.0,mccrone,125
50969,2014-12-02,True,True,NS,180,T,0.0,1.0,0.0,0.0,mccrone,180
50969,2014-12-02,True,True,NS,246,A,0.0,0.0,1.0,0.0,mccrone,246
50969,2014-12-02,True,True,NS,275,A,0.9916645059072,0.0,0.0,0.0083354940928,mccrone,275
50969,2014-12-02,True,True,NS,299,C,0.0,0.0010705596109999993,0.0,0.998929440389,mccrone,299
50969,2014-12-02,True,True,NS,341,A,0.001804511277999965,0.0,0.998195488722,0.0,mccrone,341
50969,2014-12-02,True,True,NS,524,T,0.0,0.0139687377573,0.0,0.9860312622427,mccrone,524
50969,2014-12-02,True,True,NS,570,G,1.0,0.0,0.0,0.0,mccrone,570
50969,2014-12-02,True,True,NS,578,A,0.0020655952439999625,0.0,0.997934404756,0.0,mccrone,578
50969,2014-12-02,True,True,NS,744,A,0.0,0.0,1.0,0.0,mccrone,744
50969,2014-12-02,True,True,NS,813,G,1.0,0.0,0.0,0.0,mccrone,813
50969,2014-12-02,True,True,NS,843,C,0.0,0.0,0.0,1.0,mccrone,843
50969,2014-12-02,True,True,PA,153,C,0.0,0.0,1.0,0.0,mccrone,177
50969,2014-12-02,True,True,PA,282,A,0.0,1.0,0.0,0.0,mccrone,306
50969,2014-12-02,True,True,PA,501,T,0.0,0.998711063373,0.0,0.0012889366270000258,mccrone,525
50969,2014-12-02,True,True,PA,519,A,0.9867529542985,0.0,0.0132470457015,0.0,mccrone,543
50969,2014-12-02,True,True,PA,836,A,0.0,0.0,1.0,0.0,mccrone,860
50969,2014-12-02,True,True,PA,858,G,1.0,0.0,0.0,0.0,mccrone,882
50969,2014-12-02,True,True,PA,1001,G,1.0,0.0,0.0,0.0,mccrone,1025
50969,2014-12-02,True,True,PA,1092,T,0.998433640581,0.0,0.0,0.001566359418999963,mccrone,1116
50969,2014-12-02,True,True,PA,1137,G,1.0,0.0,0.0,0.0,mccrone,1161
50969,2014-12-02,True,True,PA,1201,G,0.0250320272215,0.0,0.9749679727785,0.0,mccrone,1225
50969,2014-12-02,True,True,PA,1202,A,0.970461358749,0.0,0.029538641251,0.0,mccrone,1226
50969,2014-12-02,True,True,PA,1293,G,0.998916413328,0.0,0.0010835866720000364,0.0,mccrone,1317
50969,2014-12-02,True,True,PA,1552,T,0.0,1.0,0.0,0.0,mccrone,1576
50969,2014-12-02,True,True,PA,1578,T,0.0,1.0,0.0,0.0,mccrone,1602
50969,2014-12-02,True,True,PA,1608,C,0.0,0.0006043064790000052,0.0,0.999395693521,mccrone,1632
50969,2014-12-02,True,True,PA,2001,G,1.0,0.0,0.0,0.0,mccrone,2025
50969,2014-12-02,True,True,PA,2049,T,0.0,1.0,0.0,0.0,mccrone,2073
50969,2014-12-02,True,True,PB1,364,A,0.002713046848999978,0.0,0.997286953151,0.0,mccrone,372
50969,2014-12-02,True,True,PB1,424,T,0.0,1.0,0.0,0.0,mccrone,432
50969,2014-12-02,True,True,PB1,470,A,0.0,0.0,0.0,1.0,mccrone,478
50969,2014-12-02,True,True,PB1,502,A,0.0,0.0,1.0,0.0,mccrone,510
50969,2014-12-02,True,True,PB1,513,A,0.0,0.0,0.0,1.0,mccrone,521
50969,2014-12-02,True,True,PB1,589,G,0.999323257388,0.0,0.0006767426120000142,0.0,mccrone,597
50969,2014-12-02,True,True,PB1,643,G,1.0,0.0,0.0,0.0,mccrone,651
50969,2014-12-02,True,True,PB1,655,C,0.0,0.0,0.0,1.0,mccrone,663
50969,2014-12-02,True,True,PB1,892,C,0.0,0.0,0.0,1.0,mccrone,900
50969,2014-12-02,True,True,PB1,913,C,0.0,0.0,0.0,1.0,mccrone,921
50969,2014-12-02,True,True,PB1,1003,G,1.0,0.0,0.0,0.0,mccrone,1011
50969,2014-12-02,True,True,PB1,1159,T,0.0,1.0,0.0,0.0,mccrone,1167
50969,2014-12-02,True,True,PB1,1525,T,0.0,0.99786316331,0.0,0.002136836689999977,mccrone,1533
50969,2014-12-02,True,True,PB1,1570,T,0.0,1.0,0.0,0.0,mccrone,1578
50969,2014-12-02,True,True,PB1,1615,C,0.0,0.0016214506049999633,0.0,0.998378549395,mccrone,1623
50969,2014-12-02,True,True,PB1,1624,C,0.0,0.0,0.0,1.0,mccrone,1632
50969,2014-12-02,True,True,PB1,1690,A,0.0014180691870000484,0.0,0.998581930813,0.0,mccrone,1698
50969,2014-12-02,True,True,PB1,1906,C,0.998737745614,0.001262254386000028,0.0,0.0,mccrone,1914
50969,2014-12-02,True,True,PB1,2074,G,1.0,0.0,0.0,0.0,mccrone,2082
50969,2014-12-02,True,True,PB2,57,G,1.0,0.0,0.0,0.0,mccrone,57
50969,2014-12-02,True,True,PB2,214,G,0.998450213096,0.0,0.0015497869039999834,0.0,mccrone,214
50969,2014-12-02,True,True,PB2,264,C,0.0,0.0,0.0,1.0,mccrone,264
50969,2014-12-02,True,True,PB2,573,A,0.0,0.0,1.0,0.0,mccrone,573
50969,2014-12-02,True,True,PB2,843,A,0.0,0.0,1.0,0.0,mccrone,843
50969,2014-12-02,True,True,PB2,856,T,0.0,1.0,0.0,0.0,mccrone,856
50969,2014-12-02,True,True,PB2,868,T,0.0,0.998859678861,0.0,0.0011403211389999779,mccrone,868
50969,2014-12-02,True,True,PB2,1059,G,0.0,0.0,0.0,1.0,mccrone,1059
50969,2014-12-02,True,True,PB2,1425,T,0.0,0.999099831581,0.0,0.0009001684189999803,mccrone,1425
50969,2014-12-02,True,True,PB2,1581,T,0.0,1.0,0.0,0.0,mccrone,1581
50969,2014-12-02,True,True,PB2,1602,G,0.999205330399,0.0,0.0007946696010000531,0.0,mccrone,1602
50969,2014-12-02,True,True,PB2,1659,A,0.0,0.0,1.0,0.0,mccrone,1659
50969,2014-12-02,True,True,PB2,1662,C,0.0,0.0,0.0,1.0,mccrone,1662
50969,2014-12-02,True,True,PB2,1707,T,0.0,1.0,0.0,0.0,mccrone,1707
50969,2014-12-02,True,True,PB2,1790,T,0.0,0.999329534026,0.0,0.0006704659740000007,mccrone,1790
50969,2014-12-02,True,True,PB2,1885,T,0.0,1.0,0.0,0.0,mccrone,1885
50969,2014-12-02,True,True,PB2,1908,G,0.998711541465,0.0,0.0012884585350000366,0.0,mccrone,1908
50969,2014-12-02,True,True,PB2,2145,T,1.0,0.0,0.0,0.0,mccrone,2150
50969,2014-12-02,True,True,PB2,2184,A,0.0,0.0,1.0,0.0,mccrone,2189
50993,2015-01-06,False,False,HA,167,G,1.0,0.0,0.0,0.0,mccrone,221
50993,2015-01-06,False,False,HA,242,T,1.0,0.0,0.0,0.0,mccrone,303
50993,2015-01-06,False,False,HA,288,T,0.0,0.0164879644067,0.0,0.9835120355933,mccrone,349
50993,2015-01-06,False,False,HA,364,G,1.0,0.0,0.0,0.0,mccrone,425
50993,2015-01-06,False,False,HA,418,C,0.0,0.9684447017241,0.0,0.0315552982759,mccrone,497
50993,2015-01-06,False,False,HA,556,A,0.00149014213700005,0.998509857863,0.0,0.0,mccrone,647
50993,2015-01-06,False,False,HA,658,C,0.0,0.0012479547410000347,0.0,0.998752045259,mccrone,749
50993,2015-01-06,False,False,HA,685,T,0.0,1.0,0.0,0.0,mccrone,776
50993,2015-01-06,False,False,HA,1199,C,0.0,0.0013014202459999957,0.0,0.998698579754,mccrone,1325
50993,2015-01-06,False,False,HA,1466,C,1.0,0.0,0.0,0.0,mccrone,1592
50993,2015-01-06,False,False,MP,161,C,0.0,0.004133654839999945,0.0,0.99586634516,mccrone,161
50993,2015-01-06,False,False,MP,303,T,0.0,0.0309374082531,0.0,0.9690625917469,mccrone,303
50993,2015-01-06,False,False,MP,349,A,0.0,0.0,1.0,0.0,mccrone,349
50993,2015-01-06,False,False,MP,427,A,0.001016472838999971,0.0,0.998983527161,0.0,mccrone,427
50993,2015-01-06,False,False,MP,549,G,0.998505450709,0.0,0.0014945492910000135,0.0,mccrone,549
50993,2015-01-06,False,False,MP,694,C,0.0,0.0017173524150000397,0.0,0.998282647585,mccrone,694
50993,2015-01-06,False,False,NA,103,T,0.0,1.0,0.0,0.0,mccrone,105
50993,2015-01-06,False,False,NA,118,A,0.0,0.0,1.0,0.0,mccrone,120
50993,2015-01-06,False,False,NA,211,A,0.0,0.0,1.0,0.0,mccrone,226
50993,2015-01-06,False,False,NA,223,A,0.0,0.0,1.0,0.0,mccrone,238
50993,2015-01-06,False,False,NA,226,T,0.0,1.0,0.0,0.0,mccrone,241
50993,2015-01-06,False,False,NA,361,C,0.0,0.0013160880420000076,0.0,0.998683911958,mccrone,378
50993,2015-01-06,False,False,NA,710,A,0.0009923175420000208,0.0,0.999007682458,0.0,mccrone,737
50993,2015-01-06,False,False,NA,819,C,1.0,0.0,0.0,0.0,mccrone,846
50993,2015-01-06,False,False,NA,907,G,0.99785069013,0.0,0.002149309869999949,0.0,mccrone,934
50993,2015-01-06,False,False,NA,1108,A,0.0,0.0,1.0,0.0,mccrone,1135
50993,2015-01-06,False,False,NA,1157,A,0.0,0.0,1.0,0.0,mccrone,1184
50993,2015-01-06,False,False,NA,1194,C,0.0,0.0,0.0,1.0,mccrone,1221
50993,2015-01-06,False,False,NP,207,G,0.996602491506,0.0,0.003397508494000001,0.0,mccrone,207
50993,2015-01-06,False,False,NP,347,G,0.999138400145,0.0,0.0008615998550000059,0.0,mccrone,347
50993,2015-01-06,False,False,NP,363,G,0.996895842946,0.0,0.003104157054000023,0.0,mccrone,363
50993,2015-01-06,False,False,NP,459,T,0.0,0.998203652573,0.0,0.0017963474269999669,mccrone,459
50993,2015-01-06,False,False,NP,606,G,0.998664359652,0.0,0.0013356403480000445,0.0,mccrone,606
50993,2015-01-06,False,False,NP,885,G,0.999018475751,0.0,0.0009815242489999987,0.0,mccrone,885
50993,2015-01-06,False,False,NP,909,G,0.0,0.0,0.0,1.0,mccrone,909
50993,2015-01-06,False,False,NP,918,C,0.0,0.0,0.0,1.0,mccrone,918
50993,2015-01-06,False,False,NP,1002,C,0.0,0.0006712023680000012,0.0,0.999328797632,mccrone,1002
50993,2015-01-06,False,False,NP,1092,A,0.0,0.0,1.0,0.0,mccrone,1092
50993,2015-01-06,False,False,NP,1186,T,0.0,1.0,0.0,0.0,mccrone,1186
50993,2015-01-06,False,False,NP,1188,A,0.0,0.0,1.0,0.0,mccrone,1188
50993,2015-01-06,False,False,NP,1224,G,0.997893535788,0.0,0.0021064642120000032,0.0,mccrone,1224
50993,2015-01-06,False,False,NP,1407,C,1.0,0.0,0.0,0.0,mccrone,1407
50993,2015-01-06,False,False,NS,125,T,0.0,1.0,0.0,0.0,mccrone,125
50993,2015-01-06,False,False,NS,180,T,0.0,0.997685854787,0.0,0.002314145212999996,mccrone,180
50993,2015-01-06,False,False,NS,185,C,1.0,0.0,0.0,0.0,mccrone,185
50993,2015-01-06,False,False,NS,246,A,0.0,0.0,1.0,0.0,mccrone,246
50993,2015-01-06,False,False,NS,299,C,0.0,0.0015476453680000057,0.0,0.998452354632,mccrone,299
50993,2015-01-06,False,False,NS,570,G,1.0,0.0,0.0,0.0,mccrone,570
50993,2015-01-06,False,False,NS,687,G,0.996776966051,0.0,0.0032230339490000315,0.0,mccrone,687
50993,2015-01-06,False,False,NS,744,A,0.0,0.0,1.0,0.0,mccrone,744
50993,2015-01-06,False,False,NS,813,G,1.0,0.0,0.0,0.0,mccrone,813
50993,2015-01-06,False,False,NS,843,C,0.0,0.0,0.0,1.0,mccrone,843
50993,2015-01-06,False,False,PA,153,C,0.0,0.0,1.0,0.0,mccrone,177
50993,2015-01-06,False,False,PA,282,A,0.0,1.0,0.0,0.0,mccrone,306
50993,2015-01-06,False,False,PA,501,T,0.0,1.0,0.0,0.0,mccrone,525
50993,2015-01-06,False,False,PA,615,A,0.9888596267349,0.0111403732651,0.0,0.0,mccrone,639
50993,2015-01-06,False,False,PA,836,A,0.0,0.0,1.0,0.0,mccrone,860
50993,2015-01-06,False,False,PA,858,G,0.999135273329,0.0,0.0008647266710000157,0.0,mccrone,882
50993,2015-01-06,False,False,PA,1001,G,0.999361718105,0.0,0.0006382818950000368,0.0,mccrone,1025
50993,2015-01-06,False,False,PA,1092,T,0.0,0.997989619124,0.0,0.0020103808760000286,mccrone,1116
50993,2015-01-06,False,False,PA,1128,T,0.0,0.99806597577,0.0,0.0019340242299999977,mccrone,1152
50993,2015-01-06,False,False,PA,1137,G,1.0,0.0,0.0,0.0,mccrone,1161
50993,2015-01-06,False,False,PA,1184,G,0.998358622702,0.0,0.0016413772979999575,0.0,mccrone,1208
50993,2015-01-06,False,False,PA,1215,T,0.998134462223,0.0,0.0,0.001865537777000048,mccrone,1239
50993,2015-01-06,False,False,PA,1552,T,0.0,1.0,0.0,0.0,mccrone,1576
50993,2015-01-06,False,False,PA,1578,T,0.0,1.0,0.0,0.0,mccrone,1602
50993,2015-01-06,False,False,PA,1608,C,0.0,0.0011522021930000514,0.0,0.998847797807,mccrone,1632
50993,2015-01-06,False,False,PA,1647,C,0.0,0.99037492355515,0.0,0.00962507644485,mccrone,1671
50993,2015-01-06,False,False,PA,1795,A,0.897932433036,0.0,0.102067566964,0.0,mccrone,1819
50993,2015-01-06,False,False,PA,2001,G,1.0,0.0,0.0,0.0,mccrone,2025
50993,2015-01-06,False,False,PA,2049,T,0.0,1.0,0.0,0.0,mccrone,2073
50993,2015-01-06,False,False,PB1,364,A,0.0,0.0,1.0,0.0,mccrone,372
50993,2015-01-06,False,False,PB1,424,T,0.0,1.0,0.0,0.0,mccrone,432
50993,2015-01-06,False,False,PB1,470,A,0.0,0.0,0.0,1.0,mccrone,478
50993,2015-01-06,False,False,PB1,502,A,0.0011736515229999744,0.0,0.998826348477,0.0,mccrone,510
50993,2015-01-06,False,False,PB1,513,A,0.0,0.0,0.0,1.0,mccrone,521
50993,2015-01-06,False,False,PB1,589,G,1.0,0.0,0.0,0.0,mccrone,597
50993,2015-01-06,False,False,PB1,643,G,0.997553489613,0.0,0.002446510386999945,0.0,mccrone,651
50993,2015-01-06,False,False,PB1,655,C,0.0,0.0,0.0,1.0,mccrone,663
50993,2015-01-06,False,False,PB1,892,C,0.0,0.0007407750360000076,0.0,0.999259224964,mccrone,900
50993,2015-01-06,False,False,PB1,913,C,0.0,0.001048456944999998,0.0,0.998951543055,mccrone,921
50993,2015-01-06,False,False,PB1,1003,G,0.999172832131,0.0,0.0008271678689999451,0.0,mccrone,1011
50993,2015-01-06,False,False,PB1,1159,T,0.0,1.0,0.0,0.0,mccrone,1167
50993,2015-01-06,False,False,PB1,1477,A,0.0020281170779999913,0.0,0.997971882922,0.0,mccrone,1485
50993,2015-01-06,False,False,PB1,1558,G,0.0,0.0,0.9756302430541,0.0243697569459,mccrone,1566
50993,2015-01-06,False,False,PB1,1570,T,0.0,0.99908240044,0.0,0.0009175995600000375,mccrone,1578
50993,2015-01-06,False,False,PB1,1624,C,0.0,0.0,0.0,1.0,mccrone,1632
50993,2015-01-06,False,False,PB1,1690,A,0.0006475485660000224,0.0,0.999352451434,0.0,mccrone,1698
50993,2015-01-06,False,False,PB1,1921,A,0.0014333756000000086,0.0,0.9985666244,0.0,mccrone,1929
50993,2015-01-06,False,False,PB1,2074,G,0.997930014786,0.0,0.0020699852140000363,0.0,mccrone,2082
50993,2015-01-06,False,False,PB2,57,G,1.0,0.0,0.0,0.0,mccrone,57
50993,2015-01-06,False,False,PB2,214,G,0.998682187569,0.0,0.0013178124310000427,0.0,mccrone,214
50993,2015-01-06,False,False,PB2,264,C,0.0,0.0,0.0,1.0,mccrone,264
50993,2015-01-06,False,False,PB2,573,A,0.000838825643999952,0.0,0.999161174356,0.0,mccrone,573
50993,2015-01-06,False,False,PB2,705,T,0.0,0.997969580626,0.0,0.0020304193739999477,mccrone,705
50993,2015-01-06,False,False,PB2,843,A,0.00092030185900005,0.0,0.999079698141,0.0,mccrone,843
50993,2015-01-06,False,False,PB2,856,T,0.0,1.0,0.0,0.0,mccrone,856
50993,2015-01-06,False,False,PB2,1047,A,0.001833279413000044,0.0,0.998166720587,0.0,mccrone,1047
50993,2015-01-06,False,False,PB2,1059,G,0.0,0.0,0.0,1.0,mccrone,1059
50993,2015-01-06,False,False,PB2,1099,G,0.0383825176499,0.0,0.9616174823501,0.0,mccrone,1099
50993,2015-01-06,False,False,PB2,1581,T,0.0,0.9990104453,0.0,0.0009895546999999505,mccrone,1581
50993,2015-01-06,False,False,PB2,1602,G,1.0,0.0,0.0,0.0,mccrone,1602
50993,2015-01-06,False,False,PB2,1659,A,0.0007592739889999978,0.0,0.999240726011,0.0,mccrone,1659
50993,2015-01-06,False,False,PB2,1662,C,0.0,0.0009432593239999676,0.0,0.999056740676,mccrone,1662
50993,2015-01-06,False,False,PB2,1707,T,0.0,0.998989861199,0.0,0.0010101388009999823,mccrone,1707
50993,2015-01-06,False,False,PB2,1790,T,0.0,0.998782212445,0.0,0.0012177875550000161,mccrone,1790
50993,2015-01-06,False,False,PB2,1885,T,0.0,1.0,0.0,0.0,mccrone,1885
50993,2015-01-06,False,False,PB2,2103,A,0.0027932960890000302,0.0,0.997206703911,0.0,mccrone,2103
50993,2015-01-06,False,False,PB2,2145,T,1.0,0.0,0.0,0.0,mccrone,2150
50993,2015-01-06,False,False,PB2,2184,A,0.0,0.0,1.0,0.0,mccrone,2189
50993,2015-01-09,True,True,HA,167,G,1.0,0.0,0.0,0.0,mccrone,221
50993,2015-01-09,True,True,HA,242,T,0.996604183646,0.0,0.0,0.003395816353999992,mccrone,303
50993,2015-01-09,True,True,HA,364,G,1.0,0.0,0.0,0.0,mccrone,425
50993,2015-01-09,True,True,HA,556,A,0.0,1.0,0.0,0.0,mccrone,647
50993,2015-01-09,True,True,HA,658,C,0.0,0.001904328795000021,0.0,0.998095671205,mccrone,749
50993,2015-01-09,True,True,HA,685,T,0.0,1.0,0.0,0.0,mccrone,776
50993,2015-01-09,True,True,HA,1199,C,0.0,0.0019694731660000464,0.0,0.998030526834,mccrone,1325
50993,2015-01-09,True,True,HA,1466,C,1.0,0.0,0.0,0.0,mccrone,1592
50993,2015-01-09,True,True,MP,161,C,0.0,0.0,0.0,1.0,mccrone,161
50993,2015-01-09,True,True,MP,349,A,0.0,0.0,1.0,0.0,mccrone,349
50993,2015-01-09,True,True,MP,427,A,0.0012953367879999789,0.0,0.998704663212,0.0,mccrone,427
50993,2015-01-09,True,True,MP,433,G,0.00726752135369,0.0,0.99273247864631,0.0,mccrone,433
50993,2015-01-09,True,True,MP,549,G,0.998719292118,0.0,0.001280707881999965,0.0,mccrone,549
50993,2015-01-09,True,True,MP,694,C,0.0,0.0018262838779999901,0.0,0.998173716122,mccrone,694
50993,2015-01-09,True,True,NA,103,T,0.0,1.0,0.0,0.0,mccrone,105
50993,2015-01-09,True,True,NA,118,A,0.0,0.0,1.0,0.0,mccrone,120
50993,2015-01-09,True,True,NA,211,A,0.0,0.0,1.0,0.0,mccrone,226
50993,2015-01-09,True,True,NA,223,A,0.0,0.0,1.0,0.0,mccrone,238
50993,2015-01-09,True,True,NA,226,T,0.0,1.0,0.0,0.0,mccrone,241
50993,2015-01-09,True,True,NA,361,C,0.0,0.0026664372960000238,0.0,0.997333562704,mccrone,378
50993,2015-01-09,True,True,NA,604,G,0.0211669597951,0.0,0.9788330402049,0.0,mccrone,631
50993,2015-01-09,True,True,NA,710,A,0.0,0.0,1.0,0.0,mccrone,737
50993,2015-01-09,True,True,NA,819,C,1.0,0.0,0.0,0.0,mccrone,846
50993,2015-01-09,True,True,NA,907,G,0.998210980876,0.0,0.0017890191239999798,0.0,mccrone,934
50993,2015-01-09,True,True,NA,1108,A,0.0,0.0,1.0,0.0,mccrone,1135
50993,2015-01-09,True,True,NA,1157,A,0.0015264168599999905,0.0,0.99847358314,0.0,mccrone,1184
50993,2015-01-09,True,True,NA,1194,C,0.0,0.0,0.0,1.0,mccrone,1221
50993,2015-01-09,True,True,NP,207,G,0.997833711574,0.0,0.0021662884259999737,0.0,mccrone,207
50993,2015-01-09,True,True,NP,347,G,0.998273433595,0.0,0.0017265664050000185,0.0,mccrone,347
50993,2015-01-09,True,True,NP,363,G,0.995881585386,0.0,0.004118414613999977,0.0,mccrone,363
50993,2015-01-09,True,True,NP,459,T,0.0,0.997530705833,0.0,0.0024692941670000357,mccrone,459
50993,2015-01-09,True,True,NP,594,C,0.0,0.99024957357751,0.0,0.00975042642249,mccrone,594
50993,2015-01-09,True,True,NP,606,G,0.997829687589,0.0,0.002170312410999964,0.0,mccrone,606
50993,2015-01-09,True,True,NP,885,G,0.998923515797,0.0,0.0010764842029999944,0.0,mccrone,885
50993,2015-01-09,True,True,NP,909,G,0.0,0.0,0.0009779267949999726,0.999022073205,mccrone,909
50993,2015-01-09,True,True,NP,918,C,0.0,0.0,0.0,1.0,mccrone,918
50993,2015-01-09,True,True,NP,1002,C,0.0,0.0011973250010000047,0.0,0.998802674999,mccrone,1002
50993,2015-01-09,True,True,NP,1092,A,0.0014328928510000116,0.0,0.998567107149,0.0,mccrone,1092
50993,2015-01-09,True,True,NP,1186,T,0.0,1.0,0.0,0.0,mccrone,1186
50993,2015-01-09,True,True,NP,1188,A,0.0,0.0,1.0,0.0,mccrone,1188
50993,2015-01-09,True,True,NP,1224,G,0.99766071738,0.0,0.0023392826200000494,0.0,mccrone,1224
50993,2015-01-09,True,True,NP,1407,C,1.0,0.0,0.0,0.0,mccrone,1407
50993,2015-01-09,True,True,NS,125,T,0.0,1.0,0.0,0.0,mccrone,125
50993,2015-01-09,True,True,NS,180,T,0.0,1.0,0.0,0.0,mccrone,180
50993,2015-01-09,True,True,NS,185,C,1.0,0.0,0.0,0.0,mccrone,185
50993,2015-01-09,True,True,NS,246,A,0.0,0.0,1.0,0.0,mccrone,246
50993,2015-01-09,True,True,NS,299,C,0.0,0.001811320755000012,0.0,0.998188679245,mccrone,299
50993,2015-01-09,True,True,NS,441,G,0.0272112598053,0.0,0.9727887401947,0.0,mccrone,441
50993,2015-01-09,True,True,NS,570,G,0.999395085066,0.0,0.0006049149339999449,0.0,mccrone,570
50993,2015-01-09,True,True,NS,687,G,0.997154645042,0.0,0.0028453549579999793,0.0,mccrone,687
50993,2015-01-09,True,True,NS,744,A,0.0,0.0,1.0,0.0,mccrone,744
50993,2015-01-09,True,True,NS,813,G,1.0,0.0,0.0,0.0,mccrone,813
50993,2015-01-09,True,True,NS,843,C,0.0,0.0,0.0,1.0,mccrone,843
50993,2015-01-09,True,True,PA,153,C,0.0,0.0,1.0,0.0,mccrone,177
50993,2015-01-09,True,True,PA,282,A,0.0,1.0,0.0,0.0,mccrone,306
50993,2015-01-09,True,True,PA,501,T,0.0,1.0,0.0,0.0,mccrone,525
50993,2015-01-09,True,True,PA,836,A,0.0,0.0,1.0,0.0,mccrone,860
50993,2015-01-09,True,True,PA,858,G,0.997853224139,0.0,0.002146775860999983,0.0,mccrone,882
50993,2015-01-09,True,True,PA,1001,G,0.998725911769,0.0,0.001274088230999948,0.0,mccrone,1025
50993,2015-01-09,True,True,PA,1092,T,0.0,0.996644426236,0.0,0.003355573763999975,mccrone,1116
50993,2015-01-09,True,True,PA,1128,T,0.0,0.997328868158,0.0,0.002671131841999963,mccrone,1152
50993,2015-01-09,True,True,PA,1137,G,1.0,0.0,0.0,0.0,mccrone,1161
50993,2015-01-09,True,True,PA,1184,G,0.996728032483,0.0,0.003271967516999985,0.0,mccrone,1208
50993,2015-01-09,True,True,PA,1215,T,0.996816874401,0.0,0.0,0.003183125599000025,mccrone,1239
50993,2015-01-09,True,True,PA,1552,T,0.0,0.998991896398,0.0,0.0010081036019999878,mccrone,1576
50993,2015-01-09,True,True,PA,1578,T,0.0,1.0,0.0,0.0,mccrone,1602
50993,2015-01-09,True,True,PA,1608,C,0.0,0.0,0.0,1.0,mccrone,1632
50993,2015-01-09,True,True,PA,1673,G,0.00828087792408,0.0,0.99171912207592,0.0,mccrone,1697
50993,2015-01-09,True,True,PA,1692,T,0.0,0.00704827661467,0.0,0.99295172338533,mccrone,1716
50993,2015-01-09,True,True,PA,2001,G,1.0,0.0,0.0,0.0,mccrone,2025
50993,2015-01-09,True,True,PA,2049,T,0.0,1.0,0.0,0.0,mccrone,2073
50993,2015-01-09,True,True,PB1,364,A,0.0007342973339999892,0.0,0.999265702666,0.0,mccrone,372
50993,2015-01-09,True,True,PB1,424,T,0.0,1.0,0.0,0.0,mccrone,432
50993,2015-01-09,True,True,PB1,470,A,0.0,0.0,0.0,1.0,mccrone,478
50993,2015-01-09,True,True,PB1,502,A,0.0,0.0,1.0,0.0,mccrone,510
50993,2015-01-09,True,True,PB1,513,A,0.0,0.0,0.0,1.0,mccrone,521
50993,2015-01-09,True,True,PB1,589,G,0.999176785347,0.0,0.0008232146529999484,0.0,mccrone,597
50993,2015-01-09,True,True,PB1,643,G,0.997747385358,0.0,0.002252614641999995,0.0,mccrone,651
50993,2015-01-09,True,True,PB1,655,C,0.0,0.0,0.0,1.0,mccrone,663
50993,2015-01-09,True,True,PB1,892,C,0.0,0.0,0.0,1.0,mccrone,900
50993,2015-01-09,True,True,PB1,913,C,0.0,0.0007789439159999745,0.0,0.999221056084,mccrone,921
50993,2015-01-09,True,True,PB1,1003,G,0.999022443078,0.0,0.000977556921999967,0.0,mccrone,1011
50993,2015-01-09,True,True,PB1,1159,T,0.0,1.0,0.0,0.0,mccrone,1167
50993,2015-01-09,True,True,PB1,1477,A,0.002449295290000042,0.0,0.99755070471,0.0,mccrone,1485
50993,2015-01-09,True,True,PB1,1570,T,0.0,1.0,0.0,0.0,mccrone,1578
50993,2015-01-09,True,True,PB1,1624,C,0.0,0.0,0.0,1.0,mccrone,1632
50993,2015-01-09,True,True,PB1,1690,A,0.0,0.0,1.0,0.0,mccrone,1698
50993,2015-01-09,True,True,PB1,1921,A,0.002279981759999994,0.0,0.99772001824,0.0,mccrone,1929
50993,2015-01-09,True,True,PB1,2074,G,0.99792362553,0.0,0.0020763744699999753,0.0,mccrone,2082
50993,2015-01-09,True,True,PB1,2104,C,0.0,0.9562711601202,0.0,0.0437288398798,mccrone,2112
50993,2015-01-09,True,True,PB2,57,G,1.0,0.0,0.0,0.0,mccrone,57
50993,2015-01-09,True,True,PB2,214,G,0.997424804285,0.0,0.0025751957149999782,0.0,mccrone,214
50993,2015-01-09,True,True,PB2,264,C,0.0,0.0,0.0,1.0,mccrone,264
50993,2015-01-09,True,True,PB2,573,A,0.0008008328659999675,0.0,0.999199167134,0.0,mccrone,573
50993,2015-01-09,True,True,PB2,705,T,0.0,0.998076155214,0.0,0.0019238447860000507,mccrone,705
50993,2015-01-09,True,True,PB2,843,A,0.0012334482129999769,0.0,0.998766551787,0.0,mccrone,843
50993,2015-01-09,True,True,PB2,856,T,0.0,1.0,0.0,0.0,mccrone,856
50993,2015-01-09,True,True,PB2,872,A,0.9710481129385,0.0,0.0,0.0289518870615,mccrone,872
50993,2015-01-09,True,True,PB2,1047,A,0.002751225705999949,0.0,0.997248774294,0.0,mccrone,1047
50993,2015-01-09,True,True,PB2,1059,G,0.0,0.0,0.0,1.0,mccrone,1059
50993,2015-01-09,True,True,PB2,1581,T,0.0,0.99846538187,0.0,0.0015346181299999984,mccrone,1581
50993,2015-01-09,True,True,PB2,1602,G,1.0,0.0,0.0,0.0,mccrone,1602
50993,2015-01-09,True,True,PB2,1659,A,0.0,0.0,1.0,0.0,mccrone,1659
50993,2015-01-09,True,True,PB2,1662,C,0.0,0.0,0.0,1.0,mccrone,1662
50993,2015-01-09,True,True,PB2,1707,T,0.0,0.998756810121,0.0,0.0012431898789999618,mccrone,1707
50993,2015-01-09,True,True,PB2,1790,T,0.0,1.0,0.0,0.0,mccrone,1790
50993,2015-01-09,True,True,PB2,1885,T,0.0,1.0,0.0,0.0,mccrone,1885
50993,2015-01-09,True,True,PB2,2103,A,0.0033804548250000455,0.0,0.996619545175,0.0,mccrone,2103
50993,2015-01-09,True,True,PB2,2145,T,1.0,0.0,0.0,0.0,mccrone,2150
50993,2015-01-09,True,True,PB2,2184,A,0.0,0.0,1.0,0.0,mccrone,2189
51000,2014-12-16,False,True,HA,167,G,1.0,0.0,0.0,0.0,mccrone,221
51000,2014-12-16,False,True,HA,364,G,1.0,0.0,0.0,0.0,mccrone,425
51000,2014-12-16,False,True,HA,556,A,0.0,1.0,0.0,0.0,mccrone,647
51000,2014-12-16,False,True,HA,658,C,0.0,0.001346455150999959,0.0,0.998653544849,mccrone,749
51000,2014-12-16,False,True,HA,685,T,0.0,1.0,0.0,0.0,mccrone,776
51000,2014-12-16,False,True,HA,1466,C,1.0,0.0,0.0,0.0,mccrone,1592
51000,2014-12-16,False,True,MP,349,A,0.0,0.0,1.0,0.0,mccrone,349
51000,2014-12-16,False,True,MP,427,A,0.0,0.0,1.0,0.0,mccrone,427
51000,2014-12-16,False,True,MP,549,G,0.998378987279,0.0,0.0016210127210000147,0.0,mccrone,549
51000,2014-12-16,False,True,MP,694,C,0.0,0.0,0.0,1.0,mccrone,694
51000,2014-12-16,False,True,NA,103,T,0.0,1.0,0.0,0.0,mccrone,105
51000,2014-12-16,False,True,NA,211,A,0.0,0.0,1.0,0.0,mccrone,226
51000,2014-12-16,False,True,NA,223,A,0.0,0.0,1.0,0.0,mccrone,238
51000,2014-12-16,False,True,NA,226,T,0.0,1.0,0.0,0.0,mccrone,241
51000,2014-12-16,False,True,NA,475,G,0.997446779146,0.0,0.0025532208540000045,0.0,mccrone,492
51000,2014-12-16,False,True,NA,491,C,0.0,0.0,0.0,1.0,mccrone,508
51000,2014-12-16,False,True,NA,710,A,0.0015163002270000003,0.0,0.998483699773,0.0,mccrone,737
51000,2014-12-16,False,True,NA,753,G,0.997716234968,0.0,0.002283765032000007,0.0,mccrone,780
51000,2014-12-16,False,True,NA,819,C,1.0,0.0,0.0,0.0,mccrone,846
51000,2014-12-16,False,True,NA,862,T,0.0,0.997604001318,0.0,0.0023959986820000223,mccrone,889
51000,2014-12-16,False,True,NA,907,G,0.997768756392,0.0,0.0022312436079999776,0.0,mccrone,934
51000,2014-12-16,False,True,NA,1108,A,0.0,0.0,1.0,0.0,mccrone,1135
51000,2014-12-16,False,True,NA,1126,G,0.99762695776,0.0,0.0023730422400000117,0.0,mccrone,1153
51000,2014-12-16,False,True,NA,1157,A,0.0009825112989999552,0.0,0.999017488701,0.0,mccrone,1184
51000,2014-12-16,False,True,NA,1194,C,0.0,0.0,0.0,1.0,mccrone,1221
51000,2014-12-16,False,True,NP,207,G,0.996669574181,0.0,0.0033304258190000047,0.0,mccrone,207
51000,2014-12-16,False,True,NP,297,C,0.0,0.0025447647249999816,0.0,0.997455235275,mccrone,297
51000,2014-12-16,False,True,NP,347,G,0.998014433541,0.0,0.0019855664590000544,0.0,mccrone,347
51000,2014-12-16,False,True,NP,606,G,0.998268854433,0.0,0.0017311455670000475,0.0,mccrone,606
51000,2014-12-16,False,True,NP,885,G,0.998974236641,0.0,0.0010257633589999537,0.0,mccrone,885
51000,2014-12-16,False,True,NP,909,G,0.0,0.0,0.0,1.0,mccrone,909
51000,2014-12-16,False,True,NP,918,C,0.0,0.0,0.0,1.0,mccrone,918
51000,2014-12-16,False,True,NP,1002,C,0.0,0.0008737889030000501,0.0,0.999126211097,mccrone,1002
51000,2014-12-16,False,True,NP,1092,A,0.0,0.0,1.0,0.0,mccrone,1092
51000,2014-12-16,False,True,NP,1186,T,0.0,1.0,0.0,0.0,mccrone,1186
51000,2014-12-16,False,True,NP,1188,A,0.0,0.0,1.0,0.0,mccrone,1188
51000,2014-12-16,False,True,NP,1224,G,0.99815498155,0.0,0.0018450184499999578,0.0,mccrone,1224
51000,2014-12-16,False,True,NP,1407,C,1.0,0.0,0.0,0.0,mccrone,1407
51000,2014-12-16,False,True,NS,125,T,0.0,1.0,0.0,0.0,mccrone,125
51000,2014-12-16,False,True,NS,140,A,0.0,0.0,1.0,0.0,mccrone,140
51000,2014-12-16,False,True,NS,173,T,1.0,0.0,0.0,0.0,mccrone,173
51000,2014-12-16,False,True,NS,180,T,0.0,1.0,0.0,0.0,mccrone,180
51000,2014-12-16,False,True,NS,246,A,0.0,0.0,1.0,0.0,mccrone,246
51000,2014-12-16,False,True,NS,299,C,0.0,0.0009921392049999644,0.0,0.999007860795,mccrone,299
51000,2014-12-16,False,True,NS,570,G,1.0,0.0,0.0,0.0,mccrone,570
51000,2014-12-16,False,True,NS,744,A,0.0,0.0,1.0,0.0,mccrone,744
51000,2014-12-16,False,True,NS,813,G,1.0,0.0,0.0,0.0,mccrone,813
51000,2014-12-16,False,True,NS,843,C,0.0,0.0,0.0,1.0,mccrone,843
51000,2014-12-16,False,True,PA,153,C,0.0,0.0,1.0,0.0,mccrone,177
51000,2014-12-16,False,True,PA,282,A,0.0,1.0,0.0,0.0,mccrone,306
51000,2014-12-16,False,True,PA,501,T,0.0,1.0,0.0,0.0,mccrone,525
51000,2014-12-16,False,True,PA,694,T,0.996973114131,0.0,0.0,0.0030268858690000178,mccrone,718
51000,2014-12-16,False,True,PA,836,A,0.0,0.0,1.0,0.0,mccrone,860
51000,2014-12-16,False,True,PA,858,G,0.998687702313,0.0,0.0013122976870000302,0.0,mccrone,882
51000,2014-12-16,False,True,PA,1001,G,0.998793103448,0.0,0.0012068965520000141,0.0,mccrone,1025
51000,2014-12-16,False,True,PA,1065,T,0.0,0.0233691677076,0.0,0.9766308322924,mccrone,1089
51000,2014-12-16,False,True,PA,1137,G,1.0,0.0,0.0,0.0,mccrone,1161
51000,2014-12-16,False,True,PA,1552,T,0.0,1.0,0.0,0.0,mccrone,1576
51000,2014-12-16,False,True,PA,1557,G,0.997589865679,0.0,0.0024101343210000126,0.0,mccrone,1581
51000,2014-12-16,False,True,PA,1578,T,0.0,0.998829531813,0.0,0.0011704681869999511,mccrone,1602
51000,2014-12-16,False,True,PA,1605,A,0.0026860626550000433,0.0,0.997313937345,0.0,mccrone,1629
51000,2014-12-16,False,True,PA,1608,C,0.0,0.001161367275000047,0.0,0.998838632725,mccrone,1632
51000,2014-12-16,False,True,PA,2001,G,1.0,0.0,0.0,0.0,mccrone,2025
51000,2014-12-16,False,True,PA,2049,T,0.0,1.0,0.0,0.0,mccrone,2073
51000,2014-12-16,False,True,PB1,364,A,0.0,0.0,1.0,0.0,mccrone,372
51000,2014-12-16,False,True,PB1,424,T,0.0,1.0,0.0,0.0,mccrone,432
51000,2014-12-16,False,True,PB1,470,A,0.0,0.0,0.0,1.0,mccrone,478
51000,2014-12-16,False,True,PB1,502,A,0.0,0.0,1.0,0.0,mccrone,510
51000,2014-12-16,False,True,PB1,513,A,0.0,0.0,0.0,1.0,mccrone,521
51000,2014-12-16,False,True,PB1,589,G,1.0,0.0,0.0,0.0,mccrone,597
51000,2014-12-16,False,True,PB1,643,G,0.997501118902,0.0,0.0024988810980000054,0.0,mccrone,651
51000,2014-12-16,False,True,PB1,650,G,0.998168632335,0.0,0.0018313676650000277,0.0,mccrone,658
51000,2014-12-16,False,True,PB1,655,C,0.0,0.0,0.0,1.0,mccrone,663
51000,2014-12-16,False,True,PB1,892,C,0.0,0.0,0.0,1.0,mccrone,900
51000,2014-12-16,False,True,PB1,913,C,0.0,0.0005932232959999784,0.0,0.999406776704,mccrone,921
51000,2014-12-16,False,True,PB1,928,G,0.996639666089,0.0,0.003360333910999991,0.0,mccrone,936
51000,2014-12-16,False,True,PB1,1003,G,0.998984984775,0.0,0.0010150152250000266,0.0,mccrone,1011
51000,2014-12-16,False,True,PB1,1159,T,0.0,1.0,0.0,0.0,mccrone,1167
51000,2014-12-16,False,True,PB1,1376,C,0.0,0.0035350463740000393,0.0,0.996464953626,mccrone,1384
51000,2014-12-16,False,True,PB1,1570,T,0.0,0.999134590059,0.0,0.0008654099410000393,mccrone,1578
51000,2014-12-16,False,True,PB1,1624,C,0.0,0.0,0.0,1.0,mccrone,1632
51000,2014-12-16,False,True,PB1,1690,A,0.0,0.0,1.0,0.0,mccrone,1698
51000,2014-12-16,False,True,PB1,2074,G,0.997809330629,0.0,0.002190669370999987,0.0,mccrone,2082
51000,2014-12-16,False,True,PB2,57,G,1.0,0.0,0.0,0.0,mccrone,57
51000,2014-12-16,False,True,PB2,214,G,1.0,0.0,0.0,0.0,mccrone,214
51000,2014-12-16,False,True,PB2,264,C,0.0,0.0,0.0,1.0,mccrone,264
51000,2014-12-16,False,True,PB2,352,G,0.99746835443,0.0,0.002531645569999963,0.0,mccrone,352
51000,2014-12-16,False,True,PB2,501,G,0.996934488892,0.0,0.0030655111080000186,0.0,mccrone,501
51000,2014-12-16,False,True,PB2,573,A,0.0,0.0,1.0,0.0,mccrone,573
51000,2014-12-16,False,True,PB2,843,A,0.0,0.0,1.0,0.0,mccrone,843
51000,2014-12-16,False,True,PB2,856,T,0.0,1.0,0.0,0.0,mccrone,856
51000,2014-12-16,False,True,PB2,1059,G,0.0,0.0,0.0,1.0,mccrone,1059
51000,2014-12-16,False,True,PB2,1203,G,0.0,0.0,0.0024430763220000262,0.997556923678,mccrone,1203
51000,2014-12-16,False,True,PB2,1413,A,0.0014790996779999732,0.0,0.998520900322,0.0,mccrone,1413
51000,2014-12-16,False,True,PB2,1581,T,0.0,1.0,0.0,0.0,mccrone,1581
51000,2014-12-16,False,True,PB2,1602,G,1.0,0.0,0.0,0.0,mccrone,1602
51000,2014-12-16,False,True,PB2,1659,A,0.0,0.0,1.0,0.0,mccrone,1659
51000,2014-12-16,False,True,PB2,1662,C,0.0,0.0,0.0,1.0,mccrone,1662
51000,2014-12-16,False,True,PB2,1707,T,0.0,1.0,0.0,0.0,mccrone,1707
51000,2014-12-16,False,True,PB2,1790,T,0.0,1.0,0.0,0.0,mccrone,1790
51000,2014-12-16,False,True,PB2,1869,G,0.997624518089,0.0,0.0023754819110000103,0.0,mccrone,1869
51000,2014-12-16,False,True,PB2,1885,T,0.0,1.0,0.0,0.0,mccrone,1885
51000,2014-12-16,False,True,PB2,1935,G,0.0,0.0,0.003527260058999948,0.996472739941,mccrone,1935
51000,2014-12-16,False,True,PB2,2145,T,1.0,0.0,0.0,0.0,mccrone,2150
51000,2014-12-16,False,True,PB2,2184,A,0.0,0.0,1.0,0.0,mccrone,2189
51000,2014-12-18,True,True,HA,167,G,1.0,0.0,0.0,0.0,mccrone,221
51000,2014-12-18,True,True,HA,364,G,1.0,0.0,0.0,0.0,mccrone,425
51000,2014-12-18,True,True,HA,556,A,0.0,1.0,0.0,0.0,mccrone,647
51000,2014-12-18,True,True,HA,658,C,0.0,0.0007469414040000011,0.0,0.999253058596,mccrone,749
51000,2014-12-18,True,True,HA,685,T,0.0,1.0,0.0,0.0,mccrone,776
51000,2014-12-18,True,True,HA,1158,A,0.99472031498179,0.00527968501821,0.0,0.0,mccrone,1284
51000,2014-12-18,True,True,HA,1466,C,1.0,0.0,0.0,0.0,mccrone,1592
51000,2014-12-18,True,True,HA,1526,T,0.0414573346808,0.0,0.0,0.9585426653192,mccrone,1652
51000,2014-12-18,True,True,MP,349,A,0.0,0.0,1.0,0.0,mccrone,349
51000,2014-12-18,True,True,MP,427,A,0.0,0.0,1.0,0.0,mccrone,427
51000,2014-12-18,True,True,MP,549,G,0.998066479001,0.0,0.0019335209990000157,0.0,mccrone,549
51000,2014-12-18,True,True,MP,694,C,0.0,0.001659018708000004,0.0,0.998340981292,mccrone,694
51000,2014-12-18,True,True,NA,103,T,0.0,1.0,0.0,0.0,mccrone,105
51000,2014-12-18,True,True,NA,211,A,0.0,0.0,1.0,0.0,mccrone,226
51000,2014-12-18,True,True,NA,223,A,0.0,0.0,1.0,0.0,mccrone,238
51000,2014-12-18,True,True,NA,226,T,0.0,1.0,0.0,0.0,mccrone,241
51000,2014-12-18,True,True,NA,475,G,0.99823502418,0.0,0.0017649758200000143,0.0,mccrone,492
51000,2014-12-18,True,True,NA,491,C,0.0,0.0010068745229999676,0.0,0.998993125477,mccrone,508
51000,2014-12-18,True,True,NA,710,A,0.0,0.0,1.0,0.0,mccrone,737
51000,2014-12-18,True,True,NA,753,G,0.998703100495,0.0,0.0012968995050000043,0.0,mccrone,780
51000,2014-12-18,True,True,NA,819,C,1.0,0.0,0.0,0.0,mccrone,846
51000,2014-12-18,True,True,NA,862,T,0.0,1.0,0.0,0.0,mccrone,889
51000,2014-12-18,True,True,NA,907,G,0.997807223632,0.0,0.0021927763679999712,0.0,mccrone,934
51000,2014-12-18,True,True,NA,959,T,0.0,0.0397616975701,0.0,0.9602383024299,mccrone,986
51000,2014-12-18,True,True,NA,1108,A,0.0,0.0,1.0,0.0,mccrone,1135
51000,2014-12-18,True,True,NA,1126,G,0.997174281615,0.0,0.002825718385000009,0.0,mccrone,1153
51000,2014-12-18,True,True,NA,1157,A,0.0,0.0,1.0,0.0,mccrone,1184
51000,2014-12-18,True,True,NA,1194,C,0.0,0.0,0.0,1.0,mccrone,1221
51000,2014-12-18,True,True,NP,207,G,0.996687054027,0.0,0.0033129459730000255,0.0,mccrone,207
51000,2014-12-18,True,True,NP,297,C,0.0,0.0,0.0,1.0,mccrone,297
51000,2014-12-18,True,True,NP,347,G,0.998594079513,0.0,0.0014059204869999453,0.0,mccrone,347
51000,2014-12-18,True,True,NP,606,G,0.998152340802,0.0,0.0018476591980000068,0.0,mccrone,606
51000,2014-12-18,True,True,NP,885,G,0.999172662772,0.0,0.0008273372279999913,0.0,mccrone,885
51000,2014-12-18,True,True,NP,909,G,0.0,0.0,0.0,1.0,mccrone,909
51000,2014-12-18,True,True,NP,918,C,0.0,0.0,0.0,1.0,mccrone,918
51000,2014-12-18,True,True,NP,1002,C,0.0,0.0,0.0,1.0,mccrone,1002
51000,2014-12-18,True,True,NP,1092,A,0.0,0.0,1.0,0.0,mccrone,1092
51000,2014-12-18,True,True,NP,1186,T,0.0,1.0,0.0,0.0,mccrone,1186
51000,2014-12-18,True,True,NP,1188,A,0.0,0.0,1.0,0.0,mccrone,1188
51000,2014-12-18,True,True,NP,1224,G,0.997200839748,0.0,0.002799160251999999,0.0,mccrone,1224
51000,2014-12-18,True,True,NP,1407,C,1.0,0.0,0.0,0.0,mccrone,1407
51000,2014-12-18,True,True,NS,125,T,0.0,1.0,0.0,0.0,mccrone,125
51000,2014-12-18,True,True,NS,140,A,0.0,0.0,1.0,0.0,mccrone,140
51000,2014-12-18,True,True,NS,173,T,1.0,0.0,0.0,0.0,mccrone,173
51000,2014-12-18,True,True,NS,180,T,0.0,1.0,0.0,0.0,mccrone,180
51000,2014-12-18,True,True,NS,246,A,0.0,0.0,1.0,0.0,mccrone,246
51000,2014-12-18,True,True,NS,299,C,0.0,0.001418439715999975,0.0,0.998581560284,mccrone,299
51000,2014-12-18,True,True,NS,570,G,1.0,0.0,0.0,0.0,mccrone,570
51000,2014-12-18,True,True,NS,744,A,0.0,0.0,1.0,0.0,mccrone,744
51000,2014-12-18,True,True,NS,813,G,1.0,0.0,0.0,0.0,mccrone,813
51000,2014-12-18,True,True,NS,843,C,0.0,0.0,0.0,1.0,mccrone,843
51000,2014-12-18,True,True,PA,153,C,0.0,0.0,1.0,0.0,mccrone,177
51000,2014-12-18,True,True,PA,282,A,0.0,1.0,0.0,0.0,mccrone,306
51000,2014-12-18,True,True,PA,501,T,0.0,1.0,0.0,0.0,mccrone,525
51000,2014-12-18,True,True,PA,694,T,0.997726101325,0.0,0.0,0.0022738986750000523,mccrone,718
51000,2014-12-18,True,True,PA,836,A,0.0,0.0,1.0,0.0,mccrone,860
51000,2014-12-18,True,True,PA,858,G,1.0,0.0,0.0,0.0,mccrone,882
51000,2014-12-18,True,True,PA,1001,G,1.0,0.0,0.0,0.0,mccrone,1025
51000,2014-12-18,True,True,PA,1137,G,1.0,0.0,0.0,0.0,mccrone,1161
51000,2014-12-18,True,True,PA,1552,T,0.0,1.0,0.0,0.0,mccrone,1576
51000,2014-12-18,True,True,PA,1557,G,0.998448244386,0.0,0.0015517556140000055,0.0,mccrone,1581
51000,2014-12-18,True,True,PA,1578,T,0.0,0.99916481069,0.0,0.0008351893100000396,mccrone,1602
51000,2014-12-18,True,True,PA,1605,A,0.0023396556029999793,0.0,0.997660344397,0.0,mccrone,1629
51000,2014-12-18,True,True,PA,1608,C,0.0,0.0,0.0,1.0,mccrone,1632
51000,2014-12-18,True,True,PA,2001,G,1.0,0.0,0.0,0.0,mccrone,2025
51000,2014-12-18,True,True,PA,2049,T,0.0,1.0,0.0,0.0,mccrone,2073
51000,2014-12-18,True,True,PB1,364,A,0.0016206517339999449,0.0,0.998379348266,0.0,mccrone,372
51000,2014-12-18,True,True,PB1,424,T,0.0,1.0,0.0,0.0,mccrone,432
51000,2014-12-18,True,True,PB1,470,A,0.0,0.0,0.0,1.0,mccrone,478
51000,2014-12-18,True,True,PB1,502,A,0.0007171029039999555,0.0,0.999282897096,0.0,mccrone,510
51000,2014-12-18,True,True,PB1,513,A,0.0,0.0,0.0,1.0,mccrone,521
51000,2014-12-18,True,True,PB1,589,G,1.0,0.0,0.0,0.0,mccrone,597
51000,2014-12-18,True,True,PB1,643,G,0.99843075716,0.0,0.0015692428400000402,0.0,mccrone,651
51000,2014-12-18,True,True,PB1,650,G,0.998177022729,0.0,0.0018229772710000036,0.0,mccrone,658
51000,2014-12-18,True,True,PB1,655,C,0.0,0.0,0.0,1.0,mccrone,663
51000,2014-12-18,True,True,PB1,892,C,0.0,0.0,0.0,1.0,mccrone,900
51000,2014-12-18,True,True,PB1,913,C,0.0,0.0017016898180000073,0.0,0.998298310182,mccrone,921
51000,2014-12-18,True,True,PB1,928,G,0.997822844011,0.0,0.0021771559890000347,0.0,mccrone,936
51000,2014-12-18,True,True,PB1,1003,G,1.0,0.0,0.0,0.0,mccrone,1011
51000,2014-12-18,True,True,PB1,1159,T,0.0,1.0,0.0,0.0,mccrone,1167
51000,2014-12-18,True,True,PB1,1376,C,0.0,0.0015776233319999555,0.0,0.998422376668,mccrone,1384
51000,2014-12-18,True,True,PB1,1570,T,0.0,1.0,0.0,0.0,mccrone,1578
51000,2014-12-18,True,True,PB1,1624,C,0.0,0.0,0.0,1.0,mccrone,1632
51000,2014-12-18,True,True,PB1,1690,A,0.0014565733069999975,0.0,0.998543426693,0.0,mccrone,1698
51000,2014-12-18,True,True,PB1,2074,G,0.997427652733,0.0,0.0025723472669999525,0.0,mccrone,2082
51000,2014-12-18,True,True,PB2,57,G,1.0,0.0,0.0,0.0,mccrone,57
51000,2014-12-18,True,True,PB2,214,G,0.998132678133,0.0,0.0018673218670000047,0.0,mccrone,214
51000,2014-12-18,True,True,PB2,264,C,0.0,0.0,0.0,1.0,mccrone,264
51000,2014-12-18,True,True,PB2,352,G,0.998231392778,0.0,0.001768607222000007,0.0,mccrone,352
51000,2014-12-18,True,True,PB2,501,G,0.997671372435,0.0,0.0023286275649999633,0.0,mccrone,501
51000,2014-12-18,True,True,PB2,573,A,0.0,0.0,1.0,0.0,mccrone,573
51000,2014-12-18,True,True,PB2,843,A,0.0,0.0,1.0,0.0,mccrone,843
51000,2014-12-18,True,True,PB2,856,T,0.0,1.0,0.0,0.0,mccrone,856
51000,2014-12-18,True,True,PB2,1059,G,0.0,0.0,0.0,1.0,mccrone,1059
51000,2014-12-18,True,True,PB2,1203,G,0.0,0.0,0.0013882163030000116,0.998611783697,mccrone,1203
51000,2014-12-18,True,True,PB2,1413,A,0.0024081878389999867,0.0,0.997591812161,0.0,mccrone,1413
51000,2014-12-18,True,True,PB2,1581,T,0.0,1.0,0.0,0.0,mccrone,1581
51000,2014-12-18,True,True,PB2,1602,G,1.0,0.0,0.0,0.0,mccrone,1602
51000,2014-12-18,True,True,PB2,1659,A,0.0,0.0,1.0,0.0,mccrone,1659
51000,2014-12-18,True,True,PB2,1662,C,0.0,0.001111329019000018,0.0,0.998888670981,mccrone,1662
51000,2014-12-18,True,True,PB2,1707,T,0.0,1.0,0.0,0.0,mccrone,1707
51000,2014-12-18,True,True,PB2,1790,T,0.0,1.0,0.0,0.0,mccrone,1790
51000,2014-12-18,True,True,PB2,1869,G,1.0,0.0,0.0,0.0,mccrone,1869
51000,2014-12-18,True,True,PB2,1885,T,0.0,1.0,0.0,0.0,mccrone,1885
51000,2014-12-18,True,True,PB2,1935,G,0.0,0.0,0.0,1.0,mccrone,1935
51000,2014-12-18,True,True,PB2,2145,T,1.0,0.0,0.0,0.0,mccrone,2150
51000,2014-12-18,True,True,PB2,2184,A,0.0,0.0,1.0,0.0,mccrone,2189
51046,2014-12-09,False,True,HA,167,G,1.0,0.0,0.0,0.0,mccrone,221
51046,2014-12-09,False,True,HA,364,G,1.0,0.0,0.0,0.0,mccrone,425
51046,2014-12-09,False,True,HA,556,A,0.0,1.0,0.0,0.0,mccrone,647
51046,2014-12-09,False,True,HA,658,C,0.0,0.0009328358210000109,0.0,0.999067164179,mccrone,749
51046,2014-12-09,False,True,HA,685,T,0.0,1.0,0.0,0.0,mccrone,776
51046,2014-12-09,False,True,HA,1466,C,1.0,0.0,0.0,0.0,mccrone,1592
51046,2014-12-09,False,True,MP,349,A,0.0,0.0,1.0,0.0,mccrone,349
51046,2014-12-09,False,True,MP,427,A,0.0,0.0,1.0,0.0,mccrone,427
51046,2014-12-09,False,True,MP,549,G,1.0,0.0,0.0,0.0,mccrone,549
51046,2014-12-09,False,True,MP,685,G,0.998391280081,0.0,0.0016087199190000234,0.0,mccrone,685
51046,2014-12-09,False,True,MP,694,C,0.0,0.0013014750049999968,0.0,0.998698524995,mccrone,694
51046,2014-12-09,False,True,MP,815,G,0.998064945274,0.0,0.001935054725999974,0.0,mccrone,815
51046,2014-12-09,False,True,NA,103,T,0.0,1.0,0.0,0.0,mccrone,105
51046,2014-12-09,False,True,NA,211,A,0.0,0.0,1.0,0.0,mccrone,226
51046,2014-12-09,False,True,NA,223,A,0.0,0.0,1.0,0.0,mccrone,238
51046,2014-12-09,False,True,NA,226,T,0.0,1.0,0.0,0.0,mccrone,241
51046,2014-12-09,False,True,NA,475,G,0.99641266212,0.0,0.0035873378799999855,0.0,mccrone,492
51046,2014-12-09,False,True,NA,491,C,0.0,0.0,0.0,1.0,mccrone,508
51046,2014-12-09,False,True,NA,710,A,0.0,0.0,1.0,0.0,mccrone,737
51046,2014-12-09,False,True,NA,753,G,0.999328385775,0.0,0.0006716142249999502,0.0,mccrone,780
51046,2014-12-09,False,True,NA,819,C,1.0,0.0,0.0,0.0,mccrone,846
51046,2014-12-09,False,True,NA,862,T,0.0,0.998518263267,0.0,0.0014817367330000053,mccrone,889
51046,2014-12-09,False,True,NA,907,G,0.997881736258,0.0,0.0021182637419999706,0.0,mccrone,934
51046,2014-12-09,False,True,NA,1108,A,0.0,0.0,1.0,0.0,mccrone,1135
51046,2014-12-09,False,True,NA,1126,G,1.0,0.0,0.0,0.0,mccrone,1153
51046,2014-12-09,False,True,NA,1157,A,0.0,0.0,1.0,0.0,mccrone,1184
51046,2014-12-09,False,True,NA,1194,C,0.0,0.0,0.0,1.0,mccrone,1221
51046,2014-12-09,False,True,NP,207,G,0.998305591548,0.0,0.0016944084519999736,0.0,mccrone,207
51046,2014-12-09,False,True,NP,297,C,0.0,0.0014014661490000524,0.0,0.998598533851,mccrone,297
51046,2014-12-09,False,True,NP,347,G,0.998699668191,0.0,0.0013003318090000215,0.0,mccrone,347
51046,2014-12-09,False,True,NP,606,G,0.998524484338,0.0,0.0014755156619999932,0.0,mccrone,606
51046,2014-12-09,False,True,NP,885,G,0.999004069089,0.0,0.0009959309110000314,0.0,mccrone,885
51046,2014-12-09,False,True,NP,909,G,0.0,0.0,0.0,1.0,mccrone,909
51046,2014-12-09,False,True,NP,918,C,0.0,0.0009632505329999486,0.0,0.999036749467,mccrone,918
51046,2014-12-09,False,True,NP,942,G,0.208095813744,0.0,0.791904186256,0.0,mccrone,942
51046,2014-12-09,False,True,NP,1002,C,0.0,0.0,0.0,1.0,mccrone,1002
51046,2014-12-09,False,True,NP,1092,A,0.0026406126219999937,0.0,0.997359387378,0.0,mccrone,1092
51046,2014-12-09,False,True,NP,1186,T,0.0,1.0,0.0,0.0,mccrone,1186
51046,2014-12-09,False,True,NP,1188,A,0.0,0.0,1.0,0.0,mccrone,1188
51046,2014-12-09,False,True,NP,1224,G,0.997655074772,0.0,0.0023449252280000055,0.0,mccrone,1224
51046,2014-12-09,False,True,NP,1407,C,1.0,0.0,0.0,0.0,mccrone,1407
51046,2014-12-09,False,True,NS,125,T,0.0,1.0,0.0,0.0,mccrone,125
51046,2014-12-09,False,True,NS,140,A,0.0,0.0,1.0,0.0,mccrone,140
51046,2014-12-09,False,True,NS,173,T,1.0,0.0,0.0,0.0,mccrone,173
51046,2014-12-09,False,True,NS,180,T,0.0,0.997686256363,0.0,0.0023137436369999875,mccrone,180
51046,2014-12-09,False,True,NS,246,A,0.0,0.0,1.0,0.0,mccrone,246
51046,2014-12-09,False,True,NS,299,C,0.0,0.0018876404490000276,0.0,0.998112359551,mccrone,299
51046,2014-12-09,False,True,NS,570,G,0.999310344828,0.0,0.0006896551720000366,0.0,mccrone,570
51046,2014-12-09,False,True,NS,744,A,0.0,0.0,1.0,0.0,mccrone,744
51046,2014-12-09,False,True,NS,813,G,1.0,0.0,0.0,0.0,mccrone,813
51046,2014-12-09,False,True,NS,843,C,0.0,0.0,0.0,1.0,mccrone,843
51046,2014-12-09,False,True,PA,153,C,0.0,0.0,1.0,0.0,mccrone,177
51046,2014-12-09,False,True,PA,282,A,0.0,1.0,0.0,0.0,mccrone,306
51046,2014-12-09,False,True,PA,501,T,0.0,1.0,0.0,0.0,mccrone,525
51046,2014-12-09,False,True,PA,836,A,0.0,0.0,1.0,0.0,mccrone,860
51046,2014-12-09,False,True,PA,858,G,0.999256057815,0.0,0.0007439421849999572,0.0,mccrone,882
51046,2014-12-09,False,True,PA,1001,G,0.999013737231,0.0,0.0009862627690000458,0.0,mccrone,1025
51046,2014-12-09,False,True,PA,1137,G,1.0,0.0,0.0,0.0,mccrone,1161
51046,2014-12-09,False,True,PA,1552,T,0.0,1.0,0.0,0.0,mccrone,1576
51046,2014-12-09,False,True,PA,1578,T,0.0,1.0,0.0,0.0,mccrone,1602
51046,2014-12-09,False,True,PA,1605,A,0.0,0.0,1.0,0.0,mccrone,1629
51046,2014-12-09,False,True,PA,1608,C,0.0,0.0,0.0,1.0,mccrone,1632
51046,2014-12-09,False,True,PA,1755,A,0.988666459403,0.0,0.011333540597,0.0,mccrone,1779
51046,2014-12-09,False,True,PA,2001,G,0.999401436552,0.0,0.0005985634480000224,0.0,mccrone,2025
51046,2014-12-09,False,True,PA,2049,T,0.0,1.0,0.0,0.0,mccrone,2073
51046,2014-12-09,False,True,PB1,364,A,0.0,0.0,1.0,0.0,mccrone,372
51046,2014-12-09,False,True,PB1,424,T,0.0,1.0,0.0,0.0,mccrone,432
51046,2014-12-09,False,True,PB1,470,A,0.0,0.0,0.0,1.0,mccrone,478
51046,2014-12-09,False,True,PB1,502,A,0.0,0.0,1.0,0.0,mccrone,510
51046,2014-12-09,False,True,PB1,513,A,0.0,0.0,0.0,1.0,mccrone,521
51046,2014-12-09,False,True,PB1,589,G,0.999366372482,0.0,0.0006336275180000017,0.0,mccrone,597
51046,2014-12-09,False,True,PB1,643,G,0.998539952217,0.0,0.001460047783000018,0.0,mccrone,651
51046,2014-12-09,False,True,PB1,650,G,1.0,0.0,0.0,0.0,mccrone,658
51046,2014-12-09,False,True,PB1,655,C,0.0,0.0,0.0,1.0,mccrone,663
51046,2014-12-09,False,True,PB1,892,C,0.0,0.0,0.0,1.0,mccrone,900
51046,2014-12-09,False,True,PB1,913,C,0.0,0.0007737941709999863,0.0,0.999226205829,mccrone,921
51046,2014-12-09,False,True,PB1,1003,G,0.998991183824,0.0,0.0010088161760000158,0.0,mccrone,1011
51046,2014-12-09,False,True,PB1,1159,T,0.0,1.0,0.0,0.0,mccrone,1167
51046,2014-12-09,False,True,PB1,1570,T,0.0,1.0,0.0,0.0,mccrone,1578
51046,2014-12-09,False,True,PB1,1624,C,0.0,0.0,0.0,1.0,mccrone,1632
51046,2014-12-09,False,True,PB1,1690,A,0.0,0.0,1.0,0.0,mccrone,1698
51046,2014-12-09,False,True,PB1,2074,G,0.997751271021,0.0,0.00224872897899997,0.0,mccrone,2082
51046,2014-12-09,False,True,PB2,57,G,1.0,0.0,0.0,0.0,mccrone,57
51046,2014-12-09,False,True,PB2,214,G,0.998013464298,0.0,0.001986535702000025,0.0,mccrone,214
51046,2014-12-09,False,True,PB2,264,C,0.0,0.0,0.0,1.0,mccrone,264
51046,2014-12-09,False,True,PB2,352,G,0.998244382022,0.0,0.001755617977999946,0.0,mccrone,352
51046,2014-12-09,False,True,PB2,501,G,0.997442225712,0.0,0.00255777428799997,0.0,mccrone,501
51046,2014-12-09,False,True,PB2,573,A,0.0,0.0,1.0,0.0,mccrone,573
51046,2014-12-09,False,True,PB2,843,A,0.0,0.0,1.0,0.0,mccrone,843
51046,2014-12-09,False,True,PB2,856,T,0.0,1.0,0.0,0.0,mccrone,856
51046,2014-12-09,False,True,PB2,1059,G,0.0,0.0,0.0,1.0,mccrone,1059
51046,2014-12-09,False,True,PB2,1413,A,0.00122269318599999,0.0,0.998777306814,0.0,mccrone,1413
51046,2014-12-09,False,True,PB2,1581,T,0.0,1.0,0.0,0.0,mccrone,1581
51046,2014-12-09,False,True,PB2,1602,G,1.0,0.0,0.0,0.0,mccrone,1602
51046,2014-12-09,False,True,PB2,1659,A,0.0,0.0,1.0,0.0,mccrone,1659
51046,2014-12-09,False,True,PB2,1662,C,0.0,0.0,0.0,1.0,mccrone,1662
51046,2014-12-09,False,True,PB2,1707,T,0.0,1.0,0.0,0.0,mccrone,1707
51046,2014-12-09,False,True,PB2,1790,T,0.0,1.0,0.0,0.0,mccrone,1790
51046,2014-12-09,False,True,PB2,1869,G,0.999282811379,0.0,0.0007171886210000089,0.0,mccrone,1869
51046,2014-12-09,False,True,PB2,1885,T,0.0,1.0,0.0,0.0,mccrone,1885
51046,2014-12-09,False,True,PB2,2145,T,1.0,0.0,0.0,0.0,mccrone,2150
51046,2014-12-09,False,True,PB2,2184,A,0.0,0.0,1.0,0.0,mccrone,2189
51046,2014-12-10,True,True,HA,167,G,1.0,0.0,0.0,0.0,mccrone,221
51046,2014-12-10,True,True,HA,364,G,0.999375780275,0.0,0.0006242197250000414,0.0,mccrone,425
51046,2014-12-10,True,True,HA,556,A,0.0,1.0,0.0,0.0,mccrone,647
51046,2014-12-10,True,True,HA,658,C,0.0,0.001088020890000041,0.0,0.99891197911,mccrone,749
51046,2014-12-10,True,True,HA,685,T,0.0,0.999300059226,0.0,0.0006999407740000407,mccrone,776
51046,2014-12-10,True,True,HA,1466,C,1.0,0.0,0.0,0.0,mccrone,1592
51046,2014-12-10,True,True,MP,349,A,0.0,0.0,1.0,0.0,mccrone,349
51046,2014-12-10,True,True,MP,427,A,0.0,0.0,1.0,0.0,mccrone,427
51046,2014-12-10,True,True,MP,549,G,0.998972047602,0.0,0.0010279523980000205,0.0,mccrone,549
51046,2014-12-10,True,True,MP,685,G,0.998022762346,0.0,0.0019772376540000414,0.0,mccrone,685
51046,2014-12-10,True,True,MP,694,C,0.0,0.0,0.0,1.0,mccrone,694
51046,2014-12-10,True,True,MP,815,G,0.996650766264,0.0,0.0033492337360000457,0.0,mccrone,815
51046,2014-12-10,True,True,NA,103,T,0.0,1.0,0.0,0.0,mccrone,105
51046,2014-12-10,True,True,NA,211,A,0.0,0.0,1.0,0.0,mccrone,226
51046,2014-12-10,True,True,NA,223,A,0.0008390434899999688,0.0,0.99916095651,0.0,mccrone,238
51046,2014-12-10,True,True,NA,226,T,0.0,0.99796001632,0.0,0.0020399836800000237,mccrone,241
51046,2014-12-10,True,True,NA,475,G,0.99774032002,0.0,0.0022596799799999845,0.0,mccrone,492
51046,2014-12-10,True,True,NA,491,C,0.0,0.0008953620249999572,0.0,0.999104637975,mccrone,508
51046,2014-12-10,True,True,NA,710,A,0.0007075600070000077,0.0,0.999292439993,0.0,mccrone,737
51046,2014-12-10,True,True,NA,753,G,0.998486486486,0.0,0.0015135135139999756,0.0,mccrone,780
51046,2014-12-10,True,True,NA,819,C,1.0,0.0,0.0,0.0,mccrone,846
51046,2014-12-10,True,True,NA,862,T,0.0,1.0,0.0,0.0,mccrone,889
51046,2014-12-10,True,True,NA,907,G,0.998195047662,0.0,0.0018049523380000432,0.0,mccrone,934
51046,2014-12-10,True,True,NA,1108,A,0.0,0.0,1.0,0.0,mccrone,1135
51046,2014-12-10,True,True,NA,1126,G,0.997373300371,0.0,0.0026266996289999733,0.0,mccrone,1153
51046,2014-12-10,True,True,NA,1157,A,0.0,0.0,1.0,0.0,mccrone,1184
51046,2014-12-10,True,True,NA,1194,C,0.0,0.0,0.0,1.0,mccrone,1221
51046,2014-12-10,True,True,NP,207,G,1.0,0.0,0.0,0.0,mccrone,207
51046,2014-12-10,True,True,NP,297,C,0.0,0.001977984176000036,0.0,0.998022015824,mccrone,297
51046,2014-12-10,True,True,NP,347,G,0.999291935141,0.0,0.0007080648589999905,0.0,mccrone,347
51046,2014-12-10,True,True,NP,606,G,0.997665756146,0.0,0.002334243854000051,0.0,mccrone,606
51046,2014-12-10,True,True,NP,885,G,1.0,0.0,0.0,0.0,mccrone,885
51046,2014-12-10,True,True,NP,909,G,0.0,0.0,0.0,1.0,mccrone,909
51046,2014-12-10,True,True,NP,918,C,0.0,0.0,0.0,1.0,mccrone,918
51046,2014-12-10,True,True,NP,942,G,0.0977810655399,0.0,0.9022189344601,0.0,mccrone,942
51046,2014-12-10,True,True,NP,1002,C,0.0,0.00035904800999997377,0.0,0.99964095199,mccrone,1002
51046,2014-12-10,True,True,NP,1092,A,0.0005602554760000267,0.0,0.999439744524,0.0,mccrone,1092
51046,2014-12-10,True,True,NP,1186,T,0.0,0.999282639885,0.0,0.0007173601150000097,mccrone,1186
51046,2014-12-10,True,True,NP,1188,A,0.0009148532970000289,0.0,0.999085146703,0.0,mccrone,1188
51046,2014-12-10,True,True,NP,1224,G,0.997645154169,0.0,0.0023548458309999853,0.0,mccrone,1224
51046,2014-12-10,True,True,NP,1407,C,1.0,0.0,0.0,0.0,mccrone,1407
51046,2014-12-10,True,True,NS,125,T,0.0,1.0,0.0,0.0,mccrone,125
51046,2014-12-10,True,True,NS,140,A,0.0,0.0,1.0,0.0,mccrone,140
51046,2014-12-10,True,True,NS,173,T,1.0,0.0,0.0,0.0,mccrone,173
51046,2014-12-10,True,True,NS,180,T,0.0,1.0,0.0,0.0,mccrone,180
51046,2014-12-10,True,True,NS,246,A,0.0,0.0,1.0,0.0,mccrone,246
51046,2014-12-10,True,True,NS,299,C,0.0,0.0,0.0,1.0,mccrone,299
51046,2014-12-10,True,True,NS,570,G,1.0,0.0,0.0,0.0,mccrone,570
51046,2014-12-10,True,True,NS,744,A,0.0,0.0,1.0,0.0,mccrone,744
51046,2014-12-10,True,True,NS,813,G,1.0,0.0,0.0,0.0,mccrone,813
51046,2014-12-10,True,True,NS,843,C,0.0,0.0,0.0,1.0,mccrone,843
51046,2014-12-10,True,True,PA,153,C,0.0,0.0,1.0,0.0,mccrone,177
51046,2014-12-10,True,True,PA,282,A,0.0,1.0,0.0,0.0,mccrone,306
51046,2014-12-10,True,True,PA,501,T,0.0,1.0,0.0,0.0,mccrone,525
51046,2014-12-10,True,True,PA,836,A,0.0,0.0,1.0,0.0,mccrone,860
51046,2014-12-10,True,True,PA,858,G,0.998793403942,0.0,0.001206596057999998,0.0,mccrone,882
51046,2014-12-10,True,True,PA,1001,G,0.998857833916,0.0,0.0011421660839999737,0.0,mccrone,1025
51046,2014-12-10,True,True,PA,1137,G,0.999051893054,0.0,0.0009481069460000047,0.0,mccrone,1161
51046,2014-12-10,True,True,PA,1552,T,0.0,0.999566402379,0.0,0.00043359762100003696,mccrone,1576
51046,2014-12-10,True,True,PA,1578,T,0.0,0.999506111866,0.0,0.0004938881339999757,mccrone,1602
51046,2014-12-10,True,True,PA,1605,A,0.0029756369719999842,0.0,0.997024363028,0.0,mccrone,1629
51046,2014-12-10,True,True,PA,1608,C,0.0,0.00037893141300004984,0.0,0.999621068587,mccrone,1632
51046,2014-12-10,True,True,PA,2001,G,1.0,0.0,0.0,0.0,mccrone,2025
51046,2014-12-10,True,True,PA,2049,T,0.0,1.0,0.0,0.0,mccrone,2073
51046,2014-12-10,True,True,PB1,364,A,0.0,0.0,1.0,0.0,mccrone,372
51046,2014-12-10,True,True,PB1,424,T,0.0,1.0,0.0,0.0,mccrone,432
51046,2014-12-10,True,True,PB1,470,A,0.0,0.0,0.0,1.0,mccrone,478
51046,2014-12-10,True,True,PB1,502,A,0.0,0.0,1.0,0.0,mccrone,510
51046,2014-12-10,True,True,PB1,513,A,0.0,0.0,0.0,1.0,mccrone,521
51046,2014-12-10,True,True,PB1,589,G,0.999071423044,0.0,0.0009285769560000157,0.0,mccrone,597
51046,2014-12-10,True,True,PB1,643,G,0.997955308894,0.0,0.0020446911060000295,0.0,mccrone,651
51046,2014-12-10,True,True,PB1,650,G,0.998633585041,0.0,0.0013664149590000285,0.0,mccrone,658
51046,2014-12-10,True,True,PB1,655,C,0.0,0.0,0.0,1.0,mccrone,663
51046,2014-12-10,True,True,PB1,892,C,0.0,0.0,0.0,1.0,mccrone,900
51046,2014-12-10,True,True,PB1,913,C,0.0,0.000990901721000026,0.0,0.999009098279,mccrone,921
51046,2014-12-10,True,True,PB1,1003,G,1.0,0.0,0.0,0.0,mccrone,1011
51046,2014-12-10,True,True,PB1,1159,T,0.0,1.0,0.0,0.0,mccrone,1167
51046,2014-12-10,True,True,PB1,1570,T,0.0,0.999279149396,0.0,0.0007208506039999563,mccrone,1578
51046,2014-12-10,True,True,PB1,1624,C,0.0,0.0,0.0,1.0,mccrone,1632
51046,2014-12-10,True,True,PB1,1690,A,0.0013306129689999446,0.0,0.998669387031,0.0,mccrone,1698
51046,2014-12-10,True,True,PB1,2074,G,1.0,0.0,0.0,0.0,mccrone,2082
51046,2014-12-10,True,True,PB2,57,G,1.0,0.0,0.0,0.0,mccrone,57
51046,2014-12-10,True,True,PB2,214,G,0.997978684307,0.0,0.0020213156930000142,0.0,mccrone,214
51046,2014-12-10,True,True,PB2,264,C,0.0,0.0007903055850000396,0.0,0.999209694415,mccrone,264
51046,2014-12-10,True,True,PB2,352,G,0.997076023392,0.0,0.002923976608000034,0.0,mccrone,352
51046,2014-12-10,True,True,PB2,501,G,0.998289066319,0.0,0.0017109336809999487,0.0,mccrone,501
51046,2014-12-10,True,True,PB2,573,A,0.0,0.0,1.0,0.0,mccrone,573
51046,2014-12-10,True,True,PB2,843,A,0.0,0.0,1.0,0.0,mccrone,843
51046,2014-12-10,True,True,PB2,856,T,0.0,1.0,0.0,0.0,mccrone,856
51046,2014-12-10,True,True,PB2,1059,G,0.0,0.0,0.0,1.0,mccrone,1059
51046,2014-12-10,True,True,PB2,1413,A,0.0,0.0,1.0,0.0,mccrone,1413
51046,2014-12-10,True,True,PB2,1581,T,0.0,1.0,0.0,0.0,mccrone,1581
51046,2014-12-10,True,True,PB2,1602,G,1.0,0.0,0.0,0.0,mccrone,1602
51046,2014-12-10,True,True,PB2,1659,A,0.0,0.0,1.0,0.0,mccrone,1659
51046,2014-12-10,True,True,PB2,1662,C,0.0,0.0,0.0,1.0,mccrone,1662
51046,2014-12-10,True,True,PB2,1707,T,0.0,0.999294836637,0.0,0.0007051633629999721,mccrone,1707
51046,2014-12-10,True,True,PB2,1790,T,0.0,1.0,0.0,0.0,mccrone,1790
51046,2014-12-10,True,True,PB2,1869,G,1.0,0.0,0.0,0.0,mccrone,1869
51046,2014-12-10,True,True,PB2,1885,T,0.0,1.0,0.0,0.0,mccrone,1885
51046,2014-12-10,True,True,PB2,2145,T,1.0,0.0,0.0,0.0,mccrone,2150
51046,2014-12-10,True,True,PB2,2184,A,0.0,0.0,1.0,0.0,mccrone,2189
51055,2014-12-15,False,False,HA,167,G,1.0,0.0,0.0,0.0,mccrone,221
51055,2014-12-15,False,False,HA,242,T,0.0,0.996704594914,0.0,0.003295405086000014,mccrone,303
51055,2014-12-15,False,False,HA,323,G,1.0,0.0,0.0,0.0,mccrone,384
51055,2014-12-15,False,False,HA,364,G,0.998927537268,0.0,0.0010724627320000124,0.0,mccrone,425
51055,2014-12-15,False,False,HA,556,A,0.0010363307970000513,0.998963669203,0.0,0.0,mccrone,647
51055,2014-12-15,False,False,HA,658,C,0.0,0.0013211177809999697,0.0,0.998678882219,mccrone,749
51055,2014-12-15,False,False,HA,685,T,0.0,1.0,0.0,0.0,mccrone,776
51055,2014-12-15,False,False,HA,1466,C,1.0,0.0,0.0,0.0,mccrone,1592
51055,2014-12-15,False,False,MP,68,G,1.0,0.0,0.0,0.0,mccrone,68
51055,2014-12-15,False,False,MP,349,A,0.0,0.0,1.0,0.0,mccrone,349
51055,2014-12-15,False,False,MP,427,A,0.0,0.0,1.0,0.0,mccrone,427
51055,2014-12-15,False,False,MP,514,G,0.997948228558,0.0,0.002051771441999972,0.0,mccrone,514
51055,2014-12-15,False,False,MP,549,G,1.0,0.0,0.0,0.0,mccrone,549
51055,2014-12-15,False,False,MP,559,A,0.0018805364480000142,0.0,0.998119463552,0.0,mccrone,559
51055,2014-12-15,False,False,MP,694,C,0.0,0.0,0.0,1.0,mccrone,694
51055,2014-12-15,False,False,MP,887,C,1.0,0.0,0.0,0.0,mccrone,887
51055,2014-12-15,False,False,NA,103,T,0.0,1.0,0.0,0.0,mccrone,105
51055,2014-12-15,False,False,NA,211,A,0.0,0.0,1.0,0.0,mccrone,226
51055,2014-12-15,False,False,NA,223,A,0.0,0.0,1.0,0.0,mccrone,238
51055,2014-12-15,False,False,NA,226,T,0.0,1.0,0.0,0.0,mccrone,241
51055,2014-12-15,False,False,NA,349,T,0.997532147032,0.0,0.0,0.002467852968000006,mccrone,366
51055,2014-12-15,False,False,NA,475,G,0.997929320817,0.0,0.0020706791829999682,0.0,mccrone,492
51055,2014-12-15,False,False,NA,491,C,0.0,0.0,0.0,1.0,mccrone,508
51055,2014-12-15,False,False,NA,710,A,0.0008769731900000188,0.0,0.99912302681,0.0,mccrone,737
51055,2014-12-15,False,False,NA,753,G,0.999003829032,0.0,0.0009961709679999764,0.0,mccrone,780
51055,2014-12-15,False,False,NA,819,C,1.0,0.0,0.0,0.0,mccrone,846
51055,2014-12-15,False,False,NA,862,T,0.0,0.99877558709,0.0,0.0012244129099999723,mccrone,889
51055,2014-12-15,False,False,NA,907,G,0.998221158511,0.0,0.0017788414889999826,0.0,mccrone,934
51055,2014-12-15,False,False,NA,1108,A,0.0,0.0,1.0,0.0,mccrone,1135
51055,2014-12-15,False,False,NA,1157,A,0.0,0.0,1.0,0.0,mccrone,1184
51055,2014-12-15,False,False,NA,1194,C,0.0,0.0,0.0,1.0,mccrone,1221
51055,2014-12-15,False,False,NP,207,G,0.99755912802,0.0,0.002440871979999981,0.0,mccrone,207
51055,2014-12-15,False,False,NP,347,G,1.0,0.0,0.0,0.0,mccrone,347
51055,2014-12-15,False,False,NP,606,G,0.998794761229,0.0,0.0012052387709999834,0.0,mccrone,606
51055,2014-12-15,False,False,NP,885,G,1.0,0.0,0.0,0.0,mccrone,885
51055,2014-12-15,False,False,NP,909,G,0.0,0.0,0.0,1.0,mccrone,909
51055,2014-12-15,False,False,NP,918,C,0.0,0.0,0.0,1.0,mccrone,918
51055,2014-12-15,False,False,NP,1002,C,0.0,0.0,0.0,1.0,mccrone,1002
51055,2014-12-15,False,False,NP,1092,A,0.0,0.0,1.0,0.0,mccrone,1092
51055,2014-12-15,False,False,NP,1186,T,0.0,1.0,0.0,0.0,mccrone,1186
51055,2014-12-15,False,False,NP,1188,A,0.0,0.0,1.0,0.0,mccrone,1188
51055,2014-12-15,False,False,NP,1224,G,0.997772584532,0.0,0.0022274154679999825,0.0,mccrone,1224
51055,2014-12-15,False,False,NP,1407,C,1.0,0.0,0.0,0.0,mccrone,1407
51055,2014-12-15,False,False,NS,125,T,0.0,1.0,0.0,0.0,mccrone,125
51055,2014-12-15,False,False,NS,140,A,0.0,0.0,1.0,0.0,mccrone,140
51055,2014-12-15,False,False,NS,173,T,1.0,0.0,0.0,0.0,mccrone,173
51055,2014-12-15,False,False,NS,180,T,0.0,1.0,0.0,0.0,mccrone,180
51055,2014-12-15,False,False,NS,246,A,0.0,0.0,1.0,0.0,mccrone,246
51055,2014-12-15,False,False,NS,299,C,0.0,0.0015164501879999515,0.0,0.998483549812,mccrone,299
51055,2014-12-15,False,False,NS,453,A,0.852170507853,0.0,0.147829492147,0.0,mccrone,453
51055,2014-12-15,False,False,NS,570,G,1.0,0.0,0.0,0.0,mccrone,570
51055,2014-12-15,False,False,NS,744,A,0.0,0.0,1.0,0.0,mccrone,744
51055,2014-12-15,False,False,NS,813,G,1.0,0.0,0.0,0.0,mccrone,813
51055,2014-12-15,False,False,NS,843,C,0.0,0.0,0.0,1.0,mccrone,843
51055,2014-12-15,False,False,PA,153,C,0.0,0.0,1.0,0.0,mccrone,177
51055,2014-12-15,False,False,PA,282,A,0.0,1.0,0.0,0.0,mccrone,306
51055,2014-12-15,False,False,PA,501,T,0.0,0.999269673179,0.0,0.0007303268210000491,mccrone,525
51055,2014-12-15,False,False,PA,836,A,0.000871948181000004,0.0,0.999128051819,0.0,mccrone,860
51055,2014-12-15,False,False,PA,858,G,1.0,0.0,0.0,0.0,mccrone,882
51055,2014-12-15,False,False,PA,1001,G,0.998922413793,0.0,0.0010775862070000475,0.0,mccrone,1025
51055,2014-12-15,False,False,PA,1137,G,1.0,0.0,0.0,0.0,mccrone,1161
51055,2014-12-15,False,False,PA,1296,C,0.9984463606,0.0015536393999999731,0.0,0.0,mccrone,1320
51055,2014-12-15,False,False,PA,1552,T,0.0,1.0,0.0,0.0,mccrone,1576
51055,2014-12-15,False,False,PA,1578,T,0.0,1.0,0.0,0.0,mccrone,1602
51055,2014-12-15,False,False,PA,1608,C,0.0,0.0005645616580000068,0.0,0.999435438342,mccrone,1632
51055,2014-12-15,False,False,PA,2001,G,1.0,0.0,0.0,0.0,mccrone,2025
51055,2014-12-15,False,False,PA,2049,T,0.0,1.0,0.0,0.0,mccrone,2073
51055,2014-12-15,False,False,PB1,49,A,0.0,0.0,1.0,0.0,mccrone,57
51055,2014-12-15,False,False,PB1,364,A,0.0,0.0,1.0,0.0,mccrone,372
51055,2014-12-15,False,False,PB1,424,T,0.0,0.999239717175,0.0,0.0007602828249999583,mccrone,432
51055,2014-12-15,False,False,PB1,470,A,0.0,0.0,0.0,1.0,mccrone,478
51055,2014-12-15,False,False,PB1,502,A,0.0,0.0,1.0,0.0,mccrone,510
51055,2014-12-15,False,False,PB1,513,A,0.0,0.0,0.0,1.0,mccrone,521
51055,2014-12-15,False,False,PB1,589,G,0.999273639725,0.0,0.0007263602749999487,0.0,mccrone,597
51055,2014-12-15,False,False,PB1,643,G,0.998275633373,0.0,0.0017243666270000402,0.0,mccrone,651
51055,2014-12-15,False,False,PB1,650,G,0.998426745329,0.0,0.0015732546710000017,0.0,mccrone,658
51055,2014-12-15,False,False,PB1,655,C,0.0,0.0,0.0,1.0,mccrone,663
51055,2014-12-15,False,False,PB1,892,C,0.0,0.0,0.0,1.0,mccrone,900
51055,2014-12-15,False,False,PB1,913,C,0.0,0.0005373816079999871,0.0,0.999462618392,mccrone,921
51055,2014-12-15,False,False,PB1,1003,G,0.999398033576,0.0,0.0006019664240000111,0.0,mccrone,1011
51055,2014-12-15,False,False,PB1,1159,T,0.0,1.0,0.0,0.0,mccrone,1167
51055,2014-12-15,False,False,PB1,1570,T,0.0,0.998780096308,0.0,0.0012199036919999795,mccrone,1578
51055,2014-12-15,False,False,PB1,1624,C,0.0,0.0,0.0,1.0,mccrone,1632
51055,2014-12-15,False,False,PB1,1690,A,0.0009267840590000409,0.0,0.999073215941,0.0,mccrone,1698
51055,2014-12-15,False,False,PB1,2074,G,0.997656346367,0.0,0.0023436536330000424,0.0,mccrone,2082
51055,2014-12-15,False,False,PB1,2217,G,1.0,0.0,0.0,0.0,mccrone,2225
51055,2014-12-15,False,False,PB2,57,G,1.0,0.0,0.0,0.0,mccrone,57
51055,2014-12-15,False,False,PB2,214,G,0.998352327338,0.0,0.0016476726620000548,0.0,mccrone,214
51055,2014-12-15,False,False,PB2,264,C,0.0,0.0,0.0,1.0,mccrone,264
51055,2014-12-15,False,False,PB2,352,G,0.998297002725,0.0,0.0017029972750000066,0.0,mccrone,352
51055,2014-12-15,False,False,PB2,501,G,0.998227807314,0.0,0.0017721926860000403,0.0,mccrone,501
51055,2014-12-15,False,False,PB2,573,A,0.0,0.0,1.0,0.0,mccrone,573
51055,2014-12-15,False,False,PB2,843,A,0.0,0.0,1.0,0.0,mccrone,843
51055,2014-12-15,False,False,PB2,856,T,0.0,0.999271420245,0.0,0.0007285797549999584,mccrone,856
51055,2014-12-15,False,False,PB2,1059,G,0.0,0.0,0.0010973805999999753,0.9989026194,mccrone,1059
51055,2014-12-15,False,False,PB2,1435,A,0.9837970823056,0.0,0.0162029176944,0.0,mccrone,1435
51055,2014-12-15,False,False,PB2,1581,T,0.0,0.99915580152,0.0,0.0008441984799999469,mccrone,1581
51055,2014-12-15,False,False,PB2,1602,G,1.0,0.0,0.0,0.0,mccrone,1602
51055,2014-12-15,False,False,PB2,1659,A,0.0,0.0,1.0,0.0,mccrone,1659
51055,2014-12-15,False,False,PB2,1662,C,0.0,0.0,0.0,1.0,mccrone,1662
51055,2014-12-15,False,False,PB2,1707,T,0.0,0.998799173832,0.0,0.001200826167999991,mccrone,1707
51055,2014-12-15,False,False,PB2,1790,T,0.0,0.999300174956,0.0,0.0006998250440000131,mccrone,1790
51055,2014-12-15,False,False,PB2,1885,T,0.0,1.0,0.0,0.0,mccrone,1885
51055,2014-12-15,False,False,PB2,2145,T,0.997766323024,0.0,0.0,0.0022336769759999653,mccrone,2150
51055,2014-12-15,False,False,PB2,2184,A,0.0,0.0,1.0,0.0,mccrone,2189
51055,2014-12-17,True,True,HA,167,G,1.0,0.0,0.0,0.0,mccrone,221
51055,2014-12-17,True,True,HA,242,T,0.0,0.992562964815,0.0,0.0074370351850000516,mccrone,303
51055,2014-12-17,True,True,HA,323,G,0.993446865348,0.0,0.0065531346520000255,0.0,mccrone,384
51055,2014-12-17,True,True,HA,364,G,0.99925346605,0.0,0.0007465339500000168,0.0,mccrone,425
51055,2014-12-17,True,True,HA,556,A,0.0,1.0,0.0,0.0,mccrone,647
51055,2014-12-17,True,True,HA,658,C,0.0,0.0014967355680000072,0.0,0.998503264432,mccrone,749
51055,2014-12-17,True,True,HA,685,T,0.0,1.0,0.0,0.0,mccrone,776
51055,2014-12-17,True,True,HA,1274,C,0.0,0.9550821719165,0.0,0.0449178280835,mccrone,1400
51055,2014-12-17,True,True,HA,1356,C,0.0,0.99178252656572,0.0,0.00821747343428,mccrone,1482
51055,2014-12-17,True,True,HA,1466,C,1.0,0.0,0.0,0.0,mccrone,1592
51055,2014-12-17,True,True,MP,68,G,0.993843925403,0.0,0.006156074596999961,0.0,mccrone,68
51055,2014-12-17,True,True,MP,214,T,0.0,0.418167542072,0.0,0.581832457928,mccrone,214
51055,2014-12-17,True,True,MP,349,A,0.0017862559400000366,0.0,0.99821374406,0.0,mccrone,349
51055,2014-12-17,True,True,MP,427,A,0.0,0.0,1.0,0.0,mccrone,427
51055,2014-12-17,True,True,MP,514,G,0.991957764587,0.0,0.008042235412999976,0.0,mccrone,514
51055,2014-12-17,True,True,MP,549,G,0.998514197667,0.0,0.001485802332999997,0.0,mccrone,549
51055,2014-12-17,True,True,MP,559,A,0.03175374414099996,0.0,0.968246255859,0.0,mccrone,559
51055,2014-12-17,True,True,MP,694,C,0.0,0.0,0.0,1.0,mccrone,694
51055,2014-12-17,True,True,MP,887,C,1.0,0.0,0.0,0.0,mccrone,887
51055,2014-12-17,True,True,NA,103,T,0.0,1.0,0.0,0.0,mccrone,105
51055,2014-12-17,True,True,NA,211,A,0.0,0.0,1.0,0.0,mccrone,226
51055,2014-12-17,True,True,NA,223,A,0.0,0.0,1.0,0.0,mccrone,238
51055,2014-12-17,True,True,NA,226,T,0.0,1.0,0.0,0.0,mccrone,241
51055,2014-12-17,True,True,NA,349,T,0.992367089731,0.0,0.0,0.007632910269000037,mccrone,366
51055,2014-12-17,True,True,NA,475,G,0.992095405025,0.0,0.007904594974999957,0.0,mccrone,492
51055,2014-12-17,True,True,NA,491,C,0.0,0.006957814029999954,0.0,0.99304218597,mccrone,508
51055,2014-12-17,True,True,NA,710,A,0.0,0.0,1.0,0.0,mccrone,737
51055,2014-12-17,True,True,NA,753,G,0.993741813419,0.0,0.006258186580999969,0.0,mccrone,780
51055,2014-12-17,True,True,NA,819,C,1.0,0.0,0.0,0.0,mccrone,846
51055,2014-12-17,True,True,NA,862,T,0.0,0.993479496306,0.0,0.006520503694000035,mccrone,889
51055,2014-12-17,True,True,NA,907,G,0.998083343638,0.0,0.0019166563620000021,0.0,mccrone,934
51055,2014-12-17,True,True,NA,1108,A,0.0,0.0,1.0,0.0,mccrone,1135
51055,2014-12-17,True,True,NA,1157,A,0.0,0.0,1.0,0.0,mccrone,1184
51055,2014-12-17,True,True,NA,1194,C,0.0,0.0,0.0,1.0,mccrone,1221
51055,2014-12-17,True,True,NP,207,G,0.997591651057,0.0,0.002408348943000016,0.0,mccrone,207
51055,2014-12-17,True,True,NP,347,G,0.998587171517,0.0,0.0014128284829999505,0.0,mccrone,347
51055,2014-12-17,True,True,NP,606,G,0.99817946756,0.0,0.0018205324400000222,0.0,mccrone,606
51055,2014-12-17,True,True,NP,885,G,0.999120580919,0.0,0.0008794190809999769,0.0,mccrone,885
51055,2014-12-17,True,True,NP,909,G,0.0,0.0,0.0,1.0,mccrone,909
51055,2014-12-17,True,True,NP,918,C,0.0,0.0015809252299999743,0.0,0.99841907477,mccrone,918
51055,2014-12-17,True,True,NP,1002,C,0.0,0.000897519582000017,0.0,0.999102480418,mccrone,1002
51055,2014-12-17,True,True,NP,1092,A,0.0013207325659999603,0.0,0.998679267434,0.0,mccrone,1092
51055,2014-12-17,True,True,NP,1186,T,0.0,1.0,0.0,0.0,mccrone,1186
51055,2014-12-17,True,True,NP,1188,A,0.0,0.0,1.0,0.0,mccrone,1188
51055,2014-12-17,True,True,NP,1224,G,0.997739320237,0.0,0.0022606797630000397,0.0,mccrone,1224
51055,2014-12-17,True,True,NP,1407,C,1.0,0.0,0.0,0.0,mccrone,1407
51055,2014-12-17,True,True,NS,125,T,0.0,1.0,0.0,0.0,mccrone,125
51055,2014-12-17,True,True,NS,140,A,0.007915567282000047,0.0,0.992084432718,0.0,mccrone,140
51055,2014-12-17,True,True,NS,173,T,0.994778537991,0.0,0.0,0.0052214620089999775,mccrone,173
51055,2014-12-17,True,True,NS,180,T,0.0,1.0,0.0,0.0,mccrone,180
51055,2014-12-17,True,True,NS,246,A,0.0,0.0,1.0,0.0,mccrone,246
51055,2014-12-17,True,True,NS,299,C,0.0,0.0,0.0,1.0,mccrone,299
51055,2014-12-17,True,True,NS,570,G,1.0,0.0,0.0,0.0,mccrone,570
51055,2014-12-17,True,True,NS,744,A,0.0,0.0,1.0,0.0,mccrone,744
51055,2014-12-17,True,True,NS,813,G,1.0,0.0,0.0,0.0,mccrone,813
51055,2014-12-17,True,True,NS,843,C,0.0,0.0,0.0,1.0,mccrone,843
51055,2014-12-17,True,True,PA,153,C,0.0,0.0,1.0,0.0,mccrone,177
51055,2014-12-17,True,True,PA,282,A,0.0,1.0,0.0,0.0,mccrone,306
51055,2014-12-17,True,True,PA,501,T,0.0,1.0,0.0,0.0,mccrone,525
51055,2014-12-17,True,True,PA,836,A,0.0,0.0,1.0,0.0,mccrone,860
51055,2014-12-17,True,True,PA,858,G,1.0,0.0,0.0,0.0,mccrone,882
51055,2014-12-17,True,True,PA,1001,G,0.99825616356,0.0,0.0017438364399999795,0.0,mccrone,1025
51055,2014-12-17,True,True,PA,1137,G,1.0,0.0,0.0,0.0,mccrone,1161
51055,2014-12-17,True,True,PA,1296,C,0.997215843858,0.002784156142000005,0.0,0.0,mccrone,1320
51055,2014-12-17,True,True,PA,1552,T,0.0,1.0,0.0,0.0,mccrone,1576
51055,2014-12-17,True,True,PA,1578,T,0.0,1.0,0.0,0.0,mccrone,1602
51055,2014-12-17,True,True,PA,1608,C,0.0,0.0006686620389999565,0.0,0.999331337961,mccrone,1632
51055,2014-12-17,True,True,PA,2001,G,1.0,0.0,0.0,0.0,mccrone,2025
51055,2014-12-17,True,True,PA,2049,T,0.0,1.0,0.0,0.0,mccrone,2073
51055,2014-12-17,True,True,PB1,49,A,0.0,0.0,1.0,0.0,mccrone,57
51055,2014-12-17,True,True,PB1,364,A,0.0,0.0,1.0,0.0,mccrone,372
51055,2014-12-17,True,True,PB1,424,T,0.0,0.99900031569,0.0,0.0009996843099999708,mccrone,432
51055,2014-12-17,True,True,PB1,470,A,0.0,0.0,0.0,1.0,mccrone,478
51055,2014-12-17,True,True,PB1,502,A,0.0,0.0,1.0,0.0,mccrone,510
51055,2014-12-17,True,True,PB1,513,A,0.0,0.0,0.0,1.0,mccrone,521
51055,2014-12-17,True,True,PB1,589,G,1.0,0.0,0.0,0.0,mccrone,597
51055,2014-12-17,True,True,PB1,643,G,0.998277817449,0.0,0.0017221825509999844,0.0,mccrone,651
51055,2014-12-17,True,True,PB1,650,G,0.997136454183,0.0,0.0028635458169999906,0.0,mccrone,658
51055,2014-12-17,True,True,PB1,655,C,0.0,0.0,0.0,1.0,mccrone,663
51055,2014-12-17,True,True,PB1,892,C,0.0,0.0,0.0,1.0,mccrone,900
51055,2014-12-17,True,True,PB1,913,C,0.0,0.000674706923999957,0.0,0.999325293076,mccrone,921
51055,2014-12-17,True,True,PB1,1003,G,0.998867829587,0.0,0.0011321704129999555,0.0,mccrone,1011
51055,2014-12-17,True,True,PB1,1159,T,0.0,1.0,0.0,0.0,mccrone,1167
51055,2014-12-17,True,True,PB1,1411,A,0.99328597880408,0.0,0.00671402119592,0.0,mccrone,1419
51055,2014-12-17,True,True,PB1,1570,T,0.0,1.0,0.0,0.0,mccrone,1578
51055,2014-12-17,True,True,PB1,1624,C,0.0,0.0,0.0,1.0,mccrone,1632
51055,2014-12-17,True,True,PB1,1690,A,0.0,0.0,1.0,0.0,mccrone,1698
51055,2014-12-17,True,True,PB1,2074,G,0.997881996974,0.0,0.0021180030259999594,0.0,mccrone,2082
51055,2014-12-17,True,True,PB1,2217,G,1.0,0.0,0.0,0.0,mccrone,2225
51055,2014-12-17,True,True,PB2,57,G,1.0,0.0,0.0,0.0,mccrone,57
51055,2014-12-17,True,True,PB2,214,G,0.998524348254,0.0,0.0014756517459999507,0.0,mccrone,214
51055,2014-12-17,True,True,PB2,264,C,0.0,0.0,0.0,1.0,mccrone,264
51055,2014-12-17,True,True,PB2,352,G,0.996137275293,0.0,0.003862724706999998,0.0,mccrone,352
51055,2014-12-17,True,True,PB2,501,G,0.994965641421,0.0,0.005034358579000031,0.0,mccrone,501
51055,2014-12-17,True,True,PB2,573,A,0.0,0.0,1.0,0.0,mccrone,573
51055,2014-12-17,True,True,PB2,843,A,0.0007649073800000128,0.0,0.99923509262,0.0,mccrone,843
51055,2014-12-17,True,True,PB2,856,T,0.0,0.99932705249,0.0,0.0006729475100000215,mccrone,856
51055,2014-12-17,True,True,PB2,1059,G,0.0,0.0,0.0,1.0,mccrone,1059
51055,2014-12-17,True,True,PB2,1459,A,0.9865669765714,0.0,0.0134330234286,0.0,mccrone,1459
51055,2014-12-17,True,True,PB2,1516,A,0.9863002660578,0.0,0.0,0.0136997339422,mccrone,1516
51055,2014-12-17,True,True,PB2,1581,T,0.0,1.0,0.0,0.0,mccrone,1581
51055,2014-12-17,True,True,PB2,1602,G,0.999205140094,0.0,0.0007948599060000339,0.0,mccrone,1602
51055,2014-12-17,True,True,PB2,1626,G,0.0817615627157,0.0,0.9182384372843,0.0,mccrone,1626
51055,2014-12-17,True,True,PB2,1659,A,0.0,0.0,1.0,0.0,mccrone,1659
51055,2014-12-17,True,True,PB2,1662,C,0.0,0.0,0.0,1.0,mccrone,1662
51055,2014-12-17,True,True,PB2,1707,T,0.0,1.0,0.0,0.0,mccrone,1707
51055,2014-12-17,True,True,PB2,1790,T,0.0,1.0,0.0,0.0,mccrone,1790
51055,2014-12-17,True,True,PB2,1885,T,0.0,1.0,0.0,0.0,mccrone,1885
51055,2014-12-17,True,True,PB2,2007,G,0.0345706494099,0.0,0.9654293505901,0.0,mccrone,2007
51055,2014-12-17,True,True,PB2,2145,T,1.0,0.0,0.0,0.0,mccrone,2150
51055,2014-12-17,True,True,PB2,2184,A,0.0,0.0,1.0,0.0,mccrone,2189
51059,2014-12-22,False,False,HA,167,G,1.0,0.0,0.0,0.0,mccrone,221
51059,2014-12-22,False,False,HA,169,A,0.0,1.0,0.0,0.0,mccrone,223
51059,2014-12-22,False,False,HA,364,G,0.999028385037,0.0,0.0009716149630000226,0.0,mccrone,425
51059,2014-12-22,False,False,HA,556,A,0.0,1.0,0.0,0.0,mccrone,647
51059,2014-12-22,False,False,HA,593,A,0.002057025313000005,0.0,0.997942974687,0.0,mccrone,684
51059,2014-12-22,False,False,HA,658,C,0.0,0.0012641159620000453,0.0,0.998735884038,mccrone,749
51059,2014-12-22,False,False,HA,683,C,0.997650440888,0.002349559111999966,0.0,0.0,mccrone,774
51059,2014-12-22,False,False,HA,685,T,0.0,1.0,0.0,0.0,mccrone,776
51059,2014-12-22,False,False,HA,917,A,0.001908032818000005,0.0,0.998091967182,0.0,mccrone,1043
51059,2014-12-22,False,False,HA,1223,T,0.0,0.997232191739,0.0,0.002767808260999982,mccrone,1349
51059,2014-12-22,False,False,HA,1385,A,0.00247558795199998,0.0,0.997524412048,0.0,mccrone,1511
51059,2014-12-22,False,False,HA,1466,C,1.0,0.0,0.0,0.0,mccrone,1592
51059,2014-12-22,False,False,MP,292,C,0.0,0.0033940141930000056,0.0,0.996605985807,mccrone,292
51059,2014-12-22,False,False,MP,320,C,0.0,0.0023843753290000436,0.0,0.997615624671,mccrone,320
51059,2014-12-22,False,False,MP,349,A,0.0,0.0,1.0,0.0,mccrone,349
51059,2014-12-22,False,False,MP,425,A,0.0025510204080000376,0.997448979592,0.0,0.0,mccrone,425
51059,2014-12-22,False,False,MP,427,A,0.0012563164800000193,0.0,0.99874368352,0.0,mccrone,427
51059,2014-12-22,False,False,MP,549,G,0.998847894665,0.0,0.0011521053349999866,0.0,mccrone,549
51059,2014-12-22,False,False,MP,553,G,0.0897057347185,0.0,0.9102942652815,0.0,mccrone,553
51059,2014-12-22,False,False,MP,694,C,0.0,0.0011019835700000202,0.0,0.99889801643,mccrone,694
51059,2014-12-22,False,False,MP,766,G,0.997109569548,0.0,0.0028904304519999924,0.0,mccrone,766
51059,2014-12-22,False,False,NA,103,T,0.0,1.0,0.0,0.0,mccrone,105
51059,2014-12-22,False,False,NA,211,A,0.0,0.0,1.0,0.0,mccrone,226
51059,2014-12-22,False,False,NA,223,A,0.0,0.0,1.0,0.0,mccrone,238
51059,2014-12-22,False,False,NA,226,T,0.0,1.0,0.0,0.0,mccrone,241
51059,2014-12-22,False,False,NA,446,G,0.997401932084,0.0,0.0025980679160000353,0.0,mccrone,463
51059,2014-12-22,False,False,NA,710,A,0.0,0.0,1.0,0.0,mccrone,737
51059,2014-12-22,False,False,NA,819,C,1.0,0.0,0.0,0.0,mccrone,846
51059,2014-12-22,False,False,NA,907,G,0.997697496433,0.0,0.002302503567000014,0.0,mccrone,934
51059,2014-12-22,False,False,NA,1108,A,0.0018494388630000413,0.0,0.998150561137,0.0,mccrone,1135
51059,2014-12-22,False,False,NA,1157,A,0.001394144593000024,0.0,0.998605855407,0.0,mccrone,1184
51059,2014-12-22,False,False,NA,1194,C,0.0,0.0,0.0,1.0,mccrone,1221
51059,2014-12-22,False,False,NP,207,G,1.0,0.0,0.0,0.0,mccrone,207
51059,2014-12-22,False,False,NP,208,C,0.997482429456,0.002517570544000036,0.0,0.0,mccrone,208
51059,2014-12-22,False,False,NP,347,G,0.998767854698,0.0,0.0012321453019999984,0.0,mccrone,347
51059,2014-12-22,False,False,NP,492,G,0.99720109322,0.0,0.0027989067800000544,0.0,mccrone,492
51059,2014-12-22,False,False,NP,493,A,0.0027425884809999523,0.997257411519,0.0,0.0,mccrone,493
51059,2014-12-22,False,False,NP,606,G,0.998448505911,0.0,0.0015514940890000162,0.0,mccrone,606
51059,2014-12-22,False,False,NP,885,G,0.999403785959,0.0,0.000596214040999965,0.0,mccrone,885
51059,2014-12-22,False,False,NP,909,G,0.0,0.0,0.0,1.0,mccrone,909
51059,2014-12-22,False,False,NP,918,C,0.0,0.0,0.0,1.0,mccrone,918
51059,2014-12-22,False,False,NP,1002,C,0.0,0.0,0.0,1.0,mccrone,1002
51059,2014-12-22,False,False,NP,1092,A,0.0,0.0,1.0,0.0,mccrone,1092
51059,2014-12-22,False,False,NP,1186,T,0.0,1.0,0.0,0.0,mccrone,1186
51059,2014-12-22,False,False,NP,1188,A,0.0,0.0,1.0,0.0,mccrone,1188
51059,2014-12-22,False,False,NP,1224,G,0.998094900536,0.0,0.0019050994639999708,0.0,mccrone,1224
51059,2014-12-22,False,False,NP,1383,G,0.996287762417,0.0,0.0037122375829999887,0.0,mccrone,1383
51059,2014-12-22,False,False,NP,1407,C,1.0,0.0,0.0,0.0,mccrone,1407
51059,2014-12-22,False,False,NS,85,A,0.9819787205847,0.0,0.0180212794153,0.0,mccrone,85
51059,2014-12-22,False,False,NS,125,T,0.0,1.0,0.0,0.0,mccrone,125
51059,2014-12-22,False,False,NS,180,T,0.0,1.0,0.0,0.0,mccrone,180
51059,2014-12-22,False,False,NS,246,A,0.0,0.0,1.0,0.0,mccrone,246
51059,2014-12-22,False,False,NS,299,C,0.0,0.0018319811570000066,0.0,0.998168018843,mccrone,299
51059,2014-12-22,False,False,NS,500,C,0.0,0.99150318927438,0.0,0.00849681072562,mccrone,500
51059,2014-12-22,False,False,NS,570,G,1.0,0.0,0.0,0.0,mccrone,570
51059,2014-12-22,False,False,NS,744,A,0.0,0.0,1.0,0.0,mccrone,744
51059,2014-12-22,False,False,NS,813,G,1.0,0.0,0.0,0.0,mccrone,813
51059,2014-12-22,False,False,NS,843,C,0.0,0.0,0.0,1.0,mccrone,843
51059,2014-12-22,False,False,PA,153,C,0.0,0.0,1.0,0.0,mccrone,177
51059,2014-12-22,False,False,PA,282,A,0.0012612014599999721,0.99873879854,0.0,0.0,mccrone,306
51059,2014-12-22,False,False,PA,501,T,0.0,1.0,0.0,0.0,mccrone,525
51059,2014-12-22,False,False,PA,552,C,0.997937671861,0.0020623281389999804,0.0,0.0,mccrone,576
51059,2014-12-22,False,False,PA,836,A,0.0008877210429999449,0.0,0.999112278957,0.0,mccrone,860
51059,2014-12-22,False,False,PA,858,G,0.999256400269,0.0,0.000743599731000022,0.0,mccrone,882
51059,2014-12-22,False,False,PA,1001,G,0.998836840436,0.0,0.001163159564000038,0.0,mccrone,1025
51059,2014-12-22,False,False,PA,1014,T,0.0,0.998258567846,0.0,0.0017414321540000222,mccrone,1038
51059,2014-12-22,False,False,PA,1137,G,1.0,0.0,0.0,0.0,mccrone,1161
51059,2014-12-22,False,False,PA,1193,A,0.002783366867999959,0.0,0.997216633132,0.0,mccrone,1217
51059,2014-12-22,False,False,PA,1552,T,0.0,1.0,0.0,0.0,mccrone,1576
51059,2014-12-22,False,False,PA,1578,T,0.0,0.99938269488,0.0,0.0006173051200000224,mccrone,1602
51059,2014-12-22,False,False,PA,1608,C,0.0,0.0007088930630000378,0.0,0.999291106937,mccrone,1632
51059,2014-12-22,False,False,PA,2001,G,1.0,0.0,0.0,0.0,mccrone,2025
51059,2014-12-22,False,False,PA,2049,T,0.0,1.0,0.0,0.0,mccrone,2073
51059,2014-12-22,False,False,PB1,364,A,0.0008272276059999584,0.0,0.999172772394,0.0,mccrone,372
51059,2014-12-22,False,False,PB1,424,T,0.0,1.0,0.0,0.0,mccrone,432
51059,2014-12-22,False,False,PB1,470,A,0.0,0.0,0.0,1.0,mccrone,478
51059,2014-12-22,False,False,PB1,502,A,0.0008847085119999543,0.0,0.999115291488,0.0,mccrone,510
51059,2014-12-22,False,False,PB1,513,A,0.0,0.0,0.0,1.0,mccrone,521
51059,2014-12-22,False,False,PB1,589,G,1.0,0.0,0.0,0.0,mccrone,597
51059,2014-12-22,False,False,PB1,643,G,0.998296269727,0.0,0.0017037302729999704,0.0,mccrone,651
51059,2014-12-22,False,False,PB1,655,C,0.0,0.0,0.0,1.0,mccrone,663
51059,2014-12-22,False,False,PB1,892,C,0.0,0.0,0.0,1.0,mccrone,900
51059,2014-12-22,False,False,PB1,913,C,0.0,0.0009868421049999965,0.0,0.999013157895,mccrone,921
51059,2014-12-22,False,False,PB1,1003,G,0.999059531647,0.0,0.0009404683529999902,0.0,mccrone,1011
51059,2014-12-22,False,False,PB1,1159,T,0.0,1.0,0.0,0.0,mccrone,1167
51059,2014-12-22,False,False,PB1,1345,C,0.0,0.0019260753919999596,0.0,0.998073924608,mccrone,1353
51059,2014-12-22,False,False,PB1,1570,T,0.0,0.999485066941,0.0,0.0005149330589999668,mccrone,1578
51059,2014-12-22,False,False,PB1,1624,C,0.0,0.0009334889150000025,0.0,0.999066511085,mccrone,1632
51059,2014-12-22,False,False,PB1,1690,A,0.00115127791799996,0.0,0.998848722082,0.0,mccrone,1698
51059,2014-12-22,False,False,PB1,1822,G,0.998685137356,0.0,0.0013148626440000477,0.0,mccrone,1830
51059,2014-12-22,False,False,PB1,2074,G,0.997944501542,0.0,0.0020554984580000157,0.0,mccrone,2082
51059,2014-12-22,False,False,PB2,57,G,1.0,0.0,0.0,0.0,mccrone,57
51059,2014-12-22,False,False,PB2,214,G,0.99702705381,0.0,0.002972946189999992,0.0,mccrone,214
51059,2014-12-22,False,False,PB2,264,C,0.0,0.0,0.0,1.0,mccrone,264
51059,2014-12-22,False,False,PB2,573,A,0.0,0.0,1.0,0.0,mccrone,573
51059,2014-12-22,False,False,PB2,666,G,0.998542698922,0.0,0.0014573010780000173,0.0,mccrone,666
51059,2014-12-22,False,False,PB2,705,T,0.0,0.998093556929,0.0,0.0019064430709999636,mccrone,705
51059,2014-12-22,False,False,PB2,843,A,0.0011310617840000203,0.0,0.998868938216,0.0,mccrone,843
51059,2014-12-22,False,False,PB2,856,T,0.0,1.0,0.0,0.0,mccrone,856
51059,2014-12-22,False,False,PB2,1059,G,0.0,0.0,0.0,1.0,mccrone,1059
51059,2014-12-22,False,False,PB2,1149,A,0.0019301097110000498,0.0,0.998069890289,0.0,mccrone,1149
51059,2014-12-22,False,False,PB2,1224,C,0.0,0.002151786324000038,0.0,0.997848213676,mccrone,1224
51059,2014-12-22,False,False,PB2,1245,A,0.003314251281000047,0.0,0.996685748719,0.0,mccrone,1245
51059,2014-12-22,False,False,PB2,1408,G,0.997899894995,0.0,0.002100105005000019,0.0,mccrone,1408
51059,2014-12-22,False,False,PB2,1413,A,0.0024059416299999636,0.0,0.99759405837,0.0,mccrone,1413
51059,2014-12-22,False,False,PB2,1539,T,0.0,0.997315625883,0.0,0.0026843741169999547,mccrone,1539
51059,2014-12-22,False,False,PB2,1581,T,0.0,1.0,0.0,0.0,mccrone,1581
51059,2014-12-22,False,False,PB2,1602,G,1.0,0.0,0.0,0.0,mccrone,1602
51059,2014-12-22,False,False,PB2,1659,A,0.0,0.0,1.0,0.0,mccrone,1659
51059,2014-12-22,False,False,PB2,1662,C,0.0,0.0009105554389999826,0.0,0.999089444561,mccrone,1662
51059,2014-12-22,False,False,PB2,1707,T,0.0,1.0,0.0,0.0,mccrone,1707
51059,2014-12-22,False,False,PB2,1790,T,0.0,0.999136701449,0.0,0.0008632985509999802,mccrone,1790
51059,2014-12-22,False,False,PB2,1818,A,0.002003544733000018,0.0,0.997996455267,0.0,mccrone,1818
51059,2014-12-22,False,False,PB2,1885,T,0.0,0.997955929848,0.0,0.0020440701520000326,mccrone,1885
51059,2014-12-22,False,False,PB2,2145,T,1.0,0.0,0.0,0.0,mccrone,2150
51059,2014-12-22,False,False,PB2,2184,A,0.0,0.0,1.0,0.0,mccrone,2189
51059,2014-12-23,True,False,HA,167,G,0.997036262204,0.0,0.00296373779600001,0.0,mccrone,221
51059,2014-12-23,True,False,HA,169,A,0.003581173261000048,0.996418826739,0.0,0.0,mccrone,223
51059,2014-12-23,True,False,HA,364,G,0.998954869359,0.0,0.0010451306409999805,0.0,mccrone,425
51059,2014-12-23,True,False,HA,556,A,0.0,1.0,0.0,0.0,mccrone,647
51059,2014-12-23,True,False,HA,593,A,0.000999458627000016,0.0,0.999000541373,0.0,mccrone,684
51059,2014-12-23,True,False,HA,658,C,0.0,0.0011653556420000433,0.0,0.998834644358,mccrone,749
51059,2014-12-23,True,False,HA,683,C,1.0,0.0,0.0,0.0,mccrone,774
51059,2014-12-23,True,False,HA,685,T,0.0,0.998899843439,0.0,0.001100156561000043,mccrone,776
51059,2014-12-23,True,False,HA,917,A,0.0,0.0,1.0,0.0,mccrone,1043
51059,2014-12-23,True,False,HA,1223,T,0.0,0.997887819761,0.0,0.00211218023899995,mccrone,1349
51059,2014-12-23,True,False,HA,1385,A,0.003272804053999989,0.0,0.996727195946,0.0,mccrone,1511
51059,2014-12-23,True,False,HA,1466,C,1.0,0.0,0.0,0.0,mccrone,1592
51059,2014-12-23,True,False,MP,292,C,0.0,0.0014236226449999556,0.0,0.998576377355,mccrone,292
51059,2014-12-23,True,False,MP,320,C,0.0,0.0,0.0,1.0,mccrone,320
51059,2014-12-23,True,False,MP,349,A,0.0,0.0,1.0,0.0,mccrone,349
51059,2014-12-23,True,False,MP,425,A,0.0016560678329999856,0.998343932167,0.0,0.0,mccrone,425
51059,2014-12-23,True,False,MP,427,A,0.0,0.0,1.0,0.0,mccrone,427
51059,2014-12-23,True,False,MP,549,G,0.998133187422,0.0,0.0018668125780000322,0.0,mccrone,549
51059,2014-12-23,True,False,MP,553,G,0.0328200308996,0.0,0.9671799691004,0.0,mccrone,553
51059,2014-12-23,True,False,MP,694,C,0.0,0.0015530361860000008,0.0,0.998446963814,mccrone,694
51059,2014-12-23,True,False,MP,766,G,0.997781025058,0.0,0.0022189749419999627,0.0,mccrone,766
51059,2014-12-23,True,False,NA,103,T,0.0,1.0,0.0,0.0,mccrone,105
51059,2014-12-23,True,False,NA,211,A,0.0,0.0,1.0,0.0,mccrone,226
51059,2014-12-23,True,False,NA,223,A,0.0,0.0,1.0,0.0,mccrone,238
51059,2014-12-23,True,False,NA,226,T,0.0,1.0,0.0,0.0,mccrone,241
51059,2014-12-23,True,False,NA,446,G,0.998381294964,0.0,0.0016187050360000343,0.0,mccrone,463
51059,2014-12-23,True,False,NA,710,A,0.0009940357850000137,0.0,0.999005964215,0.0,mccrone,737
51059,2014-12-23,True,False,NA,819,C,1.0,0.0,0.0,0.0,mccrone,846
51059,2014-12-23,True,False,NA,907,G,0.997600553093,0.0,0.0023994469070000024,0.0,mccrone,934
51059,2014-12-23,True,False,NA,1108,A,0.0015397249020000503,0.0,0.998460275098,0.0,mccrone,1135
51059,2014-12-23,True,False,NA,1157,A,0.0,0.0,1.0,0.0,mccrone,1184
51059,2014-12-23,True,False,NA,1194,C,0.0,0.0,0.0,1.0,mccrone,1221
51059,2014-12-23,True,False,NP,207,G,0.997358910203,0.0,0.0026410897969999514,0.0,mccrone,207
51059,2014-12-23,True,False,NP,208,C,0.996863066012,0.003136933987999968,0.0,0.0,mccrone,208
51059,2014-12-23,True,False,NP,347,G,0.99850116576,0.0,0.0014988342399999688,0.0,mccrone,347
51059,2014-12-23,True,False,NP,492,G,1.0,0.0,0.0,0.0,mccrone,492
51059,2014-12-23,True,False,NP,493,A,0.0,1.0,0.0,0.0,mccrone,493
51059,2014-12-23,True,False,NP,606,G,0.998426925187,0.0,0.0015730748129999528,0.0,mccrone,606
51059,2014-12-23,True,False,NP,885,G,0.998851454824,0.0,0.0011485451760000487,0.0,mccrone,885
51059,2014-12-23,True,False,NP,909,G,0.0,0.0,0.0,1.0,mccrone,909
51059,2014-12-23,True,False,NP,918,C,0.0,0.0010826416460000265,0.0,0.998917358354,mccrone,918
51059,2014-12-23,True,False,NP,1002,C,0.0,0.0006548252439999569,0.0,0.999345174756,mccrone,1002
51059,2014-12-23,True,False,NP,1092,A,0.001502629601999983,0.0,0.998497370398,0.0,mccrone,1092
51059,2014-12-23,True,False,NP,1186,T,0.0,0.99935903757,0.0,0.0006409624300000027,mccrone,1186
51059,2014-12-23,True,False,NP,1188,A,0.0,0.0,1.0,0.0,mccrone,1188
51059,2014-12-23,True,False,NP,1224,G,0.998173060953,0.0,0.0018269390470000424,0.0,mccrone,1224
51059,2014-12-23,True,False,NP,1383,G,0.996426831249,0.0,0.003573168751,0.0,mccrone,1383
51059,2014-12-23,True,False,NP,1407,C,1.0,0.0,0.0,0.0,mccrone,1407
51059,2014-12-23,True,False,NS,125,T,0.0,1.0,0.0,0.0,mccrone,125
51059,2014-12-23,True,False,NS,180,T,0.0,1.0,0.0,0.0,mccrone,180
51059,2014-12-23,True,False,NS,246,A,0.0016290182449999469,0.0,0.998370981755,0.0,mccrone,246
51059,2014-12-23,True,False,NS,299,C,0.0,0.0018447224900000059,0.0,0.99815527751,mccrone,299
51059,2014-12-23,True,False,NS,570,G,1.0,0.0,0.0,0.0,mccrone,570
51059,2014-12-23,True,False,NS,744,A,0.0,0.0,1.0,0.0,mccrone,744
51059,2014-12-23,True,False,NS,813,G,1.0,0.0,0.0,0.0,mccrone,813
51059,2014-12-23,True,False,NS,843,C,0.0,0.0,0.0,1.0,mccrone,843
51059,2014-12-23,True,False,PA,153,C,0.0,0.0,1.0,0.0,mccrone,177
51059,2014-12-23,True,False,PA,282,A,0.0,1.0,0.0,0.0,mccrone,306
51059,2014-12-23,True,False,PA,501,T,0.0,1.0,0.0,0.0,mccrone,525
51059,2014-12-23,True,False,PA,552,C,1.0,0.0,0.0,0.0,mccrone,576
51059,2014-12-23,True,False,PA,836,A,0.0,0.0,1.0,0.0,mccrone,860
51059,2014-12-23,True,False,PA,858,G,0.9990161784,0.0,0.00098382159999999,0.0,mccrone,882
51059,2014-12-23,True,False,PA,1001,G,0.998942505705,0.0,0.0010574942950000166,0.0,mccrone,1025
51059,2014-12-23,True,False,PA,1014,T,0.0,1.0,0.0,0.0,mccrone,1038
51059,2014-12-23,True,False,PA,1137,G,0.998493506494,0.0,0.0015064935059999618,0.0,mccrone,1161
51059,2014-12-23,True,False,PA,1193,A,0.001025693625000046,0.0,0.998974306375,0.0,mccrone,1217
51059,2014-12-23,True,False,PA,1552,T,0.0,1.0,0.0,0.0,mccrone,1576
51059,2014-12-23,True,False,PA,1578,T,0.0,0.999545729861,0.0,0.00045427013900001256,mccrone,1602
51059,2014-12-23,True,False,PA,1608,C,0.0,0.0,0.0,1.0,mccrone,1632
51059,2014-12-23,True,False,PA,1611,G,0.0514282128035,0.0,0.9485717871965,0.0,mccrone,1635
51059,2014-12-23,True,False,PA,2001,G,0.998717583357,0.0,0.001282416642999995,0.0,mccrone,2025
51059,2014-12-23,True,False,PA,2049,T,0.0,1.0,0.0,0.0,mccrone,2073
51059,2014-12-23,True,False,PB1,364,A,0.0009801300899999754,0.0,0.99901986991,0.0,mccrone,372
51059,2014-12-23,True,False,PB1,424,T,0.0,0.999119506924,0.0,0.0008804930760000218,mccrone,432
51059,2014-12-23,True,False,PB1,470,A,0.0,0.0,0.0,1.0,mccrone,478
51059,2014-12-23,True,False,PB1,502,A,0.0014899798849999923,0.0,0.998510020115,0.0,mccrone,510
51059,2014-12-23,True,False,PB1,513,A,0.0,0.0,0.0,1.0,mccrone,521
51059,2014-12-23,True,False,PB1,589,G,1.0,0.0,0.0,0.0,mccrone,597
51059,2014-12-23,True,False,PB1,643,G,0.998284478258,0.0,0.001715521741999959,0.0,mccrone,651
51059,2014-12-23,True,False,PB1,655,C,0.0,0.0,0.0,1.0,mccrone,663
51059,2014-12-23,True,False,PB1,892,C,0.0,0.0,0.0,1.0,mccrone,900
51059,2014-12-23,True,False,PB1,913,C,0.0,0.0009779516360000073,0.0,0.999022048364,mccrone,921
51059,2014-12-23,True,False,PB1,1003,G,0.998962117281,0.0,0.0010378827189999607,0.0,mccrone,1011
51059,2014-12-23,True,False,PB1,1159,T,0.0,1.0,0.0,0.0,mccrone,1167
51059,2014-12-23,True,False,PB1,1345,C,0.0,0.0005464480869999955,0.0,0.999453551913,mccrone,1353
51059,2014-12-23,True,False,PB1,1570,T,0.0,1.0,0.0,0.0,mccrone,1578
51059,2014-12-23,True,False,PB1,1624,C,0.0,0.0,0.0,1.0,mccrone,1632
51059,2014-12-23,True,False,PB1,1690,A,0.0,0.0,1.0,0.0,mccrone,1698
51059,2014-12-23,True,False,PB1,1822,G,0.998022362516,0.0,0.001977637484000039,0.0,mccrone,1830
51059,2014-12-23,True,False,PB1,2074,G,0.997925642253,0.0,0.002074357747000044,0.0,mccrone,2082
51059,2014-12-23,True,False,PB2,57,G,1.0,0.0,0.0,0.0,mccrone,57
51059,2014-12-23,True,False,PB2,214,G,0.998162327718,0.0,0.0018376722820000468,0.0,mccrone,214
51059,2014-12-23,True,False,PB2,264,C,0.0,0.0,0.0,1.0,mccrone,264
51059,2014-12-23,True,False,PB2,573,A,0.0011410161760000426,0.0,0.998858983824,0.0,mccrone,573
51059,2014-12-23,True,False,PB2,666,G,0.99820068374,0.0,0.0017993162599999613,0.0,mccrone,666
51059,2014-12-23,True,False,PB2,705,T,0.0,1.0,0.0,0.0,mccrone,705
51059,2014-12-23,True,False,PB2,843,A,0.0007539582810000001,0.0,0.999246041719,0.0,mccrone,843
51059,2014-12-23,True,False,PB2,856,T,0.0,0.999186040596,0.0,0.0008139594039999754,mccrone,856
51059,2014-12-23,True,False,PB2,1059,G,0.0,0.0,0.0,1.0,mccrone,1059
51059,2014-12-23,True,False,PB2,1149,A,0.0,0.0,1.0,0.0,mccrone,1149
51059,2014-12-23,True,False,PB2,1224,C,0.0,0.0020455260670000364,0.0,0.997954473933,mccrone,1224
51059,2014-12-23,True,False,PB2,1245,A,0.0016046379209999628,0.0,0.998395362079,0.0,mccrone,1245
51059,2014-12-23,True,False,PB2,1408,G,0.998427837753,0.0,0.001572162246999964,0.0,mccrone,1408
51059,2014-12-23,True,False,PB2,1413,A,0.0,0.0,1.0,0.0,mccrone,1413
51059,2014-12-23,True,False,PB2,1539,T,0.0,0.997560595837,0.0,0.0024394041630000363,mccrone,1539
51059,2014-12-23,True,False,PB2,1581,T,0.0,0.998751950078,0.0,0.0012480499220000052,mccrone,1581
51059,2014-12-23,True,False,PB2,1602,G,1.0,0.0,0.0,0.0,mccrone,1602
51059,2014-12-23,True,False,PB2,1659,A,0.0008155775310000335,0.0,0.999184422469,0.0,mccrone,1659
51059,2014-12-23,True,False,PB2,1662,C,0.0,0.001434573213999979,0.0,0.998565426786,mccrone,1662
51059,2014-12-23,True,False,PB2,1707,T,0.0,1.0,0.0,0.0,mccrone,1707
51059,2014-12-23,True,False,PB2,1790,T,0.0,0.999324666554,0.0,0.0006753334460000149,mccrone,1790
51059,2014-12-23,True,False,PB2,1818,A,0.0,0.0,1.0,0.0,mccrone,1818
51059,2014-12-23,True,False,PB2,1885,T,0.0,0.998908495543,0.0,0.0010915044570000143,mccrone,1885
51059,2014-12-23,True,False,PB2,2145,T,1.0,0.0,0.0,0.0,mccrone,2150
51059,2014-12-23,True,False,PB2,2184,A,0.0,0.0,1.0,0.0,mccrone,2189
51073,2014-12-20,False,False,HA,167,G,1.0,0.0,0.0,0.0,mccrone,221
51073,2014-12-20,False,False,HA,364,G,0.998664275083,0.0,0.0013357249169999585,0.0,mccrone,425
51073,2014-12-20,False,False,HA,556,A,0.0012157486210000457,0.998784251379,0.0,0.0,mccrone,647
51073,2014-12-20,False,False,HA,593,A,0.001904821384000055,0.0,0.998095178616,0.0,mccrone,684
51073,2014-12-20,False,False,HA,658,C,0.0,0.0010996059750000287,0.0,0.998900394025,mccrone,749
51073,2014-12-20,False,False,HA,683,C,0.998343423391,0.0016565766089999823,0.0,0.0,mccrone,774
51073,2014-12-20,False,False,HA,685,T,0.0,1.0,0.0,0.0,mccrone,776
51073,2014-12-20,False,False,HA,917,A,0.0017167381970000228,0.0,0.998283261803,0.0,mccrone,1043
51073,2014-12-20,False,False,HA,1466,C,1.0,0.0,0.0,0.0,mccrone,1592
51073,2014-12-20,False,False,MP,292,C,0.0,0.002740534615000012,0.0,0.997259465385,mccrone,292
51073,2014-12-20,False,False,MP,320,C,0.0,0.00220775760299996,0.0,0.997792242397,mccrone,320
51073,2014-12-20,False,False,MP,349,A,0.0,0.0,1.0,0.0,mccrone,349
51073,2014-12-20,False,False,MP,427,A,0.001399809387999995,0.0,0.998600190612,0.0,mccrone,427
51073,2014-12-20,False,False,MP,549,G,1.0,0.0,0.0,0.0,mccrone,549
51073,2014-12-20,False,False,MP,694,C,0.0,0.0014229305249999769,0.0,0.998577069475,mccrone,694
51073,2014-12-20,False,False,NA,103,T,0.0,1.0,0.0,0.0,mccrone,105
51073,2014-12-20,False,False,NA,211,A,0.0,0.0,1.0,0.0,mccrone,226
51073,2014-12-20,False,False,NA,223,A,0.0015581177939999469,0.0,0.998441882206,0.0,mccrone,238
51073,2014-12-20,False,False,NA,226,T,0.0,0.99735933374,0.0,0.0026406662600000352,mccrone,241
51073,2014-12-20,False,False,NA,446,G,0.998616761595,0.0,0.0013832384049999868,0.0,mccrone,463
51073,2014-12-20,False,False,NA,710,A,0.0008042520459999869,0.0,0.999195747954,0.0,mccrone,737
51073,2014-12-20,False,False,NA,819,C,1.0,0.0,0.0,0.0,mccrone,846
51073,2014-12-20,False,False,NA,907,G,0.998173048816,0.0,0.001826951184000003,0.0,mccrone,934
51073,2014-12-20,False,False,NA,1108,A,0.0,0.0,1.0,0.0,mccrone,1135
51073,2014-12-20,False,False,NA,1157,A,0.001306298630999958,0.0,0.998693701369,0.0,mccrone,1184
51073,2014-12-20,False,False,NA,1194,C,0.0,0.0,0.0,1.0,mccrone,1221
51073,2014-12-20,False,False,NP,207,G,0.997958938648,0.0,0.0020410613519999954,0.0,mccrone,207
51073,2014-12-20,False,False,NP,208,C,0.996926350632,0.003073649368000031,0.0,0.0,mccrone,208
51073,2014-12-20,False,False,NP,347,G,0.999089575641,0.0,0.0009104243590000172,0.0,mccrone,347
51073,2014-12-20,False,False,NP,492,G,0.99765007477,0.0,0.002349925229999994,0.0,mccrone,492
51073,2014-12-20,False,False,NP,493,A,0.0022691012229999474,0.997730898777,0.0,0.0,mccrone,493
51073,2014-12-20,False,False,NP,606,G,0.998231623903,0.0,0.0017683760969999796,0.0,mccrone,606
51073,2014-12-20,False,False,NP,885,G,0.998848626347,0.0,0.0011513736529999985,0.0,mccrone,885
51073,2014-12-20,False,False,NP,909,G,0.0,0.0,0.0011551155119999823,0.998844884488,mccrone,909
51073,2014-12-20,False,False,NP,918,C,0.0,0.0012293584079999809,0.0,0.998770641592,mccrone,918
51073,2014-12-20,False,False,NP,1002,C,0.0,0.0009167147659999708,0.0,0.999083285234,mccrone,1002
51073,2014-12-20,False,False,NP,1092,A,0.001891060106000042,0.0,0.998108939894,0.0,mccrone,1092
51073,2014-12-20,False,False,NP,1186,T,0.0,1.0,0.0,0.0,mccrone,1186
51073,2014-12-20,False,False,NP,1188,A,0.0,0.0,1.0,0.0,mccrone,1188
51073,2014-12-20,False,False,NP,1224,G,0.997857838364,0.0,0.002142161636000006,0.0,mccrone,1224
51073,2014-12-20,False,False,NP,1407,C,0.998467726489,0.0015322735110000485,0.0,0.0,mccrone,1407
51073,2014-12-20,False,False,NS,125,T,0.0,0.994867008866,0.0,0.005132991134000009,mccrone,125
51073,2014-12-20,False,False,NS,180,T,0.0,0.99642029901,0.0,0.0035797009900000454,mccrone,180
51073,2014-12-20,False,False,NS,246,A,0.0017911705830000457,0.0,0.998208829417,0.0,mccrone,246
51073,2014-12-20,False,False,NS,299,C,0.0,0.001376183922999985,0.0,0.998623816077,mccrone,299
51073,2014-12-20,False,False,NS,570,G,0.998547801533,0.0,0.0014521984669999544,0.0,mccrone,570
51073,2014-12-20,False,False,NS,744,A,0.0,0.0,1.0,0.0,mccrone,744
51073,2014-12-20,False,False,NS,813,G,1.0,0.0,0.0,0.0,mccrone,813
51073,2014-12-20,False,False,NS,843,C,0.0,0.0,0.0,1.0,mccrone,843
51073,2014-12-20,False,False,PA,153,C,0.0,0.0,1.0,0.0,mccrone,177
51073,2014-12-20,False,False,PA,258,C,0.0,0.0,0.0,1.0,mccrone,282
51073,2014-12-20,False,False,PA,282,A,0.0022283694479999783,0.997771630552,0.0,0.0,mccrone,306
51073,2014-12-20,False,False,PA,501,T,0.0,0.998937441891,0.0,0.0010625581090000225,mccrone,525
51073,2014-12-20,False,False,PA,552,C,0.998662207358,0.0013377926419999575,0.0,0.0,mccrone,576
51073,2014-12-20,False,False,PA,836,A,0.0,0.0,1.0,0.0,mccrone,860
51073,2014-12-20,False,False,PA,858,G,0.998453763765,0.0,0.0015462362350000536,0.0,mccrone,882
51073,2014-12-20,False,False,PA,1001,G,0.999240294766,0.0,0.000759705234000041,0.0,mccrone,1025
51073,2014-12-20,False,False,PA,1014,T,0.0,0.998645700098,0.0,0.001354299901999978,mccrone,1038
51073,2014-12-20,False,False,PA,1137,G,0.999277091014,0.0,0.000722908986000026,0.0,mccrone,1161
51073,2014-12-20,False,False,PA,1193,A,0.001953902376999994,0.0,0.998046097623,0.0,mccrone,1217
51073,2014-12-20,False,False,PA,1552,T,0.0,0.998708677686,0.0,0.0012913223139999763,mccrone,1576
51073,2014-12-20,False,False,PA,1578,T,0.0,0.998934058664,0.0,0.0010659413360000203,mccrone,1602
51073,2014-12-20,False,False,PA,1608,C,0.0,0.0010941331820000233,0.0,0.998905866818,mccrone,1632
51073,2014-12-20,False,False,PA,1794,G,0.998317392844,0.0,0.0016826071559999933,0.0,mccrone,1818
51073,2014-12-20,False,False,PA,1848,A,0.009301130523999945,0.0,0.990698869476,0.0,mccrone,1872
51073,2014-12-20,False,False,PA,1850,A,0.0,0.0,1.0,0.0,mccrone,1874
51073,2014-12-20,False,False,PA,2001,G,1.0,0.0,0.0,0.0,mccrone,2025
51073,2014-12-20,False,False,PA,2049,T,0.0,1.0,0.0,0.0,mccrone,2073
51073,2014-12-20,False,False,PB1,364,A,0.0016035920460000241,0.0,0.998396407954,0.0,mccrone,372
51073,2014-12-20,False,False,PB1,424,T,0.0,0.998995983936,0.0,0.001004016064000024,mccrone,432
51073,2014-12-20,False,False,PB1,470,A,0.0,0.0,0.0,1.0,mccrone,478
51073,2014-12-20,False,False,PB1,502,A,0.001405904800000024,0.0,0.9985940952,0.0,mccrone,510
51073,2014-12-20,False,False,PB1,513,A,0.0014964832639999814,0.0,0.0,0.998503516736,mccrone,521
51073,2014-12-20,False,False,PB1,589,G,0.998821644042,0.0,0.001178355957999977,0.0,mccrone,597
51073,2014-12-20,False,False,PB1,643,G,0.997435777892,0.0,0.0025642221080000027,0.0,mccrone,651
51073,2014-12-20,False,False,PB1,655,C,0.0,0.0009434852340000077,0.0,0.999056514766,mccrone,663
51073,2014-12-20,False,False,PB1,892,C,0.0,0.001061732140000049,0.0,0.99893826786,mccrone,900
51073,2014-12-20,False,False,PB1,910,T,0.340472493385,0.0,0.0,0.6595275066149999,mccrone,918
51073,2014-12-20,False,False,PB1,913,C,0.0,0.0013928269409999583,0.0,0.998607173059,mccrone,921
51073,2014-12-20,False,False,PB1,1003,G,0.99856222112,0.0,0.0014377788799999625,0.0,mccrone,1011
51073,2014-12-20,False,False,PB1,1159,T,0.0,1.0,0.0,0.0,mccrone,1167
51073,2014-12-20,False,False,PB1,1345,C,0.0,0.001069726732999987,0.0,0.998930273267,mccrone,1353
51073,2014-12-20,False,False,PB1,1570,T,0.0,0.999208547685,0.0,0.0007914523149999964,mccrone,1578
51073,2014-12-20,False,False,PB1,1624,C,0.0,0.0007908655030000045,0.0,0.999209134497,mccrone,1632
51073,2014-12-20,False,False,PB1,1690,A,0.0012792757330000182,0.0,0.998720724267,0.0,mccrone,1698
51073,2014-12-20,False,False,PB1,2074,G,1.0,0.0,0.0,0.0,mccrone,2082
51073,2014-12-20,False,False,PB2,57,G,1.0,0.0,0.0,0.0,mccrone,57
51073,2014-12-20,False,False,PB2,214,G,0.998376999768,0.0,0.0016230002320000159,0.0,mccrone,214
51073,2014-12-20,False,False,PB2,264,C,0.0,0.0,0.0,1.0,mccrone,264
51073,2014-12-20,False,False,PB2,573,A,0.0,0.0,1.0,0.0,mccrone,573
51073,2014-12-20,False,False,PB2,705,T,0.0,0.997975077882,0.0,0.0020249221179999832,mccrone,705
51073,2014-12-20,False,False,PB2,843,A,0.001091830765999946,0.0,0.998908169234,0.0,mccrone,843
51073,2014-12-20,False,False,PB2,856,T,0.0,0.998859435224,0.0,0.001140564775999997,mccrone,856
51073,2014-12-20,False,False,PB2,945,A,0.0016296520880000331,0.0,0.998370347912,0.0,mccrone,945
51073,2014-12-20,False,False,PB2,1059,G,0.0,0.0,0.0,1.0,mccrone,1059
51073,2014-12-20,False,False,PB2,1149,A,0.0016458196180000328,0.0,0.998354180382,0.0,mccrone,1149
51073,2014-12-20,False,False,PB2,1413,A,0.0016108618110000084,0.0,0.998389138189,0.0,mccrone,1413
51073,2014-12-20,False,False,PB2,1581,T,0.0,0.998846375697,0.0,0.0011536243030000337,mccrone,1581
51073,2014-12-20,False,False,PB2,1602,G,0.999080917551,0.0,0.0009190824489999638,0.0,mccrone,1602
51073,2014-12-20,False,False,PB2,1659,A,0.002063944761000025,0.0,0.997936055239,0.0,mccrone,1659
51073,2014-12-20,False,False,PB2,1662,C,0.0,0.00162823279900004,0.0,0.998371767201,mccrone,1662
51073,2014-12-20,False,False,PB2,1707,T,0.0,0.998784933171,0.0,0.0012150668289999667,mccrone,1707
51073,2014-12-20,False,False,PB2,1790,T,0.0,0.998941755871,0.0,0.0010582441290000189,mccrone,1790
51073,2014-12-20,False,False,PB2,1818,A,0.0014636390250000186,0.0,0.998536360975,0.0,mccrone,1818
51073,2014-12-20,False,False,PB2,1885,T,0.0,1.0,0.0,0.0,mccrone,1885
51073,2014-12-20,False,False,PB2,2145,T,0.997597236822,0.0,0.0,0.0024027631780000336,mccrone,2150
51073,2014-12-20,False,False,PB2,2184,A,0.0,0.0,1.0,0.0,mccrone,2189
51073,2014-12-22,True,True,HA,167,G,1.0,0.0,0.0,0.0,mccrone,221
51073,2014-12-22,True,True,HA,364,G,0.99858903598,0.0,0.0014109640199999607,0.0,mccrone,425
51073,2014-12-22,True,True,HA,556,A,0.0,1.0,0.0,0.0,mccrone,647
51073,2014-12-22,True,True,HA,593,A,0.002437616267999987,0.0,0.997562383732,0.0,mccrone,684
51073,2014-12-22,True,True,HA,658,C,0.0,0.0009990321880000153,0.0,0.999000967812,mccrone,749
51073,2014-12-22,True,True,HA,683,C,0.99782569306,0.0021743069399999815,0.0,0.0,mccrone,774
51073,2014-12-22,True,True,HA,685,T,0.0,1.0,0.0,0.0,mccrone,776
51073,2014-12-22,True,True,HA,917,A,0.002323461075000033,0.0,0.997676538925,0.0,mccrone,1043
51073,2014-12-22,True,True,HA,1466,C,1.0,0.0,0.0,0.0,mccrone,1592
51073,2014-12-22,True,True,MP,292,C,0.0,0.004065040650000018,0.0,0.99593495935,mccrone,292
51073,2014-12-22,True,True,MP,320,C,0.0,0.003476491287999983,0.0,0.996523508712,mccrone,320
51073,2014-12-22,True,True,MP,349,A,0.0,0.0,1.0,0.0,mccrone,349
51073,2014-12-22,True,True,MP,427,A,0.0,0.0,1.0,0.0,mccrone,427
51073,2014-12-22,True,True,MP,549,G,0.998167303451,0.0,0.0018326965489999791,0.0,mccrone,549
51073,2014-12-22,True,True,MP,694,C,0.0,0.001355905939000035,0.0,0.998644094061,mccrone,694
51073,2014-12-22,True,True,NA,103,T,0.0,1.0,0.0,0.0,mccrone,105
51073,2014-12-22,True,True,NA,211,A,0.0,0.0,1.0,0.0,mccrone,226
51073,2014-12-22,True,True,NA,223,A,0.0,0.0,1.0,0.0,mccrone,238
51073,2014-12-22,True,True,NA,226,T,0.0,1.0,0.0,0.0,mccrone,241
51073,2014-12-22,True,True,NA,446,G,0.996450267145,0.0,0.003549732855000043,0.0,mccrone,463
51073,2014-12-22,True,True,NA,710,A,0.0,0.0,1.0,0.0,mccrone,737
51073,2014-12-22,True,True,NA,819,C,1.0,0.0,0.0,0.0,mccrone,846
51073,2014-12-22,True,True,NA,907,G,0.997368680722,0.0,0.0026313192779999772,0.0,mccrone,934
51073,2014-12-22,True,True,NA,1108,A,0.001976783311000041,0.0,0.998023216689,0.0,mccrone,1135
51073,2014-12-22,True,True,NA,1157,A,0.0018260207960000274,0.0,0.998173979204,0.0,mccrone,1184
51073,2014-12-22,True,True,NA,1194,C,0.0,0.0,0.0,1.0,mccrone,1221
51073,2014-12-22,True,True,NP,207,G,0.997894736842,0.0,0.0021052631579999703,0.0,mccrone,207
51073,2014-12-22,True,True,NP,208,C,0.994231561599,0.005768438401000053,0.0,0.0,mccrone,208
51073,2014-12-22,True,True,NP,347,G,0.997375954198,0.0,0.0026240458020000412,0.0,mccrone,347
51073,2014-12-22,True,True,NP,492,G,0.996128858518,0.0,0.0038711414819999623,0.0,mccrone,492
51073,2014-12-22,True,True,NP,493,A,0.004244085014999954,0.995755914985,0.0,0.0,mccrone,493
51073,2014-12-22,True,True,NP,606,G,0.998055146021,0.0,0.0019448539790000163,0.0,mccrone,606
51073,2014-12-22,True,True,NP,885,G,0.999083745648,0.0,0.0009162543520000455,0.0,mccrone,885
51073,2014-12-22,True,True,NP,909,G,0.0,0.0,0.0011345014500000472,0.99886549855,mccrone,909
51073,2014-12-22,True,True,NP,918,C,0.0,0.0009446438689999503,0.0,0.999055356131,mccrone,918
51073,2014-12-22,True,True,NP,1002,C,0.0,0.0,0.0,1.0,mccrone,1002
51073,2014-12-22,True,True,NP,1092,A,0.0013173354219999656,0.0,0.998682664578,0.0,mccrone,1092
51073,2014-12-22,True,True,NP,1186,T,0.0,1.0,0.0,0.0,mccrone,1186
51073,2014-12-22,True,True,NP,1188,A,0.0,0.0,1.0,0.0,mccrone,1188
51073,2014-12-22,True,True,NP,1224,G,0.997760945167,0.0,0.0022390548330000204,0.0,mccrone,1224
51073,2014-12-22,True,True,NP,1407,C,1.0,0.0,0.0,0.0,mccrone,1407
51073,2014-12-22,True,True,NS,125,T,0.0,1.0,0.0,0.0,mccrone,125
51073,2014-12-22,True,True,NS,180,T,0.0,1.0,0.0,0.0,mccrone,180
51073,2014-12-22,True,True,NS,246,A,0.0,0.0,1.0,0.0,mccrone,246
51073,2014-12-22,True,True,NS,299,C,0.0,0.002245135540000054,0.0,0.99775486446,mccrone,299
51073,2014-12-22,True,True,NS,570,G,0.999043145442,0.0,0.0009568545579999865,0.0,mccrone,570
51073,2014-12-22,True,True,NS,744,A,0.0,0.0,1.0,0.0,mccrone,744
51073,2014-12-22,True,True,NS,813,G,1.0,0.0,0.0,0.0,mccrone,813
51073,2014-12-22,True,True,NS,843,C,0.0,0.0,0.0,1.0,mccrone,843
51073,2014-12-22,True,True,PA,153,C,0.0,0.0,1.0,0.0,mccrone,177
51073,2014-12-22,True,True,PA,258,C,0.0,0.002475247524999946,0.0,0.997524752475,mccrone,282
51073,2014-12-22,True,True,PA,282,A,0.0,1.0,0.0,0.0,mccrone,306
51073,2014-12-22,True,True,PA,501,T,0.0,1.0,0.0,0.0,mccrone,525
51073,2014-12-22,True,True,PA,552,C,0.998766954377,0.0012330456229999731,0.0,0.0,mccrone,576
51073,2014-12-22,True,True,PA,836,A,0.0015422578660000408,0.0,0.998457742134,0.0,mccrone,860
51073,2014-12-22,True,True,PA,858,G,0.998230360853,0.0,0.0017696391470000128,0.0,mccrone,882
51073,2014-12-22,True,True,PA,1001,G,0.998883885618,0.0,0.0011161143819999886,0.0,mccrone,1025
51073,2014-12-22,True,True,PA,1014,T,0.0,0.998299911132,0.0,0.0017000888679999937,mccrone,1038
51073,2014-12-22,True,True,PA,1137,G,0.998826118855,0.0,0.0011738811450000552,0.0,mccrone,1161
51073,2014-12-22,True,True,PA,1193,A,0.0023372287149999726,0.0,0.997662771285,0.0,mccrone,1217
51073,2014-12-22,True,True,PA,1552,T,0.0,0.999343730698,0.0,0.0006562693020000232,mccrone,1576
51073,2014-12-22,True,True,PA,1578,T,0.0,1.0,0.0,0.0,mccrone,1602
51073,2014-12-22,True,True,PA,1608,C,0.0,0.0007472371890000495,0.0,0.999252762811,mccrone,1632
51073,2014-12-22,True,True,PA,1794,G,0.997645567328,0.0,0.002354432671999973,0.0,mccrone,1818
51073,2014-12-22,True,True,PA,1848,A,0.010996456118000042,0.0,0.989003543882,0.0,mccrone,1872
51073,2014-12-22,True,True,PA,1850,A,0.0,0.0,1.0,0.0,mccrone,1874
51073,2014-12-22,True,True,PA,2001,G,1.0,0.0,0.0,0.0,mccrone,2025
51073,2014-12-22,True,True,PA,2049,T,0.0,1.0,0.0,0.0,mccrone,2073
51073,2014-12-22,True,True,PB1,364,A,0.0,0.0,1.0,0.0,mccrone,372
51073,2014-12-22,True,True,PB1,424,T,0.0,1.0,0.0,0.0,mccrone,432
51073,2014-12-22,True,True,PB1,470,A,0.0,0.0,0.0,1.0,mccrone,478
51073,2014-12-22,True,True,PB1,502,A,0.0010728567250000154,0.0,0.998927143275,0.0,mccrone,510
51073,2014-12-22,True,True,PB1,513,A,0.001011560693999991,0.0,0.0,0.998988439306,mccrone,521
51073,2014-12-22,True,True,PB1,589,G,1.0,0.0,0.0,0.0,mccrone,597
51073,2014-12-22,True,True,PB1,643,G,0.998066783831,0.0,0.001933216168999996,0.0,mccrone,651
51073,2014-12-22,True,True,PB1,655,C,0.0,0.0,0.0,1.0,mccrone,663
51073,2014-12-22,True,True,PB1,892,C,0.0,0.0,0.0,1.0,mccrone,900
51073,2014-12-22,True,True,PB1,910,T,0.0421432505725,0.0,0.0,0.9578567494275,mccrone,918
51073,2014-12-22,True,True,PB1,913,C,0.0,0.0011228070180000493,0.0,0.998877192982,mccrone,921
51073,2014-12-22,True,True,PB1,1003,G,0.999020202491,0.0,0.0009797975090000133,0.0,mccrone,1011
51073,2014-12-22,True,True,PB1,1159,T,0.0,1.0,0.0,0.0,mccrone,1167
51073,2014-12-22,True,True,PB1,1345,C,0.0,0.002158873460999966,0.0,0.997841126539,mccrone,1353
51073,2014-12-22,True,True,PB1,1570,T,0.0,1.0,0.0,0.0,mccrone,1578
51073,2014-12-22,True,True,PB1,1624,C,0.0,0.0,0.0,1.0,mccrone,1632
51073,2014-12-22,True,True,PB1,1690,A,0.0015458122539999675,0.0,0.998454187746,0.0,mccrone,1698
51073,2014-12-22,True,True,PB1,2074,G,1.0,0.0,0.0,0.0,mccrone,2082
51073,2014-12-22,True,True,PB2,57,G,1.0,0.0,0.0,0.0,mccrone,57
51073,2014-12-22,True,True,PB2,214,G,0.998173221577,0.0,0.0018267784230000528,0.0,mccrone,214
51073,2014-12-22,True,True,PB2,264,C,0.0,0.0,0.0,1.0,mccrone,264
51073,2014-12-22,True,True,PB2,573,A,0.0,0.0,1.0,0.0,mccrone,573
51073,2014-12-22,True,True,PB2,705,T,0.0,0.997714459851,0.0,0.002285540148999954,mccrone,705
51073,2014-12-22,True,True,PB2,843,A,0.0,0.0,1.0,0.0,mccrone,843
51073,2014-12-22,True,True,PB2,856,T,0.0,1.0,0.0,0.0,mccrone,856
51073,2014-12-22,True,True,PB2,945,A,0.0019394301059999508,0.0,0.998060569894,0.0,mccrone,945
51073,2014-12-22,True,True,PB2,1059,G,0.0,0.0,0.0,1.0,mccrone,1059
51073,2014-12-22,True,True,PB2,1149,A,0.002608913190999984,0.0,0.997391086809,0.0,mccrone,1149
51073,2014-12-22,True,True,PB2,1413,A,0.0022702306849999854,0.0,0.997729769315,0.0,mccrone,1413
51073,2014-12-22,True,True,PB2,1581,T,0.0,1.0,0.0,0.0,mccrone,1581
51073,2014-12-22,True,True,PB2,1602,G,0.999183976261,0.0,0.0008160237390000269,0.0,mccrone,1602
51073,2014-12-22,True,True,PB2,1659,A,0.0009672978910000296,0.0,0.999032702109,0.0,mccrone,1659
51073,2014-12-22,True,True,PB2,1662,C,0.0,0.0,0.0,1.0,mccrone,1662
51073,2014-12-22,True,True,PB2,1707,T,0.0,1.0,0.0,0.0,mccrone,1707
51073,2014-12-22,True,True,PB2,1790,T,0.0,1.0,0.0,0.0,mccrone,1790
51073,2014-12-22,True,True,PB2,1818,A,0.0025046963060000316,0.0,0.997495303694,0.0,mccrone,1818
51073,2014-12-22,True,True,PB2,1885,T,0.0,0.998908545182,0.0,0.0010914548179999928,mccrone,1885
51073,2014-12-22,True,True,PB2,2145,T,1.0,0.0,0.0,0.0,mccrone,2150
51073,2014-12-22,True,True,PB2,2184,A,0.0,0.0,1.0,0.0,mccrone,2189
51097,2014-12-19,False,False,HA,167,G,1.0,0.0,0.0,0.0,mccrone,221
51097,2014-12-19,False,False,HA,364,G,1.0,0.0,0.0,0.0,mccrone,425
51097,2014-12-19,False,False,HA,556,A,0.0,1.0,0.0,0.0,mccrone,647
51097,2014-12-19,False,False,HA,593,A,0.0028463998309999905,0.0,0.997153600169,0.0,mccrone,684
51097,2014-12-19,False,False,HA,658,C,0.0,0.001323534534000026,0.0,0.998676465466,mccrone,749
51097,2014-12-19,False,False,HA,683,C,0.997987927565,0.002012072435000012,0.0,0.0,mccrone,774
51097,2014-12-19,False,False,HA,685,T,0.0,0.99860130079,0.0,0.0013986992100000206,mccrone,776
51097,2014-12-19,False,False,HA,917,A,0.002050020500000027,0.0,0.9979499795,0.0,mccrone,1043
51097,2014-12-19,False,False,HA,1220,G,0.997669435778,0.0,0.0023305642219999534,0.0,mccrone,1346
51097,2014-12-19,False,False,HA,1466,C,1.0,0.0,0.0,0.0,mccrone,1592
51097,2014-12-19,False,False,MP,292,C,0.0,0.0027754056359999835,0.0,0.997224594364,mccrone,292
51097,2014-12-19,False,False,MP,320,C,0.0,0.0,0.0,1.0,mccrone,320
51097,2014-12-19,False,False,MP,349,A,0.0,0.0,1.0,0.0,mccrone,349
51097,2014-12-19,False,False,MP,427,A,0.0,0.0,1.0,0.0,mccrone,427
51097,2014-12-19,False,False,MP,549,G,1.0,0.0,0.0,0.0,mccrone,549
51097,2014-12-19,False,False,MP,694,C,0.0,0.001464825868999986,0.0,0.998535174131,mccrone,694
51097,2014-12-19,False,False,NA,103,T,0.0,1.0,0.0,0.0,mccrone,105
51097,2014-12-19,False,False,NA,211,A,0.0,0.0,1.0,0.0,mccrone,226
51097,2014-12-19,False,False,NA,223,A,0.001592187666,0.0,0.998407812334,0.0,mccrone,238
51097,2014-12-19,False,False,NA,226,T,0.0,1.0,0.0,0.0,mccrone,241
51097,2014-12-19,False,False,NA,446,G,0.997810119075,0.0,0.002189880925000054,0.0,mccrone,463
51097,2014-12-19,False,False,NA,700,G,0.0282006488645,0.0,0.9717993511355,0.0,mccrone,727
51097,2014-12-19,False,False,NA,710,A,0.0,0.0,1.0,0.0,mccrone,737
51097,2014-12-19,False,False,NA,819,C,1.0,0.0,0.0,0.0,mccrone,846
51097,2014-12-19,False,False,NA,907,G,0.99817722358,0.0,0.0018227764199999497,0.0,mccrone,934
51097,2014-12-19,False,False,NA,1108,A,0.0,0.0,1.0,0.0,mccrone,1135
51097,2014-12-19,False,False,NA,1157,A,0.0,0.0,1.0,0.0,mccrone,1184
51097,2014-12-19,False,False,NA,1194,C,0.0,0.0,0.0,1.0,mccrone,1221
51097,2014-12-19,False,False,NP,207,G,1.0,0.0,0.0,0.0,mccrone,207
51097,2014-12-19,False,False,NP,208,C,0.997045478527,0.0029545214730000158,0.0,0.0,mccrone,208
51097,2014-12-19,False,False,NP,300,G,0.05031166427,0.0,0.94968833573,0.0,mccrone,300
51097,2014-12-19,False,False,NP,347,G,0.99872455005,0.0,0.0012754499499999516,0.0,mccrone,347
51097,2014-12-19,False,False,NP,492,G,0.998068393189,0.0,0.0019316068110000195,0.0,mccrone,492
51097,2014-12-19,False,False,NP,493,A,0.0014925373130000308,0.998507462687,0.0,0.0,mccrone,493
51097,2014-12-19,False,False,NP,606,G,0.998667258996,0.0,0.0013327410040000487,0.0,mccrone,606
51097,2014-12-19,False,False,NP,885,G,0.999248094603,0.0,0.0007519053969999856,0.0,mccrone,885
51097,2014-12-19,False,False,NP,909,G,0.0,0.0,0.0,1.0,mccrone,909
51097,2014-12-19,False,False,NP,918,C,0.0,0.0,0.0,1.0,mccrone,918
51097,2014-12-19,False,False,NP,1002,C,0.0,0.0,0.0,1.0,mccrone,1002
51097,2014-12-19,False,False,NP,1092,A,0.0015094339619999841,0.0,0.998490566038,0.0,mccrone,1092
51097,2014-12-19,False,False,NP,1186,T,0.0,1.0,0.0,0.0,mccrone,1186
51097,2014-12-19,False,False,NP,1188,A,0.0,0.0,1.0,0.0,mccrone,1188
51097,2014-12-19,False,False,NP,1224,G,0.997631872214,0.0,0.0023681277860000405,0.0,mccrone,1224
51097,2014-12-19,False,False,NP,1276,A,0.9751184925098,0.0,0.0248815074902,0.0,mccrone,1276
51097,2014-12-19,False,False,NP,1342,A,0.002176460739999997,0.99782353926,0.0,0.0,mccrone,1342
51097,2014-12-19,False,False,NP,1407,C,1.0,0.0,0.0,0.0,mccrone,1407
51097,2014-12-19,False,False,NS,125,T,0.0,0.998340707965,0.0,0.0016592920350000373,mccrone,125
51097,2014-12-19,False,False,NS,180,T,0.0,0.998142989786,0.0,0.0018570102139999767,mccrone,180
51097,2014-12-19,False,False,NS,246,A,0.0,0.0,1.0,0.0,mccrone,246
51097,2014-12-19,False,False,NS,299,C,0.0,0.0014879649889999458,0.0,0.998512035011,mccrone,299
51097,2014-12-19,False,False,NS,570,G,1.0,0.0,0.0,0.0,mccrone,570
51097,2014-12-19,False,False,NS,744,A,0.0008795074759999633,0.0,0.999120492524,0.0,mccrone,744
51097,2014-12-19,False,False,NS,813,G,1.0,0.0,0.0,0.0,mccrone,813
51097,2014-12-19,False,False,NS,843,C,0.0,0.0,0.0,1.0,mccrone,843
51097,2014-12-19,False,False,PA,153,C,0.0,0.0,1.0,0.0,mccrone,177
51097,2014-12-19,False,False,PA,279,G,0.997897746384,0.0,0.002102253616000027,0.0,mccrone,303
51097,2014-12-19,False,False,PA,282,A,0.0012400793650000352,0.998759920635,0.0,0.0,mccrone,306
51097,2014-12-19,False,False,PA,501,T,0.0,1.0,0.0,0.0,mccrone,525
51097,2014-12-19,False,False,PA,552,C,0.998646034816,0.0013539651839999944,0.0,0.0,mccrone,576
51097,2014-12-19,False,False,PA,836,A,0.0,0.0,1.0,0.0,mccrone,860
51097,2014-12-19,False,False,PA,858,G,0.998797702275,0.0,0.0012022977250000233,0.0,mccrone,882
51097,2014-12-19,False,False,PA,1001,G,0.998884426595,0.0,0.0011155734050000143,0.0,mccrone,1025
51097,2014-12-19,False,False,PA,1014,T,0.0,0.998409050734,0.0,0.001590949266000008,mccrone,1038
51097,2014-12-19,False,False,PA,1137,G,1.0,0.0,0.0,0.0,mccrone,1161
51097,2014-12-19,False,False,PA,1193,A,0.0015566494169999556,0.0,0.998443350583,0.0,mccrone,1217
51097,2014-12-19,False,False,PA,1552,T,0.0,0.999076677719,0.0,0.0009233222810000052,mccrone,1576
51097,2014-12-19,False,False,PA,1578,T,0.0,0.999207044781,0.0,0.0007929552190000244,mccrone,1602
51097,2014-12-19,False,False,PA,1608,C,0.0,0.0008999742859999715,0.0,0.999100025714,mccrone,1632
51097,2014-12-19,False,False,PA,2001,G,0.998924731183,0.0,0.0010752688170000413,0.0,mccrone,2025
51097,2014-12-19,False,False,PA,2049,T,0.0,0.997100398695,0.0,0.002899601304999999,mccrone,2073
51097,2014-12-19,False,False,PA,2052,A,0.955310960299,0.0,0.044689039701,0.0,mccrone,2076
51097,2014-12-19,False,False,PB1,364,A,0.0009278897140000408,0.0,0.999072110286,0.0,mccrone,372
51097,2014-12-19,False,False,PB1,424,T,0.0,1.0,0.0,0.0,mccrone,432
51097,2014-12-19,False,False,PB1,470,A,0.0,0.0,0.0,1.0,mccrone,478
51097,2014-12-19,False,False,PB1,502,A,0.001011406417000038,0.0,0.998988593583,0.0,mccrone,510
51097,2014-12-19,False,False,PB1,513,A,0.0,0.0,0.0,1.0,mccrone,521
51097,2014-12-19,False,False,PB1,589,G,0.999139322216,0.0,0.0008606777840000079,0.0,mccrone,597
51097,2014-12-19,False,False,PB1,643,G,0.998249644459,0.0,0.0017503555410000038,0.0,mccrone,651
51097,2014-12-19,False,False,PB1,655,C,0.0,0.0,0.0,1.0,mccrone,663
51097,2014-12-19,False,False,PB1,892,C,0.0,0.0,0.0,1.0,mccrone,900
51097,2014-12-19,False,False,PB1,913,C,0.0,0.0008272276059999584,0.0,0.999172772394,mccrone,921
51097,2014-12-19,False,False,PB1,1003,G,0.99889212828,0.0,0.001107871720000042,0.0,mccrone,1011
51097,2014-12-19,False,False,PB1,1159,T,0.0,1.0,0.0,0.0,mccrone,1167
51097,2014-12-19,False,False,PB1,1179,A,0.99240757575534,0.0,0.00759242424466,0.0,mccrone,1187
51097,2014-12-19,False,False,PB1,1345,C,0.0,0.0012358162000000172,0.0,0.9987641838,mccrone,1353
51097,2014-12-19,False,False,PB1,1570,T,0.0,0.999071387115,0.0,0.000928612885000013,mccrone,1578
51097,2014-12-19,False,False,PB1,1624,C,0.0,0.0,0.0,1.0,mccrone,1632
51097,2014-12-19,False,False,PB1,1690,A,0.0014135812540000403,0.0,0.998586418746,0.0,mccrone,1698
51097,2014-12-19,False,False,PB1,2074,G,0.99824669967,0.0,0.001753300329999985,0.0,mccrone,2082
51097,2014-12-19,False,False,PB2,57,G,1.0,0.0,0.0,0.0,mccrone,57
51097,2014-12-19,False,False,PB2,214,G,0.998186293561,0.0,0.001813706439000029,0.0,mccrone,214
51097,2014-12-19,False,False,PB2,225,G,0.99787485242,0.0,0.002125147580000042,0.0,mccrone,225
51097,2014-12-19,False,False,PB2,264,C,0.0,0.0014186912570000043,0.0,0.998581308743,mccrone,264
51097,2014-12-19,False,False,PB2,391,G,0.997667230419,0.0,0.002332769581000038,0.0,mccrone,391
51097,2014-12-19,False,False,PB2,573,A,0.0,0.0,1.0,0.0,mccrone,573
51097,2014-12-19,False,False,PB2,705,T,0.0,0.997683105584,0.0,0.002316894416000026,mccrone,705
51097,2014-12-19,False,False,PB2,843,A,0.0,0.0,1.0,0.0,mccrone,843
51097,2014-12-19,False,False,PB2,856,T,0.0,1.0,0.0,0.0,mccrone,856
51097,2014-12-19,False,False,PB2,1059,G,0.0,0.0,0.0,1.0,mccrone,1059
51097,2014-12-19,False,False,PB2,1149,A,0.0023149159209999715,0.0,0.997685084079,0.0,mccrone,1149
51097,2014-12-19,False,False,PB2,1413,A,0.0017717608580000155,0.0,0.998228239142,0.0,mccrone,1413
51097,2014-12-19,False,False,PB2,1581,T,0.0,1.0,0.0,0.0,mccrone,1581
51097,2014-12-19,False,False,PB2,1602,G,1.0,0.0,0.0,0.0,mccrone,1602
51097,2014-12-19,False,False,PB2,1659,A,0.0,0.0,1.0,0.0,mccrone,1659
51097,2014-12-19,False,False,PB2,1662,C,0.0,0.0,0.0,1.0,mccrone,1662
51097,2014-12-19,False,False,PB2,1707,T,0.0,0.999254461581,0.0,0.0007455384190000469,mccrone,1707
51097,2014-12-19,False,False,PB2,1790,T,0.0,1.0,0.0,0.0,mccrone,1790
51097,2014-12-19,False,False,PB2,1818,A,0.0015291274109999753,0.0,0.998470872589,0.0,mccrone,1818
51097,2014-12-19,False,False,PB2,1885,T,0.0,0.998334807722,0.0,0.001665192277999994,mccrone,1885
51097,2014-12-19,False,False,PB2,2145,T,1.0,0.0,0.0,0.0,mccrone,2150
51097,2014-12-19,False,False,PB2,2184,A,0.0,0.0,1.0,0.0,mccrone,2189
51097,2014-12-19,True,False,HA,167,G,1.0,0.0,0.0,0.0,mccrone,221
51097,2014-12-19,True,False,HA,364,G,0.998760728875,0.0,0.0012392711249999966,0.0,mccrone,425
51097,2014-12-19,True,False,HA,556,A,0.0011216846980000028,0.998878315302,0.0,0.0,mccrone,647
51097,2014-12-19,True,False,HA,593,A,0.0015842724950000386,0.0,0.998415727505,0.0,mccrone,684
51097,2014-12-19,True,False,HA,658,C,0.0,0.001056784556999979,0.0,0.998943215443,mccrone,749
51097,2014-12-19,True,False,HA,683,C,0.997704108255,0.0022958917450000005,0.0,0.0,mccrone,774
51097,2014-12-19,True,False,HA,685,T,0.0,1.0,0.0,0.0,mccrone,776
51097,2014-12-19,True,False,HA,917,A,0.0017637880740000167,0.0,0.998236211926,0.0,mccrone,1043
51097,2014-12-19,True,False,HA,1220,G,0.996502964878,0.0,0.0034970351219999474,0.0,mccrone,1346
51097,2014-12-19,True,False,HA,1466,C,1.0,0.0,0.0,0.0,mccrone,1592
51097,2014-12-19,True,False,MP,292,C,0.0,0.002872062662999997,0.0,0.997127937337,mccrone,292
51097,2014-12-19,True,False,MP,320,C,0.0,0.003049638734999971,0.0,0.996950361265,mccrone,320
51097,2014-12-19,True,False,MP,349,A,0.0013754566950000546,0.0,0.998624543305,0.0,mccrone,349
51097,2014-12-19,True,False,MP,427,A,0.0011023006079999842,0.0,0.998897699392,0.0,mccrone,427
51097,2014-12-19,True,False,MP,549,G,0.998621640248,0.0,0.001378359751999958,0.0,mccrone,549
51097,2014-12-19,True,False,MP,694,C,0.0,0.0013645567390000446,0.0,0.998635443261,mccrone,694
51097,2014-12-19,True,False,NA,103,T,0.0,1.0,0.0,0.0,mccrone,105
51097,2014-12-19,True,False,NA,211,A,0.0,0.0,1.0,0.0,mccrone,226
51097,2014-12-19,True,False,NA,223,A,0.0,0.0,1.0,0.0,mccrone,238
51097,2014-12-19,True,False,NA,226,T,0.0,1.0,0.0,0.0,mccrone,241
51097,2014-12-19,True,False,NA,446,G,0.997830214266,0.0,0.0021697857339999516,0.0,mccrone,463
51097,2014-12-19,True,False,NA,700,G,0.0378279094117,0.0,0.9621720905883,0.0,mccrone,727
51097,2014-12-19,True,False,NA,710,A,0.0,0.0,1.0,0.0,mccrone,737
51097,2014-12-19,True,False,NA,819,C,1.0,0.0,0.0,0.0,mccrone,846
51097,2014-12-19,True,False,NA,907,G,0.997604273034,0.0,0.002395726965999989,0.0,mccrone,934
51097,2014-12-19,True,False,NA,1108,A,0.00211279050900004,0.0,0.997887209491,0.0,mccrone,1135
51097,2014-12-19,True,False,NA,1157,A,0.001562907007000014,0.0,0.998437092993,0.0,mccrone,1184
51097,2014-12-19,True,False,NA,1194,C,0.0,0.0,0.0,1.0,mccrone,1221
51097,2014-12-19,True,False,NP,207,G,0.997774286462,0.0,0.0022257135380000515,0.0,mccrone,207
51097,2014-12-19,True,False,NP,208,C,1.0,0.0,0.0,0.0,mccrone,208
51097,2014-12-19,True,False,NP,300,G,0.0270648583852,0.0,0.9729351416148,0.0,mccrone,300
51097,2014-12-19,True,False,NP,347,G,0.998963843595,0.0,0.0010361564049999883,0.0,mccrone,347
51097,2014-12-19,True,False,NP,492,G,0.997858672377,0.0,0.002141327623000011,0.0,mccrone,492
51097,2014-12-19,True,False,NP,493,A,0.0019073263769999738,0.998092673623,0.0,0.0,mccrone,493
51097,2014-12-19,True,False,NP,606,G,0.998509480398,0.0,0.0014905196019999734,0.0,mccrone,606
51097,2014-12-19,True,False,NP,885,G,0.999402786994,0.0,0.0005972130060000191,0.0,mccrone,885
51097,2014-12-19,True,False,NP,909,G,0.0,0.0,0.0,1.0,mccrone,909
51097,2014-12-19,True,False,NP,918,C,0.0,0.0008634683799999543,0.0,0.99913653162,mccrone,918
51097,2014-12-19,True,False,NP,1002,C,0.0,0.0005411645859999537,0.0,0.999458835414,mccrone,1002
51097,2014-12-19,True,False,NP,1092,A,0.0,0.0,1.0,0.0,mccrone,1092
51097,2014-12-19,True,False,NP,1186,T,0.0,0.999488942576,0.0,0.0005110574240000387,mccrone,1186
51097,2014-12-19,True,False,NP,1188,A,0.0008373261390000053,0.0,0.999162673861,0.0,mccrone,1188
51097,2014-12-19,True,False,NP,1224,G,0.997690531178,0.0,0.002309468822000005,0.0,mccrone,1224
51097,2014-12-19,True,False,NP,1342,A,0.003900896151999955,0.996099103848,0.0,0.0,mccrone,1342
51097,2014-12-19,True,False,NP,1407,C,1.0,0.0,0.0,0.0,mccrone,1407
51097,2014-12-19,True,False,NS,125,T,0.0,1.0,0.0,0.0,mccrone,125
51097,2014-12-19,True,False,NS,180,T,0.0,0.998591549296,0.0,0.001408450703999975,mccrone,180
51097,2014-12-19,True,False,NS,246,A,0.0,0.0,1.0,0.0,mccrone,246
51097,2014-12-19,True,False,NS,299,C,0.0,0.0014095196790000486,0.0,0.998590480321,mccrone,299
51097,2014-12-19,True,False,NS,570,G,0.998901340365,0.0,0.0010986596349999989,0.0,mccrone,570
51097,2014-12-19,True,False,NS,744,A,0.0,0.0,1.0,0.0,mccrone,744
51097,2014-12-19,True,False,NS,813,G,1.0,0.0,0.0,0.0,mccrone,813
51097,2014-12-19,True,False,NS,843,C,0.0,0.0,0.0,1.0,mccrone,843
51097,2014-12-19,True,False,PA,153,C,0.0,0.0,1.0,0.0,mccrone,177
51097,2014-12-19,True,False,PA,279,G,0.995185363505,0.0,0.004814636495000024,0.0,mccrone,303
51097,2014-12-19,True,False,PA,282,A,0.0,1.0,0.0,0.0,mccrone,306
51097,2014-12-19,True,False,PA,501,T,0.0,0.999019709008,0.0,0.0009802909920000324,mccrone,525
51097,2014-12-19,True,False,PA,552,C,0.998424144024,0.0015758559759999624,0.0,0.0,mccrone,576
51097,2014-12-19,True,False,PA,836,A,0.0,0.0,1.0,0.0,mccrone,860
51097,2014-12-19,True,False,PA,858,G,0.999041561384,0.0,0.0009584386159999791,0.0,mccrone,882
51097,2014-12-19,True,False,PA,1001,G,0.998849791258,0.0,0.001150208742000003,0.0,mccrone,1025
51097,2014-12-19,True,False,PA,1014,T,0.0,0.998561029287,0.0,0.0014389707130000318,mccrone,1038
51097,2014-12-19,True,False,PA,1137,G,0.99872783979,0.0,0.001272160209999984,0.0,mccrone,1161
51097,2014-12-19,True,False,PA,1193,A,0.001861658117000009,0.0,0.998138341883,0.0,mccrone,1217
51097,2014-12-19,True,False,PA,1552,T,0.0,1.0,0.0,0.0,mccrone,1576
51097,2014-12-19,True,False,PA,1578,T,0.0,0.999217527387,0.0,0.0007824726130000181,mccrone,1602
51097,2014-12-19,True,False,PA,1608,C,0.0,0.00089843415799995,0.0,0.999101565842,mccrone,1632
51097,2014-12-19,True,False,PA,2001,G,1.0,0.0,0.0,0.0,mccrone,2025
51097,2014-12-19,True,False,PA,2049,T,0.0,1.0,0.0,0.0,mccrone,2073
51097,2014-12-19,True,False,PA,2052,A,0.9544290804065,0.0,0.0455709195935,0.0,mccrone,2076
51097,2014-12-19,True,False,PB1,364,A,0.0007535795030000347,0.0,0.999246420497,0.0,mccrone,372
51097,2014-12-19,True,False,PB1,424,T,0.0,1.0,0.0,0.0,mccrone,432
51097,2014-12-19,True,False,PB1,470,A,0.0,0.0,0.0,1.0,mccrone,478
51097,2014-12-19,True,False,PB1,502,A,0.0013269485950000437,0.0,0.998673051405,0.0,mccrone,510
51097,2014-12-19,True,False,PB1,513,A,0.0007413321170000042,0.0,0.0,0.999258667883,mccrone,521
51097,2014-12-19,True,False,PB1,589,G,0.998986288214,0.0,0.00101371178599996,0.0,mccrone,597
51097,2014-12-19,True,False,PB1,643,G,0.997588295193,0.0,0.002411704807000037,0.0,mccrone,651
51097,2014-12-19,True,False,PB1,655,C,0.0,0.0,0.0,1.0,mccrone,663
51097,2014-12-19,True,False,PB1,892,C,0.0,0.0006872065059999599,0.0,0.999312793494,mccrone,900
51097,2014-12-19,True,False,PB1,913,C,0.0,0.0010777695839999657,0.0,0.998922230416,mccrone,921
51097,2014-12-19,True,False,PB1,1003,G,0.999086288619,0.0,0.0009137113810000486,0.0,mccrone,1011
51097,2014-12-19,True,False,PB1,1159,T,0.0,1.0,0.0,0.0,mccrone,1167
51097,2014-12-19,True,False,PB1,1179,A,0.99300476947536,0.0,0.00699523052464,0.0,mccrone,1187
51097,2014-12-19,True,False,PB1,1345,C,0.0,0.0010139131409999669,0.0,0.998986086859,mccrone,1353
51097,2014-12-19,True,False,PB1,1570,T,0.0,0.999429191164,0.0,0.0005708088360000252,mccrone,1578
51097,2014-12-19,True,False,PB1,1624,C,0.0,0.0,0.0,1.0,mccrone,1632
51097,2014-12-19,True,False,PB1,1690,A,0.0012410447339999964,0.0,0.998758955266,0.0,mccrone,1698
51097,2014-12-19,True,False,PB1,2074,G,0.997163852005,0.0,0.0028361479949999824,0.0,mccrone,2082
51097,2014-12-19,True,False,PB2,57,G,1.0,0.0,0.0,0.0,mccrone,57
51097,2014-12-19,True,False,PB2,214,G,0.998259608412,0.0,0.0017403915879999898,0.0,mccrone,214
51097,2014-12-19,True,False,PB2,225,G,0.995553811952,0.0,0.0044461880480000104,0.0,mccrone,225
51097,2014-12-19,True,False,PB2,264,C,0.0,0.0,0.0,1.0,mccrone,264
51097,2014-12-19,True,False,PB2,391,G,0.99739472887,0.0,0.0026052711299999753,0.0,mccrone,391
51097,2014-12-19,True,False,PB2,573,A,0.0,0.0,1.0,0.0,mccrone,573
51097,2014-12-19,True,False,PB2,705,T,0.0,0.998091023472,0.0,0.0019089765280000393,mccrone,705
51097,2014-12-19,True,False,PB2,843,A,0.0,0.0,1.0,0.0,mccrone,843
51097,2014-12-19,True,False,PB2,856,T,0.0,0.999015537388,0.0,0.0009844626120000255,mccrone,856
51097,2014-12-19,True,False,PB2,1059,G,0.0,0.0,0.0,1.0,mccrone,1059
51097,2014-12-19,True,False,PB2,1149,A,0.0016159004610000194,0.0,0.998384099539,0.0,mccrone,1149
51097,2014-12-19,True,False,PB2,1413,A,0.0017047817049999914,0.0,0.998295218295,0.0,mccrone,1413
51097,2014-12-19,True,False,PB2,1581,T,0.0,0.998776784208,0.0,0.0012232157920000208,mccrone,1581
51097,2014-12-19,True,False,PB2,1602,G,0.998996739403,0.0,0.0010032605969999553,0.0,mccrone,1602
51097,2014-12-19,True,False,PB2,1659,A,0.0,0.0,1.0,0.0,mccrone,1659
51097,2014-12-19,True,False,PB2,1662,C,0.0,0.0,0.0,1.0,mccrone,1662
51097,2014-12-19,True,False,PB2,1707,T,0.0,1.0,0.0,0.0,mccrone,1707
51097,2014-12-19,True,False,PB2,1790,T,0.0,0.999401886358,0.0,0.0005981136420000199,mccrone,1790
51097,2014-12-19,True,False,PB2,1818,A,0.0015495867770000116,0.0,0.998450413223,0.0,mccrone,1818
51097,2014-12-19,True,False,PB2,1885,T,0.0,1.0,0.0,0.0,mccrone,1885
51097,2014-12-19,True,False,PB2,2145,T,1.0,0.0,0.0,0.0,mccrone,2150
51097,2014-12-19,True,False,PB2,2184,A,0.0,0.0,1.0,0.0,mccrone,2189
51101,2014-12-22,False,False,HA,167,G,0.998064516129,0.0,0.0019354838709999544,0.0,mccrone,221
51101,2014-12-22,False,False,HA,364,G,0.999088630668,0.0,0.0009113693319999783,0.0,mccrone,425
51101,2014-12-22,False,False,HA,556,A,0.0010341576179999645,0.998965842382,0.0,0.0,mccrone,647
51101,2014-12-22,False,False,HA,593,A,0.002142167511000048,0.0,0.997857832489,0.0,mccrone,684
51101,2014-12-22,False,False,HA,658,C,0.0,0.0012750941489999557,0.0,0.998724905851,mccrone,749
51101,2014-12-22,False,False,HA,683,C,0.997946792597,0.002053207402999968,0.0,0.0,mccrone,774
51101,2014-12-22,False,False,HA,685,T,0.0,0.998935604045,0.0,0.0010643959549999638,mccrone,776
51101,2014-12-22,False,False,HA,862,G,0.0106982723988,0.0,0.9893017276012,0.0,mccrone,985
51101,2014-12-22,False,False,HA,917,A,0.0019315036899999471,0.0,0.99806849631,0.0,mccrone,1043
51101,2014-12-22,False,False,HA,1220,G,0.997875398363,0.0,0.002124601637000012,0.0,mccrone,1346
51101,2014-12-22,False,False,HA,1229,G,0.00443708588971,0.0,0.99556291411029,0.0,mccrone,1355
51101,2014-12-22,False,False,HA,1466,C,1.0,0.0,0.0,0.0,mccrone,1592
51101,2014-12-22,False,False,MP,292,C,0.0,0.0027296014780000544,0.0,0.997270398522,mccrone,292
51101,2014-12-22,False,False,MP,320,C,0.0,0.0019661965439999873,0.0,0.998033803456,mccrone,320
51101,2014-12-22,False,False,MP,349,A,0.0,0.0,1.0,0.0,mccrone,349
51101,2014-12-22,False,False,MP,427,A,0.0,0.0,1.0,0.0,mccrone,427
51101,2014-12-22,False,False,MP,549,G,0.998867595819,0.0,0.001132404181000024,0.0,mccrone,549
51101,2014-12-22,False,False,MP,694,C,0.0,0.0020539800369999694,0.0,0.997946019963,mccrone,694
51101,2014-12-22,False,False,NA,103,T,0.0,1.0,0.0,0.0,mccrone,105
51101,2014-12-22,False,False,NA,211,A,0.0,0.0,1.0,0.0,mccrone,226
51101,2014-12-22,False,False,NA,223,A,0.0,0.0,1.0,0.0,mccrone,238
51101,2014-12-22,False,False,NA,226,T,0.0,1.0,0.0,0.0,mccrone,241
51101,2014-12-22,False,False,NA,446,G,0.997353096877,0.0,0.0026469031229999773,0.0,mccrone,463
51101,2014-12-22,False,False,NA,710,A,0.001009693053000027,0.0,0.998990306947,0.0,mccrone,737
51101,2014-12-22,False,False,NA,819,C,1.0,0.0,0.0,0.0,mccrone,846
51101,2014-12-22,False,False,NA,907,G,0.998073973678,0.0,0.0019260263220000073,0.0,mccrone,934
51101,2014-12-22,False,False,NA,1108,A,0.0,0.0,1.0,0.0,mccrone,1135
51101,2014-12-22,False,False,NA,1157,A,0.0006810056179999968,0.0,0.999318994382,0.0,mccrone,1184
51101,2014-12-22,False,False,NA,1194,C,0.0,0.0,0.0,1.0,mccrone,1221
51101,2014-12-22,False,False,NP,207,G,0.997934595525,0.0,0.002065404475000032,0.0,mccrone,207
51101,2014-12-22,False,False,NP,208,C,0.996842936069,0.003157063931000015,0.0,0.0,mccrone,208
51101,2014-12-22,False,False,NP,347,G,0.99892541396,0.0,0.0010745860399999918,0.0,mccrone,347
51101,2014-12-22,False,False,NP,492,G,0.997680629744,0.0,0.0023193702560000418,0.0,mccrone,492
51101,2014-12-22,False,False,NP,493,A,0.0022387015529999887,0.997761298447,0.0,0.0,mccrone,493
51101,2014-12-22,False,False,NP,606,G,0.998916398503,0.0,0.0010836014970000418,0.0,mccrone,606
51101,2014-12-22,False,False,NP,885,G,0.999406101525,0.0,0.0005938984750000209,0.0,mccrone,885
51101,2014-12-22,False,False,NP,909,G,0.0,0.0,0.0,1.0,mccrone,909
51101,2014-12-22,False,False,NP,918,C,0.0,0.0011626404860000106,0.0,0.998837359514,mccrone,918
51101,2014-12-22,False,False,NP,1002,C,0.0,0.0,0.0,1.0,mccrone,1002
51101,2014-12-22,False,False,NP,1092,A,0.0,0.0,1.0,0.0,mccrone,1092
51101,2014-12-22,False,False,NP,1186,T,0.0,1.0,0.0,0.0,mccrone,1186
51101,2014-12-22,False,False,NP,1188,A,0.0,0.0,1.0,0.0,mccrone,1188
51101,2014-12-22,False,False,NP,1224,G,0.997789379615,0.0,0.002210620384999973,0.0,mccrone,1224
51101,2014-12-22,False,False,NP,1311,G,0.0131599138576,0.0,0.9868400861424,0.0,mccrone,1311
51101,2014-12-22,False,False,NP,1342,A,0.0031152647979999504,0.996884735202,0.0,0.0,mccrone,1342
51101,2014-12-22,False,False,NP,1407,C,1.0,0.0,0.0,0.0,mccrone,1407
51101,2014-12-22,False,False,NS,125,T,0.0,1.0,0.0,0.0,mccrone,125
51101,2014-12-22,False,False,NS,180,T,0.0,1.0,0.0,0.0,mccrone,180
51101,2014-12-22,False,False,NS,246,A,0.0,0.0,1.0,0.0,mccrone,246
51101,2014-12-22,False,False,NS,299,C,0.0,0.001734605376999987,0.0,0.998265394623,mccrone,299
51101,2014-12-22,False,False,NS,441,G,0.0227637263668,0.0,0.9772362736332,0.0,mccrone,441
51101,2014-12-22,False,False,NS,570,G,1.0,0.0,0.0,0.0,mccrone,570
51101,2014-12-22,False,False,NS,729,A,0.528717010227,0.0,0.471282989773,0.0,mccrone,729
51101,2014-12-22,False,False,NS,744,A,0.0,0.0,1.0,0.0,mccrone,744
51101,2014-12-22,False,False,NS,813,G,1.0,0.0,0.0,0.0,mccrone,813
51101,2014-12-22,False,False,NS,843,C,0.0,0.0,0.0,1.0,mccrone,843
51101,2014-12-22,False,False,PA,153,C,0.0,0.0,1.0,0.0,mccrone,177
51101,2014-12-22,False,False,PA,258,C,0.0,0.5429413294050001,0.0,0.457058670595,mccrone,282
51101,2014-12-22,False,False,PA,279,G,0.997953964194,0.0,0.002046035806000046,0.0,mccrone,303
51101,2014-12-22,False,False,PA,282,A,0.001881059181000011,0.998118940819,0.0,0.0,mccrone,306
51101,2014-12-22,False,False,PA,501,T,0.0,1.0,0.0,0.0,mccrone,525
51101,2014-12-22,False,False,PA,552,C,0.998918292447,0.0010817075529999665,0.0,0.0,mccrone,576
51101,2014-12-22,False,False,PA,836,A,0.0,0.0,1.0,0.0,mccrone,860
51101,2014-12-22,False,False,PA,858,G,1.0,0.0,0.0,0.0,mccrone,882
51101,2014-12-22,False,False,PA,1001,G,0.99923970141,0.0,0.0007602985900000414,0.0,mccrone,1025
51101,2014-12-22,False,False,PA,1014,T,0.0,0.999028418752,0.0,0.0009715812480000086,mccrone,1038
51101,2014-12-22,False,False,PA,1137,G,1.0,0.0,0.0,0.0,mccrone,1161
51101,2014-12-22,False,False,PA,1193,A,0.0017736544099999918,0.0,0.99822634559,0.0,mccrone,1217
51101,2014-12-22,False,False,PA,1467,A,0.46190394804299995,0.0,0.538096051957,0.0,mccrone,1491
51101,2014-12-22,False,False,PA,1552,T,0.0,1.0,0.0,0.0,mccrone,1576
51101,2014-12-22,False,False,PA,1578,T,0.0,1.0,0.0,0.0,mccrone,1602
51101,2014-12-22,False,False,PA,1608,C,0.0,0.0010663254430000046,0.0,0.998933674557,mccrone,1632
51101,2014-12-22,False,False,PA,2001,G,0.999207371446,0.0,0.0007926285539999745,0.0,mccrone,2025
51101,2014-12-22,False,False,PA,2049,T,0.0,1.0,0.0,0.0,mccrone,2073
51101,2014-12-22,False,False,PB1,364,A,0.0008466803079999474,0.0,0.999153319692,0.0,mccrone,372
51101,2014-12-22,False,False,PB1,424,T,0.0,0.999207026961,0.0,0.0007929730389999445,mccrone,432
51101,2014-12-22,False,False,PB1,470,A,0.0,0.0,0.0,1.0,mccrone,478
51101,2014-12-22,False,False,PB1,502,A,0.001025862534000055,0.0,0.998974137466,0.0,mccrone,510
51101,2014-12-22,False,False,PB1,513,A,0.0,0.0,0.0,1.0,mccrone,521
51101,2014-12-22,False,False,PB1,589,G,1.0,0.0,0.0,0.0,mccrone,597
51101,2014-12-22,False,False,PB1,643,G,0.997827295235,0.0,0.0021727047649999776,0.0,mccrone,651
51101,2014-12-22,False,False,PB1,655,C,0.0,0.0,0.0,1.0,mccrone,663
51101,2014-12-22,False,False,PB1,892,C,0.0,0.0,0.0,1.0,mccrone,900
51101,2014-12-22,False,False,PB1,913,C,0.0,0.0015295197310000175,0.0,0.998470480269,mccrone,921
51101,2014-12-22,False,False,PB1,1003,G,0.999238733252,0.0,0.0007612667480000335,0.0,mccrone,1011
51101,2014-12-22,False,False,PB1,1159,T,0.0,1.0,0.0,0.0,mccrone,1167
51101,2014-12-22,False,False,PB1,1345,C,0.0,0.0015598269100000062,0.0,0.99844017309,mccrone,1353
51101,2014-12-22,False,False,PB1,1570,T,0.0,0.998894250101,0.0,0.0011057498990000303,mccrone,1578
51101,2014-12-22,False,False,PB1,1621,A,0.9643966876881,0.0,0.0356033123119,0.0,mccrone,1629
51101,2014-12-22,False,False,PB1,1624,C,0.0,0.0,0.0,1.0,mccrone,1632
51101,2014-12-22,False,False,PB1,1690,A,0.0014492029379999938,0.0,0.998550797062,0.0,mccrone,1698
51101,2014-12-22,False,False,PB1,2074,G,0.997569737954,0.0,0.0024302620460000535,0.0,mccrone,2082
51101,2014-12-22,False,False,PB2,57,G,1.0,0.0,0.0,0.0,mccrone,57
51101,2014-12-22,False,False,PB2,214,G,0.998233423625,0.0,0.0017665763749999952,0.0,mccrone,214
51101,2014-12-22,False,False,PB2,225,G,0.997463002114,0.0,0.0025369978860000364,0.0,mccrone,225
51101,2014-12-22,False,False,PB2,264,C,0.0,0.0,0.0,1.0,mccrone,264
51101,2014-12-22,False,False,PB2,391,G,0.998001498876,0.0,0.0019985011240000183,0.0,mccrone,391
51101,2014-12-22,False,False,PB2,484,G,0.0380963841513,0.0,0.9619036158487,0.0,mccrone,484
51101,2014-12-22,False,False,PB2,528,T,0.0,0.0223344929805,0.0,0.9776655070195,mccrone,528
51101,2014-12-22,False,False,PB2,573,A,0.0008265487459999665,0.0,0.999173451254,0.0,mccrone,573
51101,2014-12-22,False,False,PB2,705,T,0.0,0.99804980498,0.0,0.001950195020000045,mccrone,705
51101,2014-12-22,False,False,PB2,843,A,0.0,0.0,1.0,0.0,mccrone,843
51101,2014-12-22,False,False,PB2,856,T,0.0,0.998824243344,0.0,0.0011757566560000043,mccrone,856
51101,2014-12-22,False,False,PB2,1059,G,0.0,0.0,0.0,1.0,mccrone,1059
51101,2014-12-22,False,False,PB2,1149,A,0.0015432640029999778,0.0,0.998456735997,0.0,mccrone,1149
51101,2014-12-22,False,False,PB2,1413,A,0.002527842907000033,0.0,0.997472157093,0.0,mccrone,1413
51101,2014-12-22,False,False,PB2,1581,T,0.0,1.0,0.0,0.0,mccrone,1581
51101,2014-12-22,False,False,PB2,1602,G,0.999266108909,0.0,0.0007338910909999719,0.0,mccrone,1602
51101,2014-12-22,False,False,PB2,1659,A,0.0,0.0,1.0,0.0,mccrone,1659
51101,2014-12-22,False,False,PB2,1662,C,0.0,0.001088020890000041,0.0,0.99891197911,mccrone,1662
51101,2014-12-22,False,False,PB2,1707,T,0.0,0.999059372413,0.0,0.0009406275869999758,mccrone,1707
51101,2014-12-22,False,False,PB2,1790,T,0.0,0.999018298908,0.0,0.0009817010920000202,mccrone,1790
51101,2014-12-22,False,False,PB2,1818,A,0.0013751263900000366,0.0,0.99862487361,0.0,mccrone,1818
51101,2014-12-22,False,False,PB2,1885,T,0.0,1.0,0.0,0.0,mccrone,1885
51101,2014-12-22,False,False,PB2,2145,T,1.0,0.0,0.0,0.0,mccrone,2150
51101,2014-12-22,False,False,PB2,2184,A,0.0,0.0,1.0,0.0,mccrone,2189
51101,2014-12-22,True,False,HA,167,G,1.0,0.0,0.0,0.0,mccrone,221
51101,2014-12-22,True,False,HA,364,G,0.998665426457,0.0,0.0013345735430000394,0.0,mccrone,425
51101,2014-12-22,True,False,HA,438,A,0.99188157150853,0.00811842849147,0.0,0.0,mccrone,524
51101,2014-12-22,True,False,HA,556,A,0.0010256059619999647,0.998974394038,0.0,0.0,mccrone,647
51101,2014-12-22,True,False,HA,593,A,0.0016185687719999509,0.0,0.998381431228,0.0,mccrone,684
51101,2014-12-22,True,False,HA,658,C,0.0,0.0013943206940000286,0.0,0.998605679306,mccrone,749
51101,2014-12-22,True,False,HA,683,C,0.997517851071,0.0024821489290000054,0.0,0.0,mccrone,774
51101,2014-12-22,True,False,HA,685,T,0.0,0.999038758625,0.0,0.0009612413749999771,mccrone,776
51101,2014-12-22,True,False,HA,862,G,0.00831959605364,0.0,0.99168040394636,0.0,mccrone,985
51101,2014-12-22,True,False,HA,917,A,0.0016677785190000183,0.0,0.998332221481,0.0,mccrone,1043
51101,2014-12-22,True,False,HA,1220,G,0.998553305141,0.0,0.0014466948589999529,0.0,mccrone,1346
51101,2014-12-22,True,False,HA,1229,G,0.00630195142839,0.0,0.99369804857161,0.0,mccrone,1355
51101,2014-12-22,True,False,HA,1466,C,1.0,0.0,0.0,0.0,mccrone,1592
51101,2014-12-22,True,False,MP,292,C,0.0,0.0033104150749999617,0.0,0.996689584925,mccrone,292
51101,2014-12-22,True,False,MP,320,C,0.0,0.0023781212839999455,0.0,0.997621878716,mccrone,320
51101,2014-12-22,True,False,MP,349,A,0.001271770234000047,0.0,0.998728229766,0.0,mccrone,349
51101,2014-12-22,True,False,MP,427,A,0.0,0.0,1.0,0.0,mccrone,427
51101,2014-12-22,True,False,MP,549,G,0.998414748708,0.0,0.001585251292000045,0.0,mccrone,549
51101,2014-12-22,True,False,MP,694,C,0.0,0.0014994109460000349,0.0,0.998500589054,mccrone,694
51101,2014-12-22,True,False,NA,103,T,0.0,1.0,0.0,0.0,mccrone,105
51101,2014-12-22,True,False,NA,211,A,0.0013462244520000555,0.0,0.998653775548,0.0,mccrone,226
51101,2014-12-22,True,False,NA,223,A,0.0,0.0,1.0,0.0,mccrone,238
51101,2014-12-22,True,False,NA,226,T,0.0,1.0,0.0,0.0,mccrone,241
51101,2014-12-22,True,False,NA,446,G,0.997775305895,0.0,0.0022246941050000357,0.0,mccrone,463
51101,2014-12-22,True,False,NA,710,A,0.0012137655289999882,0.0,0.998786234471,0.0,mccrone,737
51101,2014-12-22,True,False,NA,819,C,1.0,0.0,0.0,0.0,mccrone,846
51101,2014-12-22,True,False,NA,907,G,0.997937995152,0.0,0.0020620048480000097,0.0,mccrone,934
51101,2014-12-22,True,False,NA,1108,A,0.0,0.0,1.0,0.0,mccrone,1135
51101,2014-12-22,True,False,NA,1157,A,0.00118170052300004,0.0,0.998818299477,0.0,mccrone,1184
51101,2014-12-22,True,False,NA,1194,C,0.0,0.0,0.0,1.0,mccrone,1221
51101,2014-12-22,True,False,NP,207,G,0.997409645985,0.0,0.0025903540149999627,0.0,mccrone,207
51101,2014-12-22,True,False,NP,208,C,0.996725685181,0.0032743148189999793,0.0,0.0,mccrone,208
51101,2014-12-22,True,False,NP,347,G,0.998371832706,0.0,0.0016281672939999492,0.0,mccrone,347
51101,2014-12-22,True,False,NP,492,G,0.99785821375,0.0,0.002141786250000055,0.0,mccrone,492
51101,2014-12-22,True,False,NP,493,A,0.002266288951999984,0.997733711048,0.0,0.0,mccrone,493
51101,2014-12-22,True,False,NP,606,G,0.998584237848,0.0,0.0014157621520000108,0.0,mccrone,606
51101,2014-12-22,True,False,NP,885,G,0.999366772205,0.0,0.0006332277949999687,0.0,mccrone,885
51101,2014-12-22,True,False,NP,909,G,0.0,0.0,0.0,1.0,mccrone,909
51101,2014-12-22,True,False,NP,918,C,0.0,0.0013901438800000276,0.0,0.99860985612,mccrone,918
51101,2014-12-22,True,False,NP,1002,C,0.0,0.0008592295570000186,0.0,0.999140770443,mccrone,1002
51101,2014-12-22,True,False,NP,1092,A,0.0,0.0,1.0,0.0,mccrone,1092
51101,2014-12-22,True,False,NP,1186,T,0.0,1.0,0.0,0.0,mccrone,1186
51101,2014-12-22,True,False,NP,1188,A,0.0009738822489999688,0.0,0.999026117751,0.0,mccrone,1188
51101,2014-12-22,True,False,NP,1224,G,0.997664596273,0.0,0.0023354037270000294,0.0,mccrone,1224
51101,2014-12-22,True,False,NP,1311,G,0.00778960357859,0.0,0.99221039642141,0.0,mccrone,1311
51101,2014-12-22,True,False,NP,1342,A,0.0030282309269999974,0.996971769073,0.0,0.0,mccrone,1342
51101,2014-12-22,True,False,NP,1407,C,1.0,0.0,0.0,0.0,mccrone,1407
51101,2014-12-22,True,False,NS,125,T,0.0,1.0,0.0,0.0,mccrone,125
51101,2014-12-22,True,False,NS,180,T,0.0,1.0,0.0,0.0,mccrone,180
51101,2014-12-22,True,False,NS,246,A,0.0,0.0,1.0,0.0,mccrone,246
51101,2014-12-22,True,False,NS,299,C,0.0,0.0018686931610000235,0.0,0.998131306839,mccrone,299
51101,2014-12-22,True,False,NS,441,G,0.0214906940287,0.0,0.9785093059713,0.0,mccrone,441
51101,2014-12-22,True,False,NS,570,G,0.999242663301,0.0,0.0007573366990000219,0.0,mccrone,570
51101,2014-12-22,True,False,NS,729,A,0.541097480928,0.0,0.458902519072,0.0,mccrone,729
51101,2014-12-22,True,False,NS,744,A,0.0,0.0,1.0,0.0,mccrone,744
51101,2014-12-22,True,False,NS,813,G,1.0,0.0,0.0,0.0,mccrone,813
51101,2014-12-22,True,False,NS,843,C,0.0,0.0,0.0,1.0,mccrone,843
51101,2014-12-22,True,False,PA,153,C,0.0,0.0,1.0,0.0,mccrone,177
51101,2014-12-22,True,False,PA,258,C,0.0,0.565789707364,0.0,0.434210292636,mccrone,282
51101,2014-12-22,True,False,PA,279,G,0.997242497972,0.0,0.0027575020279999585,0.0,mccrone,303
51101,2014-12-22,True,False,PA,282,A,0.001522435896999963,0.998477564103,0.0,0.0,mccrone,306
51101,2014-12-22,True,False,PA,501,T,0.0,1.0,0.0,0.0,mccrone,525
51101,2014-12-22,True,False,PA,552,C,0.998642053893,0.0013579461070000187,0.0,0.0,mccrone,576
51101,2014-12-22,True,False,PA,836,A,0.0,0.0,1.0,0.0,mccrone,860
51101,2014-12-22,True,False,PA,858,G,0.999317742486,0.0,0.0006822575139999731,0.0,mccrone,882
51101,2014-12-22,True,False,PA,1001,G,0.999015561698,0.0,0.0009844383020000125,0.0,mccrone,1025
51101,2014-12-22,True,False,PA,1014,T,0.0,0.998539489945,0.0,0.0014605100550000305,mccrone,1038
51101,2014-12-22,True,False,PA,1137,G,0.999105225483,0.0,0.000894774517000041,0.0,mccrone,1161
51101,2014-12-22,True,False,PA,1193,A,0.001883975543999994,0.0,0.998116024456,0.0,mccrone,1217
51101,2014-12-22,True,False,PA,1467,A,0.44901465740900004,0.0,0.550985342591,0.0,mccrone,1491
51101,2014-12-22,True,False,PA,1552,T,0.0,0.998978837283,0.0,0.0010211627170000348,mccrone,1576
51101,2014-12-22,True,False,PA,1578,T,0.0,1.0,0.0,0.0,mccrone,1602
51101,2014-12-22,True,False,PA,1608,C,0.0,0.0011938786590000028,0.0,0.998806121341,mccrone,1632
51101,2014-12-22,True,False,PA,2001,G,1.0,0.0,0.0,0.0,mccrone,2025
51101,2014-12-22,True,False,PA,2049,T,0.0,1.0,0.0,0.0,mccrone,2073
51101,2014-12-22,True,False,PB1,364,A,0.0,0.0,1.0,0.0,mccrone,372
51101,2014-12-22,True,False,PB1,424,T,0.0,1.0,0.0,0.0,mccrone,432
51101,2014-12-22,True,False,PB1,470,A,0.0,0.0,0.0,1.0,mccrone,478
51101,2014-12-22,True,False,PB1,502,A,0.001417525773000028,0.0,0.998582474227,0.0,mccrone,510
51101,2014-12-22,True,False,PB1,513,A,0.0,0.0,0.0,1.0,mccrone,521
51101,2014-12-22,True,False,PB1,589,G,0.999023258653,0.0,0.0009767413469999875,0.0,mccrone,597
51101,2014-12-22,True,False,PB1,643,G,0.998714810282,0.0,0.0012851897179999572,0.0,mccrone,651
51101,2014-12-22,True,False,PB1,655,C,0.0,0.0,0.0,1.0,mccrone,663
51101,2014-12-22,True,False,PB1,892,C,0.0,0.0,0.0,1.0,mccrone,900
51101,2014-12-22,True,False,PB1,913,C,0.0,0.001270138378000052,0.0,0.998729861622,mccrone,921
51101,2014-12-22,True,False,PB1,1003,G,1.0,0.0,0.0,0.0,mccrone,1011
51101,2014-12-22,True,False,PB1,1159,T,0.0,1.0,0.0,0.0,mccrone,1167
51101,2014-12-22,True,False,PB1,1345,C,0.0,0.001784348713000039,0.0,0.998215651287,mccrone,1353
51101,2014-12-22,True,False,PB1,1570,T,0.0,0.998676548438,0.0,0.0013234515619999776,mccrone,1578
51101,2014-12-22,True,False,PB1,1621,A,0.9710169351132,0.0,0.0289830648868,0.0,mccrone,1629
51101,2014-12-22,True,False,PB1,1624,C,0.0,0.0009441087610000398,0.0,0.999055891239,mccrone,1632
51101,2014-12-22,True,False,PB1,1690,A,0.0,0.0,1.0,0.0,mccrone,1698
51101,2014-12-22,True,False,PB1,2074,G,0.998206737543,0.0,0.0017932624569999556,0.0,mccrone,2082
51101,2014-12-22,True,False,PB2,57,G,1.0,0.0,0.0,0.0,mccrone,57
51101,2014-12-22,True,False,PB2,214,G,0.996920923723,0.0,0.0030790762769999924,0.0,mccrone,214
51101,2014-12-22,True,False,PB2,225,G,0.996315120712,0.0,0.003684879287999987,0.0,mccrone,225
51101,2014-12-22,True,False,PB2,264,C,0.0,0.0,0.0,1.0,mccrone,264
51101,2014-12-22,True,False,PB2,391,G,0.997856377278,0.0,0.0021436227219999715,0.0,mccrone,391
51101,2014-12-22,True,False,PB2,484,G,0.0436740299109,0.0,0.9563259700891,0.0,mccrone,484
51101,2014-12-22,True,False,PB2,528,T,0.0,0.0175500653113,0.0,0.9824499346887,mccrone,528
51101,2014-12-22,True,False,PB2,573,A,0.0,0.0,1.0,0.0,mccrone,573
51101,2014-12-22,True,False,PB2,705,T,0.0,0.998319773612,0.0,0.0016802263880000279,mccrone,705
51101,2014-12-22,True,False,PB2,843,A,0.0,0.0,1.0,0.0,mccrone,843
51101,2014-12-22,True,False,PB2,856,T,0.0,1.0,0.0,0.0,mccrone,856
51101,2014-12-22,True,False,PB2,1059,G,0.0,0.0,0.0015552099529999586,0.998444790047,mccrone,1059
51101,2014-12-22,True,False,PB2,1149,A,0.0015890477940000425,0.0,0.998410952206,0.0,mccrone,1149
51101,2014-12-22,True,False,PB2,1413,A,0.0022821576760000406,0.0,0.997717842324,0.0,mccrone,1413
51101,2014-12-22,True,False,PB2,1581,T,0.0,0.998876825159,0.0,0.0011231748409999964,mccrone,1581
51101,2014-12-22,True,False,PB2,1602,G,1.0,0.0,0.0,0.0,mccrone,1602
51101,2014-12-22,True,False,PB2,1659,A,0.0,0.0,1.0,0.0,mccrone,1659
51101,2014-12-22,True,False,PB2,1662,C,0.0,0.00138121547000003,0.0,0.99861878453,mccrone,1662
51101,2014-12-22,True,False,PB2,1707,T,0.0,0.998983825896,0.0,0.0010161741040000116,mccrone,1707
51101,2014-12-22,True,False,PB2,1790,T,0.0,0.999113632335,0.0,0.000886367665000054,mccrone,1790
51101,2014-12-22,True,False,PB2,1818,A,0.0,0.0,1.0,0.0,mccrone,1818
51101,2014-12-22,True,False,PB2,1885,T,0.0,0.998411016949,0.0,0.0015889830509999703,mccrone,1885
51101,2014-12-22,True,False,PB2,2145,T,1.0,0.0,0.0,0.0,mccrone,2150
51101,2014-12-22,True,False,PB2,2184,A,0.0,0.0,1.0,0.0,mccrone,2189
51106,2014-12-08,False,False,HA,149,G,0.0,0.0,0.008533666353999991,0.991466333646,mccrone,199
51106,2014-12-08,False,False,HA,167,G,1.0,0.0,0.0,0.0,mccrone,221
51106,2014-12-08,False,False,HA,323,G,0.00615109525085,0.0,0.99384890474915,0.0,mccrone,384
51106,2014-12-08,False,False,HA,364,G,0.998637987305,0.0,0.0013620126950000255,0.0,mccrone,425
51106,2014-12-08,False,False,HA,383,G,0.00665354671237,0.0,0.99334645328763,0.0,mccrone,444
51106,2014-12-08,False,False,HA,530,A,0.007293173345000015,0.0,0.992706826655,0.0,mccrone,616
51106,2014-12-08,False,False,HA,556,A,0.0,1.0,0.0,0.0,mccrone,647
51106,2014-12-08,False,False,HA,658,C,0.0,0.0010232845500000032,0.0,0.99897671545,mccrone,749
51106,2014-12-08,False,False,HA,685,T,0.0,1.0,0.0,0.0,mccrone,776
51106,2014-12-08,False,False,HA,935,A,0.008574470867000028,0.0,0.991425529133,0.0,mccrone,1061
51106,2014-12-08,False,False,HA,974,G,0.99249995277,0.0,0.007500047229999973,0.0,mccrone,1100
51106,2014-12-08,False,False,HA,1144,A,0.007108958075000005,0.0,0.0,0.992891041925,mccrone,1270
51106,2014-12-08,False,False,HA,1316,T,0.0,0.0,0.992496335674,0.007503664326000026,mccrone,1442
51106,2014-12-08,False,False,HA,1466,C,1.0,0.0,0.0,0.0,mccrone,1592
51106,2014-12-08,False,False,MP,349,A,0.011271361046999995,0.0,0.988728638953,0.0,mccrone,349
51106,2014-12-08,False,False,MP,427,A,0.0,0.0,1.0,0.0,mccrone,427
51106,2014-12-08,False,False,MP,466,G,0.98886993257,0.0,0.011130067430000001,0.0,mccrone,466
51106,2014-12-08,False,False,MP,549,G,1.0,0.0,0.0,0.0,mccrone,549
51106,2014-12-08,False,False,MP,559,A,0.9891881722126,0.0,0.0108118277874,0.0,mccrone,559
51106,2014-12-08,False,False,MP,694,C,0.0,0.002120864315000026,0.0,0.997879135685,mccrone,694
51106,2014-12-08,False,False,NA,103,T,0.0,1.0,0.0,0.0,mccrone,105
51106,2014-12-08,False,False,NA,127,T,0.0,0.991553081206,0.0,0.008446918793999947,mccrone,129
51106,2014-12-08,False,False,NA,175,G,0.993126120741,0.0,0.00687387925899996,0.0,mccrone,185
51106,2014-12-08,False,False,NA,211,A,0.0,0.0,1.0,0.0,mccrone,226
51106,2014-12-08,False,False,NA,223,A,0.0,0.0,1.0,0.0,mccrone,238
51106,2014-12-08,False,False,NA,226,T,0.0,1.0,0.0,0.0,mccrone,241
51106,2014-12-08,False,False,NA,709,C,0.0,0.006786233639999972,0.0,0.99321376636,mccrone,736
51106,2014-12-08,False,False,NA,710,A,0.0,0.0,1.0,0.0,mccrone,737
51106,2014-12-08,False,False,NA,819,C,1.0,0.0,0.0,0.0,mccrone,846
51106,2014-12-08,False,False,NA,907,G,0.997791897616,0.0,0.0022081023840000435,0.0,mccrone,934
51106,2014-12-08,False,False,NA,925,C,0.992364817823,0.007635182176999988,0.0,0.0,mccrone,952
51106,2014-12-08,False,False,NA,1066,G,0.992834158081,0.0,0.007165841919000049,0.0,mccrone,1093
51106,2014-12-08,False,False,NA,1108,A,0.0,0.0,1.0,0.0,mccrone,1135
51106,2014-12-08,False,False,NA,1157,A,0.001410437235999984,0.0,0.998589562764,0.0,mccrone,1184
51106,2014-12-08,False,False,NA,1194,C,0.0,0.0,0.0,1.0,mccrone,1221
51106,2014-12-08,False,False,NP,207,G,0.996864135251,0.0,0.0031358647489999614,0.0,mccrone,207
51106,2014-12-08,False,False,NP,347,G,0.998390303948,0.0,0.0016096960520000092,0.0,mccrone,347
51106,2014-12-08,False,False,NP,606,G,0.998443131651,0.0,0.0015568683490000401,0.0,mccrone,606
51106,2014-12-08,False,False,NP,735,T,0.0,0.990823496626,0.0,0.009176503374,mccrone,735
51106,2014-12-08,False,False,NP,885,G,1.0,0.0,0.0,0.0,mccrone,885
51106,2014-12-08,False,False,NP,909,G,0.0,0.0,0.0,1.0,mccrone,909
51106,2014-12-08,False,False,NP,918,C,0.0,0.0,0.0,1.0,mccrone,918
51106,2014-12-08,False,False,NP,1002,C,0.0,0.0,0.0,1.0,mccrone,1002
51106,2014-12-08,False,False,NP,1092,A,0.002120255352,0.0,0.997879744648,0.0,mccrone,1092
51106,2014-12-08,False,False,NP,1186,T,0.0,1.0,0.0,0.0,mccrone,1186
51106,2014-12-08,False,False,NP,1188,A,0.0,0.0,1.0,0.0,mccrone,1188
51106,2014-12-08,False,False,NP,1224,G,0.997182169729,0.0,0.0028178302710000214,0.0,mccrone,1224
51106,2014-12-08,False,False,NP,1407,C,0.0,0.0,1.0,0.0,mccrone,1407
51106,2014-12-08,False,False,NS,125,T,0.0,0.998005584364,0.0,0.001994415636000002,mccrone,125
51106,2014-12-08,False,False,NS,173,T,0.00809643228362,0.0,0.0,0.99190356771638,mccrone,173
51106,2014-12-08,False,False,NS,180,T,0.0,0.99856270212,0.0,0.0014372978800000213,mccrone,180
51106,2014-12-08,False,False,NS,233,G,0.989228194938,0.0,0.01077180506200004,0.0,mccrone,233
51106,2014-12-08,False,False,NS,246,A,0.0022257256790000346,0.0,0.997774274321,0.0,mccrone,246
51106,2014-12-08,False,False,NS,299,C,0.0,0.0023379849489999494,0.0,0.997662015051,mccrone,299
51106,2014-12-08,False,False,NS,570,G,1.0,0.0,0.0,0.0,mccrone,570
51106,2014-12-08,False,False,NS,744,A,0.0,0.0,1.0,0.0,mccrone,744
51106,2014-12-08,False,False,NS,813,G,1.0,0.0,0.0,0.0,mccrone,813
51106,2014-12-08,False,False,NS,843,C,0.0,0.0,0.0,1.0,mccrone,843
51106,2014-12-08,False,False,PA,153,C,0.0,0.0,1.0,0.0,mccrone,177
51106,2014-12-08,False,False,PA,282,A,0.0,1.0,0.0,0.0,mccrone,306
51106,2014-12-08,False,False,PA,501,T,0.0,1.0,0.0,0.0,mccrone,525
51106,2014-12-08,False,False,PA,836,A,0.0,0.0,1.0,0.0,mccrone,860
51106,2014-12-08,False,False,PA,858,G,0.998920151179,0.0,0.0010798488209999846,0.0,mccrone,882
51106,2014-12-08,False,False,PA,1001,G,0.998944188638,0.0,0.0010558113619999476,0.0,mccrone,1025
51106,2014-12-08,False,False,PA,1137,G,1.0,0.0,0.0,0.0,mccrone,1161
51106,2014-12-08,False,False,PA,1425,C,0.990885118092,0.009114881908000028,0.0,0.0,mccrone,1449
51106,2014-12-08,False,False,PA,1552,T,0.0,0.999113946482,0.0,0.000886053517999974,mccrone,1576
51106,2014-12-08,False,False,PA,1578,T,0.0,0.998172762371,0.0,0.0018272376289999448,mccrone,1602
51106,2014-12-08,False,False,PA,1608,C,0.0,0.0013115354110000421,0.0,0.998688464589,mccrone,1632
51106,2014-12-08,False,False,PA,1809,T,0.0,0.989826984481,0.0,0.010173015518999962,mccrone,1833
51106,2014-12-08,False,False,PA,2001,G,1.0,0.0,0.0,0.0,mccrone,2025
51106,2014-12-08,False,False,PA,2049,T,0.0,1.0,0.0,0.0,mccrone,2073
51106,2014-12-08,False,False,PB1,85,T,0.0,1.0,0.0,0.0,mccrone,93
51106,2014-12-08,False,False,PB1,364,A,0.0,0.0,1.0,0.0,mccrone,372
51106,2014-12-08,False,False,PB1,424,T,0.0,1.0,0.0,0.0,mccrone,432
51106,2014-12-08,False,False,PB1,470,A,0.0,0.0,0.0,1.0,mccrone,478
51106,2014-12-08,False,False,PB1,502,A,0.00195060782300005,0.0,0.998049392177,0.0,mccrone,510
51106,2014-12-08,False,False,PB1,513,A,0.0010341974630000417,0.0,0.0,0.998965802537,mccrone,521
51106,2014-12-08,False,False,PB1,589,G,0.99882959542,0.0,0.0011704045799999507,0.0,mccrone,597
51106,2014-12-08,False,False,PB1,643,G,0.997772001485,0.0,0.002227998514999996,0.0,mccrone,651
51106,2014-12-08,False,False,PB1,650,G,0.00788006571833,0.0,0.99211993428167,0.0,mccrone,658
51106,2014-12-08,False,False,PB1,655,C,0.0,0.0,0.0,1.0,mccrone,663
51106,2014-12-08,False,False,PB1,892,C,0.0,0.0,0.0,1.0,mccrone,900
51106,2014-12-08,False,False,PB1,913,C,0.0,0.0007169486660000279,0.0,0.999283051334,mccrone,921
51106,2014-12-08,False,False,PB1,1003,G,0.99910116269,0.0,0.0008988373099999558,0.0,mccrone,1011
51106,2014-12-08,False,False,PB1,1109,C,0.991666666667,0.008333333333000015,0.0,0.0,mccrone,1117
51106,2014-12-08,False,False,PB1,1159,T,0.0,1.0,0.0,0.0,mccrone,1167
51106,2014-12-08,False,False,PB1,1570,T,0.0,0.99852537824,0.0,0.0014746217600000167,mccrone,1578
51106,2014-12-08,False,False,PB1,1624,C,0.0,0.0,0.0,1.0,mccrone,1632
51106,2014-12-08,False,False,PB1,1690,A,0.0,0.0,1.0,0.0,mccrone,1698
51106,2014-12-08,False,False,PB1,2074,G,0.997819911475,0.0,0.002180088524999957,0.0,mccrone,2082
51106,2014-12-08,False,False,PB2,57,G,0.999114260407,0.0,0.000885739592999979,0.0,mccrone,57
51106,2014-12-08,False,False,PB2,150,G,0.974443671766,0.0,0.025556328234000003,0.0,mccrone,150
51106,2014-12-08,False,False,PB2,214,G,0.997346072187,0.0,0.002653927813000001,0.0,mccrone,214
51106,2014-12-08,False,False,PB2,264,C,0.0,0.0,0.0,1.0,mccrone,264
51106,2014-12-08,False,False,PB2,336,A,0.01045541369299996,0.0,0.989544586307,0.0,mccrone,336
51106,2014-12-08,False,False,PB2,352,G,0.0063073480681,0.0,0.9936926519319,0.0,mccrone,352
51106,2014-12-08,False,False,PB2,501,G,0.00699399352199,0.0,0.99300600647801,0.0,mccrone,501
51106,2014-12-08,False,False,PB2,573,A,0.0009956523180000287,0.0,0.999004347682,0.0,mccrone,573
51106,2014-12-08,False,False,PB2,843,A,0.0,0.0,1.0,0.0,mccrone,843
51106,2014-12-08,False,False,PB2,856,T,0.0,0.998956863226,0.0,0.0010431367740000308,mccrone,856
51106,2014-12-08,False,False,PB2,1023,A,0.007399764150999966,0.0,0.992600235849,0.0,mccrone,1023
51106,2014-12-08,False,False,PB2,1059,G,0.0,0.0,0.0,1.0,mccrone,1059
51106,2014-12-08,False,False,PB2,1421,C,0.00715455282557,0.99284544717443,0.0,0.0,mccrone,1421
51106,2014-12-08,False,False,PB2,1581,T,0.0,0.998616792725,0.0,0.0013832072749999647,mccrone,1581
51106,2014-12-08,False,False,PB2,1602,G,0.998896471613,0.0,0.0011035283870000079,0.0,mccrone,1602
51106,2014-12-08,False,False,PB2,1659,A,0.001969359088999978,0.0,0.998030640911,0.0,mccrone,1659
51106,2014-12-08,False,False,PB2,1662,C,0.0,0.0,0.0,1.0,mccrone,1662
51106,2014-12-08,False,False,PB2,1707,T,0.0,0.999044776119,0.0,0.0009552238810000002,mccrone,1707
51106,2014-12-08,False,False,PB2,1790,T,0.0,0.998347947643,0.0,0.0016520523569999446,mccrone,1790
51106,2014-12-08,False,False,PB2,1885,T,0.0,1.0,0.0,0.0,mccrone,1885
51106,2014-12-08,False,False,PB2,2145,T,1.0,0.0,0.0,0.0,mccrone,2150
51106,2014-12-08,False,False,PB2,2178,A,0.009435551810999976,0.0,0.0,0.990564448189,mccrone,2183
51106,2014-12-08,False,False,PB2,2184,A,0.0,0.0,1.0,0.0,mccrone,2189
51106,2014-12-09,True,True,HA,149,G,0.0,0.0,0.013326628112000027,0.986673371888,mccrone,199
51106,2014-12-09,True,True,HA,167,G,1.0,0.0,0.0,0.0,mccrone,221
51106,2014-12-09,True,True,HA,323,G,0.00936476467598,0.0,0.99063523532402,0.0,mccrone,384
51106,2014-12-09,True,True,HA,364,G,0.998643440728,0.0,0.0013565592719999575,0.0,mccrone,425
51106,2014-12-09,True,True,HA,459,A,0.889477520848,0.0,0.110522479152,0.0,mccrone,545
51106,2014-12-09,True,True,HA,530,A,0.010684097233000012,0.0,0.989315902767,0.0,mccrone,616
51106,2014-12-09,True,True,HA,556,A,0.0,1.0,0.0,0.0,mccrone,647
51106,2014-12-09,True,True,HA,658,C,0.0,0.001745157189000035,0.0,0.998254842811,mccrone,749
51106,2014-12-09,True,True,HA,685,T,0.0,1.0,0.0,0.0,mccrone,776
51106,2014-12-09,True,True,HA,935,A,0.014223036498000052,0.0,0.985776963502,0.0,mccrone,1061
51106,2014-12-09,True,True,HA,974,G,0.987013610504,0.0,0.01298638949599995,0.0,mccrone,1100
51106,2014-12-09,True,True,HA,1144,A,0.01314982458699998,0.0,0.0,0.986850175413,mccrone,1270
51106,2014-12-09,True,True,HA,1316,T,0.0,0.0,0.986765469119,0.013234530881000017,mccrone,1442
51106,2014-12-09,True,True,HA,1368,C,0.0,0.99603254636489,0.0,0.00396745363511,mccrone,1494
51106,2014-12-09,True,True,HA,1466,C,1.0,0.0,0.0,0.0,mccrone,1592
51106,2014-12-09,True,True,MP,349,A,0.012859282706000008,0.0,0.987140717294,0.0,mccrone,349
51106,2014-12-09,True,True,MP,427,A,0.0,0.0,1.0,0.0,mccrone,427
51106,2014-12-09,True,True,MP,466,G,0.98746258808,0.0,0.012537411920000019,0.0,mccrone,466
51106,2014-12-09,True,True,MP,549,G,1.0,0.0,0.0,0.0,mccrone,549
51106,2014-12-09,True,True,MP,559,A,0.9870501699133,0.0,0.0129498300867,0.0,mccrone,559
51106,2014-12-09,True,True,MP,694,C,0.0,0.0,0.0,1.0,mccrone,694
51106,2014-12-09,True,True,NA,103,T,0.0,1.0,0.0,0.0,mccrone,105
51106,2014-12-09,True,True,NA,127,T,0.0,0.983211840071,0.0,0.016788159928999957,mccrone,129
51106,2014-12-09,True,True,NA,175,G,0.982532751092,0.0,0.017467248908,0.0,mccrone,185
51106,2014-12-09,True,True,NA,211,A,0.0,0.0,1.0,0.0,mccrone,226
51106,2014-12-09,True,True,NA,223,A,0.0,0.0,1.0,0.0,mccrone,238
51106,2014-12-09,True,True,NA,226,T,0.0,1.0,0.0,0.0,mccrone,241
51106,2014-12-09,True,True,NA,452,T,0.0,0.024604648721,0.0,0.975395351279,mccrone,469
51106,2014-12-09,True,True,NA,709,C,0.0,0.016885159937000016,0.0,0.983114840063,mccrone,736
51106,2014-12-09,True,True,NA,710,A,0.0,0.0,1.0,0.0,mccrone,737
51106,2014-12-09,True,True,NA,819,C,1.0,0.0,0.0,0.0,mccrone,846
51106,2014-12-09,True,True,NA,907,G,0.997135057704,0.0,0.0028649422959999837,0.0,mccrone,934
51106,2014-12-09,True,True,NA,925,C,0.983087210922,0.01691278907799998,0.0,0.0,mccrone,952
51106,2014-12-09,True,True,NA,1066,G,0.983791687407,0.0,0.01620831259300004,0.0,mccrone,1093
51106,2014-12-09,True,True,NA,1108,A,0.0,0.0,1.0,0.0,mccrone,1135
51106,2014-12-09,True,True,NA,1157,A,0.0,0.0,1.0,0.0,mccrone,1184
51106,2014-12-09,True,True,NA,1194,C,0.0,0.0,0.0,1.0,mccrone,1221
51106,2014-12-09,True,True,NP,207,G,0.997490494297,0.0,0.0025095057030000145,0.0,mccrone,207
51106,2014-12-09,True,True,NP,347,G,0.998561890087,0.0,0.0014381099129999741,0.0,mccrone,347
51106,2014-12-09,True,True,NP,606,G,0.998031926525,0.0,0.001968073475000054,0.0,mccrone,606
51106,2014-12-09,True,True,NP,735,T,0.0,0.956441762931,0.0,0.04355823706899997,mccrone,735
51106,2014-12-09,True,True,NP,885,G,1.0,0.0,0.0,0.0,mccrone,885
51106,2014-12-09,True,True,NP,909,G,0.0,0.0,0.0,1.0,mccrone,909
51106,2014-12-09,True,True,NP,918,C,0.0,0.0,0.0,1.0,mccrone,918
51106,2014-12-09,True,True,NP,1002,C,0.0,0.0012987350319999535,0.0,0.998701264968,mccrone,1002
51106,2014-12-09,True,True,NP,1092,A,0.0,0.0,1.0,0.0,mccrone,1092
51106,2014-12-09,True,True,NP,1186,T,0.0,1.0,0.0,0.0,mccrone,1186
51106,2014-12-09,True,True,NP,1188,A,0.0,0.0,1.0,0.0,mccrone,1188
51106,2014-12-09,True,True,NP,1224,G,0.996520944616,0.0,0.0034790553839999516,0.0,mccrone,1224
51106,2014-12-09,True,True,NP,1407,C,0.0432148926624,0.0016825712376000723,0.9551025361,0.0,mccrone,1407
51106,2014-12-09,True,True,NS,125,T,0.0,1.0,0.0,0.0,mccrone,125
51106,2014-12-09,True,True,NS,140,A,0.9670079459097,0.0,0.0329920540903,0.0,mccrone,140
51106,2014-12-09,True,True,NS,173,T,0.0310390335634,0.0,0.0,0.9689609664366,mccrone,173
51106,2014-12-09,True,True,NS,180,T,0.0,1.0,0.0,0.0,mccrone,180
51106,2014-12-09,True,True,NS,233,G,0.966916354557,0.0,0.03308364544300002,0.0,mccrone,233
51106,2014-12-09,True,True,NS,246,A,0.0,0.0,1.0,0.0,mccrone,246
51106,2014-12-09,True,True,NS,299,C,0.0,0.0011374946679999498,0.0,0.998862505332,mccrone,299
51106,2014-12-09,True,True,NS,570,G,1.0,0.0,0.0,0.0,mccrone,570
51106,2014-12-09,True,True,NS,744,A,0.0,0.0,1.0,0.0,mccrone,744
51106,2014-12-09,True,True,NS,813,G,1.0,0.0,0.0,0.0,mccrone,813
51106,2014-12-09,True,True,NS,843,C,0.0,0.0,0.0,1.0,mccrone,843
51106,2014-12-09,True,True,PA,153,C,0.0,0.0,1.0,0.0,mccrone,177
51106,2014-12-09,True,True,PA,282,A,0.0,1.0,0.0,0.0,mccrone,306
51106,2014-12-09,True,True,PA,501,T,0.0,1.0,0.0,0.0,mccrone,525
51106,2014-12-09,True,True,PA,836,A,0.0,0.0,1.0,0.0,mccrone,860
51106,2014-12-09,True,True,PA,849,T,0.0,0.0158534042509,0.0,0.9841465957491,mccrone,873
51106,2014-12-09,True,True,PA,858,G,0.999343503814,0.0,0.0006564961860000551,0.0,mccrone,882
51106,2014-12-09,True,True,PA,935,A,0.9873986451388,0.0,0.0126013548612,0.0,mccrone,959
51106,2014-12-09,True,True,PA,1001,G,0.999110687629,0.0,0.000889312370999984,0.0,mccrone,1025
51106,2014-12-09,True,True,PA,1137,G,1.0,0.0,0.0,0.0,mccrone,1161
51106,2014-12-09,True,True,PA,1425,C,0.994532531438,0.0054674685619999774,0.0,0.0,mccrone,1449
51106,2014-12-09,True,True,PA,1552,T,0.0,1.0,0.0,0.0,mccrone,1576
51106,2014-12-09,True,True,PA,1578,T,0.0,1.0,0.0,0.0,mccrone,1602
51106,2014-12-09,True,True,PA,1608,C,0.0,0.000955315870999951,0.0,0.999044684129,mccrone,1632
51106,2014-12-09,True,True,PA,1809,T,0.0,0.993730633422,0.0,0.006269366578000035,mccrone,1833
51106,2014-12-09,True,True,PA,2001,G,1.0,0.0,0.0,0.0,mccrone,2025
51106,2014-12-09,True,True,PA,2049,T,0.0,1.0,0.0,0.0,mccrone,2073
51106,2014-12-09,True,True,PB1,85,T,0.0,1.0,0.0,0.0,mccrone,93
51106,2014-12-09,True,True,PB1,364,A,0.0,0.0,1.0,0.0,mccrone,372
51106,2014-12-09,True,True,PB1,424,T,0.0,1.0,0.0,0.0,mccrone,432
51106,2014-12-09,True,True,PB1,470,A,0.0,0.0,0.0,1.0,mccrone,478
51106,2014-12-09,True,True,PB1,502,A,0.0,0.0,1.0,0.0,mccrone,510
51106,2014-12-09,True,True,PB1,513,A,0.0,0.0,0.0,1.0,mccrone,521
51106,2014-12-09,True,True,PB1,589,G,0.999238476954,0.0,0.0007615230459999678,0.0,mccrone,597
51106,2014-12-09,True,True,PB1,643,G,0.997215592681,0.0,0.002784407318999982,0.0,mccrone,651
51106,2014-12-09,True,True,PB1,650,G,0.029230595902,0.0,0.9707694040979999,0.0,mccrone,658
51106,2014-12-09,True,True,PB1,655,C,0.0,0.0,0.0,1.0,mccrone,663
51106,2014-12-09,True,True,PB1,892,C,0.0,0.0,0.0,1.0,mccrone,900
51106,2014-12-09,True,True,PB1,913,C,0.0,0.0012769142709999626,0.0,0.998723085729,mccrone,921
51106,2014-12-09,True,True,PB1,1003,G,0.998848691494,0.0,0.0011513085059999817,0.0,mccrone,1011
51106,2014-12-09,True,True,PB1,1109,C,0.972042377869,0.02795762213099995,0.0,0.0,mccrone,1117
51106,2014-12-09,True,True,PB1,1159,T,0.0,1.0,0.0,0.0,mccrone,1167
51106,2014-12-09,True,True,PB1,1570,T,0.0,1.0,0.0,0.0,mccrone,1578
51106,2014-12-09,True,True,PB1,1624,C,0.0,0.0,0.0,1.0,mccrone,1632
51106,2014-12-09,True,True,PB1,1690,A,0.0,0.0,1.0,0.0,mccrone,1698
51106,2014-12-09,True,True,PB1,2074,G,0.997198879552,0.0,0.0028011204479999607,0.0,mccrone,2082
51106,2014-12-09,True,True,PB2,57,G,1.0,0.0,0.0,0.0,mccrone,57
51106,2014-12-09,True,True,PB2,150,G,0.972537053182,0.0,0.02746294681799999,0.0,mccrone,150
51106,2014-12-09,True,True,PB2,214,G,0.998700802446,0.0,0.0012991975539999867,0.0,mccrone,214
51106,2014-12-09,True,True,PB2,264,C,0.0,0.0,0.0,1.0,mccrone,264
51106,2014-12-09,True,True,PB2,336,A,0.007791388938999999,0.0,0.992208611061,0.0,mccrone,336
51106,2014-12-09,True,True,PB2,573,A,0.0,0.0,1.0,0.0,mccrone,573
51106,2014-12-09,True,True,PB2,843,A,0.0,0.0,1.0,0.0,mccrone,843
51106,2014-12-09,True,True,PB2,856,T,0.0,1.0,0.0,0.0,mccrone,856
51106,2014-12-09,True,True,PB2,1023,A,0.006900358818999974,0.0,0.993099641181,0.0,mccrone,1023
51106,2014-12-09,True,True,PB2,1059,G,0.0,0.0,0.0,1.0,mccrone,1059
51106,2014-12-09,True,True,PB2,1421,C,0.006160509461,0.993839490539,0.0,0.0,mccrone,1421
51106,2014-12-09,True,True,PB2,1581,T,0.0,1.0,0.0,0.0,mccrone,1581
51106,2014-12-09,True,True,PB2,1602,G,1.0,0.0,0.0,0.0,mccrone,1602
51106,2014-12-09,True,True,PB2,1659,A,0.0,0.0,1.0,0.0,mccrone,1659
51106,2014-12-09,True,True,PB2,1662,C,0.0,0.0,0.0,1.0,mccrone,1662
51106,2014-12-09,True,True,PB2,1707,T,0.0,1.0,0.0,0.0,mccrone,1707
51106,2014-12-09,True,True,PB2,1790,T,0.0,1.0,0.0,0.0,mccrone,1790
51106,2014-12-09,True,True,PB2,1885,T,0.0,1.0,0.0,0.0,mccrone,1885
51106,2014-12-09,True,True,PB2,2145,T,1.0,0.0,0.0,0.0,mccrone,2150
51106,2014-12-09,True,True,PB2,2178,A,0.007436708861000008,0.0,0.0,0.992563291139,mccrone,2183
51106,2014-12-09,True,True,PB2,2184,A,0.0,0.0,1.0,0.0,mccrone,2189
51359,2014-12-07,False,False,HA,167,G,1.0,0.0,0.0,0.0,mccrone,221
51359,2014-12-07,False,False,HA,364,G,1.0,0.0,0.0,0.0,mccrone,425
51359,2014-12-07,False,False,HA,556,A,0.0009936209530000406,0.999006379047,0.0,0.0,mccrone,647
51359,2014-12-07,False,False,HA,593,A,0.0013345632250000294,0.0,0.998665436775,0.0,mccrone,684
51359,2014-12-07,False,False,HA,658,C,0.0,0.001449690032999995,0.0,0.998550309967,mccrone,749
51359,2014-12-07,False,False,HA,683,C,1.0,0.0,0.0,0.0,mccrone,774
51359,2014-12-07,False,False,HA,685,T,0.0,1.0,0.0,0.0,mccrone,776
51359,2014-12-07,False,False,HA,917,A,0.001812556069999971,0.0,0.99818744393,0.0,mccrone,1043
51359,2014-12-07,False,False,HA,1466,C,1.0,0.0,0.0,0.0,mccrone,1592
51359,2014-12-07,False,False,MP,292,C,0.0,0.0025686166989999926,0.0,0.997431383301,mccrone,292
51359,2014-12-07,False,False,MP,320,C,0.0,0.0,0.0,1.0,mccrone,320
51359,2014-12-07,False,False,MP,349,A,0.0,0.0,1.0,0.0,mccrone,349
51359,2014-12-07,False,False,MP,427,A,0.0,0.0,1.0,0.0,mccrone,427
51359,2014-12-07,False,False,MP,549,G,1.0,0.0,0.0,0.0,mccrone,549
51359,2014-12-07,False,False,MP,694,C,0.0,0.0,0.0,1.0,mccrone,694
51359,2014-12-07,False,False,NA,103,T,0.0,1.0,0.0,0.0,mccrone,105
51359,2014-12-07,False,False,NA,211,A,0.0,0.0,1.0,0.0,mccrone,226
51359,2014-12-07,False,False,NA,223,A,0.0,0.0,1.0,0.0,mccrone,238
51359,2014-12-07,False,False,NA,226,T,0.0,1.0,0.0,0.0,mccrone,241
51359,2014-12-07,False,False,NA,446,G,0.998386255865,0.0,0.0016137441350000392,0.0,mccrone,463
51359,2014-12-07,False,False,NA,710,A,0.0012575763819999697,0.0,0.998742423618,0.0,mccrone,737
51359,2014-12-07,False,False,NA,733,A,0.001953767686999952,0.0,0.998046232313,0.0,mccrone,760
51359,2014-12-07,False,False,NA,819,C,1.0,0.0,0.0,0.0,mccrone,846
51359,2014-12-07,False,False,NA,907,G,0.998001953645,0.0,0.001998046355000005,0.0,mccrone,934
51359,2014-12-07,False,False,NA,1108,A,0.0,0.0,1.0,0.0,mccrone,1135
51359,2014-12-07,False,False,NA,1157,A,0.0,0.0,1.0,0.0,mccrone,1184
51359,2014-12-07,False,False,NA,1194,C,0.0,0.0,0.0,1.0,mccrone,1221
51359,2014-12-07,False,False,NP,207,G,0.998171203489,0.0,0.001828796510999986,0.0,mccrone,207
51359,2014-12-07,False,False,NP,208,C,0.997305140962,0.0026948590380000415,0.0,0.0,mccrone,208
51359,2014-12-07,False,False,NP,347,G,0.999100863813,0.0,0.0008991361869999936,0.0,mccrone,347
51359,2014-12-07,False,False,NP,492,G,0.998359618494,0.0,0.0016403815059999882,0.0,mccrone,492
51359,2014-12-07,False,False,NP,493,A,0.001938618208999987,0.998061381791,0.0,0.0,mccrone,493
51359,2014-12-07,False,False,NP,606,G,0.998388466648,0.0,0.0016115333520000386,0.0,mccrone,606
51359,2014-12-07,False,False,NP,885,G,0.999249234016,0.0,0.0007507659840000347,0.0,mccrone,885
51359,2014-12-07,False,False,NP,909,G,0.0,0.0,0.0,1.0,mccrone,909
51359,2014-12-07,False,False,NP,918,C,0.0,0.0,0.0,1.0,mccrone,918
51359,2014-12-07,False,False,NP,1002,C,0.0,0.0,0.0,1.0,mccrone,1002
51359,2014-12-07,False,False,NP,1092,A,0.0018899622010000172,0.0,0.998110037799,0.0,mccrone,1092
51359,2014-12-07,False,False,NP,1186,T,0.0,1.0,0.0,0.0,mccrone,1186
51359,2014-12-07,False,False,NP,1188,A,0.0,0.0,1.0,0.0,mccrone,1188
51359,2014-12-07,False,False,NP,1224,G,0.99810929495,0.0,0.0018907050499999967,0.0,mccrone,1224
51359,2014-12-07,False,False,NP,1407,C,1.0,0.0,0.0,0.0,mccrone,1407
51359,2014-12-07,False,False,NS,125,T,0.0,0.997809076682,0.0,0.002190923317999971,mccrone,125
51359,2014-12-07,False,False,NS,180,T,0.0,1.0,0.0,0.0,mccrone,180
51359,2014-12-07,False,False,NS,246,A,0.0015482158659999579,0.0,0.998451784134,0.0,mccrone,246
51359,2014-12-07,False,False,NS,272,C,0.0,0.99531080021137,0.0,0.00468919978863,mccrone,272
51359,2014-12-07,False,False,NS,299,C,0.0,0.0012174618820000038,0.0,0.998782538118,mccrone,299
51359,2014-12-07,False,False,NS,570,G,1.0,0.0,0.0,0.0,mccrone,570
51359,2014-12-07,False,False,NS,744,A,0.0,0.0,1.0,0.0,mccrone,744
51359,2014-12-07,False,False,NS,813,G,1.0,0.0,0.0,0.0,mccrone,813
51359,2014-12-07,False,False,NS,843,C,0.0,0.0,0.0,1.0,mccrone,843
51359,2014-12-07,False,False,PA,153,C,0.0,0.0,1.0,0.0,mccrone,177
51359,2014-12-07,False,False,PA,282,A,0.0017409654440000422,0.998259034556,0.0,0.0,mccrone,306
51359,2014-12-07,False,False,PA,501,T,0.0,1.0,0.0,0.0,mccrone,525
51359,2014-12-07,False,False,PA,552,C,0.998639888876,0.0013601111240000296,0.0,0.0,mccrone,576
51359,2014-12-07,False,False,PA,836,A,0.0,0.0,1.0,0.0,mccrone,860
51359,2014-12-07,False,False,PA,858,G,0.999198653738,0.0,0.0008013462620000134,0.0,mccrone,882
51359,2014-12-07,False,False,PA,1001,G,0.998934705225,0.0,0.0010652947749999475,0.0,mccrone,1025
51359,2014-12-07,False,False,PA,1014,T,0.0,0.998803827751,0.0,0.0011961722490000382,mccrone,1038
51359,2014-12-07,False,False,PA,1137,G,1.0,0.0,0.0,0.0,mccrone,1161
51359,2014-12-07,False,False,PA,1193,A,0.0018253335729999653,0.0,0.998174666427,0.0,mccrone,1217
51359,2014-12-07,False,False,PA,1552,T,0.0,1.0,0.0,0.0,mccrone,1576
51359,2014-12-07,False,False,PA,1577,A,0.99523077767773,0.0,0.00476922232227,0.0,mccrone,1601
51359,2014-12-07,False,False,PA,1578,T,0.0,0.998918947424,0.0,0.0010810525759999967,mccrone,1602
51359,2014-12-07,False,False,PA,1608,C,0.0,0.0008763281850000526,0.0,0.999123671815,mccrone,1632
51359,2014-12-07,False,False,PA,2001,G,1.0,0.0,0.0,0.0,mccrone,2025
51359,2014-12-07,False,False,PA,2049,T,0.0,1.0,0.0,0.0,mccrone,2073
51359,2014-12-07,False,False,PB1,364,A,0.0010666666669999492,0.0,0.998933333333,0.0,mccrone,372
51359,2014-12-07,False,False,PB1,424,T,0.0,1.0,0.0,0.0,mccrone,432
51359,2014-12-07,False,False,PB1,470,A,0.0,0.0,0.0,1.0,mccrone,478
51359,2014-12-07,False,False,PB1,502,A,0.0,0.0,1.0,0.0,mccrone,510
51359,2014-12-07,False,False,PB1,513,A,0.0,0.0,0.0,1.0,mccrone,521
51359,2014-12-07,False,False,PB1,577,A,0.0019621583740000448,0.0,0.998037841626,0.0,mccrone,585
51359,2014-12-07,False,False,PB1,589,G,0.999188179899,0.0,0.0008118201010000048,0.0,mccrone,597
51359,2014-12-07,False,False,PB1,643,G,0.998049119431,0.0,0.0019508805689999464,0.0,mccrone,651
51359,2014-12-07,False,False,PB1,655,C,0.0,0.0,0.0,1.0,mccrone,663
51359,2014-12-07,False,False,PB1,892,C,0.0,0.0,0.0,1.0,mccrone,900
51359,2014-12-07,False,False,PB1,913,C,0.0,0.0008623167579999702,0.0,0.999137683242,mccrone,921
51359,2014-12-07,False,False,PB1,1003,G,0.999111529215,0.0,0.000888470784999984,0.0,mccrone,1011
51359,2014-12-07,False,False,PB1,1159,T,0.0,1.0,0.0,0.0,mccrone,1167
51359,2014-12-07,False,False,PB1,1271,T,0.0,0.998666248235,0.0,0.0013337517649999464,mccrone,1279
51359,2014-12-07,False,False,PB1,1345,C,0.0,0.0012331778459999665,0.0,0.998766822154,mccrone,1353
51359,2014-12-07,False,False,PB1,1510,A,0.99587167345795,0.0,0.00412832654205,0.0,mccrone,1518
51359,2014-12-07,False,False,PB1,1570,T,0.0,0.999201830469,0.0,0.0007981695309999814,mccrone,1578
51359,2014-12-07,False,False,PB1,1624,C,0.0,0.0,0.0,1.0,mccrone,1632
51359,2014-12-07,False,False,PB1,1690,A,0.001102232020000038,0.0,0.99889776798,0.0,mccrone,1698
51359,2014-12-07,False,False,PB1,1924,A,0.99255268663056,0.00744731336944,0.0,0.0,mccrone,1932
51359,2014-12-07,False,False,PB1,2074,G,0.998600174978,0.0,0.0013998250219999786,0.0,mccrone,2082
51359,2014-12-07,False,False,PB2,57,G,1.0,0.0,0.0,0.0,mccrone,57
51359,2014-12-07,False,False,PB2,214,G,0.99782895247,0.0,0.00217104752999997,0.0,mccrone,214
51359,2014-12-07,False,False,PB2,264,C,0.0,0.0,0.0,1.0,mccrone,264
51359,2014-12-07,False,False,PB2,573,A,0.0,0.0,1.0,0.0,mccrone,573
51359,2014-12-07,False,False,PB2,705,T,0.0,0.998286271718,0.0,0.0017137282820000044,mccrone,705
51359,2014-12-07,False,False,PB2,843,A,0.001306910623000035,0.0,0.998693089377,0.0,mccrone,843
51359,2014-12-07,False,False,PB2,856,T,0.0,0.998947652455,0.0,0.0010523475450000541,mccrone,856
51359,2014-12-07,False,False,PB2,1059,G,0.0,0.0,0.0,1.0,mccrone,1059
51359,2014-12-07,False,False,PB2,1149,A,0.001499587612999953,0.0,0.998500412387,0.0,mccrone,1149
51359,2014-12-07,False,False,PB2,1413,A,0.0,0.0,1.0,0.0,mccrone,1413
51359,2014-12-07,False,False,PB2,1581,T,0.0,0.998604822576,0.0,0.0013951774239999715,mccrone,1581
51359,2014-12-07,False,False,PB2,1602,G,0.998832715105,0.0,0.0011672848949999537,0.0,mccrone,1602
51359,2014-12-07,False,False,PB2,1659,A,0.0012410476509999713,0.0,0.998758952349,0.0,mccrone,1659
51359,2014-12-07,False,False,PB2,1662,C,0.0,0.0,0.0,1.0,mccrone,1662
51359,2014-12-07,False,False,PB2,1707,T,0.0,1.0,0.0,0.0,mccrone,1707
51359,2014-12-07,False,False,PB2,1790,T,0.0,1.0,0.0,0.0,mccrone,1790
51359,2014-12-07,False,False,PB2,1818,A,0.0018604110350000092,0.0,0.998139588965,0.0,mccrone,1818
51359,2014-12-07,False,False,PB2,1885,T,0.0,1.0,0.0,0.0,mccrone,1885
51359,2014-12-07,False,False,PB2,2145,T,1.0,0.0,0.0,0.0,mccrone,2150
51359,2014-12-07,False,False,PB2,2184,A,0.0,0.0,1.0,0.0,mccrone,2189
51359,2014-12-08,True,True,HA,167,G,1.0,0.0,0.0,0.0,mccrone,221
51359,2014-12-08,True,True,HA,364,G,0.999279569437,0.0,0.0007204305629999741,0.0,mccrone,425
51359,2014-12-08,True,True,HA,556,A,0.0013577023499999896,0.99864229765,0.0,0.0,mccrone,647
51359,2014-12-08,True,True,HA,593,A,0.0009663836540000359,0.0,0.999033616346,0.0,mccrone,684
51359,2014-12-08,True,True,HA,658,C,0.0,0.001623157040000045,0.0,0.99837684296,mccrone,749
51359,2014-12-08,True,True,HA,683,C,1.0,0.0,0.0,0.0,mccrone,774
51359,2014-12-08,True,True,HA,685,T,0.0,1.0,0.0,0.0,mccrone,776
51359,2014-12-08,True,True,HA,917,A,0.0008742107820000067,0.0,0.999125789218,0.0,mccrone,1043
51359,2014-12-08,True,True,HA,1466,C,1.0,0.0,0.0,0.0,mccrone,1592
51359,2014-12-08,True,True,MP,292,C,0.0,0.0,0.0,1.0,mccrone,292
51359,2014-12-08,True,True,MP,320,C,0.0,0.0,0.0,1.0,mccrone,320
51359,2014-12-08,True,True,MP,349,A,0.0,0.0,1.0,0.0,mccrone,349
51359,2014-12-08,True,True,MP,427,A,0.0012835505860000485,0.0,0.998716449414,0.0,mccrone,427
51359,2014-12-08,True,True,MP,549,G,0.998532731377,0.0,0.001467268622999951,0.0,mccrone,549
51359,2014-12-08,True,True,MP,694,C,0.0,0.0016925628789999925,0.0,0.998307437121,mccrone,694
51359,2014-12-08,True,True,NA,103,T,0.0,1.0,0.0,0.0,mccrone,105
51359,2014-12-08,True,True,NA,211,A,0.0,0.0,1.0,0.0,mccrone,226
51359,2014-12-08,True,True,NA,223,A,0.0,0.0,1.0,0.0,mccrone,238
51359,2014-12-08,True,True,NA,226,T,0.0,1.0,0.0,0.0,mccrone,241
51359,2014-12-08,True,True,NA,446,G,0.998839432004,0.0,0.0011605679959999504,0.0,mccrone,463
51359,2014-12-08,True,True,NA,710,A,0.0,0.0,1.0,0.0,mccrone,737
51359,2014-12-08,True,True,NA,733,A,0.002282757571000049,0.0,0.997717242429,0.0,mccrone,760
51359,2014-12-08,True,True,NA,819,C,1.0,0.0,0.0,0.0,mccrone,846
51359,2014-12-08,True,True,NA,907,G,0.997604790419,0.0,0.002395209581000035,0.0,mccrone,934
51359,2014-12-08,True,True,NA,1108,A,0.0,0.0,1.0,0.0,mccrone,1135
51359,2014-12-08,True,True,NA,1157,A,0.0,0.0,1.0,0.0,mccrone,1184
51359,2014-12-08,True,True,NA,1194,C,0.0,0.0,0.0,1.0,mccrone,1221
51359,2014-12-08,True,True,NP,207,G,0.998400150574,0.0,0.0015998494259999996,0.0,mccrone,207
51359,2014-12-08,True,True,NP,208,C,1.0,0.0,0.0,0.0,mccrone,208
51359,2014-12-08,True,True,NP,306,A,0.9737915855149,0.0,0.0262084144851,0.0,mccrone,306
51359,2014-12-08,True,True,NP,347,G,0.998317914214,0.0,0.0016820857860000427,0.0,mccrone,347
51359,2014-12-08,True,True,NP,492,G,0.998641604802,0.0,0.001358395197999962,0.0,mccrone,492
51359,2014-12-08,True,True,NP,493,A,0.00144932102499995,0.998550678975,0.0,0.0,mccrone,493
51359,2014-12-08,True,True,NP,606,G,0.998625388477,0.0,0.0013746115230000022,0.0,mccrone,606
51359,2014-12-08,True,True,NP,885,G,0.999086784894,0.0,0.0009132151059999538,0.0,mccrone,885
51359,2014-12-08,True,True,NP,909,G,0.0,0.0,0.0,1.0,mccrone,909
51359,2014-12-08,True,True,NP,918,C,0.0,0.0009075508229999807,0.0,0.999092449177,mccrone,918
51359,2014-12-08,True,True,NP,1002,C,0.0,0.0,0.0,1.0,mccrone,1002
51359,2014-12-08,True,True,NP,1092,A,0.0,0.0,1.0,0.0,mccrone,1092
51359,2014-12-08,True,True,NP,1186,T,0.0,1.0,0.0,0.0,mccrone,1186
51359,2014-12-08,True,True,NP,1188,A,0.0,0.0,1.0,0.0,mccrone,1188
51359,2014-12-08,True,True,NP,1224,G,0.997493072965,0.0,0.002506927034999995,0.0,mccrone,1224
51359,2014-12-08,True,True,NP,1407,C,1.0,0.0,0.0,0.0,mccrone,1407
51359,2014-12-08,True,True,NS,125,T,0.0,1.0,0.0,0.0,mccrone,125
51359,2014-12-08,True,True,NS,180,T,0.0,1.0,0.0,0.0,mccrone,180
51359,2014-12-08,True,True,NS,246,A,0.0,0.0,1.0,0.0,mccrone,246
51359,2014-12-08,True,True,NS,299,C,0.0,0.001500330072999989,0.0,0.998499669927,mccrone,299
51359,2014-12-08,True,True,NS,570,G,0.999315877853,0.0,0.000684122146999977,0.0,mccrone,570
51359,2014-12-08,True,True,NS,744,A,0.0,0.0,1.0,0.0,mccrone,744
51359,2014-12-08,True,True,NS,813,G,1.0,0.0,0.0,0.0,mccrone,813
51359,2014-12-08,True,True,NS,843,C,0.0,0.0,0.0,1.0,mccrone,843
51359,2014-12-08,True,True,PA,153,C,0.0,0.0,1.0,0.0,mccrone,177
51359,2014-12-08,True,True,PA,282,A,0.0015748950070000323,0.998425104993,0.0,0.0,mccrone,306
51359,2014-12-08,True,True,PA,501,T,0.0,1.0,0.0,0.0,mccrone,525
51359,2014-12-08,True,True,PA,552,C,1.0,0.0,0.0,0.0,mccrone,576
51359,2014-12-08,True,True,PA,836,A,0.0,0.0,1.0,0.0,mccrone,860
51359,2014-12-08,True,True,PA,858,G,0.998444543204,0.0,0.0015554567959999988,0.0,mccrone,882
51359,2014-12-08,True,True,PA,1001,G,0.998914362348,0.0,0.0010856376519999822,0.0,mccrone,1025
51359,2014-12-08,True,True,PA,1014,T,0.0,1.0,0.0,0.0,mccrone,1038
51359,2014-12-08,True,True,PA,1137,G,1.0,0.0,0.0,0.0,mccrone,1161
51359,2014-12-08,True,True,PA,1193,A,0.001098565760999981,0.0,0.998901434239,0.0,mccrone,1217
51359,2014-12-08,True,True,PA,1552,T,0.0,1.0,0.0,0.0,mccrone,1576
51359,2014-12-08,True,True,PA,1578,T,0.0,0.999478559598,0.0,0.000521440401999973,mccrone,1602
51359,2014-12-08,True,True,PA,1608,C,0.0,0.0007287936880000512,0.0,0.999271206312,mccrone,1632
51359,2014-12-08,True,True,PA,2001,G,1.0,0.0,0.0,0.0,mccrone,2025
51359,2014-12-08,True,True,PA,2049,T,0.0,1.0,0.0,0.0,mccrone,2073
51359,2014-12-08,True,True,PB1,364,A,0.0,0.0,1.0,0.0,mccrone,372
51359,2014-12-08,True,True,PB1,424,T,0.0,1.0,0.0,0.0,mccrone,432
51359,2014-12-08,True,True,PB1,470,A,0.0,0.0,0.0,1.0,mccrone,478
51359,2014-12-08,True,True,PB1,502,A,0.0,0.0,1.0,0.0,mccrone,510
51359,2014-12-08,True,True,PB1,513,A,0.0,0.0,0.0,1.0,mccrone,521
51359,2014-12-08,True,True,PB1,577,A,0.0013938222199999517,0.0,0.99860617778,0.0,mccrone,585
51359,2014-12-08,True,True,PB1,589,G,0.997789049291,0.0,0.0022109507090000147,0.0,mccrone,597
51359,2014-12-08,True,True,PB1,643,G,0.997999404078,0.0,0.0020005959219999703,0.0,mccrone,651
51359,2014-12-08,True,True,PB1,655,C,0.0,0.0,0.0,1.0,mccrone,663
51359,2014-12-08,True,True,PB1,892,C,0.0,0.0,0.0,1.0,mccrone,900
51359,2014-12-08,True,True,PB1,913,C,0.0,0.0014825110030000088,0.0,0.998517488997,mccrone,921
51359,2014-12-08,True,True,PB1,1003,G,0.999321639694,0.0,0.0006783603059999921,0.0,mccrone,1011
51359,2014-12-08,True,True,PB1,1159,T,0.0,1.0,0.0,0.0,mccrone,1167
51359,2014-12-08,True,True,PB1,1271,T,0.0,0.999119024435,0.0,0.0008809755649999973,mccrone,1279
51359,2014-12-08,True,True,PB1,1345,C,0.0,0.0010566762729999901,0.0,0.998943323727,mccrone,1353
51359,2014-12-08,True,True,PB1,1570,T,0.0,0.999238675295,0.0,0.0007613247050000105,mccrone,1578
51359,2014-12-08,True,True,PB1,1624,C,0.0,0.0,0.0,1.0,mccrone,1632
51359,2014-12-08,True,True,PB1,1690,A,0.002019552944000025,0.0,0.997980447056,0.0,mccrone,1698
51359,2014-12-08,True,True,PB1,1924,A,0.9893390028249,0.0106609971751,0.0,0.0,mccrone,1932
51359,2014-12-08,True,True,PB1,2074,G,0.997795456724,0.0,0.0022045432759999484,0.0,mccrone,2082
51359,2014-12-08,True,True,PB2,57,G,1.0,0.0,0.0,0.0,mccrone,57
51359,2014-12-08,True,True,PB2,214,G,0.998658232701,0.0,0.0013417672990000407,0.0,mccrone,214
51359,2014-12-08,True,True,PB2,264,C,0.0,0.0011641443540000296,0.0,0.998835855646,mccrone,264
51359,2014-12-08,True,True,PB2,573,A,0.0,0.0,1.0,0.0,mccrone,573
51359,2014-12-08,True,True,PB2,705,T,0.0,0.998711828446,0.0,0.0012881715539999616,mccrone,705
51359,2014-12-08,True,True,PB2,843,A,0.0,0.0,1.0,0.0,mccrone,843
51359,2014-12-08,True,True,PB2,856,T,0.0,1.0,0.0,0.0,mccrone,856
51359,2014-12-08,True,True,PB2,1059,G,0.0,0.0,0.0,1.0,mccrone,1059
51359,2014-12-08,True,True,PB2,1149,A,0.001180722028999992,0.0,0.998819277971,0.0,mccrone,1149
51359,2014-12-08,True,True,PB2,1413,A,0.0022123078060000134,0.0,0.997787692194,0.0,mccrone,1413
51359,2014-12-08,True,True,PB2,1581,T,0.0,0.999278252612,0.0,0.0007217473880000158,mccrone,1581
51359,2014-12-08,True,True,PB2,1602,G,1.0,0.0,0.0,0.0,mccrone,1602
51359,2014-12-08,True,True,PB2,1659,A,0.0010123734529999817,0.0,0.998987626547,0.0,mccrone,1659
51359,2014-12-08,True,True,PB2,1662,C,0.0,0.0009436454910000114,0.0,0.999056354509,mccrone,1662
51359,2014-12-08,True,True,PB2,1707,T,0.0,0.999178178687,0.0,0.0008218213130000152,mccrone,1707
51359,2014-12-08,True,True,PB2,1790,T,0.0,0.998737373737,0.0,0.0012626262629999996,mccrone,1790
51359,2014-12-08,True,True,PB2,1818,A,0.0,0.0,1.0,0.0,mccrone,1818
51359,2014-12-08,True,True,PB2,1885,T,0.0,1.0,0.0,0.0,mccrone,1885
51359,2014-12-08,True,True,PB2,2145,T,1.0,0.0,0.0,0.0,mccrone,2150
51359,2014-12-08,True,True,PB2,2184,A,0.0,0.0,1.0,0.0,mccrone,2189
51438,2014-12-07,False,False,HA,47,T,0.0,0.996833773087,0.0,0.0031662269129999476,mccrone,56
51438,2014-12-07,False,False,HA,167,G,0.996897163121,0.0,0.003102836879000037,0.0,mccrone,221
51438,2014-12-07,False,False,HA,364,G,0.997299543,0.0,0.0027004569999999894,0.0,mccrone,425
51438,2014-12-07,False,False,HA,524,T,0.0,0.0588456364788,0.0,0.9411543635212,mccrone,610
51438,2014-12-07,False,False,HA,556,A,0.0021961452730000497,0.997803854727,0.0,0.0,mccrone,647
51438,2014-12-07,False,False,HA,638,G,0.213904415309,0.0,0.786095584691,0.0,mccrone,729
51438,2014-12-07,False,False,HA,658,C,0.0,0.0020965692500000133,0.0,0.99790343075,mccrone,749
51438,2014-12-07,False,False,HA,685,T,0.0,0.998959843661,0.0,0.001040156339000009,mccrone,776
51438,2014-12-07,False,False,HA,1181,A,0.0028210553309999664,0.0,0.997178944669,0.0,mccrone,1307
51438,2014-12-07,False,False,HA,1466,C,0.997530731655,0.002469268345000053,0.0,0.0,mccrone,1592
51438,2014-12-07,False,False,MP,349,A,0.003699745128999954,0.0,0.996300254871,0.0,mccrone,349
51438,2014-12-07,False,False,MP,427,A,0.0037300545689999964,0.0,0.996269945431,0.0,mccrone,427
51438,2014-12-07,False,False,MP,549,G,1.0,0.0,0.0,0.0,mccrone,549
51438,2014-12-07,False,False,MP,694,C,0.0,0.0,0.0,1.0,mccrone,694
51438,2014-12-07,False,False,MP,719,G,0.00649025190665,0.0,0.99350974809335,0.0,mccrone,719
51438,2014-12-07,False,False,NA,70,T,0.0,0.995572422517,0.0,0.004427577483000045,mccrone,72
51438,2014-12-07,False,False,NA,103,T,0.0,0.997763864043,0.0,0.0022361359570000072,mccrone,105
51438,2014-12-07,False,False,NA,211,A,0.0,0.0,1.0,0.0,mccrone,226
51438,2014-12-07,False,False,NA,223,A,0.0,0.0,1.0,0.0,mccrone,238
51438,2014-12-07,False,False,NA,224,A,0.0,0.0,1.0,0.0,mccrone,239
51438,2014-12-07,False,False,NA,226,T,0.0,1.0,0.0,0.0,mccrone,241
51438,2014-12-07,False,False,NA,670,A,0.0019788350680000066,0.0,0.998021164932,0.0,mccrone,697
51438,2014-12-07,False,False,NA,710,A,0.0015095316140000259,0.0,0.998490468386,0.0,mccrone,737
51438,2014-12-07,False,False,NA,808,T,0.0,0.998001216651,0.0,0.001998783349000055,mccrone,835
51438,2014-12-07,False,False,NA,819,C,0.999522693743,0.00047730625700004303,0.0,0.0,mccrone,846
51438,2014-12-07,False,False,NA,907,G,0.998490531516,0.0,0.0015094684840000205,0.0,mccrone,934
51438,2014-12-07,False,False,NA,1099,G,0.99827452847,0.0,0.0017254715300000223,0.0,mccrone,1126
51438,2014-12-07,False,False,NA,1108,A,0.0,0.0,1.0,0.0,mccrone,1135
51438,2014-12-07,False,False,NA,1157,A,0.0013848396500000248,0.0,0.99861516035,0.0,mccrone,1184
51438,2014-12-07,False,False,NA,1194,C,0.0,0.0012489963420000416,0.0,0.998751003658,mccrone,1221
51438,2014-12-07,False,False,NP,207,G,0.99592096877,0.0,0.004079031229999974,0.0,mccrone,207
51438,2014-12-07,False,False,NP,347,G,0.99685699319,0.0,0.0031430068100000152,0.0,mccrone,347
51438,2014-12-07,False,False,NP,606,G,0.997063506103,0.0,0.0029364938970000143,0.0,mccrone,606
51438,2014-12-07,False,False,NP,885,G,0.998226891037,0.0,0.0017731089629999808,0.0,mccrone,885
51438,2014-12-07,False,False,NP,909,G,0.0,0.0,0.002225722503999994,0.997774277496,mccrone,909
51438,2014-12-07,False,False,NP,914,A,0.98290908258,0.0,0.01709091742,0.0,mccrone,914
51438,2014-12-07,False,False,NP,918,C,0.0,0.0025005138039999597,0.0,0.997499486196,mccrone,918
51438,2014-12-07,False,False,NP,1002,C,0.0,0.002388730810999995,0.0,0.997611269189,mccrone,1002
51438,2014-12-07,False,False,NP,1092,A,0.003282613732999984,0.0,0.996717386267,0.0,mccrone,1092
51438,2014-12-07,False,False,NP,1093,A,0.0029968878470000293,0.0,0.997003112153,0.0,mccrone,1093
51438,2014-12-07,False,False,NP,1186,T,0.0,0.99748438974,0.0,0.002515610260000023,mccrone,1186
51438,2014-12-07,False,False,NP,1188,A,0.002341287708000017,0.0,0.997658712292,0.0,mccrone,1188
51438,2014-12-07,False,False,NP,1224,G,0.995837985991,0.0,0.004162014008999959,0.0,mccrone,1224
51438,2014-12-07,False,False,NP,1407,C,0.996436349238,0.003563650762000048,0.0,0.0,mccrone,1407
51438,2014-12-07,False,False,NS,125,T,0.0,0.97913446677,0.0,0.020865533229999955,mccrone,125
51438,2014-12-07,False,False,NS,180,T,0.0,0.983804272915,0.0,0.016195727084999945,mccrone,180
51438,2014-12-07,False,False,NS,246,A,0.014555077737000044,0.0,0.985444922263,0.0,mccrone,246
51438,2014-12-07,False,False,NS,299,C,0.0,0.014746313421999946,0.0,0.985253686578,mccrone,299
51438,2014-12-07,False,False,NS,341,A,0.01467688937599998,0.0,0.985323110624,0.0,mccrone,341
51438,2014-12-07,False,False,NS,538,T,0.0,0.0487008376097,0.0,0.9512991623903,mccrone,538
51438,2014-12-07,False,False,NS,570,G,0.987901171676,0.0,0.012098828324,0.0,mccrone,570
51438,2014-12-07,False,False,NS,578,A,0.013234721682000017,0.0,0.986765278318,0.0,mccrone,578
51438,2014-12-07,False,False,NS,678,C,0.0,0.99325720291847,0.0,0.00674279708153,mccrone,678
51438,2014-12-07,False,False,NS,744,A,0.0,0.0,1.0,0.0,mccrone,744
51438,2014-12-07,False,False,NS,813,G,1.0,0.0,0.0,0.0,mccrone,813
51438,2014-12-07,False,False,NS,843,C,0.0,0.0,0.0,1.0,mccrone,843
51438,2014-12-07,False,False,PA,153,C,0.0,0.0,1.0,0.0,mccrone,177
51438,2014-12-07,False,False,PA,282,A,0.005218873149000047,0.994781126851,0.0,0.0,mccrone,306
51438,2014-12-07,False,False,PA,501,T,0.0,0.996116385156,0.0,0.0038836148440000162,mccrone,525
51438,2014-12-07,False,False,PA,836,A,0.0022305641700000045,0.0,0.99776943583,0.0,mccrone,860
51438,2014-12-07,False,False,PA,858,G,0.997609734898,0.0,0.002390265102000022,0.0,mccrone,882
51438,2014-12-07,False,False,PA,927,C,0.0,0.9077695109083,0.0,0.0922304890917,mccrone,951
51438,2014-12-07,False,False,PA,1001,G,0.999305072967,0.0,0.0006949270330000035,0.0,mccrone,1025
51438,2014-12-07,False,False,PA,1092,T,0.997123041356,0.0,0.0,0.0028769586439999495,mccrone,1116
51438,2014-12-07,False,False,PA,1137,G,0.997689582585,0.0,0.0023104174150000434,0.0,mccrone,1161
51438,2014-12-07,False,False,PA,1293,G,0.997295329242,0.0,0.0027046707579999607,0.0,mccrone,1317
51438,2014-12-07,False,False,PA,1552,T,0.0,0.996694483581,0.0,0.0033055164190000097,mccrone,1576
51438,2014-12-07,False,False,PA,1578,T,0.0,0.997470534417,0.0,0.0025294655830000456,mccrone,1602
51438,2014-12-07,False,False,PA,1608,C,0.0,0.0027003196299999477,0.0,0.99729968037,mccrone,1632
51438,2014-12-07,False,False,PA,2001,G,0.995378652355,0.0,0.004621347644999996,0.0,mccrone,2025
51438,2014-12-07,False,False,PA,2049,T,0.0,0.994477911647,0.0,0.005522088353000054,mccrone,2073
51438,2014-12-07,False,False,PB1,364,A,0.0030001463490000324,0.0,0.996999853651,0.0,mccrone,372
51438,2014-12-07,False,False,PB1,424,T,0.0,0.996654011968,0.0,0.0033459880320000357,mccrone,432
51438,2014-12-07,False,False,PB1,430,G,0.220772809253,0.0,0.779227190747,0.0,mccrone,438
51438,2014-12-07,False,False,PB1,470,A,0.002807103191999949,0.0,0.0,0.997192896808,mccrone,478
51438,2014-12-07,False,False,PB1,483,C,0.0,0.002803083391999972,0.0,0.997196916608,mccrone,491
51438,2014-12-07,False,False,PB1,502,A,0.002807218561999947,0.0,0.997192781438,0.0,mccrone,510
51438,2014-12-07,False,False,PB1,513,A,0.0029501872230000004,0.0,0.0,0.997049812777,mccrone,521
51438,2014-12-07,False,False,PB1,589,G,0.996706507304,0.0,0.003293492695999989,0.0,mccrone,597
51438,2014-12-07,False,False,PB1,643,G,0.995758273984,0.0,0.004241726016000036,0.0,mccrone,651
51438,2014-12-07,False,False,PB1,655,C,0.0,0.002975083674000012,0.0,0.997024916326,mccrone,663
51438,2014-12-07,False,False,PB1,892,C,0.0,0.0021356391290000554,0.0,0.997864360871,mccrone,900
51438,2014-12-07,False,False,PB1,913,C,0.0,0.002762854949999949,0.0,0.99723714505,mccrone,921
51438,2014-12-07,False,False,PB1,1003,G,0.997042801556,0.0,0.0029571984439999977,0.0,mccrone,1011
51438,2014-12-07,False,False,PB1,1159,T,0.0,0.995615166366,0.0,0.004384833633999996,mccrone,1167
51438,2014-12-07,False,False,PB1,1525,T,0.0,0.99708856069,0.0,0.0029114393100000413,mccrone,1533
51438,2014-12-07,False,False,PB1,1570,T,0.0,0.997974131214,0.0,0.0020258687859999736,mccrone,1578
51438,2014-12-07,False,False,PB1,1624,C,0.0,0.0018952355879999772,0.0,0.998104764412,mccrone,1632
51438,2014-12-07,False,False,PB1,1690,A,0.002676462870999985,0.0,0.997323537129,0.0,mccrone,1698
51438,2014-12-07,False,False,PB1,1906,C,0.996645129225,0.003354870774999963,0.0,0.0,mccrone,1914
51438,2014-12-07,False,False,PB1,2074,G,0.996548947429,0.0,0.0034510525709999795,0.0,mccrone,2082
51438,2014-12-07,False,False,PB2,57,G,0.995316159251,0.0,0.004683840748999968,0.0,mccrone,57
51438,2014-12-07,False,False,PB2,214,G,0.994523730501,0.0,0.0054762694990000416,0.0,mccrone,214
51438,2014-12-07,False,False,PB2,264,C,0.0,0.004237760677999969,0.0,0.995762239322,mccrone,264
51438,2014-12-07,False,False,PB2,573,A,0.0026158228220000135,0.0,0.997384177178,0.0,mccrone,573
51438,2014-12-07,False,False,PB2,843,A,0.0031544025669999476,0.0,0.996845597433,0.0,mccrone,843
51438,2014-12-07,False,False,PB2,856,T,0.0,0.99729550723,0.0,0.0027044927699999555,mccrone,856
51438,2014-12-07,False,False,PB2,868,T,0.0,0.996642981033,0.0,0.003357018967000025,mccrone,868
51438,2014-12-07,False,False,PB2,1059,G,0.0,0.0,0.002608047690000004,0.99739195231,mccrone,1059
51438,2014-12-07,False,False,PB2,1425,T,0.0,0.997336474927,0.0,0.0026635250730000504,mccrone,1425
51438,2014-12-07,False,False,PB2,1581,T,0.0,0.997753650318,0.0,0.002246349681999993,mccrone,1581
51438,2014-12-07,False,False,PB2,1602,G,0.997595126122,0.0,0.0024048738780000356,0.0,mccrone,1602
51438,2014-12-07,False,False,PB2,1659,A,0.0025842518849999996,0.0,0.997415748115,0.0,mccrone,1659
51438,2014-12-07,False,False,PB2,1662,C,0.0,0.001964427927000023,0.0,0.998035572073,mccrone,1662
51438,2014-12-07,False,False,PB2,1707,T,0.0,0.997897532367,0.0,0.002102467633000038,mccrone,1707
51438,2014-12-07,False,False,PB2,1790,T,0.0,0.998019686645,0.0,0.0019803133550000407,mccrone,1790
51438,2014-12-07,False,False,PB2,1885,T,0.0,1.0,0.0,0.0,mccrone,1885
51438,2014-12-07,False,False,PB2,1908,G,0.996301465457,0.0,0.003698534542999954,0.0,mccrone,1908
51438,2014-12-07,False,False,PB2,2145,T,0.993939393939,0.0,0.0,0.006060606061000007,mccrone,2150
51438,2014-12-07,False,False,PB2,2184,A,0.006065200909999957,0.0,0.99393479909,0.0,mccrone,2189
51438,2014-12-08,True,False,HA,47,T,0.0,0.983844011142,0.0,0.01615598885799996,mccrone,56
51438,2014-12-08,True,False,HA,167,G,1.0,0.0,0.0,0.0,mccrone,221
51438,2014-12-08,True,False,HA,251,C,0.0,0.9850285063043001,0.0,0.0149714936957,mccrone,312
51438,2014-12-08,True,False,HA,364,G,1.0,0.0,0.0,0.0,mccrone,425
51438,2014-12-08,True,False,HA,524,T,0.0,0.489384735077,0.0,0.510615264923,mccrone,610
51438,2014-12-08,True,False,HA,556,A,0.0008094782540000178,0.999190521746,0.0,0.0,mccrone,647
51438,2014-12-08,True,False,HA,593,A,0.9898262680829,0.0,0.0101737319171,0.0,mccrone,684
51438,2014-12-08,True,False,HA,638,G,0.0359769154235,0.0,0.9640230845765,0.0,mccrone,729
51438,2014-12-08,True,False,HA,658,C,0.0,0.0014015583430000422,0.0,0.998598441657,mccrone,749
51438,2014-12-08,True,False,HA,683,C,0.0102513261411,0.9897486738589,0.0,0.0,mccrone,774
51438,2014-12-08,True,False,HA,685,T,0.0,1.0,0.0,0.0,mccrone,776
51438,2014-12-08,True,False,HA,917,A,0.99009068454459,0.0,0.00990931545541,0.0,mccrone,1043
51438,2014-12-08,True,False,HA,1181,A,0.011542873530000053,0.0,0.98845712647,0.0,mccrone,1307
51438,2014-12-08,True,False,HA,1466,C,1.0,0.0,0.0,0.0,mccrone,1592
51438,2014-12-08,True,False,MP,292,C,0.0,0.9890800725324,0.0,0.0109199274676,mccrone,292
51438,2014-12-08,True,False,MP,320,C,0.0,0.9892417411327,0.0,0.0107582588673,mccrone,320
51438,2014-12-08,True,False,MP,349,A,0.0,0.0,1.0,0.0,mccrone,349
51438,2014-12-08,True,False,MP,427,A,0.0,0.0,1.0,0.0,mccrone,427
51438,2014-12-08,True,False,MP,549,G,0.998403830806,0.0,0.0015961691939999634,0.0,mccrone,549
51438,2014-12-08,True,False,MP,694,C,0.0,0.0,0.0,1.0,mccrone,694
51438,2014-12-08,True,False,NA,70,T,0.0,0.984909827015,0.0,0.015090172985000039,mccrone,72
51438,2014-12-08,True,False,NA,103,T,0.0,1.0,0.0,0.0,mccrone,105
51438,2014-12-08,True,False,NA,211,A,0.0,0.0,1.0,0.0,mccrone,226
51438,2014-12-08,True,False,NA,223,A,0.0,0.0,1.0,0.0,mccrone,238
51438,2014-12-08,True,False,NA,224,A,0.018588507519999964,0.0,0.98141149248,0.0,mccrone,239
51438,2014-12-08,True,False,NA,226,T,0.0,1.0,0.0,0.0,mccrone,241
51438,2014-12-08,True,False,NA,670,A,0.012901988713999946,0.0,0.987098011286,0.0,mccrone,697
51438,2014-12-08,True,False,NA,710,A,0.0009807928080000083,0.0,0.999019207192,0.0,mccrone,737
51438,2014-12-08,True,False,NA,808,T,0.0,0.985520897812,0.0,0.01447910218799997,mccrone,835
51438,2014-12-08,True,False,NA,819,C,1.0,0.0,0.0,0.0,mccrone,846
51438,2014-12-08,True,False,NA,907,G,0.998012267151,0.0,0.0019877328490000012,0.0,mccrone,934
51438,2014-12-08,True,False,NA,1099,G,0.984309774003,0.0,0.015690225996999985,0.0,mccrone,1126
51438,2014-12-08,True,False,NA,1108,A,0.0,0.0,1.0,0.0,mccrone,1135
51438,2014-12-08,True,False,NA,1157,A,0.0,0.0,1.0,0.0,mccrone,1184
51438,2014-12-08,True,False,NA,1194,C,0.0,0.0,0.0,1.0,mccrone,1221
51438,2014-12-08,True,False,NP,207,G,0.995936461027,0.0,0.004063538973000047,0.0,mccrone,207
51438,2014-12-08,True,False,NP,347,G,0.998360386949,0.0,0.0016396130510000217,0.0,mccrone,347
51438,2014-12-08,True,False,NP,492,G,0.00780993005239,0.0,0.99219006994761,0.0,mccrone,492
51438,2014-12-08,True,False,NP,493,A,0.99209497841126,0.00790502158874,0.0,0.0,mccrone,493
51438,2014-12-08,True,False,NP,606,G,0.998369516662,0.0,0.0016304833379999772,0.0,mccrone,606
51438,2014-12-08,True,False,NP,885,G,0.998859749145,0.0,0.0011402508550000245,0.0,mccrone,885
51438,2014-12-08,True,False,NP,909,G,0.0,0.0,0.0,1.0,mccrone,909
51438,2014-12-08,True,False,NP,914,A,0.9567154523125,0.0,0.0432845476875,0.0,mccrone,914
51438,2014-12-08,True,False,NP,918,C,0.0,0.0,0.0,1.0,mccrone,918
51438,2014-12-08,True,False,NP,1002,C,0.0,0.0,0.0,1.0,mccrone,1002
51438,2014-12-08,True,False,NP,1092,A,0.0,0.0,1.0,0.0,mccrone,1092
51438,2014-12-08,True,False,NP,1093,A,0.010824594728000014,0.0,0.989175405272,0.0,mccrone,1093
51438,2014-12-08,True,False,NP,1112,G,0.00453614723893,0.0,0.99546385276107,0.0,mccrone,1112
51438,2014-12-08,True,False,NP,1186,T,0.0,0.998546382272,0.0,0.0014536177280000118,mccrone,1186
51438,2014-12-08,True,False,NP,1188,A,0.0011894495819999573,0.0,0.998810550418,0.0,mccrone,1188
51438,2014-12-08,True,False,NP,1224,G,0.997577165616,0.0,0.002422834384000039,0.0,mccrone,1224
51438,2014-12-08,True,False,NP,1407,C,1.0,0.0,0.0,0.0,mccrone,1407
51438,2014-12-08,True,False,NS,125,T,0.0,1.0,0.0,0.0,mccrone,125
51438,2014-12-08,True,False,NS,180,T,0.0,1.0,0.0,0.0,mccrone,180
51438,2014-12-08,True,False,NS,246,A,0.0,0.0,1.0,0.0,mccrone,246
51438,2014-12-08,True,False,NS,299,C,0.0,0.001736814682000043,0.0,0.998263185318,mccrone,299
51438,2014-12-08,True,False,NS,341,A,0.011923328469999994,0.0,0.98807667153,0.0,mccrone,341
51438,2014-12-08,True,False,NS,538,T,0.0,0.48757896261,0.0,0.51242103739,mccrone,538
51438,2014-12-08,True,False,NS,570,G,1.0,0.0,0.0,0.0,mccrone,570
51438,2014-12-08,True,False,NS,578,A,0.012717936469999969,0.0,0.98728206353,0.0,mccrone,578
51438,2014-12-08,True,False,NS,744,A,0.0,0.0,1.0,0.0,mccrone,744
51438,2014-12-08,True,False,NS,813,G,1.0,0.0,0.0,0.0,mccrone,813
51438,2014-12-08,True,False,NS,843,C,0.0,0.0,0.0,1.0,mccrone,843
51438,2014-12-08,True,False,PA,153,C,0.0,0.0,1.0,0.0,mccrone,177
51438,2014-12-08,True,False,PA,282,A,0.0,1.0,0.0,0.0,mccrone,306
51438,2014-12-08,True,False,PA,501,T,0.0,1.0,0.0,0.0,mccrone,525
51438,2014-12-08,True,False,PA,552,C,0.00878863943065,0.99121136056935,0.0,0.0,mccrone,576
51438,2014-12-08,True,False,PA,836,A,0.0,0.0,1.0,0.0,mccrone,860
51438,2014-12-08,True,False,PA,858,G,0.998859749145,0.0,0.0011402508550000245,0.0,mccrone,882
51438,2014-12-08,True,False,PA,927,C,0.0,0.9220528930235,0.0,0.0779471069765,mccrone,951
51438,2014-12-08,True,False,PA,1001,G,0.999217433181,0.0,0.000782566819000019,0.0,mccrone,1025
51438,2014-12-08,True,False,PA,1014,T,0.0,0.00926565689206,0.0,0.99073434310794,mccrone,1038
51438,2014-12-08,True,False,PA,1092,T,0.989014741875,0.0,0.0,0.010985258124999953,mccrone,1116
51438,2014-12-08,True,False,PA,1137,G,1.0,0.0,0.0,0.0,mccrone,1161
51438,2014-12-08,True,False,PA,1293,G,0.989713032969,0.0,0.01028696703099996,0.0,mccrone,1317
51438,2014-12-08,True,False,PA,1552,T,0.0,1.0,0.0,0.0,mccrone,1576
51438,2014-12-08,True,False,PA,1578,T,0.0,1.0,0.0,0.0,mccrone,1602
51438,2014-12-08,True,False,PA,1608,C,0.0,0.0010215425289999969,0.0,0.998978457471,mccrone,1632
51438,2014-12-08,True,False,PA,1992,A,0.9821381162983001,0.0,0.0178618837017,0.0,mccrone,2016
51438,2014-12-08,True,False,PA,2001,G,1.0,0.0,0.0,0.0,mccrone,2025
51438,2014-12-08,True,False,PA,2049,T,0.0,1.0,0.0,0.0,mccrone,2073
51438,2014-12-08,True,False,PB1,364,A,0.0,0.0,1.0,0.0,mccrone,372
51438,2014-12-08,True,False,PB1,424,T,0.0,0.998136753618,0.0,0.0018632463819999723,mccrone,432
51438,2014-12-08,True,False,PB1,430,G,0.0396486125248,0.0,0.9603513874752,0.0,mccrone,438
51438,2014-12-08,True,False,PB1,470,A,0.0,0.0,0.0,1.0,mccrone,478
51438,2014-12-08,True,False,PB1,483,C,0.0,0.013232742969999989,0.0,0.98676725703,mccrone,491
51438,2014-12-08,True,False,PB1,502,A,0.0,0.0,1.0,0.0,mccrone,510
51438,2014-12-08,True,False,PB1,513,A,0.0,0.0,0.0,1.0,mccrone,521
51438,2014-12-08,True,False,PB1,589,G,0.998962172995,0.0,0.0010378270049999916,0.0,mccrone,597
51438,2014-12-08,True,False,PB1,643,G,0.997646976189,0.0,0.002353023810999999,0.0,mccrone,651
51438,2014-12-08,True,False,PB1,655,C,0.0,0.0,0.0,1.0,mccrone,663
51438,2014-12-08,True,False,PB1,892,C,0.0,0.0,0.0,1.0,mccrone,900
51438,2014-12-08,True,False,PB1,913,C,0.0,0.0009327662110000245,0.0,0.999067233789,mccrone,921
51438,2014-12-08,True,False,PB1,1003,G,1.0,0.0,0.0,0.0,mccrone,1011
51438,2014-12-08,True,False,PB1,1159,T,0.0,1.0,0.0,0.0,mccrone,1167
51438,2014-12-08,True,False,PB1,1271,T,0.0,0.011034922956,0.0,0.988965077044,mccrone,1279
51438,2014-12-08,True,False,PB1,1290,A,0.99505555761904,0.0,0.00494444238096,0.0,mccrone,1298
51438,2014-12-08,True,False,PB1,1345,C,0.0,0.9894226915631,0.0,0.0105773084369,mccrone,1353
51438,2014-12-08,True,False,PB1,1411,A,0.989412890884,0.0,0.010587109116,0.0,mccrone,1419
51438,2014-12-08,True,False,PB1,1525,T,0.0,0.988671390257,0.0,0.011328609742999984,mccrone,1533
51438,2014-12-08,True,False,PB1,1570,T,0.0,0.998820305959,0.0,0.0011796940410000456,mccrone,1578
51438,2014-12-08,True,False,PB1,1624,C,0.0,0.0,0.0,1.0,mccrone,1632
51438,2014-12-08,True,False,PB1,1690,A,0.0,0.0,1.0,0.0,mccrone,1698
51438,2014-12-08,True,False,PB1,1906,C,0.987116915095,0.012883084905000008,0.0,0.0,mccrone,1914
51438,2014-12-08,True,False,PB1,2074,G,0.997851515875,0.0,0.0021484841250000164,0.0,mccrone,2082
51438,2014-12-08,True,False,PB2,57,G,1.0,0.0,0.0,0.0,mccrone,57
51438,2014-12-08,True,False,PB2,214,G,0.997787045706,0.0,0.0022129542940000357,0.0,mccrone,214
51438,2014-12-08,True,False,PB2,264,C,0.0,0.0,0.0,1.0,mccrone,264
51438,2014-12-08,True,False,PB2,573,A,0.0,0.0,1.0,0.0,mccrone,573
51438,2014-12-08,True,False,PB2,705,T,0.0,0.00748909338805,0.0,0.99251090661195,mccrone,705
51438,2014-12-08,True,False,PB2,843,A,0.0,0.0,1.0,0.0,mccrone,843
51438,2014-12-08,True,False,PB2,856,T,0.0,1.0,0.0,0.0,mccrone,856
51438,2014-12-08,True,False,PB2,868,T,0.0,0.991221695782,0.0,0.008778304217999966,mccrone,868
51438,2014-12-08,True,False,PB2,1059,G,0.0,0.0,0.0,1.0,mccrone,1059
51438,2014-12-08,True,False,PB2,1149,A,0.99059220116079,0.0,0.00940779883921,0.0,mccrone,1149
51438,2014-12-08,True,False,PB2,1425,T,0.0,0.990742542604,0.0,0.009257457396000035,mccrone,1425
51438,2014-12-08,True,False,PB2,1581,T,0.0,1.0,0.0,0.0,mccrone,1581
51438,2014-12-08,True,False,PB2,1602,G,1.0,0.0,0.0,0.0,mccrone,1602
51438,2014-12-08,True,False,PB2,1659,A,0.0011588156899999813,0.0,0.99884118431,0.0,mccrone,1659
51438,2014-12-08,True,False,PB2,1662,C,0.0,0.0,0.0,1.0,mccrone,1662
51438,2014-12-08,True,False,PB2,1707,T,0.0,0.998998269739,0.0,0.0010017302610000334,mccrone,1707
51438,2014-12-08,True,False,PB2,1790,T,0.0,1.0,0.0,0.0,mccrone,1790
51438,2014-12-08,True,False,PB2,1818,A,0.989420814611,0.0,0.010579185389,0.0,mccrone,1818
51438,2014-12-08,True,False,PB2,1885,T,0.0,0.997377921338,0.0,0.002622078662000038,mccrone,1885
51438,2014-12-08,True,False,PB2,1908,G,0.987901715484,0.0,0.012098284516000035,0.0,mccrone,1908
51438,2014-12-08,True,False,PB2,2145,T,1.0,0.0,0.0,0.0,mccrone,2150
51438,2014-12-08,True,False,PB2,2184,A,0.0,0.0,1.0,0.0,mccrone,2189
