data,ID,date,duplicate,d,clinic,type,subtype,segment,ref,ref_path
mccrone,50001,2014-12-31,True,6.0,1.0,A,,MP,mccrone_50001_2014-12-25_SRR6121469,data/IRMA/mccrone_50001_2014-12-25_SRR6121469/A_MP.fasta
mccrone,50001,2014-12-31,True,6.0,1.0,A,,NP,mccrone_50001_2014-12-25_SRR6121469,data/IRMA/mccrone_50001_2014-12-25_SRR6121469/A_NP.fasta
mccrone,50001,2014-12-31,True,6.0,1.0,A,,NS,mccrone_50001_2014-12-25_SRR6121469,data/IRMA/mccrone_50001_2014-12-25_SRR6121469/A_NS.fasta
mccrone,50001,2014-12-31,True,6.0,1.0,A,,PA,mccrone_50001_2014-12-25_SRR6121469,data/IRMA/mccrone_50001_2014-12-25_SRR6121469/A_PA.fasta
mccrone,50001,2014-12-31,True,6.0,1.0,A,,PB1,mccrone_50001_2014-12-25_SRR6121469,data/IRMA/mccrone_50001_2014-12-25_SRR6121469/A_PB1.fasta
mccrone,50001,2014-12-31,True,6.0,1.0,A,,PB2,mccrone_50001_2014-12-25_SRR6121469,data/IRMA/mccrone_50001_2014-12-25_SRR6121469/A_PB2.fasta
mccrone,50001,2014-12-31,True,6.0,1.0,A,H3,HA,mccrone_50001_2014-12-25_SRR6121469,data/IRMA/mccrone_50001_2014-12-25_SRR6121469/A_HA_H3.fasta
mccrone,50001,2014-12-31,True,6.0,1.0,A,N2,NA,mccrone_50001_2014-12-25_SRR6121469,data/IRMA/mccrone_50001_2014-12-25_SRR6121469/A_NA_N2.fasta
mccrone,50001,2014-12-25,False,0.0,0.0,A,,MP,mccrone_50001_2014-12-25_SRR6121469,data/IRMA/mccrone_50001_2014-12-25_SRR6121469/A_MP.fasta
mccrone,50001,2014-12-25,False,0.0,0.0,A,,NP,mccrone_50001_2014-12-25_SRR6121469,data/IRMA/mccrone_50001_2014-12-25_SRR6121469/A_NP.fasta
mccrone,50001,2014-12-25,False,0.0,0.0,A,,NS,mccrone_50001_2014-12-25_SRR6121469,data/IRMA/mccrone_50001_2014-12-25_SRR6121469/A_NS.fasta
mccrone,50001,2014-12-25,False,0.0,0.0,A,,PA,mccrone_50001_2014-12-25_SRR6121469,data/IRMA/mccrone_50001_2014-12-25_SRR6121469/A_PA.fasta
mccrone,50001,2014-12-25,False,0.0,0.0,A,,PB1,mccrone_50001_2014-12-25_SRR6121469,data/IRMA/mccrone_50001_2014-12-25_SRR6121469/A_PB1.fasta
mccrone,50001,2014-12-25,False,0.0,0.0,A,,PB2,mccrone_50001_2014-12-25_SRR6121469,data/IRMA/mccrone_50001_2014-12-25_SRR6121469/A_PB2.fasta
mccrone,50001,2014-12-25,False,0.0,0.0,A,H3,HA,mccrone_50001_2014-12-25_SRR6121469,data/IRMA/mccrone_50001_2014-12-25_SRR6121469/A_HA_H3.fasta
mccrone,50001,2014-12-25,False,0.0,0.0,A,N2,NA,mccrone_50001_2014-12-25_SRR6121469,data/IRMA/mccrone_50001_2014-12-25_SRR6121469/A_NA_N2.fasta
mccrone,50003,2014-12-31,True,6.0,1.0,A,,MP,mccrone_50003_2014-12-25_SRR6121611,data/IRMA/mccrone_50003_2014-12-25_SRR6121611/A_MP.fasta
mccrone,50003,2014-12-31,True,6.0,1.0,A,,NP,mccrone_50003_2014-12-25_SRR6121611,data/IRMA/mccrone_50003_2014-12-25_SRR6121611/A_NP.fasta
mccrone,50003,2014-12-31,True,6.0,1.0,A,,NS,mccrone_50003_2014-12-25_SRR6121611,data/IRMA/mccrone_50003_2014-12-25_SRR6121611/A_NS.fasta
mccrone,50003,2014-12-31,True,6.0,1.0,A,,PA,mccrone_50003_2014-12-25_SRR6121611,data/IRMA/mccrone_50003_2014-12-25_SRR6121611/A_PA.fasta
mccrone,50003,2014-12-31,True,6.0,1.0,A,,PB1,mccrone_50003_2014-12-25_SRR6121611,data/IRMA/mccrone_50003_2014-12-25_SRR6121611/A_PB1.fasta
mccrone,50003,2014-12-31,True,6.0,1.0,A,,PB2,mccrone_50003_2014-12-25_SRR6121611,data/IRMA/mccrone_50003_2014-12-25_SRR6121611/A_PB2.fasta
mccrone,50003,2014-12-31,True,6.0,1.0,A,H3,HA,mccrone_50003_2014-12-25_SRR6121611,data/IRMA/mccrone_50003_2014-12-25_SRR6121611/A_HA_H3.fasta
mccrone,50003,2014-12-31,True,6.0,1.0,A,N2,NA,mccrone_50003_2014-12-25_SRR6121611,data/IRMA/mccrone_50003_2014-12-25_SRR6121611/A_NA_N2.fasta
mccrone,50003,2014-12-25,True,0.0,0.0,A,,MP,mccrone_50003_2014-12-25_SRR6121611,data/IRMA/mccrone_50003_2014-12-25_SRR6121611/A_MP.fasta
mccrone,50003,2014-12-25,True,0.0,0.0,A,,NP,mccrone_50003_2014-12-25_SRR6121611,data/IRMA/mccrone_50003_2014-12-25_SRR6121611/A_NP.fasta
mccrone,50003,2014-12-25,True,0.0,0.0,A,,NS,mccrone_50003_2014-12-25_SRR6121611,data/IRMA/mccrone_50003_2014-12-25_SRR6121611/A_NS.fasta
mccrone,50003,2014-12-25,True,0.0,0.0,A,,PA,mccrone_50003_2014-12-25_SRR6121611,data/IRMA/mccrone_50003_2014-12-25_SRR6121611/A_PA.fasta
mccrone,50003,2014-12-25,True,0.0,0.0,A,,PB1,mccrone_50003_2014-12-25_SRR6121611,data/IRMA/mccrone_50003_2014-12-25_SRR6121611/A_PB1.fasta
mccrone,50003,2014-12-25,True,0.0,0.0,A,,PB2,mccrone_50003_2014-12-25_SRR6121611,data/IRMA/mccrone_50003_2014-12-25_SRR6121611/A_PB2.fasta
mccrone,50003,2014-12-25,True,0.0,0.0,A,H3,HA,mccrone_50003_2014-12-25_SRR6121611,data/IRMA/mccrone_50003_2014-12-25_SRR6121611/A_HA_H3.fasta
mccrone,50003,2014-12-25,True,0.0,0.0,A,N2,NA,mccrone_50003_2014-12-25_SRR6121611,data/IRMA/mccrone_50003_2014-12-25_SRR6121611/A_NA_N2.fasta
mccrone,50006,2014-12-07,False,0.0,0.0,A,,MP,mccrone_50006_2014-12-07_SRR6121455,data/IRMA/mccrone_50006_2014-12-07_SRR6121455/A_MP.fasta
mccrone,50006,2014-12-07,False,0.0,0.0,A,,NP,mccrone_50006_2014-12-07_SRR6121455,data/IRMA/mccrone_50006_2014-12-07_SRR6121455/A_NP.fasta
mccrone,50006,2014-12-07,False,0.0,0.0,A,,NS,mccrone_50006_2014-12-07_SRR6121455,data/IRMA/mccrone_50006_2014-12-07_SRR6121455/A_NS.fasta
mccrone,50006,2014-12-07,False,0.0,0.0,A,,PA,mccrone_50006_2014-12-07_SRR6121455,data/IRMA/mccrone_50006_2014-12-07_SRR6121455/A_PA.fasta
mccrone,50006,2014-12-07,False,0.0,0.0,A,,PB1,mccrone_50006_2014-12-07_SRR6121455,data/IRMA/mccrone_50006_2014-12-07_SRR6121455/A_PB1.fasta
mccrone,50006,2014-12-07,False,0.0,0.0,A,,PB2,mccrone_50006_2014-12-07_SRR6121455,data/IRMA/mccrone_50006_2014-12-07_SRR6121455/A_PB2.fasta
mccrone,50006,2014-12-07,False,0.0,0.0,A,H3,HA,mccrone_50006_2014-12-07_SRR6121455,data/IRMA/mccrone_50006_2014-12-07_SRR6121455/A_HA_H3.fasta
mccrone,50006,2014-12-07,False,0.0,0.0,A,N2,NA,mccrone_50006_2014-12-07_SRR6121455,data/IRMA/mccrone_50006_2014-12-07_SRR6121455/A_NA_N2.fasta
mccrone,50006,2014-12-08,False,1.0,1.0,A,,MP,mccrone_50006_2014-12-07_SRR6121455,data/IRMA/mccrone_50006_2014-12-07_SRR6121455/A_MP.fasta
mccrone,50006,2014-12-08,False,1.0,1.0,A,,NP,mccrone_50006_2014-12-07_SRR6121455,data/IRMA/mccrone_50006_2014-12-07_SRR6121455/A_NP.fasta
mccrone,50006,2014-12-08,False,1.0,1.0,A,,NS,mccrone_50006_2014-12-07_SRR6121455,data/IRMA/mccrone_50006_2014-12-07_SRR6121455/A_NS.fasta
mccrone,50006,2014-12-08,False,1.0,1.0,A,,PA,mccrone_50006_2014-12-07_SRR6121455,data/IRMA/mccrone_50006_2014-12-07_SRR6121455/A_PA.fasta
mccrone,50006,2014-12-08,False,1.0,1.0,A,,PB1,mccrone_50006_2014-12-07_SRR6121455,data/IRMA/mccrone_50006_2014-12-07_SRR6121455/A_PB1.fasta
mccrone,50006,2014-12-08,False,1.0,1.0,A,,PB2,mccrone_50006_2014-12-07_SRR6121455,data/IRMA/mccrone_50006_2014-12-07_SRR6121455/A_PB2.fasta
mccrone,50006,2014-12-08,False,1.0,1.0,A,H3,HA,mccrone_50006_2014-12-07_SRR6121455,data/IRMA/mccrone_50006_2014-12-07_SRR6121455/A_HA_H3.fasta
mccrone,50006,2014-12-08,False,1.0,1.0,A,N2,NA,mccrone_50006_2014-12-07_SRR6121455,data/IRMA/mccrone_50006_2014-12-07_SRR6121455/A_NA_N2.fasta
mccrone,50120,2014-12-16,False,1.5,1.0,A,,MP,mccrone_50120_2014-12-16_SRR6121571,data/IRMA/mccrone_50120_2014-12-16_SRR6121571/A_MP.fasta
mccrone,50120,2014-12-16,False,1.5,1.0,A,,NP,mccrone_50120_2014-12-16_SRR6121571,data/IRMA/mccrone_50120_2014-12-16_SRR6121571/A_NP.fasta
mccrone,50120,2014-12-16,False,1.5,1.0,A,,NS,mccrone_50120_2014-12-16_SRR6121571,data/IRMA/mccrone_50120_2014-12-16_SRR6121571/A_NS.fasta
mccrone,50120,2014-12-16,False,1.5,1.0,A,,PA,mccrone_50120_2014-12-16_SRR6121571,data/IRMA/mccrone_50120_2014-12-16_SRR6121571/A_PA.fasta
mccrone,50120,2014-12-16,False,1.5,1.0,A,,PB1,mccrone_50120_2014-12-16_SRR6121571,data/IRMA/mccrone_50120_2014-12-16_SRR6121571/A_PB1.fasta
mccrone,50120,2014-12-16,False,1.5,1.0,A,,PB2,mccrone_50120_2014-12-16_SRR6121571,data/IRMA/mccrone_50120_2014-12-16_SRR6121571/A_PB2.fasta
mccrone,50120,2014-12-16,False,1.5,1.0,A,H3,HA,mccrone_50120_2014-12-16_SRR6121571,data/IRMA/mccrone_50120_2014-12-16_SRR6121571/A_HA_H3.fasta
mccrone,50120,2014-12-16,False,1.5,1.0,A,N2,NA,mccrone_50120_2014-12-16_SRR6121571,data/IRMA/mccrone_50120_2014-12-16_SRR6121571/A_NA_N2.fasta
mccrone,50120,2014-12-16,True,1.0,0.0,A,,MP,mccrone_50120_2014-12-16_SRR6121571,data/IRMA/mccrone_50120_2014-12-16_SRR6121571/A_MP.fasta
mccrone,50120,2014-12-16,True,1.0,0.0,A,,NP,mccrone_50120_2014-12-16_SRR6121571,data/IRMA/mccrone_50120_2014-12-16_SRR6121571/A_NP.fasta
mccrone,50120,2014-12-16,True,1.0,0.0,A,,NS,mccrone_50120_2014-12-16_SRR6121571,data/IRMA/mccrone_50120_2014-12-16_SRR6121571/A_NS.fasta
mccrone,50120,2014-12-16,True,1.0,0.0,A,,PA,mccrone_50120_2014-12-16_SRR6121571,data/IRMA/mccrone_50120_2014-12-16_SRR6121571/A_PA.fasta
mccrone,50120,2014-12-16,True,1.0,0.0,A,,PB1,mccrone_50120_2014-12-16_SRR6121571,data/IRMA/mccrone_50120_2014-12-16_SRR6121571/A_PB1.fasta
mccrone,50120,2014-12-16,True,1.0,0.0,A,,PB2,mccrone_50120_2014-12-16_SRR6121571,data/IRMA/mccrone_50120_2014-12-16_SRR6121571/A_PB2.fasta
mccrone,50120,2014-12-16,True,1.0,0.0,A,H3,HA,mccrone_50120_2014-12-16_SRR6121571,data/IRMA/mccrone_50120_2014-12-16_SRR6121571/A_HA_H3.fasta
mccrone,50120,2014-12-16,True,1.0,0.0,A,N2,NA,mccrone_50120_2014-12-16_SRR6121571,data/IRMA/mccrone_50120_2014-12-16_SRR6121571/A_NA_N2.fasta
mccrone,50141,2014-12-04,False,1.0,0.0,A,,MP,mccrone_50141_2014-12-04_SRR6121563,data/IRMA/mccrone_50141_2014-12-04_SRR6121563/A_MP.fasta
mccrone,50141,2014-12-04,False,1.0,0.0,A,,NP,mccrone_50141_2014-12-04_SRR6121563,data/IRMA/mccrone_50141_2014-12-04_SRR6121563/A_NP.fasta
mccrone,50141,2014-12-04,False,1.0,0.0,A,,NS,mccrone_50141_2014-12-04_SRR6121563,data/IRMA/mccrone_50141_2014-12-04_SRR6121563/A_NS.fasta
mccrone,50141,2014-12-04,False,1.0,0.0,A,,PA,mccrone_50141_2014-12-04_SRR6121563,data/IRMA/mccrone_50141_2014-12-04_SRR6121563/A_PA.fasta
mccrone,50141,2014-12-04,False,1.0,0.0,A,,PB1,mccrone_50141_2014-12-04_SRR6121563,data/IRMA/mccrone_50141_2014-12-04_SRR6121563/A_PB1.fasta
mccrone,50141,2014-12-04,False,1.0,0.0,A,,PB2,mccrone_50141_2014-12-04_SRR6121563,data/IRMA/mccrone_50141_2014-12-04_SRR6121563/A_PB2.fasta
mccrone,50141,2014-12-04,False,1.0,0.0,A,H3,HA,mccrone_50141_2014-12-04_SRR6121563,data/IRMA/mccrone_50141_2014-12-04_SRR6121563/A_HA_H3.fasta
mccrone,50141,2014-12-04,False,1.0,0.0,A,N2,NA,mccrone_50141_2014-12-04_SRR6121563,data/IRMA/mccrone_50141_2014-12-04_SRR6121563/A_NA_N2.fasta
mccrone,50141,2014-12-05,True,2.0,1.0,A,,MP,mccrone_50141_2014-12-04_SRR6121563,data/IRMA/mccrone_50141_2014-12-04_SRR6121563/A_MP.fasta
mccrone,50141,2014-12-05,True,2.0,1.0,A,,NP,mccrone_50141_2014-12-04_SRR6121563,data/IRMA/mccrone_50141_2014-12-04_SRR6121563/A_NP.fasta
mccrone,50141,2014-12-05,True,2.0,1.0,A,,NS,mccrone_50141_2014-12-04_SRR6121563,data/IRMA/mccrone_50141_2014-12-04_SRR6121563/A_NS.fasta
mccrone,50141,2014-12-05,True,2.0,1.0,A,,PA,mccrone_50141_2014-12-04_SRR6121563,data/IRMA/mccrone_50141_2014-12-04_SRR6121563/A_PA.fasta
mccrone,50141,2014-12-05,True,2.0,1.0,A,,PB1,mccrone_50141_2014-12-04_SRR6121563,data/IRMA/mccrone_50141_2014-12-04_SRR6121563/A_PB1.fasta
mccrone,50141,2014-12-05,True,2.0,1.0,A,,PB2,mccrone_50141_2014-12-04_SRR6121563,data/IRMA/mccrone_50141_2014-12-04_SRR6121563/A_PB2.fasta
mccrone,50141,2014-12-05,True,2.0,1.0,A,H3,HA,mccrone_50141_2014-12-04_SRR6121563,data/IRMA/mccrone_50141_2014-12-04_SRR6121563/A_HA_H3.fasta
mccrone,50141,2014-12-05,True,2.0,1.0,A,N2,NA,mccrone_50141_2014-12-04_SRR6121563,data/IRMA/mccrone_50141_2014-12-04_SRR6121563/A_NA_N2.fasta
mccrone,50143,2015-01-12,False,1.0,0.0,A,,MP,mccrone_50143_2015-01-12_SRR6121359,data/IRMA/mccrone_50143_2015-01-12_SRR6121359/A_MP.fasta
mccrone,50143,2015-01-12,False,1.0,0.0,A,,NP,mccrone_50143_2015-01-12_SRR6121359,data/IRMA/mccrone_50143_2015-01-12_SRR6121359/A_NP.fasta
mccrone,50143,2015-01-12,False,1.0,0.0,A,,NS,mccrone_50143_2015-01-12_SRR6121359,data/IRMA/mccrone_50143_2015-01-12_SRR6121359/A_NS.fasta
mccrone,50143,2015-01-12,False,1.0,0.0,A,,PA,mccrone_50143_2015-01-12_SRR6121359,data/IRMA/mccrone_50143_2015-01-12_SRR6121359/A_PA.fasta
mccrone,50143,2015-01-12,False,1.0,0.0,A,,PB1,mccrone_50143_2015-01-12_SRR6121359,data/IRMA/mccrone_50143_2015-01-12_SRR6121359/A_PB1.fasta
mccrone,50143,2015-01-12,False,1.0,0.0,A,,PB2,mccrone_50143_2015-01-12_SRR6121359,data/IRMA/mccrone_50143_2015-01-12_SRR6121359/A_PB2.fasta
mccrone,50143,2015-01-12,False,1.0,0.0,A,H3,HA,mccrone_50143_2015-01-12_SRR6121359,data/IRMA/mccrone_50143_2015-01-12_SRR6121359/A_HA_H3.fasta
mccrone,50143,2015-01-12,False,1.0,0.0,A,N2,NA,mccrone_50143_2015-01-12_SRR6121359,data/IRMA/mccrone_50143_2015-01-12_SRR6121359/A_NA_N2.fasta
mccrone,50143,2015-01-13,True,2.0,1.0,A,,MP,mccrone_50143_2015-01-12_SRR6121359,data/IRMA/mccrone_50143_2015-01-12_SRR6121359/A_MP.fasta
mccrone,50143,2015-01-13,True,2.0,1.0,A,,NP,mccrone_50143_2015-01-12_SRR6121359,data/IRMA/mccrone_50143_2015-01-12_SRR6121359/A_NP.fasta
mccrone,50143,2015-01-13,True,2.0,1.0,A,,NS,mccrone_50143_2015-01-12_SRR6121359,data/IRMA/mccrone_50143_2015-01-12_SRR6121359/A_NS.fasta
mccrone,50143,2015-01-13,True,2.0,1.0,A,,PA,mccrone_50143_2015-01-12_SRR6121359,data/IRMA/mccrone_50143_2015-01-12_SRR6121359/A_PA.fasta
mccrone,50143,2015-01-13,True,2.0,1.0,A,,PB1,mccrone_50143_2015-01-12_SRR6121359,data/IRMA/mccrone_50143_2015-01-12_SRR6121359/A_PB1.fasta
mccrone,50143,2015-01-13,True,2.0,1.0,A,,PB2,mccrone_50143_2015-01-12_SRR6121359,data/IRMA/mccrone_50143_2015-01-12_SRR6121359/A_PB2.fasta
mccrone,50143,2015-01-13,True,2.0,1.0,A,H3,HA,mccrone_50143_2015-01-12_SRR6121359,data/IRMA/mccrone_50143_2015-01-12_SRR6121359/A_HA_H3.fasta
mccrone,50143,2015-01-13,True,2.0,1.0,A,N2,NA,mccrone_50143_2015-01-12_SRR6121359,data/IRMA/mccrone_50143_2015-01-12_SRR6121359/A_NA_N2.fasta
mccrone,50167,2014-12-31,True,4.0,1.0,A,,MP,mccrone_50167_2014-12-28_SRR6121616,data/IRMA/mccrone_50167_2014-12-28_SRR6121616/A_MP.fasta
mccrone,50167,2014-12-31,True,4.0,1.0,A,,NP,mccrone_50167_2014-12-28_SRR6121616,data/IRMA/mccrone_50167_2014-12-28_SRR6121616/A_NP.fasta
mccrone,50167,2014-12-31,True,4.0,1.0,A,,NS,mccrone_50167_2014-12-28_SRR6121616,data/IRMA/mccrone_50167_2014-12-28_SRR6121616/A_NS.fasta
mccrone,50167,2014-12-31,True,4.0,1.0,A,,PA,mccrone_50167_2014-12-28_SRR6121616,data/IRMA/mccrone_50167_2014-12-28_SRR6121616/A_PA.fasta
mccrone,50167,2014-12-31,True,4.0,1.0,A,,PB1,mccrone_50167_2014-12-28_SRR6121616,data/IRMA/mccrone_50167_2014-12-28_SRR6121616/A_PB1.fasta
mccrone,50167,2014-12-31,True,4.0,1.0,A,,PB2,mccrone_50167_2014-12-28_SRR6121616,data/IRMA/mccrone_50167_2014-12-28_SRR6121616/A_PB2.fasta
mccrone,50167,2014-12-31,True,4.0,1.0,A,H3,HA,mccrone_50167_2014-12-28_SRR6121616,data/IRMA/mccrone_50167_2014-12-28_SRR6121616/A_HA_H3.fasta
mccrone,50167,2014-12-31,True,4.0,1.0,A,N2,NA,mccrone_50167_2014-12-28_SRR6121616,data/IRMA/mccrone_50167_2014-12-28_SRR6121616/A_NA_N2.fasta
mccrone,50167,2014-12-28,True,1.0,0.0,A,,MP,mccrone_50167_2014-12-28_SRR6121616,data/IRMA/mccrone_50167_2014-12-28_SRR6121616/A_MP.fasta
mccrone,50167,2014-12-28,True,1.0,0.0,A,,NP,mccrone_50167_2014-12-28_SRR6121616,data/IRMA/mccrone_50167_2014-12-28_SRR6121616/A_NP.fasta
mccrone,50167,2014-12-28,True,1.0,0.0,A,,NS,mccrone_50167_2014-12-28_SRR6121616,data/IRMA/mccrone_50167_2014-12-28_SRR6121616/A_NS.fasta
mccrone,50167,2014-12-28,True,1.0,0.0,A,,PA,mccrone_50167_2014-12-28_SRR6121616,data/IRMA/mccrone_50167_2014-12-28_SRR6121616/A_PA.fasta
mccrone,50167,2014-12-28,True,1.0,0.0,A,,PB1,mccrone_50167_2014-12-28_SRR6121616,data/IRMA/mccrone_50167_2014-12-28_SRR6121616/A_PB1.fasta
mccrone,50167,2014-12-28,True,1.0,0.0,A,,PB2,mccrone_50167_2014-12-28_SRR6121616,data/IRMA/mccrone_50167_2014-12-28_SRR6121616/A_PB2.fasta
mccrone,50167,2014-12-28,True,1.0,0.0,A,H3,HA,mccrone_50167_2014-12-28_SRR6121616,data/IRMA/mccrone_50167_2014-12-28_SRR6121616/A_HA_H3.fasta
mccrone,50167,2014-12-28,True,1.0,0.0,A,N2,NA,mccrone_50167_2014-12-28_SRR6121616,data/IRMA/mccrone_50167_2014-12-28_SRR6121616/A_NA_N2.fasta
mccrone,50207,2014-12-01,False,1.0,1.0,A,,MP,mccrone_50207_2014-11-30_SRR6121626,data/IRMA/mccrone_50207_2014-11-30_SRR6121626/A_MP.fasta
mccrone,50207,2014-12-01,False,1.0,1.0,A,,NP,mccrone_50207_2014-11-30_SRR6121626,data/IRMA/mccrone_50207_2014-11-30_SRR6121626/A_NP.fasta
mccrone,50207,2014-12-01,False,1.0,1.0,A,,NS,mccrone_50207_2014-11-30_SRR6121626,data/IRMA/mccrone_50207_2014-11-30_SRR6121626/A_NS.fasta
mccrone,50207,2014-12-01,False,1.0,1.0,A,,PA,mccrone_50207_2014-11-30_SRR6121626,data/IRMA/mccrone_50207_2014-11-30_SRR6121626/A_PA.fasta
mccrone,50207,2014-12-01,False,1.0,1.0,A,,PB1,mccrone_50207_2014-11-30_SRR6121626,data/IRMA/mccrone_50207_2014-11-30_SRR6121626/A_PB1.fasta
mccrone,50207,2014-12-01,False,1.0,1.0,A,,PB2,mccrone_50207_2014-11-30_SRR6121626,data/IRMA/mccrone_50207_2014-11-30_SRR6121626/A_PB2.fasta
mccrone,50207,2014-12-01,False,1.0,1.0,A,H3,HA,mccrone_50207_2014-11-30_SRR6121626,data/IRMA/mccrone_50207_2014-11-30_SRR6121626/A_HA_H3.fasta
mccrone,50207,2014-12-01,False,1.0,1.0,A,N2,NA,mccrone_50207_2014-11-30_SRR6121626,data/IRMA/mccrone_50207_2014-11-30_SRR6121626/A_NA_N2.fasta
mccrone,50207,2014-11-30,False,0.0,0.0,A,,MP,mccrone_50207_2014-11-30_SRR6121626,data/IRMA/mccrone_50207_2014-11-30_SRR6121626/A_MP.fasta
mccrone,50207,2014-11-30,False,0.0,0.0,A,,NP,mccrone_50207_2014-11-30_SRR6121626,data/IRMA/mccrone_50207_2014-11-30_SRR6121626/A_NP.fasta
mccrone,50207,2014-11-30,False,0.0,0.0,A,,NS,mccrone_50207_2014-11-30_SRR6121626,data/IRMA/mccrone_50207_2014-11-30_SRR6121626/A_NS.fasta
mccrone,50207,2014-11-30,False,0.0,0.0,A,,PA,mccrone_50207_2014-11-30_SRR6121626,data/IRMA/mccrone_50207_2014-11-30_SRR6121626/A_PA.fasta
mccrone,50207,2014-11-30,False,0.0,0.0,A,,PB1,mccrone_50207_2014-11-30_SRR6121626,data/IRMA/mccrone_50207_2014-11-30_SRR6121626/A_PB1.fasta
mccrone,50207,2014-11-30,False,0.0,0.0,A,,PB2,mccrone_50207_2014-11-30_SRR6121626,data/IRMA/mccrone_50207_2014-11-30_SRR6121626/A_PB2.fasta
mccrone,50207,2014-11-30,False,0.0,0.0,A,H3,HA,mccrone_50207_2014-11-30_SRR6121626,data/IRMA/mccrone_50207_2014-11-30_SRR6121626/A_HA_H3.fasta
mccrone,50207,2014-11-30,False,0.0,0.0,A,N2,NA,mccrone_50207_2014-11-30_SRR6121626,data/IRMA/mccrone_50207_2014-11-30_SRR6121626/A_NA_N2.fasta
mccrone,50232,2014-12-13,True,1.0,0.0,A,,MP,mccrone_50232_2014-12-13_SRR6121414,data/IRMA/mccrone_50232_2014-12-13_SRR6121414/A_MP.fasta
mccrone,50232,2014-12-13,True,1.0,0.0,A,,NP,mccrone_50232_2014-12-13_SRR6121414,data/IRMA/mccrone_50232_2014-12-13_SRR6121414/A_NP.fasta
mccrone,50232,2014-12-13,True,1.0,0.0,A,,NS,mccrone_50232_2014-12-13_SRR6121414,data/IRMA/mccrone_50232_2014-12-13_SRR6121414/A_NS.fasta
mccrone,50232,2014-12-13,True,1.0,0.0,A,,PA,mccrone_50232_2014-12-13_SRR6121414,data/IRMA/mccrone_50232_2014-12-13_SRR6121414/A_PA.fasta
mccrone,50232,2014-12-13,True,1.0,0.0,A,,PB1,mccrone_50232_2014-12-13_SRR6121414,data/IRMA/mccrone_50232_2014-12-13_SRR6121414/A_PB1.fasta
mccrone,50232,2014-12-13,True,1.0,0.0,A,,PB2,mccrone_50232_2014-12-13_SRR6121414,data/IRMA/mccrone_50232_2014-12-13_SRR6121414/A_PB2.fasta
mccrone,50232,2014-12-13,True,1.0,0.0,A,H3,HA,mccrone_50232_2014-12-13_SRR6121414,data/IRMA/mccrone_50232_2014-12-13_SRR6121414/A_HA_H3.fasta
mccrone,50232,2014-12-13,True,1.0,0.0,A,N2,NA,mccrone_50232_2014-12-13_SRR6121414,data/IRMA/mccrone_50232_2014-12-13_SRR6121414/A_NA_N2.fasta
mccrone,50232,2014-12-15,True,3.0,1.0,A,,MP,mccrone_50232_2014-12-13_SRR6121414,data/IRMA/mccrone_50232_2014-12-13_SRR6121414/A_MP.fasta
mccrone,50232,2014-12-15,True,3.0,1.0,A,,NP,mccrone_50232_2014-12-13_SRR6121414,data/IRMA/mccrone_50232_2014-12-13_SRR6121414/A_NP.fasta
mccrone,50232,2014-12-15,True,3.0,1.0,A,,NS,mccrone_50232_2014-12-13_SRR6121414,data/IRMA/mccrone_50232_2014-12-13_SRR6121414/A_NS.fasta
mccrone,50232,2014-12-15,True,3.0,1.0,A,,PA,mccrone_50232_2014-12-13_SRR6121414,data/IRMA/mccrone_50232_2014-12-13_SRR6121414/A_PA.fasta
mccrone,50232,2014-12-15,True,3.0,1.0,A,,PB1,mccrone_50232_2014-12-13_SRR6121414,data/IRMA/mccrone_50232_2014-12-13_SRR6121414/A_PB1.fasta
mccrone,50232,2014-12-15,True,3.0,1.0,A,,PB2,mccrone_50232_2014-12-13_SRR6121414,data/IRMA/mccrone_50232_2014-12-13_SRR6121414/A_PB2.fasta
mccrone,50232,2014-12-15,True,3.0,1.0,A,H3,HA,mccrone_50232_2014-12-13_SRR6121414,data/IRMA/mccrone_50232_2014-12-13_SRR6121414/A_HA_H3.fasta
mccrone,50232,2014-12-15,True,3.0,1.0,A,N2,NA,mccrone_50232_2014-12-13_SRR6121414,data/IRMA/mccrone_50232_2014-12-13_SRR6121414/A_NA_N2.fasta
mccrone,50246,2015-01-01,True,0.0,0.0,A,,MP,mccrone_50246_2015-01-01_SRR6121308,data/IRMA/mccrone_50246_2015-01-01_SRR6121308/A_MP.fasta
mccrone,50246,2015-01-01,True,0.0,0.0,A,,NP,mccrone_50246_2015-01-01_SRR6121308,data/IRMA/mccrone_50246_2015-01-01_SRR6121308/A_NP.fasta
mccrone,50246,2015-01-01,True,0.0,0.0,A,,NS,mccrone_50246_2015-01-01_SRR6121308,data/IRMA/mccrone_50246_2015-01-01_SRR6121308/A_NS.fasta
mccrone,50246,2015-01-01,True,0.0,0.0,A,,PA,mccrone_50246_2015-01-01_SRR6121308,data/IRMA/mccrone_50246_2015-01-01_SRR6121308/A_PA.fasta
mccrone,50246,2015-01-01,True,0.0,0.0,A,,PB1,mccrone_50246_2015-01-01_SRR6121308,data/IRMA/mccrone_50246_2015-01-01_SRR6121308/A_PB1.fasta
mccrone,50246,2015-01-01,True,0.0,0.0,A,,PB2,mccrone_50246_2015-01-01_SRR6121308,data/IRMA/mccrone_50246_2015-01-01_SRR6121308/A_PB2.fasta
mccrone,50246,2015-01-01,True,0.0,0.0,A,H3,HA,mccrone_50246_2015-01-01_SRR6121308,data/IRMA/mccrone_50246_2015-01-01_SRR6121308/A_HA_H3.fasta
mccrone,50246,2015-01-01,True,0.0,0.0,A,N2,NA,mccrone_50246_2015-01-01_SRR6121308,data/IRMA/mccrone_50246_2015-01-01_SRR6121308/A_NA_N2.fasta
mccrone,50246,2015-01-05,False,4.0,1.0,A,,MP,mccrone_50246_2015-01-01_SRR6121308,data/IRMA/mccrone_50246_2015-01-01_SRR6121308/A_MP.fasta
mccrone,50246,2015-01-05,False,4.0,1.0,A,,NP,mccrone_50246_2015-01-01_SRR6121308,data/IRMA/mccrone_50246_2015-01-01_SRR6121308/A_NP.fasta
mccrone,50246,2015-01-05,False,4.0,1.0,A,,NS,mccrone_50246_2015-01-01_SRR6121308,data/IRMA/mccrone_50246_2015-01-01_SRR6121308/A_NS.fasta
mccrone,50246,2015-01-05,False,4.0,1.0,A,,PA,mccrone_50246_2015-01-01_SRR6121308,data/IRMA/mccrone_50246_2015-01-01_SRR6121308/A_PA.fasta
mccrone,50246,2015-01-05,False,4.0,1.0,A,,PB1,mccrone_50246_2015-01-01_SRR6121308,data/IRMA/mccrone_50246_2015-01-01_SRR6121308/A_PB1.fasta
mccrone,50246,2015-01-05,False,4.0,1.0,A,,PB2,mccrone_50246_2015-01-01_SRR6121308,data/IRMA/mccrone_50246_2015-01-01_SRR6121308/A_PB2.fasta
mccrone,50246,2015-01-05,False,4.0,1.0,A,H3,HA,mccrone_50246_2015-01-01_SRR6121308,data/IRMA/mccrone_50246_2015-01-01_SRR6121308/A_HA_H3.fasta
mccrone,50246,2015-01-05,False,4.0,1.0,A,N2,NA,mccrone_50246_2015-01-01_SRR6121308,data/IRMA/mccrone_50246_2015-01-01_SRR6121308/A_NA_N2.fasta
mccrone,50261,2014-12-07,False,1.0,0.0,A,,MP,mccrone_50261_2014-12-07_SRR6121454,data/IRMA/mccrone_50261_2014-12-07_SRR6121454/A_MP.fasta
mccrone,50261,2014-12-07,False,1.0,0.0,A,,NP,mccrone_50261_2014-12-07_SRR6121454,data/IRMA/mccrone_50261_2014-12-07_SRR6121454/A_NP.fasta
mccrone,50261,2014-12-07,False,1.0,0.0,A,,NS,mccrone_50261_2014-12-07_SRR6121454,data/IRMA/mccrone_50261_2014-12-07_SRR6121454/A_NS.fasta
mccrone,50261,2014-12-07,False,1.0,0.0,A,,PA,mccrone_50261_2014-12-07_SRR6121454,data/IRMA/mccrone_50261_2014-12-07_SRR6121454/A_PA.fasta
mccrone,50261,2014-12-07,False,1.0,0.0,A,,PB1,mccrone_50261_2014-12-07_SRR6121454,data/IRMA/mccrone_50261_2014-12-07_SRR6121454/A_PB1.fasta
mccrone,50261,2014-12-07,False,1.0,0.0,A,,PB2,mccrone_50261_2014-12-07_SRR6121454,data/IRMA/mccrone_50261_2014-12-07_SRR6121454/A_PB2.fasta
mccrone,50261,2014-12-07,False,1.0,0.0,A,H3,HA,mccrone_50261_2014-12-07_SRR6121454,data/IRMA/mccrone_50261_2014-12-07_SRR6121454/A_HA_H3.fasta
mccrone,50261,2014-12-07,False,1.0,0.0,A,N2,NA,mccrone_50261_2014-12-07_SRR6121454,data/IRMA/mccrone_50261_2014-12-07_SRR6121454/A_NA_N2.fasta
mccrone,50261,2014-12-08,True,2.0,1.0,A,,MP,mccrone_50261_2014-12-07_SRR6121454,data/IRMA/mccrone_50261_2014-12-07_SRR6121454/A_MP.fasta
mccrone,50261,2014-12-08,True,2.0,1.0,A,,NP,mccrone_50261_2014-12-07_SRR6121454,data/IRMA/mccrone_50261_2014-12-07_SRR6121454/A_NP.fasta
mccrone,50261,2014-12-08,True,2.0,1.0,A,,NS,mccrone_50261_2014-12-07_SRR6121454,data/IRMA/mccrone_50261_2014-12-07_SRR6121454/A_NS.fasta
mccrone,50261,2014-12-08,True,2.0,1.0,A,,PA,mccrone_50261_2014-12-07_SRR6121454,data/IRMA/mccrone_50261_2014-12-07_SRR6121454/A_PA.fasta
mccrone,50261,2014-12-08,True,2.0,1.0,A,,PB1,mccrone_50261_2014-12-07_SRR6121454,data/IRMA/mccrone_50261_2014-12-07_SRR6121454/A_PB1.fasta
mccrone,50261,2014-12-08,True,2.0,1.0,A,,PB2,mccrone_50261_2014-12-07_SRR6121454,data/IRMA/mccrone_50261_2014-12-07_SRR6121454/A_PB2.fasta
mccrone,50261,2014-12-08,True,2.0,1.0,A,H3,HA,mccrone_50261_2014-12-07_SRR6121454,data/IRMA/mccrone_50261_2014-12-07_SRR6121454/A_HA_H3.fasta
mccrone,50261,2014-12-08,True,2.0,1.0,A,N2,NA,mccrone_50261_2014-12-07_SRR6121454,data/IRMA/mccrone_50261_2014-12-07_SRR6121454/A_NA_N2.fasta
mccrone,50305,2014-12-10,True,5.0,1.0,A,,MP,mccrone_50305_2014-12-07_SRR6121293,data/IRMA/mccrone_50305_2014-12-07_SRR6121293/A_MP.fasta
mccrone,50305,2014-12-10,True,5.0,1.0,A,,NP,mccrone_50305_2014-12-07_SRR6121293,data/IRMA/mccrone_50305_2014-12-07_SRR6121293/A_NP.fasta
mccrone,50305,2014-12-10,True,5.0,1.0,A,,NS,mccrone_50305_2014-12-07_SRR6121293,data/IRMA/mccrone_50305_2014-12-07_SRR6121293/A_NS.fasta
mccrone,50305,2014-12-10,True,5.0,1.0,A,,PA,mccrone_50305_2014-12-07_SRR6121293,data/IRMA/mccrone_50305_2014-12-07_SRR6121293/A_PA.fasta
mccrone,50305,2014-12-10,True,5.0,1.0,A,,PB1,mccrone_50305_2014-12-07_SRR6121293,data/IRMA/mccrone_50305_2014-12-07_SRR6121293/A_PB1.fasta
mccrone,50305,2014-12-10,True,5.0,1.0,A,,PB2,mccrone_50305_2014-12-07_SRR6121293,data/IRMA/mccrone_50305_2014-12-07_SRR6121293/A_PB2.fasta
mccrone,50305,2014-12-10,True,5.0,1.0,A,H3,HA,mccrone_50305_2014-12-07_SRR6121293,data/IRMA/mccrone_50305_2014-12-07_SRR6121293/A_HA_H3.fasta
mccrone,50305,2014-12-10,True,5.0,1.0,A,N2,NA,mccrone_50305_2014-12-07_SRR6121293,data/IRMA/mccrone_50305_2014-12-07_SRR6121293/A_NA_N2.fasta
mccrone,50305,2014-12-07,True,2.0,0.0,A,,MP,mccrone_50305_2014-12-07_SRR6121293,data/IRMA/mccrone_50305_2014-12-07_SRR6121293/A_MP.fasta
mccrone,50305,2014-12-07,True,2.0,0.0,A,,NP,mccrone_50305_2014-12-07_SRR6121293,data/IRMA/mccrone_50305_2014-12-07_SRR6121293/A_NP.fasta
mccrone,50305,2014-12-07,True,2.0,0.0,A,,NS,mccrone_50305_2014-12-07_SRR6121293,data/IRMA/mccrone_50305_2014-12-07_SRR6121293/A_NS.fasta
mccrone,50305,2014-12-07,True,2.0,0.0,A,,PA,mccrone_50305_2014-12-07_SRR6121293,data/IRMA/mccrone_50305_2014-12-07_SRR6121293/A_PA.fasta
mccrone,50305,2014-12-07,True,2.0,0.0,A,,PB1,mccrone_50305_2014-12-07_SRR6121293,data/IRMA/mccrone_50305_2014-12-07_SRR6121293/A_PB1.fasta
mccrone,50305,2014-12-07,True,2.0,0.0,A,,PB2,mccrone_50305_2014-12-07_SRR6121293,data/IRMA/mccrone_50305_2014-12-07_SRR6121293/A_PB2.fasta
mccrone,50305,2014-12-07,True,2.0,0.0,A,H3,HA,mccrone_50305_2014-12-07_SRR6121293,data/IRMA/mccrone_50305_2014-12-07_SRR6121293/A_HA_H3.fasta
mccrone,50305,2014-12-07,True,2.0,0.0,A,N2,NA,mccrone_50305_2014-12-07_SRR6121293,data/IRMA/mccrone_50305_2014-12-07_SRR6121293/A_NA_N2.fasta
mccrone,50318,2014-11-26,True,3.0,1.0,A,,MP,mccrone_50318_2014-11-23_SRR6121623,data/IRMA/mccrone_50318_2014-11-23_SRR6121623/A_MP.fasta
mccrone,50318,2014-11-26,True,3.0,1.0,A,,NP,mccrone_50318_2014-11-23_SRR6121623,data/IRMA/mccrone_50318_2014-11-23_SRR6121623/A_NP.fasta
mccrone,50318,2014-11-26,True,3.0,1.0,A,,NS,mccrone_50318_2014-11-23_SRR6121623,data/IRMA/mccrone_50318_2014-11-23_SRR6121623/A_NS.fasta
mccrone,50318,2014-11-26,True,3.0,1.0,A,,PA,mccrone_50318_2014-11-23_SRR6121623,data/IRMA/mccrone_50318_2014-11-23_SRR6121623/A_PA.fasta
mccrone,50318,2014-11-26,True,3.0,1.0,A,,PB1,mccrone_50318_2014-11-23_SRR6121623,data/IRMA/mccrone_50318_2014-11-23_SRR6121623/A_PB1.fasta
mccrone,50318,2014-11-26,True,3.0,1.0,A,,PB2,mccrone_50318_2014-11-23_SRR6121623,data/IRMA/mccrone_50318_2014-11-23_SRR6121623/A_PB2.fasta
mccrone,50318,2014-11-26,True,3.0,1.0,A,H3,HA,mccrone_50318_2014-11-23_SRR6121623,data/IRMA/mccrone_50318_2014-11-23_SRR6121623/A_HA_H3.fasta
mccrone,50318,2014-11-26,True,3.0,1.0,A,N2,NA,mccrone_50318_2014-11-23_SRR6121623,data/IRMA/mccrone_50318_2014-11-23_SRR6121623/A_NA_N2.fasta
mccrone,50318,2014-11-23,False,0.0,0.0,A,,MP,mccrone_50318_2014-11-23_SRR6121623,data/IRMA/mccrone_50318_2014-11-23_SRR6121623/A_MP.fasta
mccrone,50318,2014-11-23,False,0.0,0.0,A,,NP,mccrone_50318_2014-11-23_SRR6121623,data/IRMA/mccrone_50318_2014-11-23_SRR6121623/A_NP.fasta
mccrone,50318,2014-11-23,False,0.0,0.0,A,,NS,mccrone_50318_2014-11-23_SRR6121623,data/IRMA/mccrone_50318_2014-11-23_SRR6121623/A_NS.fasta
mccrone,50318,2014-11-23,False,0.0,0.0,A,,PA,mccrone_50318_2014-11-23_SRR6121623,data/IRMA/mccrone_50318_2014-11-23_SRR6121623/A_PA.fasta
mccrone,50318,2014-11-23,False,0.0,0.0,A,,PB1,mccrone_50318_2014-11-23_SRR6121623,data/IRMA/mccrone_50318_2014-11-23_SRR6121623/A_PB1.fasta
mccrone,50318,2014-11-23,False,0.0,0.0,A,,PB2,mccrone_50318_2014-11-23_SRR6121623,data/IRMA/mccrone_50318_2014-11-23_SRR6121623/A_PB2.fasta
mccrone,50318,2014-11-23,False,0.0,0.0,A,H3,HA,mccrone_50318_2014-11-23_SRR6121623,data/IRMA/mccrone_50318_2014-11-23_SRR6121623/A_HA_H3.fasta
mccrone,50318,2014-11-23,False,0.0,0.0,A,N2,NA,mccrone_50318_2014-11-23_SRR6121623,data/IRMA/mccrone_50318_2014-11-23_SRR6121623/A_NA_N2.fasta
mccrone,50319,2014-11-26,False,1.0,1.0,A,,MP,mccrone_50319_2014-11-25_SRR6121624,data/IRMA/mccrone_50319_2014-11-25_SRR6121624/A_MP.fasta
mccrone,50319,2014-11-26,False,1.0,1.0,A,,NP,mccrone_50319_2014-11-25_SRR6121624,data/IRMA/mccrone_50319_2014-11-25_SRR6121624/A_NP.fasta
mccrone,50319,2014-11-26,False,1.0,1.0,A,,NS,mccrone_50319_2014-11-25_SRR6121624,data/IRMA/mccrone_50319_2014-11-25_SRR6121624/A_NS.fasta
mccrone,50319,2014-11-26,False,1.0,1.0,A,,PA,mccrone_50319_2014-11-25_SRR6121624,data/IRMA/mccrone_50319_2014-11-25_SRR6121624/A_PA.fasta
mccrone,50319,2014-11-26,False,1.0,1.0,A,,PB1,mccrone_50319_2014-11-25_SRR6121624,data/IRMA/mccrone_50319_2014-11-25_SRR6121624/A_PB1.fasta
mccrone,50319,2014-11-26,False,1.0,1.0,A,,PB2,mccrone_50319_2014-11-25_SRR6121624,data/IRMA/mccrone_50319_2014-11-25_SRR6121624/A_PB2.fasta
mccrone,50319,2014-11-26,False,1.0,1.0,A,H3,HA,mccrone_50319_2014-11-25_SRR6121624,data/IRMA/mccrone_50319_2014-11-25_SRR6121624/A_HA_H3.fasta
mccrone,50319,2014-11-26,False,1.0,1.0,A,N2,NA,mccrone_50319_2014-11-25_SRR6121624,data/IRMA/mccrone_50319_2014-11-25_SRR6121624/A_NA_N2.fasta
mccrone,50319,2014-11-25,False,0.0,0.0,A,,MP,mccrone_50319_2014-11-25_SRR6121624,data/IRMA/mccrone_50319_2014-11-25_SRR6121624/A_MP.fasta
mccrone,50319,2014-11-25,False,0.0,0.0,A,,NP,mccrone_50319_2014-11-25_SRR6121624,data/IRMA/mccrone_50319_2014-11-25_SRR6121624/A_NP.fasta
mccrone,50319,2014-11-25,False,0.0,0.0,A,,NS,mccrone_50319_2014-11-25_SRR6121624,data/IRMA/mccrone_50319_2014-11-25_SRR6121624/A_NS.fasta
mccrone,50319,2014-11-25,False,0.0,0.0,A,,PA,mccrone_50319_2014-11-25_SRR6121624,data/IRMA/mccrone_50319_2014-11-25_SRR6121624/A_PA.fasta
mccrone,50319,2014-11-25,False,0.0,0.0,A,,PB1,mccrone_50319_2014-11-25_SRR6121624,data/IRMA/mccrone_50319_2014-11-25_SRR6121624/A_PB1.fasta
mccrone,50319,2014-11-25,False,0.0,0.0,A,,PB2,mccrone_50319_2014-11-25_SRR6121624,data/IRMA/mccrone_50319_2014-11-25_SRR6121624/A_PB2.fasta
mccrone,50319,2014-11-25,False,0.0,0.0,A,H3,HA,mccrone_50319_2014-11-25_SRR6121624,data/IRMA/mccrone_50319_2014-11-25_SRR6121624/A_HA_H3.fasta
mccrone,50319,2014-11-25,False,0.0,0.0,A,N2,NA,mccrone_50319_2014-11-25_SRR6121624,data/IRMA/mccrone_50319_2014-11-25_SRR6121624/A_NA_N2.fasta
mccrone,50331,2014-12-10,True,1.0,1.0,A,,MP,mccrone_50331_2014-12-09_SRR6121295,data/IRMA/mccrone_50331_2014-12-09_SRR6121295/A_MP.fasta
mccrone,50331,2014-12-10,True,1.0,1.0,A,,NP,mccrone_50331_2014-12-09_SRR6121295,data/IRMA/mccrone_50331_2014-12-09_SRR6121295/A_NP.fasta
mccrone,50331,2014-12-10,True,1.0,1.0,A,,NS,mccrone_50331_2014-12-09_SRR6121295,data/IRMA/mccrone_50331_2014-12-09_SRR6121295/A_NS.fasta
mccrone,50331,2014-12-10,True,1.0,1.0,A,,PA,mccrone_50331_2014-12-09_SRR6121295,data/IRMA/mccrone_50331_2014-12-09_SRR6121295/A_PA.fasta
mccrone,50331,2014-12-10,True,1.0,1.0,A,,PB1,mccrone_50331_2014-12-09_SRR6121295,data/IRMA/mccrone_50331_2014-12-09_SRR6121295/A_PB1.fasta
mccrone,50331,2014-12-10,True,1.0,1.0,A,,PB2,mccrone_50331_2014-12-09_SRR6121295,data/IRMA/mccrone_50331_2014-12-09_SRR6121295/A_PB2.fasta
mccrone,50331,2014-12-10,True,1.0,1.0,A,H3,HA,mccrone_50331_2014-12-09_SRR6121295,data/IRMA/mccrone_50331_2014-12-09_SRR6121295/A_HA_H3.fasta
mccrone,50331,2014-12-10,True,1.0,1.0,A,N2,NA,mccrone_50331_2014-12-09_SRR6121295,data/IRMA/mccrone_50331_2014-12-09_SRR6121295/A_NA_N2.fasta
mccrone,50331,2014-12-09,True,0.0,0.0,A,,MP,mccrone_50331_2014-12-09_SRR6121295,data/IRMA/mccrone_50331_2014-12-09_SRR6121295/A_MP.fasta
mccrone,50331,2014-12-09,True,0.0,0.0,A,,NP,mccrone_50331_2014-12-09_SRR6121295,data/IRMA/mccrone_50331_2014-12-09_SRR6121295/A_NP.fasta
mccrone,50331,2014-12-09,True,0.0,0.0,A,,NS,mccrone_50331_2014-12-09_SRR6121295,data/IRMA/mccrone_50331_2014-12-09_SRR6121295/A_NS.fasta
mccrone,50331,2014-12-09,True,0.0,0.0,A,,PA,mccrone_50331_2014-12-09_SRR6121295,data/IRMA/mccrone_50331_2014-12-09_SRR6121295/A_PA.fasta
mccrone,50331,2014-12-09,True,0.0,0.0,A,,PB1,mccrone_50331_2014-12-09_SRR6121295,data/IRMA/mccrone_50331_2014-12-09_SRR6121295/A_PB1.fasta
mccrone,50331,2014-12-09,True,0.0,0.0,A,,PB2,mccrone_50331_2014-12-09_SRR6121295,data/IRMA/mccrone_50331_2014-12-09_SRR6121295/A_PB2.fasta
mccrone,50331,2014-12-09,True,0.0,0.0,A,H3,HA,mccrone_50331_2014-12-09_SRR6121295,data/IRMA/mccrone_50331_2014-12-09_SRR6121295/A_HA_H3.fasta
mccrone,50331,2014-12-09,True,0.0,0.0,A,N2,NA,mccrone_50331_2014-12-09_SRR6121295,data/IRMA/mccrone_50331_2014-12-09_SRR6121295/A_NA_N2.fasta
mccrone,50418,2014-12-29,False,2.0,1.0,A,,MP,mccrone_50418_2014-12-28_SRR6121492,data/IRMA/mccrone_50418_2014-12-28_SRR6121492/A_MP.fasta
mccrone,50418,2014-12-29,False,2.0,1.0,A,,NP,mccrone_50418_2014-12-28_SRR6121492,data/IRMA/mccrone_50418_2014-12-28_SRR6121492/A_NP.fasta
mccrone,50418,2014-12-29,False,2.0,1.0,A,,NS,mccrone_50418_2014-12-28_SRR6121492,data/IRMA/mccrone_50418_2014-12-28_SRR6121492/A_NS.fasta
mccrone,50418,2014-12-29,False,2.0,1.0,A,,PA,mccrone_50418_2014-12-28_SRR6121492,data/IRMA/mccrone_50418_2014-12-28_SRR6121492/A_PA.fasta
mccrone,50418,2014-12-29,False,2.0,1.0,A,,PB1,mccrone_50418_2014-12-28_SRR6121492,data/IRMA/mccrone_50418_2014-12-28_SRR6121492/A_PB1.fasta
mccrone,50418,2014-12-29,False,2.0,1.0,A,,PB2,mccrone_50418_2014-12-28_SRR6121492,data/IRMA/mccrone_50418_2014-12-28_SRR6121492/A_PB2.fasta
mccrone,50418,2014-12-29,False,2.0,1.0,A,H3,HA,mccrone_50418_2014-12-28_SRR6121492,data/IRMA/mccrone_50418_2014-12-28_SRR6121492/A_HA_H3.fasta
mccrone,50418,2014-12-29,False,2.0,1.0,A,N2,NA,mccrone_50418_2014-12-28_SRR6121492,data/IRMA/mccrone_50418_2014-12-28_SRR6121492/A_NA_N2.fasta
mccrone,50418,2014-12-28,True,1.0,0.0,A,,MP,mccrone_50418_2014-12-28_SRR6121492,data/IRMA/mccrone_50418_2014-12-28_SRR6121492/A_MP.fasta
mccrone,50418,2014-12-28,True,1.0,0.0,A,,NP,mccrone_50418_2014-12-28_SRR6121492,data/IRMA/mccrone_50418_2014-12-28_SRR6121492/A_NP.fasta
mccrone,50418,2014-12-28,True,1.0,0.0,A,,NS,mccrone_50418_2014-12-28_SRR6121492,data/IRMA/mccrone_50418_2014-12-28_SRR6121492/A_NS.fasta
mccrone,50418,2014-12-28,True,1.0,0.0,A,,PA,mccrone_50418_2014-12-28_SRR6121492,data/IRMA/mccrone_50418_2014-12-28_SRR6121492/A_PA.fasta
mccrone,50418,2014-12-28,True,1.0,0.0,A,,PB1,mccrone_50418_2014-12-28_SRR6121492,data/IRMA/mccrone_50418_2014-12-28_SRR6121492/A_PB1.fasta
mccrone,50418,2014-12-28,True,1.0,0.0,A,,PB2,mccrone_50418_2014-12-28_SRR6121492,data/IRMA/mccrone_50418_2014-12-28_SRR6121492/A_PB2.fasta
mccrone,50418,2014-12-28,True,1.0,0.0,A,H3,HA,mccrone_50418_2014-12-28_SRR6121492,data/IRMA/mccrone_50418_2014-12-28_SRR6121492/A_HA_H3.fasta
mccrone,50418,2014-12-28,True,1.0,0.0,A,N2,NA,mccrone_50418_2014-12-28_SRR6121492,data/IRMA/mccrone_50418_2014-12-28_SRR6121492/A_NA_N2.fasta
mccrone,50468,2014-12-23,True,2.0,1.0,A,,MP,mccrone_50468_2014-12-21_SRR6121382,data/IRMA/mccrone_50468_2014-12-21_SRR6121382/A_MP.fasta
mccrone,50468,2014-12-23,True,2.0,1.0,A,,NP,mccrone_50468_2014-12-21_SRR6121382,data/IRMA/mccrone_50468_2014-12-21_SRR6121382/A_NP.fasta
mccrone,50468,2014-12-23,True,2.0,1.0,A,,NS,mccrone_50468_2014-12-21_SRR6121382,data/IRMA/mccrone_50468_2014-12-21_SRR6121382/A_NS.fasta
mccrone,50468,2014-12-23,True,2.0,1.0,A,,PA,mccrone_50468_2014-12-21_SRR6121382,data/IRMA/mccrone_50468_2014-12-21_SRR6121382/A_PA.fasta
mccrone,50468,2014-12-23,True,2.0,1.0,A,,PB1,mccrone_50468_2014-12-21_SRR6121382,data/IRMA/mccrone_50468_2014-12-21_SRR6121382/A_PB1.fasta
mccrone,50468,2014-12-23,True,2.0,1.0,A,,PB2,mccrone_50468_2014-12-21_SRR6121382,data/IRMA/mccrone_50468_2014-12-21_SRR6121382/A_PB2.fasta
mccrone,50468,2014-12-23,True,2.0,1.0,A,H3,HA,mccrone_50468_2014-12-21_SRR6121382,data/IRMA/mccrone_50468_2014-12-21_SRR6121382/A_HA_H3.fasta
mccrone,50468,2014-12-23,True,2.0,1.0,A,N2,NA,mccrone_50468_2014-12-21_SRR6121382,data/IRMA/mccrone_50468_2014-12-21_SRR6121382/A_NA_N2.fasta
mccrone,50468,2014-12-21,True,0.0,0.0,A,,MP,mccrone_50468_2014-12-21_SRR6121382,data/IRMA/mccrone_50468_2014-12-21_SRR6121382/A_MP.fasta
mccrone,50468,2014-12-21,True,0.0,0.0,A,,NP,mccrone_50468_2014-12-21_SRR6121382,data/IRMA/mccrone_50468_2014-12-21_SRR6121382/A_NP.fasta
mccrone,50468,2014-12-21,True,0.0,0.0,A,,NS,mccrone_50468_2014-12-21_SRR6121382,data/IRMA/mccrone_50468_2014-12-21_SRR6121382/A_NS.fasta
mccrone,50468,2014-12-21,True,0.0,0.0,A,,PA,mccrone_50468_2014-12-21_SRR6121382,data/IRMA/mccrone_50468_2014-12-21_SRR6121382/A_PA.fasta
mccrone,50468,2014-12-21,True,0.0,0.0,A,,PB1,mccrone_50468_2014-12-21_SRR6121382,data/IRMA/mccrone_50468_2014-12-21_SRR6121382/A_PB1.fasta
mccrone,50468,2014-12-21,True,0.0,0.0,A,,PB2,mccrone_50468_2014-12-21_SRR6121382,data/IRMA/mccrone_50468_2014-12-21_SRR6121382/A_PB2.fasta
mccrone,50468,2014-12-21,True,0.0,0.0,A,H3,HA,mccrone_50468_2014-12-21_SRR6121382,data/IRMA/mccrone_50468_2014-12-21_SRR6121382/A_HA_H3.fasta
mccrone,50468,2014-12-21,True,0.0,0.0,A,N2,NA,mccrone_50468_2014-12-21_SRR6121382,data/IRMA/mccrone_50468_2014-12-21_SRR6121382/A_NA_N2.fasta
mccrone,50482,2014-11-20,False,1.0,0.0,A,,MP,mccrone_50482_2014-11-20_SRR6121279,data/IRMA/mccrone_50482_2014-11-20_SRR6121279/A_MP.fasta
mccrone,50482,2014-11-20,False,1.0,0.0,A,,NP,mccrone_50482_2014-11-20_SRR6121279,data/IRMA/mccrone_50482_2014-11-20_SRR6121279/A_NP.fasta
mccrone,50482,2014-11-20,False,1.0,0.0,A,,NS,mccrone_50482_2014-11-20_SRR6121279,data/IRMA/mccrone_50482_2014-11-20_SRR6121279/A_NS.fasta
mccrone,50482,2014-11-20,False,1.0,0.0,A,,PA,mccrone_50482_2014-11-20_SRR6121279,data/IRMA/mccrone_50482_2014-11-20_SRR6121279/A_PA.fasta
mccrone,50482,2014-11-20,False,1.0,0.0,A,,PB1,mccrone_50482_2014-11-20_SRR6121279,data/IRMA/mccrone_50482_2014-11-20_SRR6121279/A_PB1.fasta
mccrone,50482,2014-11-20,False,1.0,0.0,A,,PB2,mccrone_50482_2014-11-20_SRR6121279,data/IRMA/mccrone_50482_2014-11-20_SRR6121279/A_PB2.fasta
mccrone,50482,2014-11-20,False,1.0,0.0,A,H3,HA,mccrone_50482_2014-11-20_SRR6121279,data/IRMA/mccrone_50482_2014-11-20_SRR6121279/A_HA_H3.fasta
mccrone,50482,2014-11-20,False,1.0,0.0,A,N2,NA,mccrone_50482_2014-11-20_SRR6121279,data/IRMA/mccrone_50482_2014-11-20_SRR6121279/A_NA_N2.fasta
mccrone,50482,2014-11-20,False,1.5,1.0,A,,MP,mccrone_50482_2014-11-20_SRR6121279,data/IRMA/mccrone_50482_2014-11-20_SRR6121279/A_MP.fasta
mccrone,50482,2014-11-20,False,1.5,1.0,A,,NP,mccrone_50482_2014-11-20_SRR6121279,data/IRMA/mccrone_50482_2014-11-20_SRR6121279/A_NP.fasta
mccrone,50482,2014-11-20,False,1.5,1.0,A,,NS,mccrone_50482_2014-11-20_SRR6121279,data/IRMA/mccrone_50482_2014-11-20_SRR6121279/A_NS.fasta
mccrone,50482,2014-11-20,False,1.5,1.0,A,,PA,mccrone_50482_2014-11-20_SRR6121279,data/IRMA/mccrone_50482_2014-11-20_SRR6121279/A_PA.fasta
mccrone,50482,2014-11-20,False,1.5,1.0,A,,PB1,mccrone_50482_2014-11-20_SRR6121279,data/IRMA/mccrone_50482_2014-11-20_SRR6121279/A_PB1.fasta
mccrone,50482,2014-11-20,False,1.5,1.0,A,,PB2,mccrone_50482_2014-11-20_SRR6121279,data/IRMA/mccrone_50482_2014-11-20_SRR6121279/A_PB2.fasta
mccrone,50482,2014-11-20,False,1.5,1.0,A,H3,HA,mccrone_50482_2014-11-20_SRR6121279,data/IRMA/mccrone_50482_2014-11-20_SRR6121279/A_HA_H3.fasta
mccrone,50482,2014-11-20,False,1.5,1.0,A,N2,NA,mccrone_50482_2014-11-20_SRR6121279,data/IRMA/mccrone_50482_2014-11-20_SRR6121279/A_NA_N2.fasta
mccrone,50538,2014-12-09,True,1.0,1.0,A,,MP,mccrone_50538_2014-12-06_SRR6121297,data/IRMA/mccrone_50538_2014-12-06_SRR6121297/A_MP.fasta
mccrone,50538,2014-12-09,True,1.0,1.0,A,,NP,mccrone_50538_2014-12-06_SRR6121297,data/IRMA/mccrone_50538_2014-12-06_SRR6121297/A_NP.fasta
mccrone,50538,2014-12-09,True,1.0,1.0,A,,NS,mccrone_50538_2014-12-06_SRR6121297,data/IRMA/mccrone_50538_2014-12-06_SRR6121297/A_NS.fasta
mccrone,50538,2014-12-09,True,1.0,1.0,A,,PA,mccrone_50538_2014-12-06_SRR6121297,data/IRMA/mccrone_50538_2014-12-06_SRR6121297/A_PA.fasta
mccrone,50538,2014-12-09,True,1.0,1.0,A,,PB1,mccrone_50538_2014-12-06_SRR6121297,data/IRMA/mccrone_50538_2014-12-06_SRR6121297/A_PB1.fasta
mccrone,50538,2014-12-09,True,1.0,1.0,A,,PB2,mccrone_50538_2014-12-06_SRR6121297,data/IRMA/mccrone_50538_2014-12-06_SRR6121297/A_PB2.fasta
mccrone,50538,2014-12-09,True,1.0,1.0,A,H3,HA,mccrone_50538_2014-12-06_SRR6121297,data/IRMA/mccrone_50538_2014-12-06_SRR6121297/A_HA_H3.fasta
mccrone,50538,2014-12-09,True,1.0,1.0,A,N2,NA,mccrone_50538_2014-12-06_SRR6121297,data/IRMA/mccrone_50538_2014-12-06_SRR6121297/A_NA_N2.fasta
mccrone,50538,2014-12-06,False,-2.0,0.0,A,,MP,mccrone_50538_2014-12-06_SRR6121297,data/IRMA/mccrone_50538_2014-12-06_SRR6121297/A_MP.fasta
mccrone,50538,2014-12-06,False,-2.0,0.0,A,,NP,mccrone_50538_2014-12-06_SRR6121297,data/IRMA/mccrone_50538_2014-12-06_SRR6121297/A_NP.fasta
mccrone,50538,2014-12-06,False,-2.0,0.0,A,,NS,mccrone_50538_2014-12-06_SRR6121297,data/IRMA/mccrone_50538_2014-12-06_SRR6121297/A_NS.fasta
mccrone,50538,2014-12-06,False,-2.0,0.0,A,,PA,mccrone_50538_2014-12-06_SRR6121297,data/IRMA/mccrone_50538_2014-12-06_SRR6121297/A_PA.fasta
mccrone,50538,2014-12-06,False,-2.0,0.0,A,,PB1,mccrone_50538_2014-12-06_SRR6121297,data/IRMA/mccrone_50538_2014-12-06_SRR6121297/A_PB1.fasta
mccrone,50538,2014-12-06,False,-2.0,0.0,A,,PB2,mccrone_50538_2014-12-06_SRR6121297,data/IRMA/mccrone_50538_2014-12-06_SRR6121297/A_PB2.fasta
mccrone,50538,2014-12-06,False,-2.0,0.0,A,H3,HA,mccrone_50538_2014-12-06_SRR6121297,data/IRMA/mccrone_50538_2014-12-06_SRR6121297/A_HA_H3.fasta
mccrone,50538,2014-12-06,False,-2.0,0.0,A,N2,NA,mccrone_50538_2014-12-06_SRR6121297,data/IRMA/mccrone_50538_2014-12-06_SRR6121297/A_NA_N2.fasta
mccrone,50540,2014-12-09,True,3.0,1.0,A,,MP,mccrone_50540_2014-12-06_SRR6121299,data/IRMA/mccrone_50540_2014-12-06_SRR6121299/A_MP.fasta
mccrone,50540,2014-12-09,True,3.0,1.0,A,,NP,mccrone_50540_2014-12-06_SRR6121299,data/IRMA/mccrone_50540_2014-12-06_SRR6121299/A_NP.fasta
mccrone,50540,2014-12-09,True,3.0,1.0,A,,NS,mccrone_50540_2014-12-06_SRR6121299,data/IRMA/mccrone_50540_2014-12-06_SRR6121299/A_NS.fasta
mccrone,50540,2014-12-09,True,3.0,1.0,A,,PA,mccrone_50540_2014-12-06_SRR6121299,data/IRMA/mccrone_50540_2014-12-06_SRR6121299/A_PA.fasta
mccrone,50540,2014-12-09,True,3.0,1.0,A,,PB1,mccrone_50540_2014-12-06_SRR6121299,data/IRMA/mccrone_50540_2014-12-06_SRR6121299/A_PB1.fasta
mccrone,50540,2014-12-09,True,3.0,1.0,A,,PB2,mccrone_50540_2014-12-06_SRR6121299,data/IRMA/mccrone_50540_2014-12-06_SRR6121299/A_PB2.fasta
mccrone,50540,2014-12-09,True,3.0,1.0,A,H3,HA,mccrone_50540_2014-12-06_SRR6121299,data/IRMA/mccrone_50540_2014-12-06_SRR6121299/A_HA_H3.fasta
mccrone,50540,2014-12-09,True,3.0,1.0,A,N2,NA,mccrone_50540_2014-12-06_SRR6121299,data/IRMA/mccrone_50540_2014-12-06_SRR6121299/A_NA_N2.fasta
mccrone,50540,2014-12-06,True,0.0,0.0,A,,MP,mccrone_50540_2014-12-06_SRR6121299,data/IRMA/mccrone_50540_2014-12-06_SRR6121299/A_MP.fasta
mccrone,50540,2014-12-06,True,0.0,0.0,A,,NP,mccrone_50540_2014-12-06_SRR6121299,data/IRMA/mccrone_50540_2014-12-06_SRR6121299/A_NP.fasta
mccrone,50540,2014-12-06,True,0.0,0.0,A,,NS,mccrone_50540_2014-12-06_SRR6121299,data/IRMA/mccrone_50540_2014-12-06_SRR6121299/A_NS.fasta
mccrone,50540,2014-12-06,True,0.0,0.0,A,,PA,mccrone_50540_2014-12-06_SRR6121299,data/IRMA/mccrone_50540_2014-12-06_SRR6121299/A_PA.fasta
mccrone,50540,2014-12-06,True,0.0,0.0,A,,PB1,mccrone_50540_2014-12-06_SRR6121299,data/IRMA/mccrone_50540_2014-12-06_SRR6121299/A_PB1.fasta
mccrone,50540,2014-12-06,True,0.0,0.0,A,,PB2,mccrone_50540_2014-12-06_SRR6121299,data/IRMA/mccrone_50540_2014-12-06_SRR6121299/A_PB2.fasta
mccrone,50540,2014-12-06,True,0.0,0.0,A,H3,HA,mccrone_50540_2014-12-06_SRR6121299,data/IRMA/mccrone_50540_2014-12-06_SRR6121299/A_HA_H3.fasta
mccrone,50540,2014-12-06,True,0.0,0.0,A,N2,NA,mccrone_50540_2014-12-06_SRR6121299,data/IRMA/mccrone_50540_2014-12-06_SRR6121299/A_NA_N2.fasta
mccrone,50553,2014-11-16,False,0.0,0.0,A,,MP,mccrone_50553_2014-11-16_SRR6121284,data/IRMA/mccrone_50553_2014-11-16_SRR6121284/A_MP.fasta
mccrone,50553,2014-11-16,False,0.0,0.0,A,,NP,mccrone_50553_2014-11-16_SRR6121284,data/IRMA/mccrone_50553_2014-11-16_SRR6121284/A_NP.fasta
mccrone,50553,2014-11-16,False,0.0,0.0,A,,NS,mccrone_50553_2014-11-16_SRR6121284,data/IRMA/mccrone_50553_2014-11-16_SRR6121284/A_NS.fasta
mccrone,50553,2014-11-16,False,0.0,0.0,A,,PA,mccrone_50553_2014-11-16_SRR6121284,data/IRMA/mccrone_50553_2014-11-16_SRR6121284/A_PA.fasta
mccrone,50553,2014-11-16,False,0.0,0.0,A,,PB1,mccrone_50553_2014-11-16_SRR6121284,data/IRMA/mccrone_50553_2014-11-16_SRR6121284/A_PB1.fasta
mccrone,50553,2014-11-16,False,0.0,0.0,A,,PB2,mccrone_50553_2014-11-16_SRR6121284,data/IRMA/mccrone_50553_2014-11-16_SRR6121284/A_PB2.fasta
mccrone,50553,2014-11-16,False,0.0,0.0,A,H3,HA,mccrone_50553_2014-11-16_SRR6121284,data/IRMA/mccrone_50553_2014-11-16_SRR6121284/A_HA_H3.fasta
mccrone,50553,2014-11-16,False,0.0,0.0,A,N2,NA,mccrone_50553_2014-11-16_SRR6121284,data/IRMA/mccrone_50553_2014-11-16_SRR6121284/A_NA_N2.fasta
mccrone,50553,2014-11-17,True,1.0,1.0,A,,MP,mccrone_50553_2014-11-16_SRR6121284,data/IRMA/mccrone_50553_2014-11-16_SRR6121284/A_MP.fasta
mccrone,50553,2014-11-17,True,1.0,1.0,A,,NP,mccrone_50553_2014-11-16_SRR6121284,data/IRMA/mccrone_50553_2014-11-16_SRR6121284/A_NP.fasta
mccrone,50553,2014-11-17,True,1.0,1.0,A,,NS,mccrone_50553_2014-11-16_SRR6121284,data/IRMA/mccrone_50553_2014-11-16_SRR6121284/A_NS.fasta
mccrone,50553,2014-11-17,True,1.0,1.0,A,,PA,mccrone_50553_2014-11-16_SRR6121284,data/IRMA/mccrone_50553_2014-11-16_SRR6121284/A_PA.fasta
mccrone,50553,2014-11-17,True,1.0,1.0,A,,PB1,mccrone_50553_2014-11-16_SRR6121284,data/IRMA/mccrone_50553_2014-11-16_SRR6121284/A_PB1.fasta
mccrone,50553,2014-11-17,True,1.0,1.0,A,,PB2,mccrone_50553_2014-11-16_SRR6121284,data/IRMA/mccrone_50553_2014-11-16_SRR6121284/A_PB2.fasta
mccrone,50553,2014-11-17,True,1.0,1.0,A,H3,HA,mccrone_50553_2014-11-16_SRR6121284,data/IRMA/mccrone_50553_2014-11-16_SRR6121284/A_HA_H3.fasta
mccrone,50553,2014-11-17,True,1.0,1.0,A,N2,NA,mccrone_50553_2014-11-16_SRR6121284,data/IRMA/mccrone_50553_2014-11-16_SRR6121284/A_NA_N2.fasta
mccrone,50618,2014-11-25,True,1.5,1.0,A,,MP,mccrone_50618_2014-11-25_SRR6121629,data/IRMA/mccrone_50618_2014-11-25_SRR6121629/A_MP.fasta
mccrone,50618,2014-11-25,True,1.5,1.0,A,,NP,mccrone_50618_2014-11-25_SRR6121629,data/IRMA/mccrone_50618_2014-11-25_SRR6121629/A_NP.fasta
mccrone,50618,2014-11-25,True,1.5,1.0,A,,NS,mccrone_50618_2014-11-25_SRR6121629,data/IRMA/mccrone_50618_2014-11-25_SRR6121629/A_NS.fasta
mccrone,50618,2014-11-25,True,1.5,1.0,A,,PA,mccrone_50618_2014-11-25_SRR6121629,data/IRMA/mccrone_50618_2014-11-25_SRR6121629/A_PA.fasta
mccrone,50618,2014-11-25,True,1.5,1.0,A,,PB1,mccrone_50618_2014-11-25_SRR6121629,data/IRMA/mccrone_50618_2014-11-25_SRR6121629/A_PB1.fasta
mccrone,50618,2014-11-25,True,1.5,1.0,A,,PB2,mccrone_50618_2014-11-25_SRR6121629,data/IRMA/mccrone_50618_2014-11-25_SRR6121629/A_PB2.fasta
mccrone,50618,2014-11-25,True,1.5,1.0,A,H3,HA,mccrone_50618_2014-11-25_SRR6121629,data/IRMA/mccrone_50618_2014-11-25_SRR6121629/A_HA_H3.fasta
mccrone,50618,2014-11-25,True,1.5,1.0,A,N2,NA,mccrone_50618_2014-11-25_SRR6121629,data/IRMA/mccrone_50618_2014-11-25_SRR6121629/A_NA_N2.fasta
mccrone,50618,2014-11-25,False,1.0,0.0,A,,MP,mccrone_50618_2014-11-25_SRR6121629,data/IRMA/mccrone_50618_2014-11-25_SRR6121629/A_MP.fasta
mccrone,50618,2014-11-25,False,1.0,0.0,A,,NP,mccrone_50618_2014-11-25_SRR6121629,data/IRMA/mccrone_50618_2014-11-25_SRR6121629/A_NP.fasta
mccrone,50618,2014-11-25,False,1.0,0.0,A,,NS,mccrone_50618_2014-11-25_SRR6121629,data/IRMA/mccrone_50618_2014-11-25_SRR6121629/A_NS.fasta
mccrone,50618,2014-11-25,False,1.0,0.0,A,,PA,mccrone_50618_2014-11-25_SRR6121629,data/IRMA/mccrone_50618_2014-11-25_SRR6121629/A_PA.fasta
mccrone,50618,2014-11-25,False,1.0,0.0,A,,PB1,mccrone_50618_2014-11-25_SRR6121629,data/IRMA/mccrone_50618_2014-11-25_SRR6121629/A_PB1.fasta
mccrone,50618,2014-11-25,False,1.0,0.0,A,,PB2,mccrone_50618_2014-11-25_SRR6121629,data/IRMA/mccrone_50618_2014-11-25_SRR6121629/A_PB2.fasta
mccrone,50618,2014-11-25,False,1.0,0.0,A,H3,HA,mccrone_50618_2014-11-25_SRR6121629,data/IRMA/mccrone_50618_2014-11-25_SRR6121629/A_HA_H3.fasta
mccrone,50618,2014-11-25,False,1.0,0.0,A,N2,NA,mccrone_50618_2014-11-25_SRR6121629,data/IRMA/mccrone_50618_2014-11-25_SRR6121629/A_NA_N2.fasta
mccrone,50619,2014-11-25,False,0.5,1.0,A,,MP,mccrone_50619_2014-11-25_SRR6121630,data/IRMA/mccrone_50619_2014-11-25_SRR6121630/A_MP.fasta
mccrone,50619,2014-11-25,False,0.5,1.0,A,,NP,mccrone_50619_2014-11-25_SRR6121630,data/IRMA/mccrone_50619_2014-11-25_SRR6121630/A_NP.fasta
mccrone,50619,2014-11-25,False,0.5,1.0,A,,NS,mccrone_50619_2014-11-25_SRR6121630,data/IRMA/mccrone_50619_2014-11-25_SRR6121630/A_NS.fasta
mccrone,50619,2014-11-25,False,0.5,1.0,A,,PA,mccrone_50619_2014-11-25_SRR6121630,data/IRMA/mccrone_50619_2014-11-25_SRR6121630/A_PA.fasta
mccrone,50619,2014-11-25,False,0.5,1.0,A,,PB1,mccrone_50619_2014-11-25_SRR6121630,data/IRMA/mccrone_50619_2014-11-25_SRR6121630/A_PB1.fasta
mccrone,50619,2014-11-25,False,0.5,1.0,A,,PB2,mccrone_50619_2014-11-25_SRR6121630,data/IRMA/mccrone_50619_2014-11-25_SRR6121630/A_PB2.fasta
mccrone,50619,2014-11-25,False,0.5,1.0,A,H3,HA,mccrone_50619_2014-11-25_SRR6121630,data/IRMA/mccrone_50619_2014-11-25_SRR6121630/A_HA_H3.fasta
mccrone,50619,2014-11-25,False,0.5,1.0,A,N2,NA,mccrone_50619_2014-11-25_SRR6121630,data/IRMA/mccrone_50619_2014-11-25_SRR6121630/A_NA_N2.fasta
mccrone,50619,2014-11-25,False,0.0,0.0,A,,MP,mccrone_50619_2014-11-25_SRR6121630,data/IRMA/mccrone_50619_2014-11-25_SRR6121630/A_MP.fasta
mccrone,50619,2014-11-25,False,0.0,0.0,A,,NP,mccrone_50619_2014-11-25_SRR6121630,data/IRMA/mccrone_50619_2014-11-25_SRR6121630/A_NP.fasta
mccrone,50619,2014-11-25,False,0.0,0.0,A,,NS,mccrone_50619_2014-11-25_SRR6121630,data/IRMA/mccrone_50619_2014-11-25_SRR6121630/A_NS.fasta
mccrone,50619,2014-11-25,False,0.0,0.0,A,,PA,mccrone_50619_2014-11-25_SRR6121630,data/IRMA/mccrone_50619_2014-11-25_SRR6121630/A_PA.fasta
mccrone,50619,2014-11-25,False,0.0,0.0,A,,PB1,mccrone_50619_2014-11-25_SRR6121630,data/IRMA/mccrone_50619_2014-11-25_SRR6121630/A_PB1.fasta
mccrone,50619,2014-11-25,False,0.0,0.0,A,,PB2,mccrone_50619_2014-11-25_SRR6121630,data/IRMA/mccrone_50619_2014-11-25_SRR6121630/A_PB2.fasta
mccrone,50619,2014-11-25,False,0.0,0.0,A,H3,HA,mccrone_50619_2014-11-25_SRR6121630,data/IRMA/mccrone_50619_2014-11-25_SRR6121630/A_HA_H3.fasta
mccrone,50619,2014-11-25,False,0.0,0.0,A,N2,NA,mccrone_50619_2014-11-25_SRR6121630,data/IRMA/mccrone_50619_2014-11-25_SRR6121630/A_NA_N2.fasta
mccrone,50620,2014-11-24,True,2.0,1.0,A,,MP,mccrone_50620_2014-11-22_SRR6121524,data/IRMA/mccrone_50620_2014-11-22_SRR6121524/A_MP.fasta
mccrone,50620,2014-11-24,True,2.0,1.0,A,,NP,mccrone_50620_2014-11-22_SRR6121524,data/IRMA/mccrone_50620_2014-11-22_SRR6121524/A_NP.fasta
mccrone,50620,2014-11-24,True,2.0,1.0,A,,NS,mccrone_50620_2014-11-22_SRR6121524,data/IRMA/mccrone_50620_2014-11-22_SRR6121524/A_NS.fasta
mccrone,50620,2014-11-24,True,2.0,1.0,A,,PA,mccrone_50620_2014-11-22_SRR6121524,data/IRMA/mccrone_50620_2014-11-22_SRR6121524/A_PA.fasta
mccrone,50620,2014-11-24,True,2.0,1.0,A,,PB1,mccrone_50620_2014-11-22_SRR6121524,data/IRMA/mccrone_50620_2014-11-22_SRR6121524/A_PB1.fasta
mccrone,50620,2014-11-24,True,2.0,1.0,A,,PB2,mccrone_50620_2014-11-22_SRR6121524,data/IRMA/mccrone_50620_2014-11-22_SRR6121524/A_PB2.fasta
mccrone,50620,2014-11-24,True,2.0,1.0,A,H3,HA,mccrone_50620_2014-11-22_SRR6121524,data/IRMA/mccrone_50620_2014-11-22_SRR6121524/A_HA_H3.fasta
mccrone,50620,2014-11-24,True,2.0,1.0,A,N2,NA,mccrone_50620_2014-11-22_SRR6121524,data/IRMA/mccrone_50620_2014-11-22_SRR6121524/A_NA_N2.fasta
mccrone,50620,2014-11-22,False,0.0,0.0,A,,MP,mccrone_50620_2014-11-22_SRR6121524,data/IRMA/mccrone_50620_2014-11-22_SRR6121524/A_MP.fasta
mccrone,50620,2014-11-22,False,0.0,0.0,A,,NP,mccrone_50620_2014-11-22_SRR6121524,data/IRMA/mccrone_50620_2014-11-22_SRR6121524/A_NP.fasta
mccrone,50620,2014-11-22,False,0.0,0.0,A,,NS,mccrone_50620_2014-11-22_SRR6121524,data/IRMA/mccrone_50620_2014-11-22_SRR6121524/A_NS.fasta
mccrone,50620,2014-11-22,False,0.0,0.0,A,,PA,mccrone_50620_2014-11-22_SRR6121524,data/IRMA/mccrone_50620_2014-11-22_SRR6121524/A_PA.fasta
mccrone,50620,2014-11-22,False,0.0,0.0,A,,PB1,mccrone_50620_2014-11-22_SRR6121524,data/IRMA/mccrone_50620_2014-11-22_SRR6121524/A_PB1.fasta
mccrone,50620,2014-11-22,False,0.0,0.0,A,,PB2,mccrone_50620_2014-11-22_SRR6121524,data/IRMA/mccrone_50620_2014-11-22_SRR6121524/A_PB2.fasta
mccrone,50620,2014-11-22,False,0.0,0.0,A,H3,HA,mccrone_50620_2014-11-22_SRR6121524,data/IRMA/mccrone_50620_2014-11-22_SRR6121524/A_HA_H3.fasta
mccrone,50620,2014-11-22,False,0.0,0.0,A,N2,NA,mccrone_50620_2014-11-22_SRR6121524,data/IRMA/mccrone_50620_2014-11-22_SRR6121524/A_NA_N2.fasta
mccrone,50632,2014-11-14,True,1.0,1.0,A,,MP,mccrone_50632_2014-11-13_SRR6121282,data/IRMA/mccrone_50632_2014-11-13_SRR6121282/A_MP.fasta
mccrone,50632,2014-11-14,True,1.0,1.0,A,,NP,mccrone_50632_2014-11-13_SRR6121282,data/IRMA/mccrone_50632_2014-11-13_SRR6121282/A_NP.fasta
mccrone,50632,2014-11-14,True,1.0,1.0,A,,NS,mccrone_50632_2014-11-13_SRR6121282,data/IRMA/mccrone_50632_2014-11-13_SRR6121282/A_NS.fasta
mccrone,50632,2014-11-14,True,1.0,1.0,A,,PA,mccrone_50632_2014-11-13_SRR6121282,data/IRMA/mccrone_50632_2014-11-13_SRR6121282/A_PA.fasta
mccrone,50632,2014-11-14,True,1.0,1.0,A,,PB1,mccrone_50632_2014-11-13_SRR6121282,data/IRMA/mccrone_50632_2014-11-13_SRR6121282/A_PB1.fasta
mccrone,50632,2014-11-14,True,1.0,1.0,A,,PB2,mccrone_50632_2014-11-13_SRR6121282,data/IRMA/mccrone_50632_2014-11-13_SRR6121282/A_PB2.fasta
mccrone,50632,2014-11-14,True,1.0,1.0,A,H3,HA,mccrone_50632_2014-11-13_SRR6121282,data/IRMA/mccrone_50632_2014-11-13_SRR6121282/A_HA_H3.fasta
mccrone,50632,2014-11-14,True,1.0,1.0,A,N2,NA,mccrone_50632_2014-11-13_SRR6121282,data/IRMA/mccrone_50632_2014-11-13_SRR6121282/A_NA_N2.fasta
mccrone,50632,2014-11-13,False,0.0,0.0,A,,MP,mccrone_50632_2014-11-13_SRR6121282,data/IRMA/mccrone_50632_2014-11-13_SRR6121282/A_MP.fasta
mccrone,50632,2014-11-13,False,0.0,0.0,A,,NP,mccrone_50632_2014-11-13_SRR6121282,data/IRMA/mccrone_50632_2014-11-13_SRR6121282/A_NP.fasta
mccrone,50632,2014-11-13,False,0.0,0.0,A,,NS,mccrone_50632_2014-11-13_SRR6121282,data/IRMA/mccrone_50632_2014-11-13_SRR6121282/A_NS.fasta
mccrone,50632,2014-11-13,False,0.0,0.0,A,,PA,mccrone_50632_2014-11-13_SRR6121282,data/IRMA/mccrone_50632_2014-11-13_SRR6121282/A_PA.fasta
mccrone,50632,2014-11-13,False,0.0,0.0,A,,PB1,mccrone_50632_2014-11-13_SRR6121282,data/IRMA/mccrone_50632_2014-11-13_SRR6121282/A_PB1.fasta
mccrone,50632,2014-11-13,False,0.0,0.0,A,,PB2,mccrone_50632_2014-11-13_SRR6121282,data/IRMA/mccrone_50632_2014-11-13_SRR6121282/A_PB2.fasta
mccrone,50632,2014-11-13,False,0.0,0.0,A,H3,HA,mccrone_50632_2014-11-13_SRR6121282,data/IRMA/mccrone_50632_2014-11-13_SRR6121282/A_HA_H3.fasta
mccrone,50632,2014-11-13,False,0.0,0.0,A,N2,NA,mccrone_50632_2014-11-13_SRR6121282,data/IRMA/mccrone_50632_2014-11-13_SRR6121282/A_NA_N2.fasta
mccrone,50678,2014-12-05,False,0.0,0.0,A,,MP,mccrone_50678_2014-12-05_SRR6121558,data/IRMA/mccrone_50678_2014-12-05_SRR6121558/A_MP.fasta
mccrone,50678,2014-12-05,False,0.0,0.0,A,,NP,mccrone_50678_2014-12-05_SRR6121558,data/IRMA/mccrone_50678_2014-12-05_SRR6121558/A_NP.fasta
mccrone,50678,2014-12-05,False,0.0,0.0,A,,NS,mccrone_50678_2014-12-05_SRR6121558,data/IRMA/mccrone_50678_2014-12-05_SRR6121558/A_NS.fasta
mccrone,50678,2014-12-05,False,0.0,0.0,A,,PA,mccrone_50678_2014-12-05_SRR6121558,data/IRMA/mccrone_50678_2014-12-05_SRR6121558/A_PA.fasta
mccrone,50678,2014-12-05,False,0.0,0.0,A,,PB1,mccrone_50678_2014-12-05_SRR6121558,data/IRMA/mccrone_50678_2014-12-05_SRR6121558/A_PB1.fasta
mccrone,50678,2014-12-05,False,0.0,0.0,A,,PB2,mccrone_50678_2014-12-05_SRR6121558,data/IRMA/mccrone_50678_2014-12-05_SRR6121558/A_PB2.fasta
mccrone,50678,2014-12-05,False,0.0,0.0,A,H3,HA,mccrone_50678_2014-12-05_SRR6121558,data/IRMA/mccrone_50678_2014-12-05_SRR6121558/A_HA_H3.fasta
mccrone,50678,2014-12-05,False,0.0,0.0,A,N2,NA,mccrone_50678_2014-12-05_SRR6121558,data/IRMA/mccrone_50678_2014-12-05_SRR6121558/A_NA_N2.fasta
mccrone,50678,2014-12-08,True,3.0,1.0,A,,MP,mccrone_50678_2014-12-05_SRR6121558,data/IRMA/mccrone_50678_2014-12-05_SRR6121558/A_MP.fasta
mccrone,50678,2014-12-08,True,3.0,1.0,A,,NP,mccrone_50678_2014-12-05_SRR6121558,data/IRMA/mccrone_50678_2014-12-05_SRR6121558/A_NP.fasta
mccrone,50678,2014-12-08,True,3.0,1.0,A,,NS,mccrone_50678_2014-12-05_SRR6121558,data/IRMA/mccrone_50678_2014-12-05_SRR6121558/A_NS.fasta
mccrone,50678,2014-12-08,True,3.0,1.0,A,,PA,mccrone_50678_2014-12-05_SRR6121558,data/IRMA/mccrone_50678_2014-12-05_SRR6121558/A_PA.fasta
mccrone,50678,2014-12-08,True,3.0,1.0,A,,PB1,mccrone_50678_2014-12-05_SRR6121558,data/IRMA/mccrone_50678_2014-12-05_SRR6121558/A_PB1.fasta
mccrone,50678,2014-12-08,True,3.0,1.0,A,,PB2,mccrone_50678_2014-12-05_SRR6121558,data/IRMA/mccrone_50678_2014-12-05_SRR6121558/A_PB2.fasta
mccrone,50678,2014-12-08,True,3.0,1.0,A,H3,HA,mccrone_50678_2014-12-05_SRR6121558,data/IRMA/mccrone_50678_2014-12-05_SRR6121558/A_HA_H3.fasta
mccrone,50678,2014-12-08,True,3.0,1.0,A,N2,NA,mccrone_50678_2014-12-05_SRR6121558,data/IRMA/mccrone_50678_2014-12-05_SRR6121558/A_NA_N2.fasta
mccrone,50727,2015-01-08,False,0.0,0.0,A,,MP,mccrone_50727_2015-01-08_SRR6121309,data/IRMA/mccrone_50727_2015-01-08_SRR6121309/A_MP.fasta
mccrone,50727,2015-01-08,False,0.0,0.0,A,,NP,mccrone_50727_2015-01-08_SRR6121309,data/IRMA/mccrone_50727_2015-01-08_SRR6121309/A_NP.fasta
mccrone,50727,2015-01-08,False,0.0,0.0,A,,NS,mccrone_50727_2015-01-08_SRR6121309,data/IRMA/mccrone_50727_2015-01-08_SRR6121309/A_NS.fasta
mccrone,50727,2015-01-08,False,0.0,0.0,A,,PA,mccrone_50727_2015-01-08_SRR6121309,data/IRMA/mccrone_50727_2015-01-08_SRR6121309/A_PA.fasta
mccrone,50727,2015-01-08,False,0.0,0.0,A,,PB1,mccrone_50727_2015-01-08_SRR6121309,data/IRMA/mccrone_50727_2015-01-08_SRR6121309/A_PB1.fasta
mccrone,50727,2015-01-08,False,0.0,0.0,A,,PB2,mccrone_50727_2015-01-08_SRR6121309,data/IRMA/mccrone_50727_2015-01-08_SRR6121309/A_PB2.fasta
mccrone,50727,2015-01-08,False,0.0,0.0,A,H3,HA,mccrone_50727_2015-01-08_SRR6121309,data/IRMA/mccrone_50727_2015-01-08_SRR6121309/A_HA_H3.fasta
mccrone,50727,2015-01-08,False,0.0,0.0,A,N2,NA,mccrone_50727_2015-01-08_SRR6121309,data/IRMA/mccrone_50727_2015-01-08_SRR6121309/A_NA_N2.fasta
mccrone,50727,2015-01-09,True,1.0,1.0,A,,MP,mccrone_50727_2015-01-08_SRR6121309,data/IRMA/mccrone_50727_2015-01-08_SRR6121309/A_MP.fasta
mccrone,50727,2015-01-09,True,1.0,1.0,A,,NP,mccrone_50727_2015-01-08_SRR6121309,data/IRMA/mccrone_50727_2015-01-08_SRR6121309/A_NP.fasta
mccrone,50727,2015-01-09,True,1.0,1.0,A,,NS,mccrone_50727_2015-01-08_SRR6121309,data/IRMA/mccrone_50727_2015-01-08_SRR6121309/A_NS.fasta
mccrone,50727,2015-01-09,True,1.0,1.0,A,,PA,mccrone_50727_2015-01-08_SRR6121309,data/IRMA/mccrone_50727_2015-01-08_SRR6121309/A_PA.fasta
mccrone,50727,2015-01-09,True,1.0,1.0,A,,PB1,mccrone_50727_2015-01-08_SRR6121309,data/IRMA/mccrone_50727_2015-01-08_SRR6121309/A_PB1.fasta
mccrone,50727,2015-01-09,True,1.0,1.0,A,,PB2,mccrone_50727_2015-01-08_SRR6121309,data/IRMA/mccrone_50727_2015-01-08_SRR6121309/A_PB2.fasta
mccrone,50727,2015-01-09,True,1.0,1.0,A,H3,HA,mccrone_50727_2015-01-08_SRR6121309,data/IRMA/mccrone_50727_2015-01-08_SRR6121309/A_HA_H3.fasta
mccrone,50727,2015-01-09,True,1.0,1.0,A,N2,NA,mccrone_50727_2015-01-08_SRR6121309,data/IRMA/mccrone_50727_2015-01-08_SRR6121309/A_NA_N2.fasta
mccrone,50784,2014-12-16,True,1.0,1.0,A,,MP,mccrone_50784_2014-12-15_SRR6121567,data/IRMA/mccrone_50784_2014-12-15_SRR6121567/A_MP.fasta
mccrone,50784,2014-12-16,True,1.0,1.0,A,,NP,mccrone_50784_2014-12-15_SRR6121567,data/IRMA/mccrone_50784_2014-12-15_SRR6121567/A_NP.fasta
mccrone,50784,2014-12-16,True,1.0,1.0,A,,NS,mccrone_50784_2014-12-15_SRR6121567,data/IRMA/mccrone_50784_2014-12-15_SRR6121567/A_NS.fasta
mccrone,50784,2014-12-16,True,1.0,1.0,A,,PA,mccrone_50784_2014-12-15_SRR6121567,data/IRMA/mccrone_50784_2014-12-15_SRR6121567/A_PA.fasta
mccrone,50784,2014-12-16,True,1.0,1.0,A,,PB1,mccrone_50784_2014-12-15_SRR6121567,data/IRMA/mccrone_50784_2014-12-15_SRR6121567/A_PB1.fasta
mccrone,50784,2014-12-16,True,1.0,1.0,A,,PB2,mccrone_50784_2014-12-15_SRR6121567,data/IRMA/mccrone_50784_2014-12-15_SRR6121567/A_PB2.fasta
mccrone,50784,2014-12-16,True,1.0,1.0,A,H3,HA,mccrone_50784_2014-12-15_SRR6121567,data/IRMA/mccrone_50784_2014-12-15_SRR6121567/A_HA_H3.fasta
mccrone,50784,2014-12-16,True,1.0,1.0,A,N2,NA,mccrone_50784_2014-12-15_SRR6121567,data/IRMA/mccrone_50784_2014-12-15_SRR6121567/A_NA_N2.fasta
mccrone,50784,2014-12-15,True,0.0,0.0,A,,MP,mccrone_50784_2014-12-15_SRR6121567,data/IRMA/mccrone_50784_2014-12-15_SRR6121567/A_MP.fasta
mccrone,50784,2014-12-15,True,0.0,0.0,A,,NP,mccrone_50784_2014-12-15_SRR6121567,data/IRMA/mccrone_50784_2014-12-15_SRR6121567/A_NP.fasta
mccrone,50784,2014-12-15,True,0.0,0.0,A,,NS,mccrone_50784_2014-12-15_SRR6121567,data/IRMA/mccrone_50784_2014-12-15_SRR6121567/A_NS.fasta
mccrone,50784,2014-12-15,True,0.0,0.0,A,,PA,mccrone_50784_2014-12-15_SRR6121567,data/IRMA/mccrone_50784_2014-12-15_SRR6121567/A_PA.fasta
mccrone,50784,2014-12-15,True,0.0,0.0,A,,PB1,mccrone_50784_2014-12-15_SRR6121567,data/IRMA/mccrone_50784_2014-12-15_SRR6121567/A_PB1.fasta
mccrone,50784,2014-12-15,True,0.0,0.0,A,,PB2,mccrone_50784_2014-12-15_SRR6121567,data/IRMA/mccrone_50784_2014-12-15_SRR6121567/A_PB2.fasta
mccrone,50784,2014-12-15,True,0.0,0.0,A,H3,HA,mccrone_50784_2014-12-15_SRR6121567,data/IRMA/mccrone_50784_2014-12-15_SRR6121567/A_HA_H3.fasta
mccrone,50784,2014-12-15,True,0.0,0.0,A,N2,NA,mccrone_50784_2014-12-15_SRR6121567,data/IRMA/mccrone_50784_2014-12-15_SRR6121567/A_NA_N2.fasta
mccrone,50785,2014-12-16,True,2.0,1.0,A,,MP,mccrone_50785_2014-12-15_SRR6121569,data/IRMA/mccrone_50785_2014-12-15_SRR6121569/A_MP.fasta
mccrone,50785,2014-12-16,True,2.0,1.0,A,,NP,mccrone_50785_2014-12-15_SRR6121569,data/IRMA/mccrone_50785_2014-12-15_SRR6121569/A_NP.fasta
mccrone,50785,2014-12-16,True,2.0,1.0,A,,NS,mccrone_50785_2014-12-15_SRR6121569,data/IRMA/mccrone_50785_2014-12-15_SRR6121569/A_NS.fasta
mccrone,50785,2014-12-16,True,2.0,1.0,A,,PA,mccrone_50785_2014-12-15_SRR6121569,data/IRMA/mccrone_50785_2014-12-15_SRR6121569/A_PA.fasta
mccrone,50785,2014-12-16,True,2.0,1.0,A,,PB1,mccrone_50785_2014-12-15_SRR6121569,data/IRMA/mccrone_50785_2014-12-15_SRR6121569/A_PB1.fasta
mccrone,50785,2014-12-16,True,2.0,1.0,A,,PB2,mccrone_50785_2014-12-15_SRR6121569,data/IRMA/mccrone_50785_2014-12-15_SRR6121569/A_PB2.fasta
mccrone,50785,2014-12-16,True,2.0,1.0,A,H3,HA,mccrone_50785_2014-12-15_SRR6121569,data/IRMA/mccrone_50785_2014-12-15_SRR6121569/A_HA_H3.fasta
mccrone,50785,2014-12-16,True,2.0,1.0,A,N2,NA,mccrone_50785_2014-12-15_SRR6121569,data/IRMA/mccrone_50785_2014-12-15_SRR6121569/A_NA_N2.fasta
mccrone,50785,2014-12-15,False,1.0,0.0,A,,MP,mccrone_50785_2014-12-15_SRR6121569,data/IRMA/mccrone_50785_2014-12-15_SRR6121569/A_MP.fasta
mccrone,50785,2014-12-15,False,1.0,0.0,A,,NP,mccrone_50785_2014-12-15_SRR6121569,data/IRMA/mccrone_50785_2014-12-15_SRR6121569/A_NP.fasta
mccrone,50785,2014-12-15,False,1.0,0.0,A,,NS,mccrone_50785_2014-12-15_SRR6121569,data/IRMA/mccrone_50785_2014-12-15_SRR6121569/A_NS.fasta
mccrone,50785,2014-12-15,False,1.0,0.0,A,,PA,mccrone_50785_2014-12-15_SRR6121569,data/IRMA/mccrone_50785_2014-12-15_SRR6121569/A_PA.fasta
mccrone,50785,2014-12-15,False,1.0,0.0,A,,PB1,mccrone_50785_2014-12-15_SRR6121569,data/IRMA/mccrone_50785_2014-12-15_SRR6121569/A_PB1.fasta
mccrone,50785,2014-12-15,False,1.0,0.0,A,,PB2,mccrone_50785_2014-12-15_SRR6121569,data/IRMA/mccrone_50785_2014-12-15_SRR6121569/A_PB2.fasta
mccrone,50785,2014-12-15,False,1.0,0.0,A,H3,HA,mccrone_50785_2014-12-15_SRR6121569,data/IRMA/mccrone_50785_2014-12-15_SRR6121569/A_HA_H3.fasta
mccrone,50785,2014-12-15,False,1.0,0.0,A,N2,NA,mccrone_50785_2014-12-15_SRR6121569,data/IRMA/mccrone_50785_2014-12-15_SRR6121569/A_NA_N2.fasta
mccrone,50809,2014-12-16,True,2.0,1.0,A,,MP,mccrone_50809_2014-12-15_SRR6121570,data/IRMA/mccrone_50809_2014-12-15_SRR6121570/A_MP.fasta
mccrone,50809,2014-12-16,True,2.0,1.0,A,,NP,mccrone_50809_2014-12-15_SRR6121570,data/IRMA/mccrone_50809_2014-12-15_SRR6121570/A_NP.fasta
mccrone,50809,2014-12-16,True,2.0,1.0,A,,NS,mccrone_50809_2014-12-15_SRR6121570,data/IRMA/mccrone_50809_2014-12-15_SRR6121570/A_NS.fasta
mccrone,50809,2014-12-16,True,2.0,1.0,A,,PA,mccrone_50809_2014-12-15_SRR6121570,data/IRMA/mccrone_50809_2014-12-15_SRR6121570/A_PA.fasta
mccrone,50809,2014-12-16,True,2.0,1.0,A,,PB1,mccrone_50809_2014-12-15_SRR6121570,data/IRMA/mccrone_50809_2014-12-15_SRR6121570/A_PB1.fasta
mccrone,50809,2014-12-16,True,2.0,1.0,A,,PB2,mccrone_50809_2014-12-15_SRR6121570,data/IRMA/mccrone_50809_2014-12-15_SRR6121570/A_PB2.fasta
mccrone,50809,2014-12-16,True,2.0,1.0,A,H3,HA,mccrone_50809_2014-12-15_SRR6121570,data/IRMA/mccrone_50809_2014-12-15_SRR6121570/A_HA_H3.fasta
mccrone,50809,2014-12-16,True,2.0,1.0,A,N2,NA,mccrone_50809_2014-12-15_SRR6121570,data/IRMA/mccrone_50809_2014-12-15_SRR6121570/A_NA_N2.fasta
mccrone,50809,2014-12-15,False,1.0,0.0,A,,MP,mccrone_50809_2014-12-15_SRR6121570,data/IRMA/mccrone_50809_2014-12-15_SRR6121570/A_MP.fasta
mccrone,50809,2014-12-15,False,1.0,0.0,A,,NP,mccrone_50809_2014-12-15_SRR6121570,data/IRMA/mccrone_50809_2014-12-15_SRR6121570/A_NP.fasta
mccrone,50809,2014-12-15,False,1.0,0.0,A,,NS,mccrone_50809_2014-12-15_SRR6121570,data/IRMA/mccrone_50809_2014-12-15_SRR6121570/A_NS.fasta
mccrone,50809,2014-12-15,False,1.0,0.0,A,,PA,mccrone_50809_2014-12-15_SRR6121570,data/IRMA/mccrone_50809_2014-12-15_SRR6121570/A_PA.fasta
mccrone,50809,2014-12-15,False,1.0,0.0,A,,PB1,mccrone_50809_2014-12-15_SRR6121570,data/IRMA/mccrone_50809_2014-12-15_SRR6121570/A_PB1.fasta
mccrone,50809,2014-12-15,False,1.0,0.0,A,,PB2,mccrone_50809_2014-12-15_SRR6121570,data/IRMA/mccrone_50809_2014-12-15_SRR6121570/A_PB2.fasta
mccrone,50809,2014-12-15,False,1.0,0.0,A,H3,HA,mccrone_50809_2014-12-15_SRR6121570,data/IRMA/mccrone_50809_2014-12-15_SRR6121570/A_HA_H3.fasta
mccrone,50809,2014-12-15,False,1.0,0.0,A,N2,NA,mccrone_50809_2014-12-15_SRR6121570,data/IRMA/mccrone_50809_2014-12-15_SRR6121570/A_NA_N2.fasta
mccrone,50812,2014-12-11,True,1.0,1.0,A,,MP,mccrone_50812_2014-12-10_SRR6121409,data/IRMA/mccrone_50812_2014-12-10_SRR6121409/A_MP.fasta
mccrone,50812,2014-12-11,True,1.0,1.0,A,,NP,mccrone_50812_2014-12-10_SRR6121409,data/IRMA/mccrone_50812_2014-12-10_SRR6121409/A_NP.fasta
mccrone,50812,2014-12-11,True,1.0,1.0,A,,NS,mccrone_50812_2014-12-10_SRR6121409,data/IRMA/mccrone_50812_2014-12-10_SRR6121409/A_NS.fasta
mccrone,50812,2014-12-11,True,1.0,1.0,A,,PA,mccrone_50812_2014-12-10_SRR6121409,data/IRMA/mccrone_50812_2014-12-10_SRR6121409/A_PA.fasta
mccrone,50812,2014-12-11,True,1.0,1.0,A,,PB1,mccrone_50812_2014-12-10_SRR6121409,data/IRMA/mccrone_50812_2014-12-10_SRR6121409/A_PB1.fasta
mccrone,50812,2014-12-11,True,1.0,1.0,A,,PB2,mccrone_50812_2014-12-10_SRR6121409,data/IRMA/mccrone_50812_2014-12-10_SRR6121409/A_PB2.fasta
mccrone,50812,2014-12-11,True,1.0,1.0,A,H3,HA,mccrone_50812_2014-12-10_SRR6121409,data/IRMA/mccrone_50812_2014-12-10_SRR6121409/A_HA_H3.fasta
mccrone,50812,2014-12-11,True,1.0,1.0,A,N2,NA,mccrone_50812_2014-12-10_SRR6121409,data/IRMA/mccrone_50812_2014-12-10_SRR6121409/A_NA_N2.fasta
mccrone,50812,2014-12-10,True,0.0,0.0,A,,MP,mccrone_50812_2014-12-10_SRR6121409,data/IRMA/mccrone_50812_2014-12-10_SRR6121409/A_MP.fasta
mccrone,50812,2014-12-10,True,0.0,0.0,A,,NP,mccrone_50812_2014-12-10_SRR6121409,data/IRMA/mccrone_50812_2014-12-10_SRR6121409/A_NP.fasta
mccrone,50812,2014-12-10,True,0.0,0.0,A,,NS,mccrone_50812_2014-12-10_SRR6121409,data/IRMA/mccrone_50812_2014-12-10_SRR6121409/A_NS.fasta
mccrone,50812,2014-12-10,True,0.0,0.0,A,,PA,mccrone_50812_2014-12-10_SRR6121409,data/IRMA/mccrone_50812_2014-12-10_SRR6121409/A_PA.fasta
mccrone,50812,2014-12-10,True,0.0,0.0,A,,PB1,mccrone_50812_2014-12-10_SRR6121409,data/IRMA/mccrone_50812_2014-12-10_SRR6121409/A_PB1.fasta
mccrone,50812,2014-12-10,True,0.0,0.0,A,,PB2,mccrone_50812_2014-12-10_SRR6121409,data/IRMA/mccrone_50812_2014-12-10_SRR6121409/A_PB2.fasta
mccrone,50812,2014-12-10,True,0.0,0.0,A,H3,HA,mccrone_50812_2014-12-10_SRR6121409,data/IRMA/mccrone_50812_2014-12-10_SRR6121409/A_HA_H3.fasta
mccrone,50812,2014-12-10,True,0.0,0.0,A,N2,NA,mccrone_50812_2014-12-10_SRR6121409,data/IRMA/mccrone_50812_2014-12-10_SRR6121409/A_NA_N2.fasta
mccrone,50842,2014-12-23,False,1.0,1.0,A,,MP,mccrone_50842_2014-12-22_SRR6121383,data/IRMA/mccrone_50842_2014-12-22_SRR6121383/A_MP.fasta
mccrone,50842,2014-12-23,False,1.0,1.0,A,,NP,mccrone_50842_2014-12-22_SRR6121383,data/IRMA/mccrone_50842_2014-12-22_SRR6121383/A_NP.fasta
mccrone,50842,2014-12-23,False,1.0,1.0,A,,NS,mccrone_50842_2014-12-22_SRR6121383,data/IRMA/mccrone_50842_2014-12-22_SRR6121383/A_NS.fasta
mccrone,50842,2014-12-23,False,1.0,1.0,A,,PA,mccrone_50842_2014-12-22_SRR6121383,data/IRMA/mccrone_50842_2014-12-22_SRR6121383/A_PA.fasta
mccrone,50842,2014-12-23,False,1.0,1.0,A,,PB1,mccrone_50842_2014-12-22_SRR6121383,data/IRMA/mccrone_50842_2014-12-22_SRR6121383/A_PB1.fasta
mccrone,50842,2014-12-23,False,1.0,1.0,A,,PB2,mccrone_50842_2014-12-22_SRR6121383,data/IRMA/mccrone_50842_2014-12-22_SRR6121383/A_PB2.fasta
mccrone,50842,2014-12-23,False,1.0,1.0,A,H3,HA,mccrone_50842_2014-12-22_SRR6121383,data/IRMA/mccrone_50842_2014-12-22_SRR6121383/A_HA_H3.fasta
mccrone,50842,2014-12-23,False,1.0,1.0,A,N2,NA,mccrone_50842_2014-12-22_SRR6121383,data/IRMA/mccrone_50842_2014-12-22_SRR6121383/A_NA_N2.fasta
mccrone,50842,2014-12-22,False,0.0,0.0,A,,MP,mccrone_50842_2014-12-22_SRR6121383,data/IRMA/mccrone_50842_2014-12-22_SRR6121383/A_MP.fasta
mccrone,50842,2014-12-22,False,0.0,0.0,A,,NP,mccrone_50842_2014-12-22_SRR6121383,data/IRMA/mccrone_50842_2014-12-22_SRR6121383/A_NP.fasta
mccrone,50842,2014-12-22,False,0.0,0.0,A,,NS,mccrone_50842_2014-12-22_SRR6121383,data/IRMA/mccrone_50842_2014-12-22_SRR6121383/A_NS.fasta
mccrone,50842,2014-12-22,False,0.0,0.0,A,,PA,mccrone_50842_2014-12-22_SRR6121383,data/IRMA/mccrone_50842_2014-12-22_SRR6121383/A_PA.fasta
mccrone,50842,2014-12-22,False,0.0,0.0,A,,PB1,mccrone_50842_2014-12-22_SRR6121383,data/IRMA/mccrone_50842_2014-12-22_SRR6121383/A_PB1.fasta
mccrone,50842,2014-12-22,False,0.0,0.0,A,,PB2,mccrone_50842_2014-12-22_SRR6121383,data/IRMA/mccrone_50842_2014-12-22_SRR6121383/A_PB2.fasta
mccrone,50842,2014-12-22,False,0.0,0.0,A,H3,HA,mccrone_50842_2014-12-22_SRR6121383,data/IRMA/mccrone_50842_2014-12-22_SRR6121383/A_HA_H3.fasta
mccrone,50842,2014-12-22,False,0.0,0.0,A,N2,NA,mccrone_50842_2014-12-22_SRR6121383,data/IRMA/mccrone_50842_2014-12-22_SRR6121383/A_NA_N2.fasta
mccrone,50851,2014-12-20,False,0.0,0.0,A,,MP,mccrone_50851_2014-12-20_SRR6121273,data/IRMA/mccrone_50851_2014-12-20_SRR6121273/A_MP.fasta
mccrone,50851,2014-12-20,False,0.0,0.0,A,,NP,mccrone_50851_2014-12-20_SRR6121273,data/IRMA/mccrone_50851_2014-12-20_SRR6121273/A_NP.fasta
mccrone,50851,2014-12-20,False,0.0,0.0,A,,NS,mccrone_50851_2014-12-20_SRR6121273,data/IRMA/mccrone_50851_2014-12-20_SRR6121273/A_NS.fasta
mccrone,50851,2014-12-20,False,0.0,0.0,A,,PA,mccrone_50851_2014-12-20_SRR6121273,data/IRMA/mccrone_50851_2014-12-20_SRR6121273/A_PA.fasta
mccrone,50851,2014-12-20,False,0.0,0.0,A,,PB1,mccrone_50851_2014-12-20_SRR6121273,data/IRMA/mccrone_50851_2014-12-20_SRR6121273/A_PB1.fasta
mccrone,50851,2014-12-20,False,0.0,0.0,A,,PB2,mccrone_50851_2014-12-20_SRR6121273,data/IRMA/mccrone_50851_2014-12-20_SRR6121273/A_PB2.fasta
mccrone,50851,2014-12-20,False,0.0,0.0,A,H3,HA,mccrone_50851_2014-12-20_SRR6121273,data/IRMA/mccrone_50851_2014-12-20_SRR6121273/A_HA_H3.fasta
mccrone,50851,2014-12-20,False,0.0,0.0,A,N2,NA,mccrone_50851_2014-12-20_SRR6121273,data/IRMA/mccrone_50851_2014-12-20_SRR6121273/A_NA_N2.fasta
mccrone,50851,2014-12-22,True,2.0,1.0,A,,MP,mccrone_50851_2014-12-20_SRR6121273,data/IRMA/mccrone_50851_2014-12-20_SRR6121273/A_MP.fasta
mccrone,50851,2014-12-22,True,2.0,1.0,A,,NP,mccrone_50851_2014-12-20_SRR6121273,data/IRMA/mccrone_50851_2014-12-20_SRR6121273/A_NP.fasta
mccrone,50851,2014-12-22,True,2.0,1.0,A,,NS,mccrone_50851_2014-12-20_SRR6121273,data/IRMA/mccrone_50851_2014-12-20_SRR6121273/A_NS.fasta
mccrone,50851,2014-12-22,True,2.0,1.0,A,,PA,mccrone_50851_2014-12-20_SRR6121273,data/IRMA/mccrone_50851_2014-12-20_SRR6121273/A_PA.fasta
mccrone,50851,2014-12-22,True,2.0,1.0,A,,PB1,mccrone_50851_2014-12-20_SRR6121273,data/IRMA/mccrone_50851_2014-12-20_SRR6121273/A_PB1.fasta
mccrone,50851,2014-12-22,True,2.0,1.0,A,,PB2,mccrone_50851_2014-12-20_SRR6121273,data/IRMA/mccrone_50851_2014-12-20_SRR6121273/A_PB2.fasta
mccrone,50851,2014-12-22,True,2.0,1.0,A,H3,HA,mccrone_50851_2014-12-20_SRR6121273,data/IRMA/mccrone_50851_2014-12-20_SRR6121273/A_HA_H3.fasta
mccrone,50851,2014-12-22,True,2.0,1.0,A,N2,NA,mccrone_50851_2014-12-20_SRR6121273,data/IRMA/mccrone_50851_2014-12-20_SRR6121273/A_NA_N2.fasta
mccrone,50874,2014-12-06,True,1.0,1.0,A,,MP,mccrone_50874_2014-12-05_SRR6121560,data/IRMA/mccrone_50874_2014-12-05_SRR6121560/A_MP.fasta
mccrone,50874,2014-12-06,True,1.0,1.0,A,,NP,mccrone_50874_2014-12-05_SRR6121560,data/IRMA/mccrone_50874_2014-12-05_SRR6121560/A_NP.fasta
mccrone,50874,2014-12-06,True,1.0,1.0,A,,NS,mccrone_50874_2014-12-05_SRR6121560,data/IRMA/mccrone_50874_2014-12-05_SRR6121560/A_NS.fasta
mccrone,50874,2014-12-06,True,1.0,1.0,A,,PA,mccrone_50874_2014-12-05_SRR6121560,data/IRMA/mccrone_50874_2014-12-05_SRR6121560/A_PA.fasta
mccrone,50874,2014-12-06,True,1.0,1.0,A,,PB1,mccrone_50874_2014-12-05_SRR6121560,data/IRMA/mccrone_50874_2014-12-05_SRR6121560/A_PB1.fasta
mccrone,50874,2014-12-06,True,1.0,1.0,A,,PB2,mccrone_50874_2014-12-05_SRR6121560,data/IRMA/mccrone_50874_2014-12-05_SRR6121560/A_PB2.fasta
mccrone,50874,2014-12-06,True,1.0,1.0,A,H3,HA,mccrone_50874_2014-12-05_SRR6121560,data/IRMA/mccrone_50874_2014-12-05_SRR6121560/A_HA_H3.fasta
mccrone,50874,2014-12-06,True,1.0,1.0,A,N2,NA,mccrone_50874_2014-12-05_SRR6121560,data/IRMA/mccrone_50874_2014-12-05_SRR6121560/A_NA_N2.fasta
mccrone,50874,2014-12-05,True,0.0,0.0,A,,MP,mccrone_50874_2014-12-05_SRR6121560,data/IRMA/mccrone_50874_2014-12-05_SRR6121560/A_MP.fasta
mccrone,50874,2014-12-05,True,0.0,0.0,A,,NP,mccrone_50874_2014-12-05_SRR6121560,data/IRMA/mccrone_50874_2014-12-05_SRR6121560/A_NP.fasta
mccrone,50874,2014-12-05,True,0.0,0.0,A,,NS,mccrone_50874_2014-12-05_SRR6121560,data/IRMA/mccrone_50874_2014-12-05_SRR6121560/A_NS.fasta
mccrone,50874,2014-12-05,True,0.0,0.0,A,,PA,mccrone_50874_2014-12-05_SRR6121560,data/IRMA/mccrone_50874_2014-12-05_SRR6121560/A_PA.fasta
mccrone,50874,2014-12-05,True,0.0,0.0,A,,PB1,mccrone_50874_2014-12-05_SRR6121560,data/IRMA/mccrone_50874_2014-12-05_SRR6121560/A_PB1.fasta
mccrone,50874,2014-12-05,True,0.0,0.0,A,,PB2,mccrone_50874_2014-12-05_SRR6121560,data/IRMA/mccrone_50874_2014-12-05_SRR6121560/A_PB2.fasta
mccrone,50874,2014-12-05,True,0.0,0.0,A,H3,HA,mccrone_50874_2014-12-05_SRR6121560,data/IRMA/mccrone_50874_2014-12-05_SRR6121560/A_HA_H3.fasta
mccrone,50874,2014-12-05,True,0.0,0.0,A,N2,NA,mccrone_50874_2014-12-05_SRR6121560,data/IRMA/mccrone_50874_2014-12-05_SRR6121560/A_NA_N2.fasta
mccrone,50879,2014-12-31,False,3.0,1.0,A,,MP,mccrone_50879_2014-12-28_SRR6121606,data/IRMA/mccrone_50879_2014-12-28_SRR6121606/A_MP.fasta
mccrone,50879,2014-12-31,False,3.0,1.0,A,,NP,mccrone_50879_2014-12-28_SRR6121606,data/IRMA/mccrone_50879_2014-12-28_SRR6121606/A_NP.fasta
mccrone,50879,2014-12-31,False,3.0,1.0,A,,NS,mccrone_50879_2014-12-28_SRR6121606,data/IRMA/mccrone_50879_2014-12-28_SRR6121606/A_NS.fasta
mccrone,50879,2014-12-31,False,3.0,1.0,A,,PA,mccrone_50879_2014-12-28_SRR6121606,data/IRMA/mccrone_50879_2014-12-28_SRR6121606/A_PA.fasta
mccrone,50879,2014-12-31,False,3.0,1.0,A,,PB1,mccrone_50879_2014-12-28_SRR6121606,data/IRMA/mccrone_50879_2014-12-28_SRR6121606/A_PB1.fasta
mccrone,50879,2014-12-31,False,3.0,1.0,A,,PB2,mccrone_50879_2014-12-28_SRR6121606,data/IRMA/mccrone_50879_2014-12-28_SRR6121606/A_PB2.fasta
mccrone,50879,2014-12-31,False,3.0,1.0,A,H3,HA,mccrone_50879_2014-12-28_SRR6121606,data/IRMA/mccrone_50879_2014-12-28_SRR6121606/A_HA_H3.fasta
mccrone,50879,2014-12-31,False,3.0,1.0,A,N2,NA,mccrone_50879_2014-12-28_SRR6121606,data/IRMA/mccrone_50879_2014-12-28_SRR6121606/A_NA_N2.fasta
mccrone,50879,2014-12-28,False,0.0,0.0,A,,MP,mccrone_50879_2014-12-28_SRR6121606,data/IRMA/mccrone_50879_2014-12-28_SRR6121606/A_MP.fasta
mccrone,50879,2014-12-28,False,0.0,0.0,A,,NP,mccrone_50879_2014-12-28_SRR6121606,data/IRMA/mccrone_50879_2014-12-28_SRR6121606/A_NP.fasta
mccrone,50879,2014-12-28,False,0.0,0.0,A,,NS,mccrone_50879_2014-12-28_SRR6121606,data/IRMA/mccrone_50879_2014-12-28_SRR6121606/A_NS.fasta
mccrone,50879,2014-12-28,False,0.0,0.0,A,,PA,mccrone_50879_2014-12-28_SRR6121606,data/IRMA/mccrone_50879_2014-12-28_SRR6121606/A_PA.fasta
mccrone,50879,2014-12-28,False,0.0,0.0,A,,PB1,mccrone_50879_2014-12-28_SRR6121606,data/IRMA/mccrone_50879_2014-12-28_SRR6121606/A_PB1.fasta
mccrone,50879,2014-12-28,False,0.0,0.0,A,,PB2,mccrone_50879_2014-12-28_SRR6121606,data/IRMA/mccrone_50879_2014-12-28_SRR6121606/A_PB2.fasta
mccrone,50879,2014-12-28,False,0.0,0.0,A,H3,HA,mccrone_50879_2014-12-28_SRR6121606,data/IRMA/mccrone_50879_2014-12-28_SRR6121606/A_HA_H3.fasta
mccrone,50879,2014-12-28,False,0.0,0.0,A,N2,NA,mccrone_50879_2014-12-28_SRR6121606,data/IRMA/mccrone_50879_2014-12-28_SRR6121606/A_NA_N2.fasta
mccrone,50935,2014-12-08,True,3.0,1.0,A,,MP,mccrone_50935_2014-12-05_SRR6121453,data/IRMA/mccrone_50935_2014-12-05_SRR6121453/A_MP.fasta
mccrone,50935,2014-12-08,True,3.0,1.0,A,,NP,mccrone_50935_2014-12-05_SRR6121453,data/IRMA/mccrone_50935_2014-12-05_SRR6121453/A_NP.fasta
mccrone,50935,2014-12-08,True,3.0,1.0,A,,NS,mccrone_50935_2014-12-05_SRR6121453,data/IRMA/mccrone_50935_2014-12-05_SRR6121453/A_NS.fasta
mccrone,50935,2014-12-08,True,3.0,1.0,A,,PA,mccrone_50935_2014-12-05_SRR6121453,data/IRMA/mccrone_50935_2014-12-05_SRR6121453/A_PA.fasta
mccrone,50935,2014-12-08,True,3.0,1.0,A,,PB1,mccrone_50935_2014-12-05_SRR6121453,data/IRMA/mccrone_50935_2014-12-05_SRR6121453/A_PB1.fasta
mccrone,50935,2014-12-08,True,3.0,1.0,A,,PB2,mccrone_50935_2014-12-05_SRR6121453,data/IRMA/mccrone_50935_2014-12-05_SRR6121453/A_PB2.fasta
mccrone,50935,2014-12-08,True,3.0,1.0,A,H3,HA,mccrone_50935_2014-12-05_SRR6121453,data/IRMA/mccrone_50935_2014-12-05_SRR6121453/A_HA_H3.fasta
mccrone,50935,2014-12-08,True,3.0,1.0,A,N2,NA,mccrone_50935_2014-12-05_SRR6121453,data/IRMA/mccrone_50935_2014-12-05_SRR6121453/A_NA_N2.fasta
mccrone,50935,2014-12-05,False,0.0,0.0,A,,MP,mccrone_50935_2014-12-05_SRR6121453,data/IRMA/mccrone_50935_2014-12-05_SRR6121453/A_MP.fasta
mccrone,50935,2014-12-05,False,0.0,0.0,A,,NP,mccrone_50935_2014-12-05_SRR6121453,data/IRMA/mccrone_50935_2014-12-05_SRR6121453/A_NP.fasta
mccrone,50935,2014-12-05,False,0.0,0.0,A,,NS,mccrone_50935_2014-12-05_SRR6121453,data/IRMA/mccrone_50935_2014-12-05_SRR6121453/A_NS.fasta
mccrone,50935,2014-12-05,False,0.0,0.0,A,,PA,mccrone_50935_2014-12-05_SRR6121453,data/IRMA/mccrone_50935_2014-12-05_SRR6121453/A_PA.fasta
mccrone,50935,2014-12-05,False,0.0,0.0,A,,PB1,mccrone_50935_2014-12-05_SRR6121453,data/IRMA/mccrone_50935_2014-12-05_SRR6121453/A_PB1.fasta
mccrone,50935,2014-12-05,False,0.0,0.0,A,,PB2,mccrone_50935_2014-12-05_SRR6121453,data/IRMA/mccrone_50935_2014-12-05_SRR6121453/A_PB2.fasta
mccrone,50935,2014-12-05,False,0.0,0.0,A,H3,HA,mccrone_50935_2014-12-05_SRR6121453,data/IRMA/mccrone_50935_2014-12-05_SRR6121453/A_HA_H3.fasta
mccrone,50935,2014-12-05,False,0.0,0.0,A,N2,NA,mccrone_50935_2014-12-05_SRR6121453,data/IRMA/mccrone_50935_2014-12-05_SRR6121453/A_NA_N2.fasta
mccrone,50968,2014-12-08,True,2.0,1.0,A,,MP,mccrone_50968_2014-12-07_SRR6121457,data/IRMA/mccrone_50968_2014-12-07_SRR6121457/A_MP.fasta
mccrone,50968,2014-12-08,True,2.0,1.0,A,,NP,mccrone_50968_2014-12-07_SRR6121457,data/IRMA/mccrone_50968_2014-12-07_SRR6121457/A_NP.fasta
mccrone,50968,2014-12-08,True,2.0,1.0,A,,NS,mccrone_50968_2014-12-07_SRR6121457,data/IRMA/mccrone_50968_2014-12-07_SRR6121457/A_NS.fasta
mccrone,50968,2014-12-08,True,2.0,1.0,A,,PA,mccrone_50968_2014-12-07_SRR6121457,data/IRMA/mccrone_50968_2014-12-07_SRR6121457/A_PA.fasta
mccrone,50968,2014-12-08,True,2.0,1.0,A,,PB1,mccrone_50968_2014-12-07_SRR6121457,data/IRMA/mccrone_50968_2014-12-07_SRR6121457/A_PB1.fasta
mccrone,50968,2014-12-08,True,2.0,1.0,A,,PB2,mccrone_50968_2014-12-07_SRR6121457,data/IRMA/mccrone_50968_2014-12-07_SRR6121457/A_PB2.fasta
mccrone,50968,2014-12-08,True,2.0,1.0,A,H3,HA,mccrone_50968_2014-12-07_SRR6121457,data/IRMA/mccrone_50968_2014-12-07_SRR6121457/A_HA_H3.fasta
mccrone,50968,2014-12-08,True,2.0,1.0,A,N2,NA,mccrone_50968_2014-12-07_SRR6121457,data/IRMA/mccrone_50968_2014-12-07_SRR6121457/A_NA_N2.fasta
mccrone,50968,2014-12-07,True,1.0,0.0,A,,MP,mccrone_50968_2014-12-07_SRR6121457,data/IRMA/mccrone_50968_2014-12-07_SRR6121457/A_MP.fasta
mccrone,50968,2014-12-07,True,1.0,0.0,A,,NP,mccrone_50968_2014-12-07_SRR6121457,data/IRMA/mccrone_50968_2014-12-07_SRR6121457/A_NP.fasta
mccrone,50968,2014-12-07,True,1.0,0.0,A,,NS,mccrone_50968_2014-12-07_SRR6121457,data/IRMA/mccrone_50968_2014-12-07_SRR6121457/A_NS.fasta
mccrone,50968,2014-12-07,True,1.0,0.0,A,,PA,mccrone_50968_2014-12-07_SRR6121457,data/IRMA/mccrone_50968_2014-12-07_SRR6121457/A_PA.fasta
mccrone,50968,2014-12-07,True,1.0,0.0,A,,PB1,mccrone_50968_2014-12-07_SRR6121457,data/IRMA/mccrone_50968_2014-12-07_SRR6121457/A_PB1.fasta
mccrone,50968,2014-12-07,True,1.0,0.0,A,,PB2,mccrone_50968_2014-12-07_SRR6121457,data/IRMA/mccrone_50968_2014-12-07_SRR6121457/A_PB2.fasta
mccrone,50968,2014-12-07,True,1.0,0.0,A,H3,HA,mccrone_50968_2014-12-07_SRR6121457,data/IRMA/mccrone_50968_2014-12-07_SRR6121457/A_HA_H3.fasta
mccrone,50968,2014-12-07,True,1.0,0.0,A,N2,NA,mccrone_50968_2014-12-07_SRR6121457,data/IRMA/mccrone_50968_2014-12-07_SRR6121457/A_NA_N2.fasta
mccrone,50969,2014-12-02,True,1.0,1.0,A,,MP,mccrone_50969_2014-12-01_SRR6121509,data/IRMA/mccrone_50969_2014-12-01_SRR6121509/A_MP.fasta
mccrone,50969,2014-12-02,True,1.0,1.0,A,,NP,mccrone_50969_2014-12-01_SRR6121509,data/IRMA/mccrone_50969_2014-12-01_SRR6121509/A_NP.fasta
mccrone,50969,2014-12-02,True,1.0,1.0,A,,NS,mccrone_50969_2014-12-01_SRR6121509,data/IRMA/mccrone_50969_2014-12-01_SRR6121509/A_NS.fasta
mccrone,50969,2014-12-02,True,1.0,1.0,A,,PA,mccrone_50969_2014-12-01_SRR6121509,data/IRMA/mccrone_50969_2014-12-01_SRR6121509/A_PA.fasta
mccrone,50969,2014-12-02,True,1.0,1.0,A,,PB1,mccrone_50969_2014-12-01_SRR6121509,data/IRMA/mccrone_50969_2014-12-01_SRR6121509/A_PB1.fasta
mccrone,50969,2014-12-02,True,1.0,1.0,A,,PB2,mccrone_50969_2014-12-01_SRR6121509,data/IRMA/mccrone_50969_2014-12-01_SRR6121509/A_PB2.fasta
mccrone,50969,2014-12-02,True,1.0,1.0,A,H3,HA,mccrone_50969_2014-12-01_SRR6121509,data/IRMA/mccrone_50969_2014-12-01_SRR6121509/A_HA_H3.fasta
mccrone,50969,2014-12-02,True,1.0,1.0,A,N2,NA,mccrone_50969_2014-12-01_SRR6121509,data/IRMA/mccrone_50969_2014-12-01_SRR6121509/A_NA_N2.fasta
mccrone,50969,2014-12-01,False,0.0,0.0,A,,MP,mccrone_50969_2014-12-01_SRR6121509,data/IRMA/mccrone_50969_2014-12-01_SRR6121509/A_MP.fasta
mccrone,50969,2014-12-01,False,0.0,0.0,A,,NP,mccrone_50969_2014-12-01_SRR6121509,data/IRMA/mccrone_50969_2014-12-01_SRR6121509/A_NP.fasta
mccrone,50969,2014-12-01,False,0.0,0.0,A,,NS,mccrone_50969_2014-12-01_SRR6121509,data/IRMA/mccrone_50969_2014-12-01_SRR6121509/A_NS.fasta
mccrone,50969,2014-12-01,False,0.0,0.0,A,,PA,mccrone_50969_2014-12-01_SRR6121509,data/IRMA/mccrone_50969_2014-12-01_SRR6121509/A_PA.fasta
mccrone,50969,2014-12-01,False,0.0,0.0,A,,PB1,mccrone_50969_2014-12-01_SRR6121509,data/IRMA/mccrone_50969_2014-12-01_SRR6121509/A_PB1.fasta
mccrone,50969,2014-12-01,False,0.0,0.0,A,,PB2,mccrone_50969_2014-12-01_SRR6121509,data/IRMA/mccrone_50969_2014-12-01_SRR6121509/A_PB2.fasta
mccrone,50969,2014-12-01,False,0.0,0.0,A,H3,HA,mccrone_50969_2014-12-01_SRR6121509,data/IRMA/mccrone_50969_2014-12-01_SRR6121509/A_HA_H3.fasta
mccrone,50969,2014-12-01,False,0.0,0.0,A,N2,NA,mccrone_50969_2014-12-01_SRR6121509,data/IRMA/mccrone_50969_2014-12-01_SRR6121509/A_NA_N2.fasta
mccrone,50993,2015-01-06,False,2.0,0.0,A,,MP,mccrone_50993_2015-01-06_SRR6121310,data/IRMA/mccrone_50993_2015-01-06_SRR6121310/A_MP.fasta
mccrone,50993,2015-01-06,False,2.0,0.0,A,,NP,mccrone_50993_2015-01-06_SRR6121310,data/IRMA/mccrone_50993_2015-01-06_SRR6121310/A_NP.fasta
mccrone,50993,2015-01-06,False,2.0,0.0,A,,NS,mccrone_50993_2015-01-06_SRR6121310,data/IRMA/mccrone_50993_2015-01-06_SRR6121310/A_NS.fasta
mccrone,50993,2015-01-06,False,2.0,0.0,A,,PA,mccrone_50993_2015-01-06_SRR6121310,data/IRMA/mccrone_50993_2015-01-06_SRR6121310/A_PA.fasta
mccrone,50993,2015-01-06,False,2.0,0.0,A,,PB1,mccrone_50993_2015-01-06_SRR6121310,data/IRMA/mccrone_50993_2015-01-06_SRR6121310/A_PB1.fasta
mccrone,50993,2015-01-06,False,2.0,0.0,A,,PB2,mccrone_50993_2015-01-06_SRR6121310,data/IRMA/mccrone_50993_2015-01-06_SRR6121310/A_PB2.fasta
mccrone,50993,2015-01-06,False,2.0,0.0,A,H3,HA,mccrone_50993_2015-01-06_SRR6121310,data/IRMA/mccrone_50993_2015-01-06_SRR6121310/A_HA_H3.fasta
mccrone,50993,2015-01-06,False,2.0,0.0,A,N2,NA,mccrone_50993_2015-01-06_SRR6121310,data/IRMA/mccrone_50993_2015-01-06_SRR6121310/A_NA_N2.fasta
mccrone,50993,2015-01-09,True,5.0,1.0,A,,MP,mccrone_50993_2015-01-06_SRR6121310,data/IRMA/mccrone_50993_2015-01-06_SRR6121310/A_MP.fasta
mccrone,50993,2015-01-09,True,5.0,1.0,A,,NP,mccrone_50993_2015-01-06_SRR6121310,data/IRMA/mccrone_50993_2015-01-06_SRR6121310/A_NP.fasta
mccrone,50993,2015-01-09,True,5.0,1.0,A,,NS,mccrone_50993_2015-01-06_SRR6121310,data/IRMA/mccrone_50993_2015-01-06_SRR6121310/A_NS.fasta
mccrone,50993,2015-01-09,True,5.0,1.0,A,,PA,mccrone_50993_2015-01-06_SRR6121310,data/IRMA/mccrone_50993_2015-01-06_SRR6121310/A_PA.fasta
mccrone,50993,2015-01-09,True,5.0,1.0,A,,PB1,mccrone_50993_2015-01-06_SRR6121310,data/IRMA/mccrone_50993_2015-01-06_SRR6121310/A_PB1.fasta
mccrone,50993,2015-01-09,True,5.0,1.0,A,,PB2,mccrone_50993_2015-01-06_SRR6121310,data/IRMA/mccrone_50993_2015-01-06_SRR6121310/A_PB2.fasta
mccrone,50993,2015-01-09,True,5.0,1.0,A,H3,HA,mccrone_50993_2015-01-06_SRR6121310,data/IRMA/mccrone_50993_2015-01-06_SRR6121310/A_HA_H3.fasta
mccrone,50993,2015-01-09,True,5.0,1.0,A,N2,NA,mccrone_50993_2015-01-06_SRR6121310,data/IRMA/mccrone_50993_2015-01-06_SRR6121310/A_NA_N2.fasta
mccrone,51000,2014-12-16,True,0.0,0.0,A,,MP,mccrone_51000_2014-12-16_SRR6121277,data/IRMA/mccrone_51000_2014-12-16_SRR6121277/A_MP.fasta
mccrone,51000,2014-12-16,True,0.0,0.0,A,,NP,mccrone_51000_2014-12-16_SRR6121277,data/IRMA/mccrone_51000_2014-12-16_SRR6121277/A_NP.fasta
mccrone,51000,2014-12-16,True,0.0,0.0,A,,NS,mccrone_51000_2014-12-16_SRR6121277,data/IRMA/mccrone_51000_2014-12-16_SRR6121277/A_NS.fasta
mccrone,51000,2014-12-16,True,0.0,0.0,A,,PA,mccrone_51000_2014-12-16_SRR6121277,data/IRMA/mccrone_51000_2014-12-16_SRR6121277/A_PA.fasta
mccrone,51000,2014-12-16,True,0.0,0.0,A,,PB1,mccrone_51000_2014-12-16_SRR6121277,data/IRMA/mccrone_51000_2014-12-16_SRR6121277/A_PB1.fasta
mccrone,51000,2014-12-16,True,0.0,0.0,A,,PB2,mccrone_51000_2014-12-16_SRR6121277,data/IRMA/mccrone_51000_2014-12-16_SRR6121277/A_PB2.fasta
mccrone,51000,2014-12-16,True,0.0,0.0,A,H3,HA,mccrone_51000_2014-12-16_SRR6121277,data/IRMA/mccrone_51000_2014-12-16_SRR6121277/A_HA_H3.fasta
mccrone,51000,2014-12-16,True,0.0,0.0,A,N2,NA,mccrone_51000_2014-12-16_SRR6121277,data/IRMA/mccrone_51000_2014-12-16_SRR6121277/A_NA_N2.fasta
mccrone,51000,2014-12-18,True,2.0,1.0,A,,MP,mccrone_51000_2014-12-16_SRR6121277,data/IRMA/mccrone_51000_2014-12-16_SRR6121277/A_MP.fasta
mccrone,51000,2014-12-18,True,2.0,1.0,A,,NP,mccrone_51000_2014-12-16_SRR6121277,data/IRMA/mccrone_51000_2014-12-16_SRR6121277/A_NP.fasta
mccrone,51000,2014-12-18,True,2.0,1.0,A,,NS,mccrone_51000_2014-12-16_SRR6121277,data/IRMA/mccrone_51000_2014-12-16_SRR6121277/A_NS.fasta
mccrone,51000,2014-12-18,True,2.0,1.0,A,,PA,mccrone_51000_2014-12-16_SRR6121277,data/IRMA/mccrone_51000_2014-12-16_SRR6121277/A_PA.fasta
mccrone,51000,2014-12-18,True,2.0,1.0,A,,PB1,mccrone_51000_2014-12-16_SRR6121277,data/IRMA/mccrone_51000_2014-12-16_SRR6121277/A_PB1.fasta
mccrone,51000,2014-12-18,True,2.0,1.0,A,,PB2,mccrone_51000_2014-12-16_SRR6121277,data/IRMA/mccrone_51000_2014-12-16_SRR6121277/A_PB2.fasta
mccrone,51000,2014-12-18,True,2.0,1.0,A,H3,HA,mccrone_51000_2014-12-16_SRR6121277,data/IRMA/mccrone_51000_2014-12-16_SRR6121277/A_HA_H3.fasta
mccrone,51000,2014-12-18,True,2.0,1.0,A,N2,NA,mccrone_51000_2014-12-16_SRR6121277,data/IRMA/mccrone_51000_2014-12-16_SRR6121277/A_NA_N2.fasta
mccrone,51046,2014-12-10,True,2.0,1.0,A,,MP,mccrone_51046_2014-12-09_SRR6121301,data/IRMA/mccrone_51046_2014-12-09_SRR6121301/A_MP.fasta
mccrone,51046,2014-12-10,True,2.0,1.0,A,,NP,mccrone_51046_2014-12-09_SRR6121301,data/IRMA/mccrone_51046_2014-12-09_SRR6121301/A_NP.fasta
mccrone,51046,2014-12-10,True,2.0,1.0,A,,NS,mccrone_51046_2014-12-09_SRR6121301,data/IRMA/mccrone_51046_2014-12-09_SRR6121301/A_NS.fasta
mccrone,51046,2014-12-10,True,2.0,1.0,A,,PA,mccrone_51046_2014-12-09_SRR6121301,data/IRMA/mccrone_51046_2014-12-09_SRR6121301/A_PA.fasta
mccrone,51046,2014-12-10,True,2.0,1.0,A,,PB1,mccrone_51046_2014-12-09_SRR6121301,data/IRMA/mccrone_51046_2014-12-09_SRR6121301/A_PB1.fasta
mccrone,51046,2014-12-10,True,2.0,1.0,A,,PB2,mccrone_51046_2014-12-09_SRR6121301,data/IRMA/mccrone_51046_2014-12-09_SRR6121301/A_PB2.fasta
mccrone,51046,2014-12-10,True,2.0,1.0,A,H3,HA,mccrone_51046_2014-12-09_SRR6121301,data/IRMA/mccrone_51046_2014-12-09_SRR6121301/A_HA_H3.fasta
mccrone,51046,2014-12-10,True,2.0,1.0,A,N2,NA,mccrone_51046_2014-12-09_SRR6121301,data/IRMA/mccrone_51046_2014-12-09_SRR6121301/A_NA_N2.fasta
mccrone,51046,2014-12-09,True,1.0,0.0,A,,MP,mccrone_51046_2014-12-09_SRR6121301,data/IRMA/mccrone_51046_2014-12-09_SRR6121301/A_MP.fasta
mccrone,51046,2014-12-09,True,1.0,0.0,A,,NP,mccrone_51046_2014-12-09_SRR6121301,data/IRMA/mccrone_51046_2014-12-09_SRR6121301/A_NP.fasta
mccrone,51046,2014-12-09,True,1.0,0.0,A,,NS,mccrone_51046_2014-12-09_SRR6121301,data/IRMA/mccrone_51046_2014-12-09_SRR6121301/A_NS.fasta
mccrone,51046,2014-12-09,True,1.0,0.0,A,,PA,mccrone_51046_2014-12-09_SRR6121301,data/IRMA/mccrone_51046_2014-12-09_SRR6121301/A_PA.fasta
mccrone,51046,2014-12-09,True,1.0,0.0,A,,PB1,mccrone_51046_2014-12-09_SRR6121301,data/IRMA/mccrone_51046_2014-12-09_SRR6121301/A_PB1.fasta
mccrone,51046,2014-12-09,True,1.0,0.0,A,,PB2,mccrone_51046_2014-12-09_SRR6121301,data/IRMA/mccrone_51046_2014-12-09_SRR6121301/A_PB2.fasta
mccrone,51046,2014-12-09,True,1.0,0.0,A,H3,HA,mccrone_51046_2014-12-09_SRR6121301,data/IRMA/mccrone_51046_2014-12-09_SRR6121301/A_HA_H3.fasta
mccrone,51046,2014-12-09,True,1.0,0.0,A,N2,NA,mccrone_51046_2014-12-09_SRR6121301,data/IRMA/mccrone_51046_2014-12-09_SRR6121301/A_NA_N2.fasta
mccrone,51055,2014-12-17,True,2.0,1.0,A,,MP,mccrone_51055_2014-12-15_SRR6121583,data/IRMA/mccrone_51055_2014-12-15_SRR6121583/A_MP.fasta
mccrone,51055,2014-12-17,True,2.0,1.0,A,,NP,mccrone_51055_2014-12-15_SRR6121583,data/IRMA/mccrone_51055_2014-12-15_SRR6121583/A_NP.fasta
mccrone,51055,2014-12-17,True,2.0,1.0,A,,NS,mccrone_51055_2014-12-15_SRR6121583,data/IRMA/mccrone_51055_2014-12-15_SRR6121583/A_NS.fasta
mccrone,51055,2014-12-17,True,2.0,1.0,A,,PA,mccrone_51055_2014-12-15_SRR6121583,data/IRMA/mccrone_51055_2014-12-15_SRR6121583/A_PA.fasta
mccrone,51055,2014-12-17,True,2.0,1.0,A,,PB1,mccrone_51055_2014-12-15_SRR6121583,data/IRMA/mccrone_51055_2014-12-15_SRR6121583/A_PB1.fasta
mccrone,51055,2014-12-17,True,2.0,1.0,A,,PB2,mccrone_51055_2014-12-15_SRR6121583,data/IRMA/mccrone_51055_2014-12-15_SRR6121583/A_PB2.fasta
mccrone,51055,2014-12-17,True,2.0,1.0,A,H3,HA,mccrone_51055_2014-12-15_SRR6121583,data/IRMA/mccrone_51055_2014-12-15_SRR6121583/A_HA_H3.fasta
mccrone,51055,2014-12-17,True,2.0,1.0,A,N2,NA,mccrone_51055_2014-12-15_SRR6121583,data/IRMA/mccrone_51055_2014-12-15_SRR6121583/A_NA_N2.fasta
mccrone,51055,2014-12-15,False,0.0,0.0,A,,MP,mccrone_51055_2014-12-15_SRR6121583,data/IRMA/mccrone_51055_2014-12-15_SRR6121583/A_MP.fasta
mccrone,51055,2014-12-15,False,0.0,0.0,A,,NP,mccrone_51055_2014-12-15_SRR6121583,data/IRMA/mccrone_51055_2014-12-15_SRR6121583/A_NP.fasta
mccrone,51055,2014-12-15,False,0.0,0.0,A,,NS,mccrone_51055_2014-12-15_SRR6121583,data/IRMA/mccrone_51055_2014-12-15_SRR6121583/A_NS.fasta
mccrone,51055,2014-12-15,False,0.0,0.0,A,,PA,mccrone_51055_2014-12-15_SRR6121583,data/IRMA/mccrone_51055_2014-12-15_SRR6121583/A_PA.fasta
mccrone,51055,2014-12-15,False,0.0,0.0,A,,PB1,mccrone_51055_2014-12-15_SRR6121583,data/IRMA/mccrone_51055_2014-12-15_SRR6121583/A_PB1.fasta
mccrone,51055,2014-12-15,False,0.0,0.0,A,,PB2,mccrone_51055_2014-12-15_SRR6121583,data/IRMA/mccrone_51055_2014-12-15_SRR6121583/A_PB2.fasta
mccrone,51055,2014-12-15,False,0.0,0.0,A,H3,HA,mccrone_51055_2014-12-15_SRR6121583,data/IRMA/mccrone_51055_2014-12-15_SRR6121583/A_HA_H3.fasta
mccrone,51055,2014-12-15,False,0.0,0.0,A,N2,NA,mccrone_51055_2014-12-15_SRR6121583,data/IRMA/mccrone_51055_2014-12-15_SRR6121583/A_NA_N2.fasta
mccrone,51059,2014-12-23,False,1.0,1.0,A,,MP,mccrone_51059_2014-12-22_SRR6121388,data/IRMA/mccrone_51059_2014-12-22_SRR6121388/A_MP.fasta
mccrone,51059,2014-12-23,False,1.0,1.0,A,,NP,mccrone_51059_2014-12-22_SRR6121388,data/IRMA/mccrone_51059_2014-12-22_SRR6121388/A_NP.fasta
mccrone,51059,2014-12-23,False,1.0,1.0,A,,NS,mccrone_51059_2014-12-22_SRR6121388,data/IRMA/mccrone_51059_2014-12-22_SRR6121388/A_NS.fasta
mccrone,51059,2014-12-23,False,1.0,1.0,A,,PA,mccrone_51059_2014-12-22_SRR6121388,data/IRMA/mccrone_51059_2014-12-22_SRR6121388/A_PA.fasta
mccrone,51059,2014-12-23,False,1.0,1.0,A,,PB1,mccrone_51059_2014-12-22_SRR6121388,data/IRMA/mccrone_51059_2014-12-22_SRR6121388/A_PB1.fasta
mccrone,51059,2014-12-23,False,1.0,1.0,A,,PB2,mccrone_51059_2014-12-22_SRR6121388,data/IRMA/mccrone_51059_2014-12-22_SRR6121388/A_PB2.fasta
mccrone,51059,2014-12-23,False,1.0,1.0,A,H3,HA,mccrone_51059_2014-12-22_SRR6121388,data/IRMA/mccrone_51059_2014-12-22_SRR6121388/A_HA_H3.fasta
mccrone,51059,2014-12-23,False,1.0,1.0,A,N2,NA,mccrone_51059_2014-12-22_SRR6121388,data/IRMA/mccrone_51059_2014-12-22_SRR6121388/A_NA_N2.fasta
mccrone,51059,2014-12-22,False,0.0,0.0,A,,MP,mccrone_51059_2014-12-22_SRR6121388,data/IRMA/mccrone_51059_2014-12-22_SRR6121388/A_MP.fasta
mccrone,51059,2014-12-22,False,0.0,0.0,A,,NP,mccrone_51059_2014-12-22_SRR6121388,data/IRMA/mccrone_51059_2014-12-22_SRR6121388/A_NP.fasta
mccrone,51059,2014-12-22,False,0.0,0.0,A,,NS,mccrone_51059_2014-12-22_SRR6121388,data/IRMA/mccrone_51059_2014-12-22_SRR6121388/A_NS.fasta
mccrone,51059,2014-12-22,False,0.0,0.0,A,,PA,mccrone_51059_2014-12-22_SRR6121388,data/IRMA/mccrone_51059_2014-12-22_SRR6121388/A_PA.fasta
mccrone,51059,2014-12-22,False,0.0,0.0,A,,PB1,mccrone_51059_2014-12-22_SRR6121388,data/IRMA/mccrone_51059_2014-12-22_SRR6121388/A_PB1.fasta
mccrone,51059,2014-12-22,False,0.0,0.0,A,,PB2,mccrone_51059_2014-12-22_SRR6121388,data/IRMA/mccrone_51059_2014-12-22_SRR6121388/A_PB2.fasta
mccrone,51059,2014-12-22,False,0.0,0.0,A,H3,HA,mccrone_51059_2014-12-22_SRR6121388,data/IRMA/mccrone_51059_2014-12-22_SRR6121388/A_HA_H3.fasta
mccrone,51059,2014-12-22,False,0.0,0.0,A,N2,NA,mccrone_51059_2014-12-22_SRR6121388,data/IRMA/mccrone_51059_2014-12-22_SRR6121388/A_NA_N2.fasta
mccrone,51073,2014-12-20,False,0.0,0.0,A,,MP,mccrone_51073_2014-12-20_SRR6121271,data/IRMA/mccrone_51073_2014-12-20_SRR6121271/A_MP.fasta
mccrone,51073,2014-12-20,False,0.0,0.0,A,,NP,mccrone_51073_2014-12-20_SRR6121271,data/IRMA/mccrone_51073_2014-12-20_SRR6121271/A_NP.fasta
mccrone,51073,2014-12-20,False,0.0,0.0,A,,NS,mccrone_51073_2014-12-20_SRR6121271,data/IRMA/mccrone_51073_2014-12-20_SRR6121271/A_NS.fasta
mccrone,51073,2014-12-20,False,0.0,0.0,A,,PA,mccrone_51073_2014-12-20_SRR6121271,data/IRMA/mccrone_51073_2014-12-20_SRR6121271/A_PA.fasta
mccrone,51073,2014-12-20,False,0.0,0.0,A,,PB1,mccrone_51073_2014-12-20_SRR6121271,data/IRMA/mccrone_51073_2014-12-20_SRR6121271/A_PB1.fasta
mccrone,51073,2014-12-20,False,0.0,0.0,A,,PB2,mccrone_51073_2014-12-20_SRR6121271,data/IRMA/mccrone_51073_2014-12-20_SRR6121271/A_PB2.fasta
mccrone,51073,2014-12-20,False,0.0,0.0,A,H3,HA,mccrone_51073_2014-12-20_SRR6121271,data/IRMA/mccrone_51073_2014-12-20_SRR6121271/A_HA_H3.fasta
mccrone,51073,2014-12-20,False,0.0,0.0,A,N2,NA,mccrone_51073_2014-12-20_SRR6121271,data/IRMA/mccrone_51073_2014-12-20_SRR6121271/A_NA_N2.fasta
mccrone,51073,2014-12-22,True,2.0,1.0,A,,MP,mccrone_51073_2014-12-20_SRR6121271,data/IRMA/mccrone_51073_2014-12-20_SRR6121271/A_MP.fasta
mccrone,51073,2014-12-22,True,2.0,1.0,A,,NP,mccrone_51073_2014-12-20_SRR6121271,data/IRMA/mccrone_51073_2014-12-20_SRR6121271/A_NP.fasta
mccrone,51073,2014-12-22,True,2.0,1.0,A,,NS,mccrone_51073_2014-12-20_SRR6121271,data/IRMA/mccrone_51073_2014-12-20_SRR6121271/A_NS.fasta
mccrone,51073,2014-12-22,True,2.0,1.0,A,,PA,mccrone_51073_2014-12-20_SRR6121271,data/IRMA/mccrone_51073_2014-12-20_SRR6121271/A_PA.fasta
mccrone,51073,2014-12-22,True,2.0,1.0,A,,PB1,mccrone_51073_2014-12-20_SRR6121271,data/IRMA/mccrone_51073_2014-12-20_SRR6121271/A_PB1.fasta
mccrone,51073,2014-12-22,True,2.0,1.0,A,,PB2,mccrone_51073_2014-12-20_SRR6121271,data/IRMA/mccrone_51073_2014-12-20_SRR6121271/A_PB2.fasta
mccrone,51073,2014-12-22,True,2.0,1.0,A,H3,HA,mccrone_51073_2014-12-20_SRR6121271,data/IRMA/mccrone_51073_2014-12-20_SRR6121271/A_HA_H3.fasta
mccrone,51073,2014-12-22,True,2.0,1.0,A,N2,NA,mccrone_51073_2014-12-20_SRR6121271,data/IRMA/mccrone_51073_2014-12-20_SRR6121271/A_NA_N2.fasta
mccrone,51097,2014-12-19,False,1.0,0.0,A,,MP,mccrone_51097_2014-12-19_SRR6121272,data/IRMA/mccrone_51097_2014-12-19_SRR6121272/A_MP.fasta
mccrone,51097,2014-12-19,False,1.0,0.0,A,,NP,mccrone_51097_2014-12-19_SRR6121272,data/IRMA/mccrone_51097_2014-12-19_SRR6121272/A_NP.fasta
mccrone,51097,2014-12-19,False,1.0,0.0,A,,NS,mccrone_51097_2014-12-19_SRR6121272,data/IRMA/mccrone_51097_2014-12-19_SRR6121272/A_NS.fasta
mccrone,51097,2014-12-19,False,1.0,0.0,A,,PA,mccrone_51097_2014-12-19_SRR6121272,data/IRMA/mccrone_51097_2014-12-19_SRR6121272/A_PA.fasta
mccrone,51097,2014-12-19,False,1.0,0.0,A,,PB1,mccrone_51097_2014-12-19_SRR6121272,data/IRMA/mccrone_51097_2014-12-19_SRR6121272/A_PB1.fasta
mccrone,51097,2014-12-19,False,1.0,0.0,A,,PB2,mccrone_51097_2014-12-19_SRR6121272,data/IRMA/mccrone_51097_2014-12-19_SRR6121272/A_PB2.fasta
mccrone,51097,2014-12-19,False,1.0,0.0,A,H3,HA,mccrone_51097_2014-12-19_SRR6121272,data/IRMA/mccrone_51097_2014-12-19_SRR6121272/A_HA_H3.fasta
mccrone,51097,2014-12-19,False,1.0,0.0,A,N2,NA,mccrone_51097_2014-12-19_SRR6121272,data/IRMA/mccrone_51097_2014-12-19_SRR6121272/A_NA_N2.fasta
mccrone,51097,2014-12-19,False,1.5,1.0,A,,MP,mccrone_51097_2014-12-19_SRR6121272,data/IRMA/mccrone_51097_2014-12-19_SRR6121272/A_MP.fasta
mccrone,51097,2014-12-19,False,1.5,1.0,A,,NP,mccrone_51097_2014-12-19_SRR6121272,data/IRMA/mccrone_51097_2014-12-19_SRR6121272/A_NP.fasta
mccrone,51097,2014-12-19,False,1.5,1.0,A,,NS,mccrone_51097_2014-12-19_SRR6121272,data/IRMA/mccrone_51097_2014-12-19_SRR6121272/A_NS.fasta
mccrone,51097,2014-12-19,False,1.5,1.0,A,,PA,mccrone_51097_2014-12-19_SRR6121272,data/IRMA/mccrone_51097_2014-12-19_SRR6121272/A_PA.fasta
mccrone,51097,2014-12-19,False,1.5,1.0,A,,PB1,mccrone_51097_2014-12-19_SRR6121272,data/IRMA/mccrone_51097_2014-12-19_SRR6121272/A_PB1.fasta
mccrone,51097,2014-12-19,False,1.5,1.0,A,,PB2,mccrone_51097_2014-12-19_SRR6121272,data/IRMA/mccrone_51097_2014-12-19_SRR6121272/A_PB2.fasta
mccrone,51097,2014-12-19,False,1.5,1.0,A,H3,HA,mccrone_51097_2014-12-19_SRR6121272,data/IRMA/mccrone_51097_2014-12-19_SRR6121272/A_HA_H3.fasta
mccrone,51097,2014-12-19,False,1.5,1.0,A,N2,NA,mccrone_51097_2014-12-19_SRR6121272,data/IRMA/mccrone_51097_2014-12-19_SRR6121272/A_NA_N2.fasta
mccrone,51101,2014-12-22,False,1.0,0.0,A,,MP,mccrone_51101_2014-12-22_SRR6121270,data/IRMA/mccrone_51101_2014-12-22_SRR6121270/A_MP.fasta
mccrone,51101,2014-12-22,False,1.0,0.0,A,,NP,mccrone_51101_2014-12-22_SRR6121270,data/IRMA/mccrone_51101_2014-12-22_SRR6121270/A_NP.fasta
mccrone,51101,2014-12-22,False,1.0,0.0,A,,NS,mccrone_51101_2014-12-22_SRR6121270,data/IRMA/mccrone_51101_2014-12-22_SRR6121270/A_NS.fasta
mccrone,51101,2014-12-22,False,1.0,0.0,A,,PA,mccrone_51101_2014-12-22_SRR6121270,data/IRMA/mccrone_51101_2014-12-22_SRR6121270/A_PA.fasta
mccrone,51101,2014-12-22,False,1.0,0.0,A,,PB1,mccrone_51101_2014-12-22_SRR6121270,data/IRMA/mccrone_51101_2014-12-22_SRR6121270/A_PB1.fasta
mccrone,51101,2014-12-22,False,1.0,0.0,A,,PB2,mccrone_51101_2014-12-22_SRR6121270,data/IRMA/mccrone_51101_2014-12-22_SRR6121270/A_PB2.fasta
mccrone,51101,2014-12-22,False,1.0,0.0,A,H3,HA,mccrone_51101_2014-12-22_SRR6121270,data/IRMA/mccrone_51101_2014-12-22_SRR6121270/A_HA_H3.fasta
mccrone,51101,2014-12-22,False,1.0,0.0,A,N2,NA,mccrone_51101_2014-12-22_SRR6121270,data/IRMA/mccrone_51101_2014-12-22_SRR6121270/A_NA_N2.fasta
mccrone,51101,2014-12-22,False,1.5,1.0,A,,MP,mccrone_51101_2014-12-22_SRR6121270,data/IRMA/mccrone_51101_2014-12-22_SRR6121270/A_MP.fasta
mccrone,51101,2014-12-22,False,1.5,1.0,A,,NP,mccrone_51101_2014-12-22_SRR6121270,data/IRMA/mccrone_51101_2014-12-22_SRR6121270/A_NP.fasta
mccrone,51101,2014-12-22,False,1.5,1.0,A,,NS,mccrone_51101_2014-12-22_SRR6121270,data/IRMA/mccrone_51101_2014-12-22_SRR6121270/A_NS.fasta
mccrone,51101,2014-12-22,False,1.5,1.0,A,,PA,mccrone_51101_2014-12-22_SRR6121270,data/IRMA/mccrone_51101_2014-12-22_SRR6121270/A_PA.fasta
mccrone,51101,2014-12-22,False,1.5,1.0,A,,PB1,mccrone_51101_2014-12-22_SRR6121270,data/IRMA/mccrone_51101_2014-12-22_SRR6121270/A_PB1.fasta
mccrone,51101,2014-12-22,False,1.5,1.0,A,,PB2,mccrone_51101_2014-12-22_SRR6121270,data/IRMA/mccrone_51101_2014-12-22_SRR6121270/A_PB2.fasta
mccrone,51101,2014-12-22,False,1.5,1.0,A,H3,HA,mccrone_51101_2014-12-22_SRR6121270,data/IRMA/mccrone_51101_2014-12-22_SRR6121270/A_HA_H3.fasta
mccrone,51101,2014-12-22,False,1.5,1.0,A,N2,NA,mccrone_51101_2014-12-22_SRR6121270,data/IRMA/mccrone_51101_2014-12-22_SRR6121270/A_NA_N2.fasta
mccrone,51106,2014-12-09,True,3.0,1.0,A,,MP,mccrone_51106_2014-12-08_SRR6121450,data/IRMA/mccrone_51106_2014-12-08_SRR6121450/A_MP.fasta
mccrone,51106,2014-12-09,True,3.0,1.0,A,,NP,mccrone_51106_2014-12-08_SRR6121450,data/IRMA/mccrone_51106_2014-12-08_SRR6121450/A_NP.fasta
mccrone,51106,2014-12-09,True,3.0,1.0,A,,NS,mccrone_51106_2014-12-08_SRR6121450,data/IRMA/mccrone_51106_2014-12-08_SRR6121450/A_NS.fasta
mccrone,51106,2014-12-09,True,3.0,1.0,A,,PA,mccrone_51106_2014-12-08_SRR6121450,data/IRMA/mccrone_51106_2014-12-08_SRR6121450/A_PA.fasta
mccrone,51106,2014-12-09,True,3.0,1.0,A,,PB1,mccrone_51106_2014-12-08_SRR6121450,data/IRMA/mccrone_51106_2014-12-08_SRR6121450/A_PB1.fasta
mccrone,51106,2014-12-09,True,3.0,1.0,A,,PB2,mccrone_51106_2014-12-08_SRR6121450,data/IRMA/mccrone_51106_2014-12-08_SRR6121450/A_PB2.fasta
mccrone,51106,2014-12-09,True,3.0,1.0,A,H3,HA,mccrone_51106_2014-12-08_SRR6121450,data/IRMA/mccrone_51106_2014-12-08_SRR6121450/A_HA_H3.fasta
mccrone,51106,2014-12-09,True,3.0,1.0,A,N2,NA,mccrone_51106_2014-12-08_SRR6121450,data/IRMA/mccrone_51106_2014-12-08_SRR6121450/A_NA_N2.fasta
mccrone,51106,2014-12-08,False,2.0,0.0,A,,MP,mccrone_51106_2014-12-08_SRR6121450,data/IRMA/mccrone_51106_2014-12-08_SRR6121450/A_MP.fasta
mccrone,51106,2014-12-08,False,2.0,0.0,A,,NP,mccrone_51106_2014-12-08_SRR6121450,data/IRMA/mccrone_51106_2014-12-08_SRR6121450/A_NP.fasta
mccrone,51106,2014-12-08,False,2.0,0.0,A,,NS,mccrone_51106_2014-12-08_SRR6121450,data/IRMA/mccrone_51106_2014-12-08_SRR6121450/A_NS.fasta
mccrone,51106,2014-12-08,False,2.0,0.0,A,,PA,mccrone_51106_2014-12-08_SRR6121450,data/IRMA/mccrone_51106_2014-12-08_SRR6121450/A_PA.fasta
mccrone,51106,2014-12-08,False,2.0,0.0,A,,PB1,mccrone_51106_2014-12-08_SRR6121450,data/IRMA/mccrone_51106_2014-12-08_SRR6121450/A_PB1.fasta
mccrone,51106,2014-12-08,False,2.0,0.0,A,,PB2,mccrone_51106_2014-12-08_SRR6121450,data/IRMA/mccrone_51106_2014-12-08_SRR6121450/A_PB2.fasta
mccrone,51106,2014-12-08,False,2.0,0.0,A,H3,HA,mccrone_51106_2014-12-08_SRR6121450,data/IRMA/mccrone_51106_2014-12-08_SRR6121450/A_HA_H3.fasta
mccrone,51106,2014-12-08,False,2.0,0.0,A,N2,NA,mccrone_51106_2014-12-08_SRR6121450,data/IRMA/mccrone_51106_2014-12-08_SRR6121450/A_NA_N2.fasta
mccrone,51359,2014-12-08,True,6.0,1.0,A,,MP,mccrone_51359_2014-12-07_SRR6121573,data/IRMA/mccrone_51359_2014-12-07_SRR6121573/A_MP.fasta
mccrone,51359,2014-12-08,True,6.0,1.0,A,,NP,mccrone_51359_2014-12-07_SRR6121573,data/IRMA/mccrone_51359_2014-12-07_SRR6121573/A_NP.fasta
mccrone,51359,2014-12-08,True,6.0,1.0,A,,NS,mccrone_51359_2014-12-07_SRR6121573,data/IRMA/mccrone_51359_2014-12-07_SRR6121573/A_NS.fasta
mccrone,51359,2014-12-08,True,6.0,1.0,A,,PA,mccrone_51359_2014-12-07_SRR6121573,data/IRMA/mccrone_51359_2014-12-07_SRR6121573/A_PA.fasta
mccrone,51359,2014-12-08,True,6.0,1.0,A,,PB1,mccrone_51359_2014-12-07_SRR6121573,data/IRMA/mccrone_51359_2014-12-07_SRR6121573/A_PB1.fasta
mccrone,51359,2014-12-08,True,6.0,1.0,A,,PB2,mccrone_51359_2014-12-07_SRR6121573,data/IRMA/mccrone_51359_2014-12-07_SRR6121573/A_PB2.fasta
mccrone,51359,2014-12-08,True,6.0,1.0,A,H3,HA,mccrone_51359_2014-12-07_SRR6121573,data/IRMA/mccrone_51359_2014-12-07_SRR6121573/A_HA_H3.fasta
mccrone,51359,2014-12-08,True,6.0,1.0,A,N2,NA,mccrone_51359_2014-12-07_SRR6121573,data/IRMA/mccrone_51359_2014-12-07_SRR6121573/A_NA_N2.fasta
mccrone,51359,2014-12-07,False,5.0,0.0,A,,MP,mccrone_51359_2014-12-07_SRR6121573,data/IRMA/mccrone_51359_2014-12-07_SRR6121573/A_MP.fasta
mccrone,51359,2014-12-07,False,5.0,0.0,A,,NP,mccrone_51359_2014-12-07_SRR6121573,data/IRMA/mccrone_51359_2014-12-07_SRR6121573/A_NP.fasta
mccrone,51359,2014-12-07,False,5.0,0.0,A,,NS,mccrone_51359_2014-12-07_SRR6121573,data/IRMA/mccrone_51359_2014-12-07_SRR6121573/A_NS.fasta
mccrone,51359,2014-12-07,False,5.0,0.0,A,,PA,mccrone_51359_2014-12-07_SRR6121573,data/IRMA/mccrone_51359_2014-12-07_SRR6121573/A_PA.fasta
mccrone,51359,2014-12-07,False,5.0,0.0,A,,PB1,mccrone_51359_2014-12-07_SRR6121573,data/IRMA/mccrone_51359_2014-12-07_SRR6121573/A_PB1.fasta
mccrone,51359,2014-12-07,False,5.0,0.0,A,,PB2,mccrone_51359_2014-12-07_SRR6121573,data/IRMA/mccrone_51359_2014-12-07_SRR6121573/A_PB2.fasta
mccrone,51359,2014-12-07,False,5.0,0.0,A,H3,HA,mccrone_51359_2014-12-07_SRR6121573,data/IRMA/mccrone_51359_2014-12-07_SRR6121573/A_HA_H3.fasta
mccrone,51359,2014-12-07,False,5.0,0.0,A,N2,NA,mccrone_51359_2014-12-07_SRR6121573,data/IRMA/mccrone_51359_2014-12-07_SRR6121573/A_NA_N2.fasta
mccrone,51438,2014-12-08,False,1.0,1.0,A,,MP,mccrone_51438_2014-12-07_SRR6121451,data/IRMA/mccrone_51438_2014-12-07_SRR6121451/A_MP.fasta
mccrone,51438,2014-12-08,False,1.0,1.0,A,,NP,mccrone_51438_2014-12-07_SRR6121451,data/IRMA/mccrone_51438_2014-12-07_SRR6121451/A_NP.fasta
mccrone,51438,2014-12-08,False,1.0,1.0,A,,NS,mccrone_51438_2014-12-07_SRR6121451,data/IRMA/mccrone_51438_2014-12-07_SRR6121451/A_NS.fasta
mccrone,51438,2014-12-08,False,1.0,1.0,A,,PA,mccrone_51438_2014-12-07_SRR6121451,data/IRMA/mccrone_51438_2014-12-07_SRR6121451/A_PA.fasta
mccrone,51438,2014-12-08,False,1.0,1.0,A,,PB1,mccrone_51438_2014-12-07_SRR6121451,data/IRMA/mccrone_51438_2014-12-07_SRR6121451/A_PB1.fasta
mccrone,51438,2014-12-08,False,1.0,1.0,A,,PB2,mccrone_51438_2014-12-07_SRR6121451,data/IRMA/mccrone_51438_2014-12-07_SRR6121451/A_PB2.fasta
mccrone,51438,2014-12-08,False,1.0,1.0,A,H3,HA,mccrone_51438_2014-12-07_SRR6121451,data/IRMA/mccrone_51438_2014-12-07_SRR6121451/A_HA_H3.fasta
mccrone,51438,2014-12-08,False,1.0,1.0,A,N2,NA,mccrone_51438_2014-12-07_SRR6121451,data/IRMA/mccrone_51438_2014-12-07_SRR6121451/A_NA_N2.fasta
mccrone,51438,2014-12-07,False,0.0,0.0,A,,MP,mccrone_51438_2014-12-07_SRR6121451,data/IRMA/mccrone_51438_2014-12-07_SRR6121451/A_MP.fasta
mccrone,51438,2014-12-07,False,0.0,0.0,A,,NP,mccrone_51438_2014-12-07_SRR6121451,data/IRMA/mccrone_51438_2014-12-07_SRR6121451/A_NP.fasta
mccrone,51438,2014-12-07,False,0.0,0.0,A,,NS,mccrone_51438_2014-12-07_SRR6121451,data/IRMA/mccrone_51438_2014-12-07_SRR6121451/A_NS.fasta
mccrone,51438,2014-12-07,False,0.0,0.0,A,,PA,mccrone_51438_2014-12-07_SRR6121451,data/IRMA/mccrone_51438_2014-12-07_SRR6121451/A_PA.fasta
mccrone,51438,2014-12-07,False,0.0,0.0,A,,PB1,mccrone_51438_2014-12-07_SRR6121451,data/IRMA/mccrone_51438_2014-12-07_SRR6121451/A_PB1.fasta
mccrone,51438,2014-12-07,False,0.0,0.0,A,,PB2,mccrone_51438_2014-12-07_SRR6121451,data/IRMA/mccrone_51438_2014-12-07_SRR6121451/A_PB2.fasta
mccrone,51438,2014-12-07,False,0.0,0.0,A,H3,HA,mccrone_51438_2014-12-07_SRR6121451,data/IRMA/mccrone_51438_2014-12-07_SRR6121451/A_HA_H3.fasta
mccrone,51438,2014-12-07,False,0.0,0.0,A,N2,NA,mccrone_51438_2014-12-07_SRR6121451,data/IRMA/mccrone_51438_2014-12-07_SRR6121451/A_NA_N2.fasta
swine,1-5,2014-07-15,False,4.0,0.0,A,,MP,swine_1-5_2014-07-15_SRR27181206,data/IRMA/swine_1-5_2014-07-15_SRR27181206/A_MP.fasta
swine,1-5,2014-07-15,False,4.0,0.0,A,,NP,swine_1-5_2014-07-15_SRR27181206,data/IRMA/swine_1-5_2014-07-15_SRR27181206/A_NP.fasta
swine,1-5,2014-07-15,False,4.0,0.0,A,,NS,swine_1-5_2014-07-15_SRR27181206,data/IRMA/swine_1-5_2014-07-15_SRR27181206/A_NS.fasta
swine,1-5,2014-07-15,False,4.0,0.0,A,,PA,swine_1-5_2014-07-15_SRR27181206,data/IRMA/swine_1-5_2014-07-15_SRR27181206/A_PA.fasta
swine,1-5,2014-07-15,False,4.0,0.0,A,,PB1,swine_1-5_2014-07-15_SRR27181206,data/IRMA/swine_1-5_2014-07-15_SRR27181206/A_PB1.fasta
swine,1-5,2014-07-15,False,4.0,0.0,A,,PB2,swine_1-5_2014-07-15_SRR27181206,data/IRMA/swine_1-5_2014-07-15_SRR27181206/A_PB2.fasta
swine,1-5,2014-07-15,False,4.0,0.0,A,H3,HA,swine_1-5_2014-07-15_SRR27181206,data/IRMA/swine_1-5_2014-07-15_SRR27181206/A_HA_H3.fasta
swine,1-5,2014-07-15,False,4.0,0.0,A,N2,NA,swine_1-5_2014-07-15_SRR27181206,data/IRMA/swine_1-5_2014-07-15_SRR27181206/A_NA_N2.fasta
swine,1-5,2014-07-17,False,6.0,0.0,A,,MP,swine_1-5_2014-07-15_SRR27181206,data/IRMA/swine_1-5_2014-07-15_SRR27181206/A_MP.fasta
swine,1-5,2014-07-17,False,6.0,0.0,A,,NP,swine_1-5_2014-07-15_SRR27181206,data/IRMA/swine_1-5_2014-07-15_SRR27181206/A_NP.fasta
swine,1-5,2014-07-17,False,6.0,0.0,A,,NS,swine_1-5_2014-07-15_SRR27181206,data/IRMA/swine_1-5_2014-07-15_SRR27181206/A_NS.fasta
swine,1-5,2014-07-17,False,6.0,0.0,A,,PA,swine_1-5_2014-07-15_SRR27181206,data/IRMA/swine_1-5_2014-07-15_SRR27181206/A_PA.fasta
swine,1-5,2014-07-17,False,6.0,0.0,A,,PB1,swine_1-5_2014-07-15_SRR27181206,data/IRMA/swine_1-5_2014-07-15_SRR27181206/A_PB1.fasta
swine,1-5,2014-07-17,False,6.0,0.0,A,,PB2,swine_1-5_2014-07-15_SRR27181206,data/IRMA/swine_1-5_2014-07-15_SRR27181206/A_PB2.fasta
swine,1-5,2014-07-17,False,6.0,0.0,A,H3,HA,swine_1-5_2014-07-15_SRR27181206,data/IRMA/swine_1-5_2014-07-15_SRR27181206/A_HA_H3.fasta
swine,1-5,2014-07-17,False,6.0,0.0,A,N2,NA,swine_1-5_2014-07-15_SRR27181206,data/IRMA/swine_1-5_2014-07-15_SRR27181206/A_NA_N2.fasta
swine,20352,2014-07-14,False,3.0,0.0,A,,MP,swine_20352_2014-07-14_SRR27181459,data/IRMA/swine_20352_2014-07-14_SRR27181459/A_MP.fasta
swine,20352,2014-07-14,False,3.0,0.0,A,,NP,swine_20352_2014-07-14_SRR27181459,data/IRMA/swine_20352_2014-07-14_SRR27181459/A_NP.fasta
swine,20352,2014-07-14,False,3.0,0.0,A,,PA,swine_20352_2014-07-14_SRR27181459,data/IRMA/swine_20352_2014-07-14_SRR27181459/A_PA.fasta
swine,20352,2014-07-14,False,3.0,0.0,A,,PB1,swine_20352_2014-07-14_SRR27181459,data/IRMA/swine_20352_2014-07-14_SRR27181459/A_PB1.fasta
swine,20352,2014-07-14,False,3.0,0.0,A,,PB2,swine_20352_2014-07-14_SRR27181459,data/IRMA/swine_20352_2014-07-14_SRR27181459/A_PB2.fasta
swine,20352,2014-07-14,False,3.0,0.0,A,H3,HA,swine_20352_2014-07-14_SRR27181459,data/IRMA/swine_20352_2014-07-14_SRR27181459/A_HA_H3.fasta
swine,20352,2014-07-17,False,6.0,0.0,A,,MP,swine_20352_2014-07-14_SRR27181459,data/IRMA/swine_20352_2014-07-14_SRR27181459/A_MP.fasta
swine,20352,2014-07-17,False,6.0,0.0,A,,NP,swine_20352_2014-07-14_SRR27181459,data/IRMA/swine_20352_2014-07-14_SRR27181459/A_NP.fasta
swine,20352,2014-07-17,False,6.0,0.0,A,,NS,swine_20352_2014-07-14_SRR27181459,data/IRMA/swine_20352_2014-07-14_SRR27181459/A_NS.fasta
swine,20352,2014-07-17,False,6.0,0.0,A,,PA,swine_20352_2014-07-14_SRR27181459,data/IRMA/swine_20352_2014-07-14_SRR27181459/A_PA.fasta
swine,20352,2014-07-17,False,6.0,0.0,A,,PB1,swine_20352_2014-07-14_SRR27181459,data/IRMA/swine_20352_2014-07-14_SRR27181459/A_PB1.fasta
swine,20352,2014-07-17,False,6.0,0.0,A,,PB2,swine_20352_2014-07-14_SRR27181459,data/IRMA/swine_20352_2014-07-14_SRR27181459/A_PB2.fasta
swine,20352,2014-07-17,False,6.0,0.0,A,H3,HA,swine_20352_2014-07-14_SRR27181459,data/IRMA/swine_20352_2014-07-14_SRR27181459/A_HA_H3.fasta
swine,20352,2014-07-17,False,6.0,0.0,A,N2,NA,swine_20352_2014-07-14_SRR27181459,data/IRMA/swine_20352_2014-07-14_SRR27181459/A_NA_N2.fasta
swine,20352,2014-07-16,False,5.0,0.0,A,,MP,swine_20352_2014-07-14_SRR27181459,data/IRMA/swine_20352_2014-07-14_SRR27181459/A_MP.fasta
swine,20352,2014-07-16,False,5.0,0.0,A,,NP,swine_20352_2014-07-14_SRR27181459,data/IRMA/swine_20352_2014-07-14_SRR27181459/A_NP.fasta
swine,20352,2014-07-16,False,5.0,0.0,A,,NS,swine_20352_2014-07-14_SRR27181459,data/IRMA/swine_20352_2014-07-14_SRR27181459/A_NS.fasta
swine,20352,2014-07-16,False,5.0,0.0,A,,PA,swine_20352_2014-07-14_SRR27181459,data/IRMA/swine_20352_2014-07-14_SRR27181459/A_PA.fasta
swine,20352,2014-07-16,False,5.0,0.0,A,,PB1,swine_20352_2014-07-14_SRR27181459,data/IRMA/swine_20352_2014-07-14_SRR27181459/A_PB1.fasta
swine,20352,2014-07-16,False,5.0,0.0,A,,PB2,swine_20352_2014-07-14_SRR27181459,data/IRMA/swine_20352_2014-07-14_SRR27181459/A_PB2.fasta
swine,20352,2014-07-16,False,5.0,0.0,A,H3,HA,swine_20352_2014-07-14_SRR27181459,data/IRMA/swine_20352_2014-07-14_SRR27181459/A_HA_H3.fasta
swine,20352,2014-07-16,False,5.0,0.0,A,N2,NA,swine_20352_2014-07-14_SRR27181459,data/IRMA/swine_20352_2014-07-14_SRR27181459/A_NA_N2.fasta
swine,20352,2014-07-15,False,4.0,0.0,A,,MP,swine_20352_2014-07-14_SRR27181459,data/IRMA/swine_20352_2014-07-14_SRR27181459/A_MP.fasta
swine,20352,2014-07-15,False,4.0,0.0,A,,NP,swine_20352_2014-07-14_SRR27181459,data/IRMA/swine_20352_2014-07-14_SRR27181459/A_NP.fasta
swine,20352,2014-07-15,False,4.0,0.0,A,,NS,swine_20352_2014-07-14_SRR27181459,data/IRMA/swine_20352_2014-07-14_SRR27181459/A_NS.fasta
swine,20352,2014-07-15,False,4.0,0.0,A,,PA,swine_20352_2014-07-14_SRR27181459,data/IRMA/swine_20352_2014-07-14_SRR27181459/A_PA.fasta
swine,20352,2014-07-15,False,4.0,0.0,A,,PB1,swine_20352_2014-07-14_SRR27181459,data/IRMA/swine_20352_2014-07-14_SRR27181459/A_PB1.fasta
swine,20352,2014-07-15,False,4.0,0.0,A,,PB2,swine_20352_2014-07-14_SRR27181459,data/IRMA/swine_20352_2014-07-14_SRR27181459/A_PB2.fasta
swine,20352,2014-07-15,False,4.0,0.0,A,H3,HA,swine_20352_2014-07-14_SRR27181459,data/IRMA/swine_20352_2014-07-14_SRR27181459/A_HA_H3.fasta
swine,20352,2014-07-15,False,4.0,0.0,A,N2,NA,swine_20352_2014-07-14_SRR27181459,data/IRMA/swine_20352_2014-07-14_SRR27181459/A_NA_N2.fasta
swine,20361,2014-07-16,False,5.0,0.0,A,,MP,swine_20361_2014-07-14_SRR27181449,data/IRMA/swine_20361_2014-07-14_SRR27181449/A_MP.fasta
swine,20361,2014-07-16,False,5.0,0.0,A,,NP,swine_20361_2014-07-14_SRR27181449,data/IRMA/swine_20361_2014-07-14_SRR27181449/A_NP.fasta
swine,20361,2014-07-16,False,5.0,0.0,A,,NS,swine_20361_2014-07-14_SRR27181449,data/IRMA/swine_20361_2014-07-14_SRR27181449/A_NS.fasta
swine,20361,2014-07-16,False,5.0,0.0,A,,PA,swine_20361_2014-07-14_SRR27181449,data/IRMA/swine_20361_2014-07-14_SRR27181449/A_PA.fasta
swine,20361,2014-07-16,False,5.0,0.0,A,,PB1,swine_20361_2014-07-14_SRR27181449,data/IRMA/swine_20361_2014-07-14_SRR27181449/A_PB1.fasta
swine,20361,2014-07-16,False,5.0,0.0,A,,PB2,swine_20361_2014-07-14_SRR27181449,data/IRMA/swine_20361_2014-07-14_SRR27181449/A_PB2.fasta
swine,20361,2014-07-16,False,5.0,0.0,A,H3,HA,swine_20361_2014-07-14_SRR27181449,data/IRMA/swine_20361_2014-07-14_SRR27181449/A_HA_H3.fasta
swine,20361,2014-07-16,False,5.0,0.0,A,N2,NA,swine_20361_2014-07-14_SRR27181449,data/IRMA/swine_20361_2014-07-14_SRR27181449/A_NA_N2.fasta
swine,20361,2014-07-14,False,3.0,0.0,A,,MP,swine_20361_2014-07-14_SRR27181449,data/IRMA/swine_20361_2014-07-14_SRR27181449/A_MP.fasta
swine,20361,2014-07-14,False,3.0,0.0,A,,NP,swine_20361_2014-07-14_SRR27181449,data/IRMA/swine_20361_2014-07-14_SRR27181449/A_NP.fasta
swine,20361,2014-07-14,False,3.0,0.0,A,,NS,swine_20361_2014-07-14_SRR27181449,data/IRMA/swine_20361_2014-07-14_SRR27181449/A_NS.fasta
swine,20361,2014-07-14,False,3.0,0.0,A,,PA,swine_20361_2014-07-14_SRR27181449,data/IRMA/swine_20361_2014-07-14_SRR27181449/A_PA.fasta
swine,20361,2014-07-14,False,3.0,0.0,A,,PB1,swine_20361_2014-07-14_SRR27181449,data/IRMA/swine_20361_2014-07-14_SRR27181449/A_PB1.fasta
swine,20361,2014-07-14,False,3.0,0.0,A,,PB2,swine_20361_2014-07-14_SRR27181449,data/IRMA/swine_20361_2014-07-14_SRR27181449/A_PB2.fasta
swine,20361,2014-07-14,False,3.0,0.0,A,H3,HA,swine_20361_2014-07-14_SRR27181449,data/IRMA/swine_20361_2014-07-14_SRR27181449/A_HA_H3.fasta
swine,20361,2014-07-14,False,3.0,0.0,A,N2,NA,swine_20361_2014-07-14_SRR27181449,data/IRMA/swine_20361_2014-07-14_SRR27181449/A_NA_N2.fasta
swine,20368,2014-07-17,False,6.0,0.0,A,,MP,swine_20368_2014-07-15_SRR27180972,data/IRMA/swine_20368_2014-07-15_SRR27180972/A_MP.fasta
swine,20368,2014-07-17,False,6.0,0.0,A,,NP,swine_20368_2014-07-15_SRR27180972,data/IRMA/swine_20368_2014-07-15_SRR27180972/A_NP.fasta
swine,20368,2014-07-17,False,6.0,0.0,A,,NS,swine_20368_2014-07-15_SRR27180972,data/IRMA/swine_20368_2014-07-15_SRR27180972/A_NS.fasta
swine,20368,2014-07-17,False,6.0,0.0,A,,PA,swine_20368_2014-07-15_SRR27180972,data/IRMA/swine_20368_2014-07-15_SRR27180972/A_PA.fasta
swine,20368,2014-07-17,False,6.0,0.0,A,,PB1,swine_20368_2014-07-15_SRR27180972,data/IRMA/swine_20368_2014-07-15_SRR27180972/A_PB1.fasta
swine,20368,2014-07-17,False,6.0,0.0,A,,PB2,swine_20368_2014-07-15_SRR27180972,data/IRMA/swine_20368_2014-07-15_SRR27180972/A_PB2.fasta
swine,20368,2014-07-17,False,6.0,0.0,A,H1,HA,swine_20368_2014-07-15_SRR27180972,data/IRMA/swine_20368_2014-07-15_SRR27180972/A_HA_H1.fasta
swine,20368,2014-07-17,False,6.0,0.0,A,N1,NA,swine_20368_2014-07-15_SRR27180972,data/IRMA/swine_20368_2014-07-15_SRR27180972/A_NA_N1.fasta
swine,20368,2014-07-15,False,4.0,0.0,A,,MP,swine_20368_2014-07-15_SRR27180972,data/IRMA/swine_20368_2014-07-15_SRR27180972/A_MP.fasta
swine,20368,2014-07-15,False,4.0,0.0,A,,NP,swine_20368_2014-07-15_SRR27180972,data/IRMA/swine_20368_2014-07-15_SRR27180972/A_NP.fasta
swine,20368,2014-07-15,False,4.0,0.0,A,,NS,swine_20368_2014-07-15_SRR27180972,data/IRMA/swine_20368_2014-07-15_SRR27180972/A_NS.fasta
swine,20368,2014-07-15,False,4.0,0.0,A,,PA,swine_20368_2014-07-15_SRR27180972,data/IRMA/swine_20368_2014-07-15_SRR27180972/A_PA.fasta
swine,20368,2014-07-15,False,4.0,0.0,A,,PB1,swine_20368_2014-07-15_SRR27180972,data/IRMA/swine_20368_2014-07-15_SRR27180972/A_PB1.fasta
swine,20368,2014-07-15,False,4.0,0.0,A,,PB2,swine_20368_2014-07-15_SRR27180972,data/IRMA/swine_20368_2014-07-15_SRR27180972/A_PB2.fasta
swine,20368,2014-07-15,False,4.0,0.0,A,H1,HA,swine_20368_2014-07-15_SRR27180972,data/IRMA/swine_20368_2014-07-15_SRR27180972/A_HA_H1.fasta
swine,20368,2014-07-15,False,4.0,0.0,A,N1,NA,swine_20368_2014-07-15_SRR27180972,data/IRMA/swine_20368_2014-07-15_SRR27180972/A_NA_N1.fasta
swine,20387,2014-07-16,False,5.0,0.0,A,,MP,swine_20387_2014-07-15_SRR27181212,data/IRMA/swine_20387_2014-07-15_SRR27181212/A_MP.fasta
swine,20387,2014-07-16,False,5.0,0.0,A,,NP,swine_20387_2014-07-15_SRR27181212,data/IRMA/swine_20387_2014-07-15_SRR27181212/A_NP.fasta
swine,20387,2014-07-16,False,5.0,0.0,A,,PA,swine_20387_2014-07-15_SRR27181212,data/IRMA/swine_20387_2014-07-15_SRR27181212/A_PA.fasta
swine,20387,2014-07-16,False,5.0,0.0,A,,PB1,swine_20387_2014-07-15_SRR27181212,data/IRMA/swine_20387_2014-07-15_SRR27181212/A_PB1.fasta
swine,20387,2014-07-16,False,5.0,0.0,A,,PB2,swine_20387_2014-07-15_SRR27181212,data/IRMA/swine_20387_2014-07-15_SRR27181212/A_PB2.fasta
swine,20387,2014-07-16,False,5.0,0.0,A,H3,HA,swine_20387_2014-07-15_SRR27181212,data/IRMA/swine_20387_2014-07-15_SRR27181212/A_HA_H3.fasta
swine,20387,2014-07-16,False,5.0,0.0,A,N2,NA,swine_20387_2014-07-15_SRR27181212,data/IRMA/swine_20387_2014-07-15_SRR27181212/A_NA_N2.fasta
swine,20387,2014-07-15,False,4.0,0.0,A,,MP,swine_20387_2014-07-15_SRR27181212,data/IRMA/swine_20387_2014-07-15_SRR27181212/A_MP.fasta
swine,20387,2014-07-15,False,4.0,0.0,A,,NP,swine_20387_2014-07-15_SRR27181212,data/IRMA/swine_20387_2014-07-15_SRR27181212/A_NP.fasta
swine,20387,2014-07-15,False,4.0,0.0,A,,NS,swine_20387_2014-07-15_SRR27181212,data/IRMA/swine_20387_2014-07-15_SRR27181212/A_NS.fasta
swine,20387,2014-07-15,False,4.0,0.0,A,,PA,swine_20387_2014-07-15_SRR27181212,data/IRMA/swine_20387_2014-07-15_SRR27181212/A_PA.fasta
swine,20387,2014-07-15,False,4.0,0.0,A,,PB1,swine_20387_2014-07-15_SRR27181212,data/IRMA/swine_20387_2014-07-15_SRR27181212/A_PB1.fasta
swine,20387,2014-07-15,False,4.0,0.0,A,,PB2,swine_20387_2014-07-15_SRR27181212,data/IRMA/swine_20387_2014-07-15_SRR27181212/A_PB2.fasta
swine,20387,2014-07-15,False,4.0,0.0,A,H3,HA,swine_20387_2014-07-15_SRR27181212,data/IRMA/swine_20387_2014-07-15_SRR27181212/A_HA_H3.fasta
swine,20387,2014-07-15,False,4.0,0.0,A,N2,NA,swine_20387_2014-07-15_SRR27181212,data/IRMA/swine_20387_2014-07-15_SRR27181212/A_NA_N2.fasta
swine,20396,2014-07-16,False,5.0,0.0,A,,MP,swine_20396_2014-07-16_SRR27181187,data/IRMA/swine_20396_2014-07-16_SRR27181187/A_MP.fasta
swine,20396,2014-07-16,False,5.0,0.0,A,,NP,swine_20396_2014-07-16_SRR27181187,data/IRMA/swine_20396_2014-07-16_SRR27181187/A_NP.fasta
swine,20396,2014-07-16,False,5.0,0.0,A,,NS,swine_20396_2014-07-16_SRR27181187,data/IRMA/swine_20396_2014-07-16_SRR27181187/A_NS.fasta
swine,20396,2014-07-16,False,5.0,0.0,A,,PA,swine_20396_2014-07-16_SRR27181187,data/IRMA/swine_20396_2014-07-16_SRR27181187/A_PA.fasta
swine,20396,2014-07-16,False,5.0,0.0,A,,PB1,swine_20396_2014-07-16_SRR27181187,data/IRMA/swine_20396_2014-07-16_SRR27181187/A_PB1.fasta
swine,20396,2014-07-16,False,5.0,0.0,A,,PB2,swine_20396_2014-07-16_SRR27181187,data/IRMA/swine_20396_2014-07-16_SRR27181187/A_PB2.fasta
swine,20396,2014-07-16,False,5.0,0.0,A,H3,HA,swine_20396_2014-07-16_SRR27181187,data/IRMA/swine_20396_2014-07-16_SRR27181187/A_HA_H3.fasta
swine,20396,2014-07-16,False,5.0,0.0,A,N2,NA,swine_20396_2014-07-16_SRR27181187,data/IRMA/swine_20396_2014-07-16_SRR27181187/A_NA_N2.fasta
swine,20396,2014-07-17,False,6.0,0.0,A,,MP,swine_20396_2014-07-16_SRR27181187,data/IRMA/swine_20396_2014-07-16_SRR27181187/A_MP.fasta
swine,20396,2014-07-17,False,6.0,0.0,A,,NP,swine_20396_2014-07-16_SRR27181187,data/IRMA/swine_20396_2014-07-16_SRR27181187/A_NP.fasta
swine,20396,2014-07-17,False,6.0,0.0,A,,NS,swine_20396_2014-07-16_SRR27181187,data/IRMA/swine_20396_2014-07-16_SRR27181187/A_NS.fasta
swine,20396,2014-07-17,False,6.0,0.0,A,,PA,swine_20396_2014-07-16_SRR27181187,data/IRMA/swine_20396_2014-07-16_SRR27181187/A_PA.fasta
swine,20396,2014-07-17,False,6.0,0.0,A,,PB1,swine_20396_2014-07-16_SRR27181187,data/IRMA/swine_20396_2014-07-16_SRR27181187/A_PB1.fasta
swine,20396,2014-07-17,False,6.0,0.0,A,,PB2,swine_20396_2014-07-16_SRR27181187,data/IRMA/swine_20396_2014-07-16_SRR27181187/A_PB2.fasta
swine,20396,2014-07-17,False,6.0,0.0,A,H3,HA,swine_20396_2014-07-16_SRR27181187,data/IRMA/swine_20396_2014-07-16_SRR27181187/A_HA_H3.fasta
swine,20396,2014-07-17,False,6.0,0.0,A,N2,NA,swine_20396_2014-07-16_SRR27181187,data/IRMA/swine_20396_2014-07-16_SRR27181187/A_NA_N2.fasta
swine,20397,2014-07-16,False,5.0,0.0,A,,MP,swine_20397_2014-07-16_SRR27181185,data/IRMA/swine_20397_2014-07-16_SRR27181185/A_MP.fasta
swine,20397,2014-07-16,False,5.0,0.0,A,,NP,swine_20397_2014-07-16_SRR27181185,data/IRMA/swine_20397_2014-07-16_SRR27181185/A_NP.fasta
swine,20397,2014-07-16,False,5.0,0.0,A,,NS,swine_20397_2014-07-16_SRR27181185,data/IRMA/swine_20397_2014-07-16_SRR27181185/A_NS.fasta
swine,20397,2014-07-16,False,5.0,0.0,A,,PA,swine_20397_2014-07-16_SRR27181185,data/IRMA/swine_20397_2014-07-16_SRR27181185/A_PA.fasta
swine,20397,2014-07-16,False,5.0,0.0,A,,PB1,swine_20397_2014-07-16_SRR27181185,data/IRMA/swine_20397_2014-07-16_SRR27181185/A_PB1.fasta
swine,20397,2014-07-16,False,5.0,0.0,A,,PB2,swine_20397_2014-07-16_SRR27181185,data/IRMA/swine_20397_2014-07-16_SRR27181185/A_PB2.fasta
swine,20397,2014-07-16,False,5.0,0.0,A,H3,HA,swine_20397_2014-07-16_SRR27181185,data/IRMA/swine_20397_2014-07-16_SRR27181185/A_HA_H3.fasta
swine,20397,2014-07-16,False,5.0,0.0,A,N2,NA,swine_20397_2014-07-16_SRR27181185,data/IRMA/swine_20397_2014-07-16_SRR27181185/A_NA_N2.fasta
swine,20397,2014-07-17,False,6.0,0.0,A,,MP,swine_20397_2014-07-16_SRR27181185,data/IRMA/swine_20397_2014-07-16_SRR27181185/A_MP.fasta
swine,20397,2014-07-17,False,6.0,0.0,A,,NP,swine_20397_2014-07-16_SRR27181185,data/IRMA/swine_20397_2014-07-16_SRR27181185/A_NP.fasta
swine,20397,2014-07-17,False,6.0,0.0,A,,NS,swine_20397_2014-07-16_SRR27181185,data/IRMA/swine_20397_2014-07-16_SRR27181185/A_NS.fasta
swine,20397,2014-07-17,False,6.0,0.0,A,,PA,swine_20397_2014-07-16_SRR27181185,data/IRMA/swine_20397_2014-07-16_SRR27181185/A_PA.fasta
swine,20397,2014-07-17,False,6.0,0.0,A,,PB1,swine_20397_2014-07-16_SRR27181185,data/IRMA/swine_20397_2014-07-16_SRR27181185/A_PB1.fasta
swine,20397,2014-07-17,False,6.0,0.0,A,,PB2,swine_20397_2014-07-16_SRR27181185,data/IRMA/swine_20397_2014-07-16_SRR27181185/A_PB2.fasta
swine,20397,2014-07-17,False,6.0,0.0,A,H3,HA,swine_20397_2014-07-16_SRR27181185,data/IRMA/swine_20397_2014-07-16_SRR27181185/A_HA_H3.fasta
swine,20397,2014-07-17,False,6.0,0.0,A,N2,NA,swine_20397_2014-07-16_SRR27181185,data/IRMA/swine_20397_2014-07-16_SRR27181185/A_NA_N2.fasta
swine,20423,2014-07-12,False,1.0,0.0,A,,MP,swine_20423_2014-07-12_SRR27181223,data/IRMA/swine_20423_2014-07-12_SRR27181223/A_MP.fasta
swine,20423,2014-07-12,False,1.0,0.0,A,,NP,swine_20423_2014-07-12_SRR27181223,data/IRMA/swine_20423_2014-07-12_SRR27181223/A_NP.fasta
swine,20423,2014-07-12,False,1.0,0.0,A,,NS,swine_20423_2014-07-12_SRR27181223,data/IRMA/swine_20423_2014-07-12_SRR27181223/A_NS.fasta
swine,20423,2014-07-12,False,1.0,0.0,A,,PA,swine_20423_2014-07-12_SRR27181223,data/IRMA/swine_20423_2014-07-12_SRR27181223/A_PA.fasta
swine,20423,2014-07-12,False,1.0,0.0,A,,PB1,swine_20423_2014-07-12_SRR27181223,data/IRMA/swine_20423_2014-07-12_SRR27181223/A_PB1.fasta
swine,20423,2014-07-12,False,1.0,0.0,A,,PB2,swine_20423_2014-07-12_SRR27181223,data/IRMA/swine_20423_2014-07-12_SRR27181223/A_PB2.fasta
swine,20423,2014-07-12,False,1.0,0.0,A,H1,HA,swine_20423_2014-07-12_SRR27181223,data/IRMA/swine_20423_2014-07-12_SRR27181223/A_HA_H1.fasta
swine,20423,2014-07-14,False,3.0,0.0,A,,MP,swine_20423_2014-07-12_SRR27181223,data/IRMA/swine_20423_2014-07-12_SRR27181223/A_MP.fasta
swine,20423,2014-07-14,False,3.0,0.0,A,,NP,swine_20423_2014-07-12_SRR27181223,data/IRMA/swine_20423_2014-07-12_SRR27181223/A_NP.fasta
swine,20423,2014-07-14,False,3.0,0.0,A,,NS,swine_20423_2014-07-12_SRR27181223,data/IRMA/swine_20423_2014-07-12_SRR27181223/A_NS.fasta
swine,20423,2014-07-14,False,3.0,0.0,A,,PA,swine_20423_2014-07-12_SRR27181223,data/IRMA/swine_20423_2014-07-12_SRR27181223/A_PA.fasta
swine,20423,2014-07-14,False,3.0,0.0,A,,PB1,swine_20423_2014-07-12_SRR27181223,data/IRMA/swine_20423_2014-07-12_SRR27181223/A_PB1.fasta
swine,20423,2014-07-14,False,3.0,0.0,A,,PB2,swine_20423_2014-07-12_SRR27181223,data/IRMA/swine_20423_2014-07-12_SRR27181223/A_PB2.fasta
swine,20423,2014-07-14,False,3.0,0.0,A,H1,HA,swine_20423_2014-07-12_SRR27181223,data/IRMA/swine_20423_2014-07-12_SRR27181223/A_HA_H1.fasta
swine,20423,2014-07-14,False,3.0,0.0,A,N1,NA,swine_20423_2014-07-12_SRR27181223,data/IRMA/swine_20423_2014-07-12_SRR27181223/A_NA_N1.fasta
swine,20426,2014-07-15,False,4.0,0.0,A,,MP,swine_20426_2014-07-13_SRR27181005,data/IRMA/swine_20426_2014-07-13_SRR27181005/A_MP.fasta
swine,20426,2014-07-15,False,4.0,0.0,A,,NP,swine_20426_2014-07-13_SRR27181005,data/IRMA/swine_20426_2014-07-13_SRR27181005/A_NP.fasta
swine,20426,2014-07-15,False,4.0,0.0,A,,NS,swine_20426_2014-07-13_SRR27181005,data/IRMA/swine_20426_2014-07-13_SRR27181005/A_NS.fasta
swine,20426,2014-07-15,False,4.0,0.0,A,,PA,swine_20426_2014-07-13_SRR27181005,data/IRMA/swine_20426_2014-07-13_SRR27181005/A_PA.fasta
swine,20426,2014-07-15,False,4.0,0.0,A,,PB1,swine_20426_2014-07-13_SRR27181005,data/IRMA/swine_20426_2014-07-13_SRR27181005/A_PB1.fasta
swine,20426,2014-07-15,False,4.0,0.0,A,,PB2,swine_20426_2014-07-13_SRR27181005,data/IRMA/swine_20426_2014-07-13_SRR27181005/A_PB2.fasta
swine,20426,2014-07-15,False,4.0,0.0,A,H1,HA,swine_20426_2014-07-13_SRR27181005,data/IRMA/swine_20426_2014-07-13_SRR27181005/A_HA_H1.fasta
swine,20426,2014-07-15,False,4.0,0.0,A,N1,NA,swine_20426_2014-07-13_SRR27181005,data/IRMA/swine_20426_2014-07-13_SRR27181005/A_NA_N1.fasta
swine,20426,2014-07-13,False,2.0,0.0,A,,MP,swine_20426_2014-07-13_SRR27181005,data/IRMA/swine_20426_2014-07-13_SRR27181005/A_MP.fasta
swine,20426,2014-07-13,False,2.0,0.0,A,,NP,swine_20426_2014-07-13_SRR27181005,data/IRMA/swine_20426_2014-07-13_SRR27181005/A_NP.fasta
swine,20426,2014-07-13,False,2.0,0.0,A,,NS,swine_20426_2014-07-13_SRR27181005,data/IRMA/swine_20426_2014-07-13_SRR27181005/A_NS.fasta
swine,20426,2014-07-13,False,2.0,0.0,A,,PA,swine_20426_2014-07-13_SRR27181005,data/IRMA/swine_20426_2014-07-13_SRR27181005/A_PA.fasta
swine,20426,2014-07-13,False,2.0,0.0,A,,PB1,swine_20426_2014-07-13_SRR27181005,data/IRMA/swine_20426_2014-07-13_SRR27181005/A_PB1.fasta
swine,20426,2014-07-13,False,2.0,0.0,A,,PB2,swine_20426_2014-07-13_SRR27181005,data/IRMA/swine_20426_2014-07-13_SRR27181005/A_PB2.fasta
swine,20426,2014-07-13,False,2.0,0.0,A,H1,HA,swine_20426_2014-07-13_SRR27181005,data/IRMA/swine_20426_2014-07-13_SRR27181005/A_HA_H1.fasta
swine,20426,2014-07-13,False,2.0,0.0,A,N1,NA,swine_20426_2014-07-13_SRR27181005,data/IRMA/swine_20426_2014-07-13_SRR27181005/A_NA_N1.fasta
swine,20430,2014-07-13,False,2.0,0.0,A,,MP,swine_20430_2014-07-12_SRR27181228,data/IRMA/swine_20430_2014-07-12_SRR27181228/A_MP.fasta
swine,20430,2014-07-13,False,2.0,0.0,A,,NP,swine_20430_2014-07-12_SRR27181228,data/IRMA/swine_20430_2014-07-12_SRR27181228/A_NP.fasta
swine,20430,2014-07-13,False,2.0,0.0,A,,NS,swine_20430_2014-07-12_SRR27181228,data/IRMA/swine_20430_2014-07-12_SRR27181228/A_NS.fasta
swine,20430,2014-07-13,False,2.0,0.0,A,,PA,swine_20430_2014-07-12_SRR27181228,data/IRMA/swine_20430_2014-07-12_SRR27181228/A_PA.fasta
swine,20430,2014-07-13,False,2.0,0.0,A,,PB1,swine_20430_2014-07-12_SRR27181228,data/IRMA/swine_20430_2014-07-12_SRR27181228/A_PB1.fasta
swine,20430,2014-07-13,False,2.0,0.0,A,,PB2,swine_20430_2014-07-12_SRR27181228,data/IRMA/swine_20430_2014-07-12_SRR27181228/A_PB2.fasta
swine,20430,2014-07-13,False,2.0,0.0,A,H1,HA,swine_20430_2014-07-12_SRR27181228,data/IRMA/swine_20430_2014-07-12_SRR27181228/A_HA_H1.fasta
swine,20430,2014-07-13,False,2.0,0.0,A,N1,NA,swine_20430_2014-07-12_SRR27181228,data/IRMA/swine_20430_2014-07-12_SRR27181228/A_NA_N1.fasta
swine,20430,2014-07-12,False,1.0,0.0,A,,MP,swine_20430_2014-07-12_SRR27181228,data/IRMA/swine_20430_2014-07-12_SRR27181228/A_MP.fasta
swine,20430,2014-07-12,False,1.0,0.0,A,,NP,swine_20430_2014-07-12_SRR27181228,data/IRMA/swine_20430_2014-07-12_SRR27181228/A_NP.fasta
swine,20430,2014-07-12,False,1.0,0.0,A,,NS,swine_20430_2014-07-12_SRR27181228,data/IRMA/swine_20430_2014-07-12_SRR27181228/A_NS.fasta
swine,20430,2014-07-12,False,1.0,0.0,A,,PA,swine_20430_2014-07-12_SRR27181228,data/IRMA/swine_20430_2014-07-12_SRR27181228/A_PA.fasta
swine,20430,2014-07-12,False,1.0,0.0,A,,PB1,swine_20430_2014-07-12_SRR27181228,data/IRMA/swine_20430_2014-07-12_SRR27181228/A_PB1.fasta
swine,20430,2014-07-12,False,1.0,0.0,A,,PB2,swine_20430_2014-07-12_SRR27181228,data/IRMA/swine_20430_2014-07-12_SRR27181228/A_PB2.fasta
swine,20430,2014-07-12,False,1.0,0.0,A,H1,HA,swine_20430_2014-07-12_SRR27181228,data/IRMA/swine_20430_2014-07-12_SRR27181228/A_HA_H1.fasta
swine,20430,2014-07-12,False,1.0,0.0,A,N1,NA,swine_20430_2014-07-12_SRR27181228,data/IRMA/swine_20430_2014-07-12_SRR27181228/A_NA_N1.fasta
swine,20430,2014-07-14,False,3.0,0.0,A,,MP,swine_20430_2014-07-12_SRR27181228,data/IRMA/swine_20430_2014-07-12_SRR27181228/A_MP.fasta
swine,20430,2014-07-14,False,3.0,0.0,A,,PA,swine_20430_2014-07-12_SRR27181228,data/IRMA/swine_20430_2014-07-12_SRR27181228/A_PA.fasta
swine,20430,2014-07-14,False,3.0,0.0,A,,PB1,swine_20430_2014-07-12_SRR27181228,data/IRMA/swine_20430_2014-07-12_SRR27181228/A_PB1.fasta
swine,20430,2014-07-14,False,3.0,0.0,A,,PB2,swine_20430_2014-07-12_SRR27181228,data/IRMA/swine_20430_2014-07-12_SRR27181228/A_PB2.fasta
swine,20430,2014-07-14,False,3.0,0.0,A,H1,HA,swine_20430_2014-07-12_SRR27181228,data/IRMA/swine_20430_2014-07-12_SRR27181228/A_HA_H1.fasta
swine,20430,2014-07-14,False,3.0,0.0,A,N1,NA,swine_20430_2014-07-12_SRR27181228,data/IRMA/swine_20430_2014-07-12_SRR27181228/A_NA_N1.fasta
swine,20457,2014-07-16,False,5.0,0.0,A,,MP,swine_20457_2014-07-15_SRR27181428,data/IRMA/swine_20457_2014-07-15_SRR27181428/A_MP.fasta
swine,20457,2014-07-16,False,5.0,0.0,A,,NS,swine_20457_2014-07-15_SRR27181428,data/IRMA/swine_20457_2014-07-15_SRR27181428/A_NS.fasta
swine,20457,2014-07-16,False,5.0,0.0,A,,PA,swine_20457_2014-07-15_SRR27181428,data/IRMA/swine_20457_2014-07-15_SRR27181428/A_PA.fasta
swine,20457,2014-07-16,False,5.0,0.0,A,,PB1,swine_20457_2014-07-15_SRR27181428,data/IRMA/swine_20457_2014-07-15_SRR27181428/A_PB1.fasta
swine,20457,2014-07-16,False,5.0,0.0,A,,PB2,swine_20457_2014-07-15_SRR27181428,data/IRMA/swine_20457_2014-07-15_SRR27181428/A_PB2.fasta
swine,20457,2014-07-16,False,5.0,0.0,A,H1,HA,swine_20457_2014-07-15_SRR27181428,data/IRMA/swine_20457_2014-07-15_SRR27181428/A_HA_H1.fasta
swine,20457,2014-07-15,False,4.0,0.0,A,,MP,swine_20457_2014-07-15_SRR27181428,data/IRMA/swine_20457_2014-07-15_SRR27181428/A_MP.fasta
swine,20457,2014-07-15,False,4.0,0.0,A,,NP,swine_20457_2014-07-15_SRR27181428,data/IRMA/swine_20457_2014-07-15_SRR27181428/A_NP.fasta
swine,20457,2014-07-15,False,4.0,0.0,A,,NS,swine_20457_2014-07-15_SRR27181428,data/IRMA/swine_20457_2014-07-15_SRR27181428/A_NS.fasta
swine,20457,2014-07-15,False,4.0,0.0,A,,PA,swine_20457_2014-07-15_SRR27181428,data/IRMA/swine_20457_2014-07-15_SRR27181428/A_PA.fasta
swine,20457,2014-07-15,False,4.0,0.0,A,,PB1,swine_20457_2014-07-15_SRR27181428,data/IRMA/swine_20457_2014-07-15_SRR27181428/A_PB1.fasta
swine,20457,2014-07-15,False,4.0,0.0,A,,PB2,swine_20457_2014-07-15_SRR27181428,data/IRMA/swine_20457_2014-07-15_SRR27181428/A_PB2.fasta
swine,20457,2014-07-15,False,4.0,0.0,A,H1,HA,swine_20457_2014-07-15_SRR27181428,data/IRMA/swine_20457_2014-07-15_SRR27181428/A_HA_H1.fasta
swine,20457,2014-07-15,False,4.0,0.0,A,N1,NA,swine_20457_2014-07-15_SRR27181428,data/IRMA/swine_20457_2014-07-15_SRR27181428/A_NA_N1.fasta
swine,20464,2014-07-15,False,4.0,0.0,A,,MP,swine_20464_2014-07-15_SRR27180989,data/IRMA/swine_20464_2014-07-15_SRR27180989/A_MP.fasta
swine,20464,2014-07-15,False,4.0,0.0,A,,NP,swine_20464_2014-07-15_SRR27180989,data/IRMA/swine_20464_2014-07-15_SRR27180989/A_NP.fasta
swine,20464,2014-07-15,False,4.0,0.0,A,,NS,swine_20464_2014-07-15_SRR27180989,data/IRMA/swine_20464_2014-07-15_SRR27180989/A_NS.fasta
swine,20464,2014-07-15,False,4.0,0.0,A,,PA,swine_20464_2014-07-15_SRR27180989,data/IRMA/swine_20464_2014-07-15_SRR27180989/A_PA.fasta
swine,20464,2014-07-15,False,4.0,0.0,A,,PB1,swine_20464_2014-07-15_SRR27180989,data/IRMA/swine_20464_2014-07-15_SRR27180989/A_PB1.fasta
swine,20464,2014-07-15,False,4.0,0.0,A,,PB2,swine_20464_2014-07-15_SRR27180989,data/IRMA/swine_20464_2014-07-15_SRR27180989/A_PB2.fasta
swine,20464,2014-07-15,False,4.0,0.0,A,H3,HA,swine_20464_2014-07-15_SRR27180989,data/IRMA/swine_20464_2014-07-15_SRR27180989/A_HA_H3.fasta
swine,20464,2014-07-15,False,4.0,0.0,A,N2,NA,swine_20464_2014-07-15_SRR27180989,data/IRMA/swine_20464_2014-07-15_SRR27180989/A_NA_N2.fasta
swine,20464,2014-07-16,False,5.0,0.0,A,,MP,swine_20464_2014-07-15_SRR27180989,data/IRMA/swine_20464_2014-07-15_SRR27180989/A_MP.fasta
swine,20464,2014-07-16,False,5.0,0.0,A,,NP,swine_20464_2014-07-15_SRR27180989,data/IRMA/swine_20464_2014-07-15_SRR27180989/A_NP.fasta
swine,20464,2014-07-16,False,5.0,0.0,A,,NS,swine_20464_2014-07-15_SRR27180989,data/IRMA/swine_20464_2014-07-15_SRR27180989/A_NS.fasta
swine,20464,2014-07-16,False,5.0,0.0,A,,PA,swine_20464_2014-07-15_SRR27180989,data/IRMA/swine_20464_2014-07-15_SRR27180989/A_PA.fasta
swine,20464,2014-07-16,False,5.0,0.0,A,,PB1,swine_20464_2014-07-15_SRR27180989,data/IRMA/swine_20464_2014-07-15_SRR27180989/A_PB1.fasta
swine,20464,2014-07-16,False,5.0,0.0,A,,PB2,swine_20464_2014-07-15_SRR27180989,data/IRMA/swine_20464_2014-07-15_SRR27180989/A_PB2.fasta
swine,20464,2014-07-16,False,5.0,0.0,A,H3,HA,swine_20464_2014-07-15_SRR27180989,data/IRMA/swine_20464_2014-07-15_SRR27180989/A_HA_H3.fasta
swine,20464,2014-07-16,False,5.0,0.0,A,N2,NA,swine_20464_2014-07-15_SRR27180989,data/IRMA/swine_20464_2014-07-15_SRR27180989/A_NA_N2.fasta
swine,20467,2014-07-16,False,5.0,0.0,A,,MP,swine_20467_2014-07-14_SRR27181659,data/IRMA/swine_20467_2014-07-14_SRR27181659/A_MP.fasta
swine,20467,2014-07-16,False,5.0,0.0,A,,NP,swine_20467_2014-07-14_SRR27181659,data/IRMA/swine_20467_2014-07-14_SRR27181659/A_NP.fasta
swine,20467,2014-07-16,False,5.0,0.0,A,,NS,swine_20467_2014-07-14_SRR27181659,data/IRMA/swine_20467_2014-07-14_SRR27181659/A_NS.fasta
swine,20467,2014-07-16,False,5.0,0.0,A,,PA,swine_20467_2014-07-14_SRR27181659,data/IRMA/swine_20467_2014-07-14_SRR27181659/A_PA.fasta
swine,20467,2014-07-16,False,5.0,0.0,A,,PB1,swine_20467_2014-07-14_SRR27181659,data/IRMA/swine_20467_2014-07-14_SRR27181659/A_PB1.fasta
swine,20467,2014-07-16,False,5.0,0.0,A,,PB2,swine_20467_2014-07-14_SRR27181659,data/IRMA/swine_20467_2014-07-14_SRR27181659/A_PB2.fasta
swine,20467,2014-07-16,False,5.0,0.0,A,H1,HA,swine_20467_2014-07-14_SRR27181659,data/IRMA/swine_20467_2014-07-14_SRR27181659/A_HA_H1.fasta
swine,20467,2014-07-14,False,3.0,0.0,A,,MP,swine_20467_2014-07-14_SRR27181659,data/IRMA/swine_20467_2014-07-14_SRR27181659/A_MP.fasta
swine,20467,2014-07-14,False,3.0,0.0,A,,NS,swine_20467_2014-07-14_SRR27181659,data/IRMA/swine_20467_2014-07-14_SRR27181659/A_NS.fasta
swine,20467,2014-07-14,False,3.0,0.0,A,,PA,swine_20467_2014-07-14_SRR27181659,data/IRMA/swine_20467_2014-07-14_SRR27181659/A_PA.fasta
swine,20467,2014-07-14,False,3.0,0.0,A,,PB1,swine_20467_2014-07-14_SRR27181659,data/IRMA/swine_20467_2014-07-14_SRR27181659/A_PB1.fasta
swine,20467,2014-07-14,False,3.0,0.0,A,,PB2,swine_20467_2014-07-14_SRR27181659,data/IRMA/swine_20467_2014-07-14_SRR27181659/A_PB2.fasta
swine,20467,2014-07-14,False,3.0,0.0,A,H1,HA,swine_20467_2014-07-14_SRR27181659,data/IRMA/swine_20467_2014-07-14_SRR27181659/A_HA_H1.fasta
swine,20467,2014-07-14,False,3.0,0.0,A,N1,NA,swine_20467_2014-07-14_SRR27181659,data/IRMA/swine_20467_2014-07-14_SRR27181659/A_NA_N1.fasta
swine,20510,2014-07-16,False,5.0,0.0,A,,MP,swine_20510_2014-07-15_SRR27181631,data/IRMA/swine_20510_2014-07-15_SRR27181631/A_MP.fasta
swine,20510,2014-07-16,False,5.0,0.0,A,,NP,swine_20510_2014-07-15_SRR27181631,data/IRMA/swine_20510_2014-07-15_SRR27181631/A_NP.fasta
swine,20510,2014-07-16,False,5.0,0.0,A,,NS,swine_20510_2014-07-15_SRR27181631,data/IRMA/swine_20510_2014-07-15_SRR27181631/A_NS.fasta
swine,20510,2014-07-16,False,5.0,0.0,A,,PA,swine_20510_2014-07-15_SRR27181631,data/IRMA/swine_20510_2014-07-15_SRR27181631/A_PA.fasta
swine,20510,2014-07-16,False,5.0,0.0,A,,PB1,swine_20510_2014-07-15_SRR27181631,data/IRMA/swine_20510_2014-07-15_SRR27181631/A_PB1.fasta
swine,20510,2014-07-16,False,5.0,0.0,A,,PB2,swine_20510_2014-07-15_SRR27181631,data/IRMA/swine_20510_2014-07-15_SRR27181631/A_PB2.fasta
swine,20510,2014-07-16,False,5.0,0.0,A,H3,HA,swine_20510_2014-07-15_SRR27181631,data/IRMA/swine_20510_2014-07-15_SRR27181631/A_HA_H3.fasta
swine,20510,2014-07-16,False,5.0,0.0,A,N2,NA,swine_20510_2014-07-15_SRR27181631,data/IRMA/swine_20510_2014-07-15_SRR27181631/A_NA_N2.fasta
swine,20510,2014-07-15,False,4.0,0.0,A,,MP,swine_20510_2014-07-15_SRR27181631,data/IRMA/swine_20510_2014-07-15_SRR27181631/A_MP.fasta
swine,20510,2014-07-15,False,4.0,0.0,A,,NP,swine_20510_2014-07-15_SRR27181631,data/IRMA/swine_20510_2014-07-15_SRR27181631/A_NP.fasta
swine,20510,2014-07-15,False,4.0,0.0,A,,NS,swine_20510_2014-07-15_SRR27181631,data/IRMA/swine_20510_2014-07-15_SRR27181631/A_NS.fasta
swine,20510,2014-07-15,False,4.0,0.0,A,,PA,swine_20510_2014-07-15_SRR27181631,data/IRMA/swine_20510_2014-07-15_SRR27181631/A_PA.fasta
swine,20510,2014-07-15,False,4.0,0.0,A,,PB1,swine_20510_2014-07-15_SRR27181631,data/IRMA/swine_20510_2014-07-15_SRR27181631/A_PB1.fasta
swine,20510,2014-07-15,False,4.0,0.0,A,,PB2,swine_20510_2014-07-15_SRR27181631,data/IRMA/swine_20510_2014-07-15_SRR27181631/A_PB2.fasta
swine,20510,2014-07-15,False,4.0,0.0,A,H3,HA,swine_20510_2014-07-15_SRR27181631,data/IRMA/swine_20510_2014-07-15_SRR27181631/A_HA_H3.fasta
swine,20510,2014-07-15,False,4.0,0.0,A,N2,NA,swine_20510_2014-07-15_SRR27181631,data/IRMA/swine_20510_2014-07-15_SRR27181631/A_NA_N2.fasta
swine,20513,2014-07-17,False,6.0,0.0,A,,MP,swine_20513_2014-07-15_SRR27181202,data/IRMA/swine_20513_2014-07-15_SRR27181202/A_MP.fasta
swine,20513,2014-07-17,False,6.0,0.0,A,,NP,swine_20513_2014-07-15_SRR27181202,data/IRMA/swine_20513_2014-07-15_SRR27181202/A_NP.fasta
swine,20513,2014-07-17,False,6.0,0.0,A,,NS,swine_20513_2014-07-15_SRR27181202,data/IRMA/swine_20513_2014-07-15_SRR27181202/A_NS.fasta
swine,20513,2014-07-17,False,6.0,0.0,A,,PA,swine_20513_2014-07-15_SRR27181202,data/IRMA/swine_20513_2014-07-15_SRR27181202/A_PA.fasta
swine,20513,2014-07-17,False,6.0,0.0,A,,PB1,swine_20513_2014-07-15_SRR27181202,data/IRMA/swine_20513_2014-07-15_SRR27181202/A_PB1.fasta
swine,20513,2014-07-17,False,6.0,0.0,A,,PB2,swine_20513_2014-07-15_SRR27181202,data/IRMA/swine_20513_2014-07-15_SRR27181202/A_PB2.fasta
swine,20513,2014-07-17,False,6.0,0.0,A,H3,HA,swine_20513_2014-07-15_SRR27181202,data/IRMA/swine_20513_2014-07-15_SRR27181202/A_HA_H3.fasta
swine,20513,2014-07-17,False,6.0,0.0,A,N2,NA,swine_20513_2014-07-15_SRR27181202,data/IRMA/swine_20513_2014-07-15_SRR27181202/A_NA_N2.fasta
swine,20513,2014-07-15,False,4.0,0.0,A,,MP,swine_20513_2014-07-15_SRR27181202,data/IRMA/swine_20513_2014-07-15_SRR27181202/A_MP.fasta
swine,20513,2014-07-15,False,4.0,0.0,A,,NP,swine_20513_2014-07-15_SRR27181202,data/IRMA/swine_20513_2014-07-15_SRR27181202/A_NP.fasta
swine,20513,2014-07-15,False,4.0,0.0,A,,NS,swine_20513_2014-07-15_SRR27181202,data/IRMA/swine_20513_2014-07-15_SRR27181202/A_NS.fasta
swine,20513,2014-07-15,False,4.0,0.0,A,,PA,swine_20513_2014-07-15_SRR27181202,data/IRMA/swine_20513_2014-07-15_SRR27181202/A_PA.fasta
swine,20513,2014-07-15,False,4.0,0.0,A,,PB1,swine_20513_2014-07-15_SRR27181202,data/IRMA/swine_20513_2014-07-15_SRR27181202/A_PB1.fasta
swine,20513,2014-07-15,False,4.0,0.0,A,,PB2,swine_20513_2014-07-15_SRR27181202,data/IRMA/swine_20513_2014-07-15_SRR27181202/A_PB2.fasta
swine,20513,2014-07-15,False,4.0,0.0,A,H3,HA,swine_20513_2014-07-15_SRR27181202,data/IRMA/swine_20513_2014-07-15_SRR27181202/A_HA_H3.fasta
swine,20513,2014-07-15,False,4.0,0.0,A,N2,NA,swine_20513_2014-07-15_SRR27181202,data/IRMA/swine_20513_2014-07-15_SRR27181202/A_NA_N2.fasta
swine,20578,2014-07-13,False,2.0,0.0,A,,MP,swine_20578_2014-07-13_SRR27180996,data/IRMA/swine_20578_2014-07-13_SRR27180996/A_MP.fasta
swine,20578,2014-07-13,False,2.0,0.0,A,,NP,swine_20578_2014-07-13_SRR27180996,data/IRMA/swine_20578_2014-07-13_SRR27180996/A_NP.fasta
swine,20578,2014-07-13,False,2.0,0.0,A,,PA,swine_20578_2014-07-13_SRR27180996,data/IRMA/swine_20578_2014-07-13_SRR27180996/A_PA.fasta
swine,20578,2014-07-13,False,2.0,0.0,A,,PB1,swine_20578_2014-07-13_SRR27180996,data/IRMA/swine_20578_2014-07-13_SRR27180996/A_PB1.fasta
swine,20578,2014-07-13,False,2.0,0.0,A,,PB2,swine_20578_2014-07-13_SRR27180996,data/IRMA/swine_20578_2014-07-13_SRR27180996/A_PB2.fasta
swine,20578,2014-07-13,False,2.0,0.0,A,H3,HA,swine_20578_2014-07-13_SRR27180996,data/IRMA/swine_20578_2014-07-13_SRR27180996/A_HA_H3.fasta
swine,20578,2014-07-17,False,6.0,0.0,A,,MP,swine_20578_2014-07-13_SRR27180996,data/IRMA/swine_20578_2014-07-13_SRR27180996/A_MP.fasta
swine,20578,2014-07-17,False,6.0,0.0,A,,NP,swine_20578_2014-07-13_SRR27180996,data/IRMA/swine_20578_2014-07-13_SRR27180996/A_NP.fasta
swine,20578,2014-07-17,False,6.0,0.0,A,,NS,swine_20578_2014-07-13_SRR27180996,data/IRMA/swine_20578_2014-07-13_SRR27180996/A_NS.fasta
swine,20578,2014-07-17,False,6.0,0.0,A,,PA,swine_20578_2014-07-13_SRR27180996,data/IRMA/swine_20578_2014-07-13_SRR27180996/A_PA.fasta
swine,20578,2014-07-17,False,6.0,0.0,A,,PB1,swine_20578_2014-07-13_SRR27180996,data/IRMA/swine_20578_2014-07-13_SRR27180996/A_PB1.fasta
swine,20578,2014-07-17,False,6.0,0.0,A,,PB2,swine_20578_2014-07-13_SRR27180996,data/IRMA/swine_20578_2014-07-13_SRR27180996/A_PB2.fasta
swine,20578,2014-07-17,False,6.0,0.0,A,H3,HA,swine_20578_2014-07-13_SRR27180996,data/IRMA/swine_20578_2014-07-13_SRR27180996/A_HA_H3.fasta
swine,20578,2014-07-17,False,6.0,0.0,A,N2,NA,swine_20578_2014-07-13_SRR27180996,data/IRMA/swine_20578_2014-07-13_SRR27180996/A_NA_N2.fasta
swine,20579,2014-07-13,False,2.0,0.0,A,,MP,swine_20579_2014-07-13_SRR27180997,data/IRMA/swine_20579_2014-07-13_SRR27180997/A_MP.fasta
swine,20579,2014-07-13,False,2.0,0.0,A,,NP,swine_20579_2014-07-13_SRR27180997,data/IRMA/swine_20579_2014-07-13_SRR27180997/A_NP.fasta
swine,20579,2014-07-13,False,2.0,0.0,A,,NS,swine_20579_2014-07-13_SRR27180997,data/IRMA/swine_20579_2014-07-13_SRR27180997/A_NS.fasta
swine,20579,2014-07-13,False,2.0,0.0,A,,PA,swine_20579_2014-07-13_SRR27180997,data/IRMA/swine_20579_2014-07-13_SRR27180997/A_PA.fasta
swine,20579,2014-07-13,False,2.0,0.0,A,,PB1,swine_20579_2014-07-13_SRR27180997,data/IRMA/swine_20579_2014-07-13_SRR27180997/A_PB1.fasta
swine,20579,2014-07-13,False,2.0,0.0,A,,PB2,swine_20579_2014-07-13_SRR27180997,data/IRMA/swine_20579_2014-07-13_SRR27180997/A_PB2.fasta
swine,20579,2014-07-13,False,2.0,0.0,A,H3,HA,swine_20579_2014-07-13_SRR27180997,data/IRMA/swine_20579_2014-07-13_SRR27180997/A_HA_H3.fasta
swine,20579,2014-07-13,False,2.0,0.0,A,N2,NA,swine_20579_2014-07-13_SRR27180997,data/IRMA/swine_20579_2014-07-13_SRR27180997/A_NA_N2.fasta
swine,20579,2014-07-16,False,5.0,0.0,A,,MP,swine_20579_2014-07-13_SRR27180997,data/IRMA/swine_20579_2014-07-13_SRR27180997/A_MP.fasta
swine,20579,2014-07-16,False,5.0,0.0,A,,NP,swine_20579_2014-07-13_SRR27180997,data/IRMA/swine_20579_2014-07-13_SRR27180997/A_NP.fasta
swine,20579,2014-07-16,False,5.0,0.0,A,,PA,swine_20579_2014-07-13_SRR27180997,data/IRMA/swine_20579_2014-07-13_SRR27180997/A_PA.fasta
swine,20579,2014-07-16,False,5.0,0.0,A,,PB1,swine_20579_2014-07-13_SRR27180997,data/IRMA/swine_20579_2014-07-13_SRR27180997/A_PB1.fasta
swine,20579,2014-07-16,False,5.0,0.0,A,,PB2,swine_20579_2014-07-13_SRR27180997,data/IRMA/swine_20579_2014-07-13_SRR27180997/A_PB2.fasta
swine,20579,2014-07-16,False,5.0,0.0,A,H3,HA,swine_20579_2014-07-13_SRR27180997,data/IRMA/swine_20579_2014-07-13_SRR27180997/A_HA_H3.fasta
swine,20579,2014-07-16,False,5.0,0.0,A,N2,NA,swine_20579_2014-07-13_SRR27180997,data/IRMA/swine_20579_2014-07-13_SRR27180997/A_NA_N2.fasta
swine,20579,2014-07-17,False,6.0,0.0,A,,MP,swine_20579_2014-07-13_SRR27180997,data/IRMA/swine_20579_2014-07-13_SRR27180997/A_MP.fasta
swine,20579,2014-07-17,False,6.0,0.0,A,,NP,swine_20579_2014-07-13_SRR27180997,data/IRMA/swine_20579_2014-07-13_SRR27180997/A_NP.fasta
swine,20579,2014-07-17,False,6.0,0.0,A,,NS,swine_20579_2014-07-13_SRR27180997,data/IRMA/swine_20579_2014-07-13_SRR27180997/A_NS.fasta
swine,20579,2014-07-17,False,6.0,0.0,A,,PA,swine_20579_2014-07-13_SRR27180997,data/IRMA/swine_20579_2014-07-13_SRR27180997/A_PA.fasta
swine,20579,2014-07-17,False,6.0,0.0,A,,PB1,swine_20579_2014-07-13_SRR27180997,data/IRMA/swine_20579_2014-07-13_SRR27180997/A_PB1.fasta
swine,20579,2014-07-17,False,6.0,0.0,A,,PB2,swine_20579_2014-07-13_SRR27180997,data/IRMA/swine_20579_2014-07-13_SRR27180997/A_PB2.fasta
swine,20579,2014-07-17,False,6.0,0.0,A,H3,HA,swine_20579_2014-07-13_SRR27180997,data/IRMA/swine_20579_2014-07-13_SRR27180997/A_HA_H3.fasta
swine,20579,2014-07-17,False,6.0,0.0,A,N2,NA,swine_20579_2014-07-13_SRR27180997,data/IRMA/swine_20579_2014-07-13_SRR27180997/A_NA_N2.fasta
swine,20579,2014-07-15,False,4.0,0.0,A,,MP,swine_20579_2014-07-13_SRR27180997,data/IRMA/swine_20579_2014-07-13_SRR27180997/A_MP.fasta
swine,20579,2014-07-15,False,4.0,0.0,A,,NP,swine_20579_2014-07-13_SRR27180997,data/IRMA/swine_20579_2014-07-13_SRR27180997/A_NP.fasta
swine,20579,2014-07-15,False,4.0,0.0,A,,NS,swine_20579_2014-07-13_SRR27180997,data/IRMA/swine_20579_2014-07-13_SRR27180997/A_NS.fasta
swine,20579,2014-07-15,False,4.0,0.0,A,,PA,swine_20579_2014-07-13_SRR27180997,data/IRMA/swine_20579_2014-07-13_SRR27180997/A_PA.fasta
swine,20579,2014-07-15,False,4.0,0.0,A,,PB1,swine_20579_2014-07-13_SRR27180997,data/IRMA/swine_20579_2014-07-13_SRR27180997/A_PB1.fasta
swine,20579,2014-07-15,False,4.0,0.0,A,,PB2,swine_20579_2014-07-13_SRR27180997,data/IRMA/swine_20579_2014-07-13_SRR27180997/A_PB2.fasta
swine,20579,2014-07-15,False,4.0,0.0,A,H3,HA,swine_20579_2014-07-13_SRR27180997,data/IRMA/swine_20579_2014-07-13_SRR27180997/A_HA_H3.fasta
swine,20579,2014-07-15,False,4.0,0.0,A,N2,NA,swine_20579_2014-07-13_SRR27180997,data/IRMA/swine_20579_2014-07-13_SRR27180997/A_NA_N2.fasta
swine,20579,2014-07-14,False,3.0,0.0,A,,MP,swine_20579_2014-07-13_SRR27180997,data/IRMA/swine_20579_2014-07-13_SRR27180997/A_MP.fasta
swine,20579,2014-07-14,False,3.0,0.0,A,,NP,swine_20579_2014-07-13_SRR27180997,data/IRMA/swine_20579_2014-07-13_SRR27180997/A_NP.fasta
swine,20579,2014-07-14,False,3.0,0.0,A,,NS,swine_20579_2014-07-13_SRR27180997,data/IRMA/swine_20579_2014-07-13_SRR27180997/A_NS.fasta
swine,20579,2014-07-14,False,3.0,0.0,A,,PA,swine_20579_2014-07-13_SRR27180997,data/IRMA/swine_20579_2014-07-13_SRR27180997/A_PA.fasta
swine,20579,2014-07-14,False,3.0,0.0,A,,PB1,swine_20579_2014-07-13_SRR27180997,data/IRMA/swine_20579_2014-07-13_SRR27180997/A_PB1.fasta
swine,20579,2014-07-14,False,3.0,0.0,A,,PB2,swine_20579_2014-07-13_SRR27180997,data/IRMA/swine_20579_2014-07-13_SRR27180997/A_PB2.fasta
swine,20579,2014-07-14,False,3.0,0.0,A,H3,HA,swine_20579_2014-07-13_SRR27180997,data/IRMA/swine_20579_2014-07-13_SRR27180997/A_HA_H3.fasta
swine,20579,2014-07-14,False,3.0,0.0,A,N2,NA,swine_20579_2014-07-13_SRR27180997,data/IRMA/swine_20579_2014-07-13_SRR27180997/A_NA_N2.fasta
swine,20581,2014-07-17,False,6.0,0.0,A,,MP,swine_20581_2014-07-14_SRR27181650,data/IRMA/swine_20581_2014-07-14_SRR27181650/A_MP.fasta
swine,20581,2014-07-17,False,6.0,0.0,A,,NP,swine_20581_2014-07-14_SRR27181650,data/IRMA/swine_20581_2014-07-14_SRR27181650/A_NP.fasta
swine,20581,2014-07-17,False,6.0,0.0,A,,PA,swine_20581_2014-07-14_SRR27181650,data/IRMA/swine_20581_2014-07-14_SRR27181650/A_PA.fasta
swine,20581,2014-07-17,False,6.0,0.0,A,,PB1,swine_20581_2014-07-14_SRR27181650,data/IRMA/swine_20581_2014-07-14_SRR27181650/A_PB1.fasta
swine,20581,2014-07-17,False,6.0,0.0,A,,PB2,swine_20581_2014-07-14_SRR27181650,data/IRMA/swine_20581_2014-07-14_SRR27181650/A_PB2.fasta
swine,20581,2014-07-17,False,6.0,0.0,A,H3,HA,swine_20581_2014-07-14_SRR27181650,data/IRMA/swine_20581_2014-07-14_SRR27181650/A_HA_H3.fasta
swine,20581,2014-07-17,False,6.0,0.0,A,N2,NA,swine_20581_2014-07-14_SRR27181650,data/IRMA/swine_20581_2014-07-14_SRR27181650/A_NA_N2.fasta
swine,20581,2014-07-14,False,3.0,0.0,A,,MP,swine_20581_2014-07-14_SRR27181650,data/IRMA/swine_20581_2014-07-14_SRR27181650/A_MP.fasta
swine,20581,2014-07-14,False,3.0,0.0,A,,NP,swine_20581_2014-07-14_SRR27181650,data/IRMA/swine_20581_2014-07-14_SRR27181650/A_NP.fasta
swine,20581,2014-07-14,False,3.0,0.0,A,,NS,swine_20581_2014-07-14_SRR27181650,data/IRMA/swine_20581_2014-07-14_SRR27181650/A_NS.fasta
swine,20581,2014-07-14,False,3.0,0.0,A,,PA,swine_20581_2014-07-14_SRR27181650,data/IRMA/swine_20581_2014-07-14_SRR27181650/A_PA.fasta
swine,20581,2014-07-14,False,3.0,0.0,A,,PB1,swine_20581_2014-07-14_SRR27181650,data/IRMA/swine_20581_2014-07-14_SRR27181650/A_PB1.fasta
swine,20581,2014-07-14,False,3.0,0.0,A,,PB2,swine_20581_2014-07-14_SRR27181650,data/IRMA/swine_20581_2014-07-14_SRR27181650/A_PB2.fasta
swine,20581,2014-07-14,False,3.0,0.0,A,H3,HA,swine_20581_2014-07-14_SRR27181650,data/IRMA/swine_20581_2014-07-14_SRR27181650/A_HA_H3.fasta
swine,20581,2014-07-14,False,3.0,0.0,A,N2,NA,swine_20581_2014-07-14_SRR27181650,data/IRMA/swine_20581_2014-07-14_SRR27181650/A_NA_N2.fasta
swine,20592,2014-07-16,False,5.0,0.0,A,,MP,swine_20592_2014-07-14_SRR27181655,data/IRMA/swine_20592_2014-07-14_SRR27181655/A_MP.fasta
swine,20592,2014-07-16,False,5.0,0.0,A,,NP,swine_20592_2014-07-14_SRR27181655,data/IRMA/swine_20592_2014-07-14_SRR27181655/A_NP.fasta
swine,20592,2014-07-16,False,5.0,0.0,A,,NS,swine_20592_2014-07-14_SRR27181655,data/IRMA/swine_20592_2014-07-14_SRR27181655/A_NS.fasta
swine,20592,2014-07-16,False,5.0,0.0,A,,PA,swine_20592_2014-07-14_SRR27181655,data/IRMA/swine_20592_2014-07-14_SRR27181655/A_PA.fasta
swine,20592,2014-07-16,False,5.0,0.0,A,,PB1,swine_20592_2014-07-14_SRR27181655,data/IRMA/swine_20592_2014-07-14_SRR27181655/A_PB1.fasta
swine,20592,2014-07-16,False,5.0,0.0,A,,PB2,swine_20592_2014-07-14_SRR27181655,data/IRMA/swine_20592_2014-07-14_SRR27181655/A_PB2.fasta
swine,20592,2014-07-16,False,5.0,0.0,A,H3,HA,swine_20592_2014-07-14_SRR27181655,data/IRMA/swine_20592_2014-07-14_SRR27181655/A_HA_H3.fasta
swine,20592,2014-07-16,False,5.0,0.0,A,N2,NA,swine_20592_2014-07-14_SRR27181655,data/IRMA/swine_20592_2014-07-14_SRR27181655/A_NA_N2.fasta
swine,20592,2014-07-14,False,3.0,0.0,A,,MP,swine_20592_2014-07-14_SRR27181655,data/IRMA/swine_20592_2014-07-14_SRR27181655/A_MP.fasta
swine,20592,2014-07-14,False,3.0,0.0,A,,NP,swine_20592_2014-07-14_SRR27181655,data/IRMA/swine_20592_2014-07-14_SRR27181655/A_NP.fasta
swine,20592,2014-07-14,False,3.0,0.0,A,,NS,swine_20592_2014-07-14_SRR27181655,data/IRMA/swine_20592_2014-07-14_SRR27181655/A_NS.fasta
swine,20592,2014-07-14,False,3.0,0.0,A,,PA,swine_20592_2014-07-14_SRR27181655,data/IRMA/swine_20592_2014-07-14_SRR27181655/A_PA.fasta
swine,20592,2014-07-14,False,3.0,0.0,A,,PB1,swine_20592_2014-07-14_SRR27181655,data/IRMA/swine_20592_2014-07-14_SRR27181655/A_PB1.fasta
swine,20592,2014-07-14,False,3.0,0.0,A,,PB2,swine_20592_2014-07-14_SRR27181655,data/IRMA/swine_20592_2014-07-14_SRR27181655/A_PB2.fasta
swine,20592,2014-07-14,False,3.0,0.0,A,H3,HA,swine_20592_2014-07-14_SRR27181655,data/IRMA/swine_20592_2014-07-14_SRR27181655/A_HA_H3.fasta
swine,20592,2014-07-14,False,3.0,0.0,A,N2,NA,swine_20592_2014-07-14_SRR27181655,data/IRMA/swine_20592_2014-07-14_SRR27181655/A_NA_N2.fasta
swine,20601,2014-07-17,False,6.0,0.0,A,,MP,swine_20601_2014-07-16_SRR27181394,data/IRMA/swine_20601_2014-07-16_SRR27181394/A_MP.fasta
swine,20601,2014-07-17,False,6.0,0.0,A,,NP,swine_20601_2014-07-16_SRR27181394,data/IRMA/swine_20601_2014-07-16_SRR27181394/A_NP.fasta
swine,20601,2014-07-17,False,6.0,0.0,A,,NS,swine_20601_2014-07-16_SRR27181394,data/IRMA/swine_20601_2014-07-16_SRR27181394/A_NS.fasta
swine,20601,2014-07-17,False,6.0,0.0,A,,PA,swine_20601_2014-07-16_SRR27181394,data/IRMA/swine_20601_2014-07-16_SRR27181394/A_PA.fasta
swine,20601,2014-07-17,False,6.0,0.0,A,,PB1,swine_20601_2014-07-16_SRR27181394,data/IRMA/swine_20601_2014-07-16_SRR27181394/A_PB1.fasta
swine,20601,2014-07-17,False,6.0,0.0,A,,PB2,swine_20601_2014-07-16_SRR27181394,data/IRMA/swine_20601_2014-07-16_SRR27181394/A_PB2.fasta
swine,20601,2014-07-17,False,6.0,0.0,A,H3,HA,swine_20601_2014-07-16_SRR27181394,data/IRMA/swine_20601_2014-07-16_SRR27181394/A_HA_H3.fasta
swine,20601,2014-07-17,False,6.0,0.0,A,N2,NA,swine_20601_2014-07-16_SRR27181394,data/IRMA/swine_20601_2014-07-16_SRR27181394/A_NA_N2.fasta
swine,20601,2014-07-16,False,5.0,0.0,A,,MP,swine_20601_2014-07-16_SRR27181394,data/IRMA/swine_20601_2014-07-16_SRR27181394/A_MP.fasta
swine,20601,2014-07-16,False,5.0,0.0,A,,NP,swine_20601_2014-07-16_SRR27181394,data/IRMA/swine_20601_2014-07-16_SRR27181394/A_NP.fasta
swine,20601,2014-07-16,False,5.0,0.0,A,,NS,swine_20601_2014-07-16_SRR27181394,data/IRMA/swine_20601_2014-07-16_SRR27181394/A_NS.fasta
swine,20601,2014-07-16,False,5.0,0.0,A,,PA,swine_20601_2014-07-16_SRR27181394,data/IRMA/swine_20601_2014-07-16_SRR27181394/A_PA.fasta
swine,20601,2014-07-16,False,5.0,0.0,A,,PB1,swine_20601_2014-07-16_SRR27181394,data/IRMA/swine_20601_2014-07-16_SRR27181394/A_PB1.fasta
swine,20601,2014-07-16,False,5.0,0.0,A,,PB2,swine_20601_2014-07-16_SRR27181394,data/IRMA/swine_20601_2014-07-16_SRR27181394/A_PB2.fasta
swine,20601,2014-07-16,False,5.0,0.0,A,H3,HA,swine_20601_2014-07-16_SRR27181394,data/IRMA/swine_20601_2014-07-16_SRR27181394/A_HA_H3.fasta
swine,20601,2014-07-16,False,5.0,0.0,A,N2,NA,swine_20601_2014-07-16_SRR27181394,data/IRMA/swine_20601_2014-07-16_SRR27181394/A_NA_N2.fasta
swine,20606,2014-07-16,False,5.0,0.0,A,,MP,swine_20606_2014-07-14_SRR27181653,data/IRMA/swine_20606_2014-07-14_SRR27181653/A_MP.fasta
swine,20606,2014-07-16,False,5.0,0.0,A,,NP,swine_20606_2014-07-14_SRR27181653,data/IRMA/swine_20606_2014-07-14_SRR27181653/A_NP.fasta
swine,20606,2014-07-16,False,5.0,0.0,A,,NS,swine_20606_2014-07-14_SRR27181653,data/IRMA/swine_20606_2014-07-14_SRR27181653/A_NS.fasta
swine,20606,2014-07-16,False,5.0,0.0,A,,PA,swine_20606_2014-07-14_SRR27181653,data/IRMA/swine_20606_2014-07-14_SRR27181653/A_PA.fasta
swine,20606,2014-07-16,False,5.0,0.0,A,,PB1,swine_20606_2014-07-14_SRR27181653,data/IRMA/swine_20606_2014-07-14_SRR27181653/A_PB1.fasta
swine,20606,2014-07-16,False,5.0,0.0,A,,PB2,swine_20606_2014-07-14_SRR27181653,data/IRMA/swine_20606_2014-07-14_SRR27181653/A_PB2.fasta
swine,20606,2014-07-16,False,5.0,0.0,A,H3,HA,swine_20606_2014-07-14_SRR27181653,data/IRMA/swine_20606_2014-07-14_SRR27181653/A_HA_H3.fasta
swine,20606,2014-07-16,False,5.0,0.0,A,N2,NA,swine_20606_2014-07-14_SRR27181653,data/IRMA/swine_20606_2014-07-14_SRR27181653/A_NA_N2.fasta
swine,20606,2014-07-14,False,3.0,0.0,A,,MP,swine_20606_2014-07-14_SRR27181653,data/IRMA/swine_20606_2014-07-14_SRR27181653/A_MP.fasta
swine,20606,2014-07-14,False,3.0,0.0,A,,NP,swine_20606_2014-07-14_SRR27181653,data/IRMA/swine_20606_2014-07-14_SRR27181653/A_NP.fasta
swine,20606,2014-07-14,False,3.0,0.0,A,,NS,swine_20606_2014-07-14_SRR27181653,data/IRMA/swine_20606_2014-07-14_SRR27181653/A_NS.fasta
swine,20606,2014-07-14,False,3.0,0.0,A,,PA,swine_20606_2014-07-14_SRR27181653,data/IRMA/swine_20606_2014-07-14_SRR27181653/A_PA.fasta
swine,20606,2014-07-14,False,3.0,0.0,A,,PB1,swine_20606_2014-07-14_SRR27181653,data/IRMA/swine_20606_2014-07-14_SRR27181653/A_PB1.fasta
swine,20606,2014-07-14,False,3.0,0.0,A,,PB2,swine_20606_2014-07-14_SRR27181653,data/IRMA/swine_20606_2014-07-14_SRR27181653/A_PB2.fasta
swine,20606,2014-07-14,False,3.0,0.0,A,H3,HA,swine_20606_2014-07-14_SRR27181653,data/IRMA/swine_20606_2014-07-14_SRR27181653/A_HA_H3.fasta
swine,20606,2014-07-14,False,3.0,0.0,A,N2,NA,swine_20606_2014-07-14_SRR27181653,data/IRMA/swine_20606_2014-07-14_SRR27181653/A_NA_N2.fasta
swine,20607,2014-07-16,False,5.0,0.0,A,,MP,swine_20607_2014-07-15_SRR27181423,data/IRMA/swine_20607_2014-07-15_SRR27181423/A_MP.fasta
swine,20607,2014-07-16,False,5.0,0.0,A,,NP,swine_20607_2014-07-15_SRR27181423,data/IRMA/swine_20607_2014-07-15_SRR27181423/A_NP.fasta
swine,20607,2014-07-16,False,5.0,0.0,A,,NS,swine_20607_2014-07-15_SRR27181423,data/IRMA/swine_20607_2014-07-15_SRR27181423/A_NS.fasta
swine,20607,2014-07-16,False,5.0,0.0,A,,PA,swine_20607_2014-07-15_SRR27181423,data/IRMA/swine_20607_2014-07-15_SRR27181423/A_PA.fasta
swine,20607,2014-07-16,False,5.0,0.0,A,,PB1,swine_20607_2014-07-15_SRR27181423,data/IRMA/swine_20607_2014-07-15_SRR27181423/A_PB1.fasta
swine,20607,2014-07-16,False,5.0,0.0,A,,PB2,swine_20607_2014-07-15_SRR27181423,data/IRMA/swine_20607_2014-07-15_SRR27181423/A_PB2.fasta
swine,20607,2014-07-16,False,5.0,0.0,A,H3,HA,swine_20607_2014-07-15_SRR27181423,data/IRMA/swine_20607_2014-07-15_SRR27181423/A_HA_H3.fasta
swine,20607,2014-07-16,False,5.0,0.0,A,N2,NA,swine_20607_2014-07-15_SRR27181423,data/IRMA/swine_20607_2014-07-15_SRR27181423/A_NA_N2.fasta
swine,20607,2014-07-15,False,4.0,0.0,A,,MP,swine_20607_2014-07-15_SRR27181423,data/IRMA/swine_20607_2014-07-15_SRR27181423/A_MP.fasta
swine,20607,2014-07-15,False,4.0,0.0,A,,NP,swine_20607_2014-07-15_SRR27181423,data/IRMA/swine_20607_2014-07-15_SRR27181423/A_NP.fasta
swine,20607,2014-07-15,False,4.0,0.0,A,,NS,swine_20607_2014-07-15_SRR27181423,data/IRMA/swine_20607_2014-07-15_SRR27181423/A_NS.fasta
swine,20607,2014-07-15,False,4.0,0.0,A,,PA,swine_20607_2014-07-15_SRR27181423,data/IRMA/swine_20607_2014-07-15_SRR27181423/A_PA.fasta
swine,20607,2014-07-15,False,4.0,0.0,A,,PB1,swine_20607_2014-07-15_SRR27181423,data/IRMA/swine_20607_2014-07-15_SRR27181423/A_PB1.fasta
swine,20607,2014-07-15,False,4.0,0.0,A,,PB2,swine_20607_2014-07-15_SRR27181423,data/IRMA/swine_20607_2014-07-15_SRR27181423/A_PB2.fasta
swine,20607,2014-07-15,False,4.0,0.0,A,H3,HA,swine_20607_2014-07-15_SRR27181423,data/IRMA/swine_20607_2014-07-15_SRR27181423/A_HA_H3.fasta
swine,20607,2014-07-15,False,4.0,0.0,A,N2,NA,swine_20607_2014-07-15_SRR27181423,data/IRMA/swine_20607_2014-07-15_SRR27181423/A_NA_N2.fasta
swine,20609,2014-07-13,False,2.0,0.0,A,,MP,swine_20609_2014-07-13_SRR27180998,data/IRMA/swine_20609_2014-07-13_SRR27180998/A_MP.fasta
swine,20609,2014-07-13,False,2.0,0.0,A,,NP,swine_20609_2014-07-13_SRR27180998,data/IRMA/swine_20609_2014-07-13_SRR27180998/A_NP.fasta
swine,20609,2014-07-13,False,2.0,0.0,A,,PA,swine_20609_2014-07-13_SRR27180998,data/IRMA/swine_20609_2014-07-13_SRR27180998/A_PA.fasta
swine,20609,2014-07-13,False,2.0,0.0,A,,PB1,swine_20609_2014-07-13_SRR27180998,data/IRMA/swine_20609_2014-07-13_SRR27180998/A_PB1.fasta
swine,20609,2014-07-13,False,2.0,0.0,A,,PB2,swine_20609_2014-07-13_SRR27180998,data/IRMA/swine_20609_2014-07-13_SRR27180998/A_PB2.fasta
swine,20609,2014-07-13,False,2.0,0.0,A,H3,HA,swine_20609_2014-07-13_SRR27180998,data/IRMA/swine_20609_2014-07-13_SRR27180998/A_HA_H3.fasta
swine,20609,2014-07-16,False,5.0,0.0,A,,MP,swine_20609_2014-07-13_SRR27180998,data/IRMA/swine_20609_2014-07-13_SRR27180998/A_MP.fasta
swine,20609,2014-07-16,False,5.0,0.0,A,,NP,swine_20609_2014-07-13_SRR27180998,data/IRMA/swine_20609_2014-07-13_SRR27180998/A_NP.fasta
swine,20609,2014-07-16,False,5.0,0.0,A,,NS,swine_20609_2014-07-13_SRR27180998,data/IRMA/swine_20609_2014-07-13_SRR27180998/A_NS.fasta
swine,20609,2014-07-16,False,5.0,0.0,A,,PA,swine_20609_2014-07-13_SRR27180998,data/IRMA/swine_20609_2014-07-13_SRR27180998/A_PA.fasta
swine,20609,2014-07-16,False,5.0,0.0,A,,PB1,swine_20609_2014-07-13_SRR27180998,data/IRMA/swine_20609_2014-07-13_SRR27180998/A_PB1.fasta
swine,20609,2014-07-16,False,5.0,0.0,A,,PB2,swine_20609_2014-07-13_SRR27180998,data/IRMA/swine_20609_2014-07-13_SRR27180998/A_PB2.fasta
swine,20609,2014-07-16,False,5.0,0.0,A,H3,HA,swine_20609_2014-07-13_SRR27180998,data/IRMA/swine_20609_2014-07-13_SRR27180998/A_HA_H3.fasta
swine,20609,2014-07-16,False,5.0,0.0,A,N2,NA,swine_20609_2014-07-13_SRR27180998,data/IRMA/swine_20609_2014-07-13_SRR27180998/A_NA_N2.fasta
swine,20610,2014-07-16,False,5.0,0.0,A,,MP,swine_20610_2014-07-15_SRR27181425,data/IRMA/swine_20610_2014-07-15_SRR27181425/A_MP.fasta
swine,20610,2014-07-16,False,5.0,0.0,A,,NP,swine_20610_2014-07-15_SRR27181425,data/IRMA/swine_20610_2014-07-15_SRR27181425/A_NP.fasta
swine,20610,2014-07-16,False,5.0,0.0,A,,NS,swine_20610_2014-07-15_SRR27181425,data/IRMA/swine_20610_2014-07-15_SRR27181425/A_NS.fasta
swine,20610,2014-07-16,False,5.0,0.0,A,,PA,swine_20610_2014-07-15_SRR27181425,data/IRMA/swine_20610_2014-07-15_SRR27181425/A_PA.fasta
swine,20610,2014-07-16,False,5.0,0.0,A,,PB1,swine_20610_2014-07-15_SRR27181425,data/IRMA/swine_20610_2014-07-15_SRR27181425/A_PB1.fasta
swine,20610,2014-07-16,False,5.0,0.0,A,,PB2,swine_20610_2014-07-15_SRR27181425,data/IRMA/swine_20610_2014-07-15_SRR27181425/A_PB2.fasta
swine,20610,2014-07-16,False,5.0,0.0,A,H3,HA,swine_20610_2014-07-15_SRR27181425,data/IRMA/swine_20610_2014-07-15_SRR27181425/A_HA_H3.fasta
swine,20610,2014-07-16,False,5.0,0.0,A,N2,NA,swine_20610_2014-07-15_SRR27181425,data/IRMA/swine_20610_2014-07-15_SRR27181425/A_NA_N2.fasta
swine,20610,2014-07-15,False,4.0,0.0,A,,MP,swine_20610_2014-07-15_SRR27181425,data/IRMA/swine_20610_2014-07-15_SRR27181425/A_MP.fasta
swine,20610,2014-07-15,False,4.0,0.0,A,,NP,swine_20610_2014-07-15_SRR27181425,data/IRMA/swine_20610_2014-07-15_SRR27181425/A_NP.fasta
swine,20610,2014-07-15,False,4.0,0.0,A,,NS,swine_20610_2014-07-15_SRR27181425,data/IRMA/swine_20610_2014-07-15_SRR27181425/A_NS.fasta
swine,20610,2014-07-15,False,4.0,0.0,A,,PA,swine_20610_2014-07-15_SRR27181425,data/IRMA/swine_20610_2014-07-15_SRR27181425/A_PA.fasta
swine,20610,2014-07-15,False,4.0,0.0,A,,PB1,swine_20610_2014-07-15_SRR27181425,data/IRMA/swine_20610_2014-07-15_SRR27181425/A_PB1.fasta
swine,20610,2014-07-15,False,4.0,0.0,A,,PB2,swine_20610_2014-07-15_SRR27181425,data/IRMA/swine_20610_2014-07-15_SRR27181425/A_PB2.fasta
swine,20610,2014-07-15,False,4.0,0.0,A,H3,HA,swine_20610_2014-07-15_SRR27181425,data/IRMA/swine_20610_2014-07-15_SRR27181425/A_HA_H3.fasta
swine,20610,2014-07-15,False,4.0,0.0,A,N2,NA,swine_20610_2014-07-15_SRR27181425,data/IRMA/swine_20610_2014-07-15_SRR27181425/A_NA_N2.fasta
swine,20627,2014-07-15,False,4.0,0.0,A,,MP,swine_20627_2014-07-14_SRR27181452,data/IRMA/swine_20627_2014-07-14_SRR27181452/A_MP.fasta
swine,20627,2014-07-15,False,4.0,0.0,A,,NP,swine_20627_2014-07-14_SRR27181452,data/IRMA/swine_20627_2014-07-14_SRR27181452/A_NP.fasta
swine,20627,2014-07-15,False,4.0,0.0,A,,NS,swine_20627_2014-07-14_SRR27181452,data/IRMA/swine_20627_2014-07-14_SRR27181452/A_NS.fasta
swine,20627,2014-07-15,False,4.0,0.0,A,,PA,swine_20627_2014-07-14_SRR27181452,data/IRMA/swine_20627_2014-07-14_SRR27181452/A_PA.fasta
swine,20627,2014-07-15,False,4.0,0.0,A,,PB1,swine_20627_2014-07-14_SRR27181452,data/IRMA/swine_20627_2014-07-14_SRR27181452/A_PB1.fasta
swine,20627,2014-07-15,False,4.0,0.0,A,,PB2,swine_20627_2014-07-14_SRR27181452,data/IRMA/swine_20627_2014-07-14_SRR27181452/A_PB2.fasta
swine,20627,2014-07-15,False,4.0,0.0,A,H3,HA,swine_20627_2014-07-14_SRR27181452,data/IRMA/swine_20627_2014-07-14_SRR27181452/A_HA_H3.fasta
swine,20627,2014-07-15,False,4.0,0.0,A,N2,NA,swine_20627_2014-07-14_SRR27181452,data/IRMA/swine_20627_2014-07-14_SRR27181452/A_NA_N2.fasta
swine,20627,2014-07-14,False,3.0,0.0,A,,MP,swine_20627_2014-07-14_SRR27181452,data/IRMA/swine_20627_2014-07-14_SRR27181452/A_MP.fasta
swine,20627,2014-07-14,False,3.0,0.0,A,,NP,swine_20627_2014-07-14_SRR27181452,data/IRMA/swine_20627_2014-07-14_SRR27181452/A_NP.fasta
swine,20627,2014-07-14,False,3.0,0.0,A,,NS,swine_20627_2014-07-14_SRR27181452,data/IRMA/swine_20627_2014-07-14_SRR27181452/A_NS.fasta
swine,20627,2014-07-14,False,3.0,0.0,A,,PA,swine_20627_2014-07-14_SRR27181452,data/IRMA/swine_20627_2014-07-14_SRR27181452/A_PA.fasta
swine,20627,2014-07-14,False,3.0,0.0,A,,PB1,swine_20627_2014-07-14_SRR27181452,data/IRMA/swine_20627_2014-07-14_SRR27181452/A_PB1.fasta
swine,20627,2014-07-14,False,3.0,0.0,A,,PB2,swine_20627_2014-07-14_SRR27181452,data/IRMA/swine_20627_2014-07-14_SRR27181452/A_PB2.fasta
swine,20627,2014-07-14,False,3.0,0.0,A,H3,HA,swine_20627_2014-07-14_SRR27181452,data/IRMA/swine_20627_2014-07-14_SRR27181452/A_HA_H3.fasta
swine,20627,2014-07-14,False,3.0,0.0,A,N2,NA,swine_20627_2014-07-14_SRR27181452,data/IRMA/swine_20627_2014-07-14_SRR27181452/A_NA_N2.fasta
swine,20630,2014-07-15,False,4.0,0.0,A,,MP,swine_20630_2014-07-14_SRR27181455,data/IRMA/swine_20630_2014-07-14_SRR27181455/A_MP.fasta
swine,20630,2014-07-15,False,4.0,0.0,A,,NP,swine_20630_2014-07-14_SRR27181455,data/IRMA/swine_20630_2014-07-14_SRR27181455/A_NP.fasta
swine,20630,2014-07-15,False,4.0,0.0,A,,NS,swine_20630_2014-07-14_SRR27181455,data/IRMA/swine_20630_2014-07-14_SRR27181455/A_NS.fasta
swine,20630,2014-07-15,False,4.0,0.0,A,,PA,swine_20630_2014-07-14_SRR27181455,data/IRMA/swine_20630_2014-07-14_SRR27181455/A_PA.fasta
swine,20630,2014-07-15,False,4.0,0.0,A,,PB1,swine_20630_2014-07-14_SRR27181455,data/IRMA/swine_20630_2014-07-14_SRR27181455/A_PB1.fasta
swine,20630,2014-07-15,False,4.0,0.0,A,,PB2,swine_20630_2014-07-14_SRR27181455,data/IRMA/swine_20630_2014-07-14_SRR27181455/A_PB2.fasta
swine,20630,2014-07-15,False,4.0,0.0,A,H3,HA,swine_20630_2014-07-14_SRR27181455,data/IRMA/swine_20630_2014-07-14_SRR27181455/A_HA_H3.fasta
swine,20630,2014-07-15,False,4.0,0.0,A,N2,NA,swine_20630_2014-07-14_SRR27181455,data/IRMA/swine_20630_2014-07-14_SRR27181455/A_NA_N2.fasta
swine,20630,2014-07-14,False,3.0,0.0,A,,MP,swine_20630_2014-07-14_SRR27181455,data/IRMA/swine_20630_2014-07-14_SRR27181455/A_MP.fasta
swine,20630,2014-07-14,False,3.0,0.0,A,,NP,swine_20630_2014-07-14_SRR27181455,data/IRMA/swine_20630_2014-07-14_SRR27181455/A_NP.fasta
swine,20630,2014-07-14,False,3.0,0.0,A,,NS,swine_20630_2014-07-14_SRR27181455,data/IRMA/swine_20630_2014-07-14_SRR27181455/A_NS.fasta
swine,20630,2014-07-14,False,3.0,0.0,A,,PA,swine_20630_2014-07-14_SRR27181455,data/IRMA/swine_20630_2014-07-14_SRR27181455/A_PA.fasta
swine,20630,2014-07-14,False,3.0,0.0,A,,PB1,swine_20630_2014-07-14_SRR27181455,data/IRMA/swine_20630_2014-07-14_SRR27181455/A_PB1.fasta
swine,20630,2014-07-14,False,3.0,0.0,A,,PB2,swine_20630_2014-07-14_SRR27181455,data/IRMA/swine_20630_2014-07-14_SRR27181455/A_PB2.fasta
swine,20630,2014-07-14,False,3.0,0.0,A,H3,HA,swine_20630_2014-07-14_SRR27181455,data/IRMA/swine_20630_2014-07-14_SRR27181455/A_HA_H3.fasta
swine,20630,2014-07-14,False,3.0,0.0,A,N2,NA,swine_20630_2014-07-14_SRR27181455,data/IRMA/swine_20630_2014-07-14_SRR27181455/A_NA_N2.fasta
swine,20644,2014-07-12,False,1.0,0.0,A,,MP,swine_20644_2014-07-12_SRR27181012,data/IRMA/swine_20644_2014-07-12_SRR27181012/A_MP.fasta
swine,20644,2014-07-12,False,1.0,0.0,A,,NP,swine_20644_2014-07-12_SRR27181012,data/IRMA/swine_20644_2014-07-12_SRR27181012/A_NP.fasta
swine,20644,2014-07-12,False,1.0,0.0,A,,PA,swine_20644_2014-07-12_SRR27181012,data/IRMA/swine_20644_2014-07-12_SRR27181012/A_PA.fasta
swine,20644,2014-07-12,False,1.0,0.0,A,,PB1,swine_20644_2014-07-12_SRR27181012,data/IRMA/swine_20644_2014-07-12_SRR27181012/A_PB1.fasta
swine,20644,2014-07-12,False,1.0,0.0,A,,PB2,swine_20644_2014-07-12_SRR27181012,data/IRMA/swine_20644_2014-07-12_SRR27181012/A_PB2.fasta
swine,20644,2014-07-12,False,1.0,0.0,A,H3,HA,swine_20644_2014-07-12_SRR27181012,data/IRMA/swine_20644_2014-07-12_SRR27181012/A_HA_H3.fasta
swine,20644,2014-07-12,False,1.0,0.0,A,N2,NA,swine_20644_2014-07-12_SRR27181012,data/IRMA/swine_20644_2014-07-12_SRR27181012/A_NA_N2.fasta
swine,20644,2014-07-16,False,5.0,0.0,A,,MP,swine_20644_2014-07-12_SRR27181012,data/IRMA/swine_20644_2014-07-12_SRR27181012/A_MP.fasta
swine,20644,2014-07-16,False,5.0,0.0,A,,NP,swine_20644_2014-07-12_SRR27181012,data/IRMA/swine_20644_2014-07-12_SRR27181012/A_NP.fasta
swine,20644,2014-07-16,False,5.0,0.0,A,,NS,swine_20644_2014-07-12_SRR27181012,data/IRMA/swine_20644_2014-07-12_SRR27181012/A_NS.fasta
swine,20644,2014-07-16,False,5.0,0.0,A,,PA,swine_20644_2014-07-12_SRR27181012,data/IRMA/swine_20644_2014-07-12_SRR27181012/A_PA.fasta
swine,20644,2014-07-16,False,5.0,0.0,A,,PB1,swine_20644_2014-07-12_SRR27181012,data/IRMA/swine_20644_2014-07-12_SRR27181012/A_PB1.fasta
swine,20644,2014-07-16,False,5.0,0.0,A,,PB2,swine_20644_2014-07-12_SRR27181012,data/IRMA/swine_20644_2014-07-12_SRR27181012/A_PB2.fasta
swine,20644,2014-07-16,False,5.0,0.0,A,H3,HA,swine_20644_2014-07-12_SRR27181012,data/IRMA/swine_20644_2014-07-12_SRR27181012/A_HA_H3.fasta
swine,20644,2014-07-16,False,5.0,0.0,A,N2,NA,swine_20644_2014-07-12_SRR27181012,data/IRMA/swine_20644_2014-07-12_SRR27181012/A_NA_N2.fasta
swine,20694,2014-07-16,False,5.0,0.0,A,,MP,swine_20694_2014-07-15_SRR27181646,data/IRMA/swine_20694_2014-07-15_SRR27181646/A_MP.fasta
swine,20694,2014-07-16,False,5.0,0.0,A,,NP,swine_20694_2014-07-15_SRR27181646,data/IRMA/swine_20694_2014-07-15_SRR27181646/A_NP.fasta
swine,20694,2014-07-16,False,5.0,0.0,A,,NS,swine_20694_2014-07-15_SRR27181646,data/IRMA/swine_20694_2014-07-15_SRR27181646/A_NS.fasta
swine,20694,2014-07-16,False,5.0,0.0,A,,PA,swine_20694_2014-07-15_SRR27181646,data/IRMA/swine_20694_2014-07-15_SRR27181646/A_PA.fasta
swine,20694,2014-07-16,False,5.0,0.0,A,,PB1,swine_20694_2014-07-15_SRR27181646,data/IRMA/swine_20694_2014-07-15_SRR27181646/A_PB1.fasta
swine,20694,2014-07-16,False,5.0,0.0,A,,PB2,swine_20694_2014-07-15_SRR27181646,data/IRMA/swine_20694_2014-07-15_SRR27181646/A_PB2.fasta
swine,20694,2014-07-16,False,5.0,0.0,A,H3,HA,swine_20694_2014-07-15_SRR27181646,data/IRMA/swine_20694_2014-07-15_SRR27181646/A_HA_H3.fasta
swine,20694,2014-07-16,False,5.0,0.0,A,N2,NA,swine_20694_2014-07-15_SRR27181646,data/IRMA/swine_20694_2014-07-15_SRR27181646/A_NA_N2.fasta
swine,20694,2014-07-15,False,4.0,0.0,A,,MP,swine_20694_2014-07-15_SRR27181646,data/IRMA/swine_20694_2014-07-15_SRR27181646/A_MP.fasta
swine,20694,2014-07-15,False,4.0,0.0,A,,NP,swine_20694_2014-07-15_SRR27181646,data/IRMA/swine_20694_2014-07-15_SRR27181646/A_NP.fasta
swine,20694,2014-07-15,False,4.0,0.0,A,,PA,swine_20694_2014-07-15_SRR27181646,data/IRMA/swine_20694_2014-07-15_SRR27181646/A_PA.fasta
swine,20694,2014-07-15,False,4.0,0.0,A,,PB1,swine_20694_2014-07-15_SRR27181646,data/IRMA/swine_20694_2014-07-15_SRR27181646/A_PB1.fasta
swine,20694,2014-07-15,False,4.0,0.0,A,,PB2,swine_20694_2014-07-15_SRR27181646,data/IRMA/swine_20694_2014-07-15_SRR27181646/A_PB2.fasta
swine,20694,2014-07-15,False,4.0,0.0,A,H3,HA,swine_20694_2014-07-15_SRR27181646,data/IRMA/swine_20694_2014-07-15_SRR27181646/A_HA_H3.fasta
swine,20694,2014-07-15,False,4.0,0.0,A,N2,NA,swine_20694_2014-07-15_SRR27181646,data/IRMA/swine_20694_2014-07-15_SRR27181646/A_NA_N2.fasta
swine,37104,2014-07-17,False,6.0,0.0,A,,MP,swine_37104_2014-07-15_SRR27181639,data/IRMA/swine_37104_2014-07-15_SRR27181639/A_MP.fasta
swine,37104,2014-07-17,False,6.0,0.0,A,,NP,swine_37104_2014-07-15_SRR27181639,data/IRMA/swine_37104_2014-07-15_SRR27181639/A_NP.fasta
swine,37104,2014-07-17,False,6.0,0.0,A,,NS,swine_37104_2014-07-15_SRR27181639,data/IRMA/swine_37104_2014-07-15_SRR27181639/A_NS.fasta
swine,37104,2014-07-17,False,6.0,0.0,A,,PA,swine_37104_2014-07-15_SRR27181639,data/IRMA/swine_37104_2014-07-15_SRR27181639/A_PA.fasta
swine,37104,2014-07-17,False,6.0,0.0,A,,PB1,swine_37104_2014-07-15_SRR27181639,data/IRMA/swine_37104_2014-07-15_SRR27181639/A_PB1.fasta
swine,37104,2014-07-17,False,6.0,0.0,A,,PB2,swine_37104_2014-07-15_SRR27181639,data/IRMA/swine_37104_2014-07-15_SRR27181639/A_PB2.fasta
swine,37104,2014-07-17,False,6.0,0.0,A,H3,HA,swine_37104_2014-07-15_SRR27181639,data/IRMA/swine_37104_2014-07-15_SRR27181639/A_HA_H3.fasta
swine,37104,2014-07-17,False,6.0,0.0,A,N2,NA,swine_37104_2014-07-15_SRR27181639,data/IRMA/swine_37104_2014-07-15_SRR27181639/A_NA_N2.fasta
swine,37104,2014-07-15,False,4.0,0.0,A,,MP,swine_37104_2014-07-15_SRR27181639,data/IRMA/swine_37104_2014-07-15_SRR27181639/A_MP.fasta
swine,37104,2014-07-15,False,4.0,0.0,A,,NP,swine_37104_2014-07-15_SRR27181639,data/IRMA/swine_37104_2014-07-15_SRR27181639/A_NP.fasta
swine,37104,2014-07-15,False,4.0,0.0,A,,PA,swine_37104_2014-07-15_SRR27181639,data/IRMA/swine_37104_2014-07-15_SRR27181639/A_PA.fasta
swine,37104,2014-07-15,False,4.0,0.0,A,,PB1,swine_37104_2014-07-15_SRR27181639,data/IRMA/swine_37104_2014-07-15_SRR27181639/A_PB1.fasta
swine,37104,2014-07-15,False,4.0,0.0,A,,PB2,swine_37104_2014-07-15_SRR27181639,data/IRMA/swine_37104_2014-07-15_SRR27181639/A_PB2.fasta
swine,37104,2014-07-15,False,4.0,0.0,A,H3,HA,swine_37104_2014-07-15_SRR27181639,data/IRMA/swine_37104_2014-07-15_SRR27181639/A_HA_H3.fasta
swine,37104,2014-07-15,False,4.0,0.0,A,N2,NA,swine_37104_2014-07-15_SRR27181639,data/IRMA/swine_37104_2014-07-15_SRR27181639/A_NA_N2.fasta
swine,37113,2014-07-17,False,6.0,0.0,A,,MP,swine_37113_2014-07-16_SRR27181403,data/IRMA/swine_37113_2014-07-16_SRR27181403/A_MP.fasta
swine,37113,2014-07-17,False,6.0,0.0,A,,NP,swine_37113_2014-07-16_SRR27181403,data/IRMA/swine_37113_2014-07-16_SRR27181403/A_NP.fasta
swine,37113,2014-07-17,False,6.0,0.0,A,,NS,swine_37113_2014-07-16_SRR27181403,data/IRMA/swine_37113_2014-07-16_SRR27181403/A_NS.fasta
swine,37113,2014-07-17,False,6.0,0.0,A,,PA,swine_37113_2014-07-16_SRR27181403,data/IRMA/swine_37113_2014-07-16_SRR27181403/A_PA.fasta
swine,37113,2014-07-17,False,6.0,0.0,A,,PB1,swine_37113_2014-07-16_SRR27181403,data/IRMA/swine_37113_2014-07-16_SRR27181403/A_PB1.fasta
swine,37113,2014-07-17,False,6.0,0.0,A,,PB2,swine_37113_2014-07-16_SRR27181403,data/IRMA/swine_37113_2014-07-16_SRR27181403/A_PB2.fasta
swine,37113,2014-07-17,False,6.0,0.0,A,H3,HA,swine_37113_2014-07-16_SRR27181403,data/IRMA/swine_37113_2014-07-16_SRR27181403/A_HA_H3.fasta
swine,37113,2014-07-17,False,6.0,0.0,A,N2,NA,swine_37113_2014-07-16_SRR27181403,data/IRMA/swine_37113_2014-07-16_SRR27181403/A_NA_N2.fasta
swine,37113,2014-07-16,False,5.0,0.0,A,,MP,swine_37113_2014-07-16_SRR27181403,data/IRMA/swine_37113_2014-07-16_SRR27181403/A_MP.fasta
swine,37113,2014-07-16,False,5.0,0.0,A,,NP,swine_37113_2014-07-16_SRR27181403,data/IRMA/swine_37113_2014-07-16_SRR27181403/A_NP.fasta
swine,37113,2014-07-16,False,5.0,0.0,A,,NS,swine_37113_2014-07-16_SRR27181403,data/IRMA/swine_37113_2014-07-16_SRR27181403/A_NS.fasta
swine,37113,2014-07-16,False,5.0,0.0,A,,PA,swine_37113_2014-07-16_SRR27181403,data/IRMA/swine_37113_2014-07-16_SRR27181403/A_PA.fasta
swine,37113,2014-07-16,False,5.0,0.0,A,,PB1,swine_37113_2014-07-16_SRR27181403,data/IRMA/swine_37113_2014-07-16_SRR27181403/A_PB1.fasta
swine,37113,2014-07-16,False,5.0,0.0,A,,PB2,swine_37113_2014-07-16_SRR27181403,data/IRMA/swine_37113_2014-07-16_SRR27181403/A_PB2.fasta
swine,37113,2014-07-16,False,5.0,0.0,A,H3,HA,swine_37113_2014-07-16_SRR27181403,data/IRMA/swine_37113_2014-07-16_SRR27181403/A_HA_H3.fasta
swine,37113,2014-07-16,False,5.0,0.0,A,N2,NA,swine_37113_2014-07-16_SRR27181403,data/IRMA/swine_37113_2014-07-16_SRR27181403/A_NA_N2.fasta
swine,37122,2014-07-16,False,5.0,0.0,A,,MP,swine_37122_2014-07-16_SRR27180929,data/IRMA/swine_37122_2014-07-16_SRR27180929/A_MP.fasta
swine,37122,2014-07-16,False,5.0,0.0,A,,NP,swine_37122_2014-07-16_SRR27180929,data/IRMA/swine_37122_2014-07-16_SRR27180929/A_NP.fasta
swine,37122,2014-07-16,False,5.0,0.0,A,,NS,swine_37122_2014-07-16_SRR27180929,data/IRMA/swine_37122_2014-07-16_SRR27180929/A_NS.fasta
swine,37122,2014-07-16,False,5.0,0.0,A,,PA,swine_37122_2014-07-16_SRR27180929,data/IRMA/swine_37122_2014-07-16_SRR27180929/A_PA.fasta
swine,37122,2014-07-16,False,5.0,0.0,A,,PB1,swine_37122_2014-07-16_SRR27180929,data/IRMA/swine_37122_2014-07-16_SRR27180929/A_PB1.fasta
swine,37122,2014-07-16,False,5.0,0.0,A,,PB2,swine_37122_2014-07-16_SRR27180929,data/IRMA/swine_37122_2014-07-16_SRR27180929/A_PB2.fasta
swine,37122,2014-07-16,False,5.0,0.0,A,H3,HA,swine_37122_2014-07-16_SRR27180929,data/IRMA/swine_37122_2014-07-16_SRR27180929/A_HA_H3.fasta
swine,37122,2014-07-16,False,5.0,0.0,A,N2,NA,swine_37122_2014-07-16_SRR27180929,data/IRMA/swine_37122_2014-07-16_SRR27180929/A_NA_N2.fasta
swine,37122,2014-07-17,False,6.0,0.0,A,,MP,swine_37122_2014-07-16_SRR27180929,data/IRMA/swine_37122_2014-07-16_SRR27180929/A_MP.fasta
swine,37122,2014-07-17,False,6.0,0.0,A,,NP,swine_37122_2014-07-16_SRR27180929,data/IRMA/swine_37122_2014-07-16_SRR27180929/A_NP.fasta
swine,37122,2014-07-17,False,6.0,0.0,A,,NS,swine_37122_2014-07-16_SRR27180929,data/IRMA/swine_37122_2014-07-16_SRR27180929/A_NS.fasta
swine,37122,2014-07-17,False,6.0,0.0,A,,PA,swine_37122_2014-07-16_SRR27180929,data/IRMA/swine_37122_2014-07-16_SRR27180929/A_PA.fasta
swine,37122,2014-07-17,False,6.0,0.0,A,,PB1,swine_37122_2014-07-16_SRR27180929,data/IRMA/swine_37122_2014-07-16_SRR27180929/A_PB1.fasta
swine,37122,2014-07-17,False,6.0,0.0,A,,PB2,swine_37122_2014-07-16_SRR27180929,data/IRMA/swine_37122_2014-07-16_SRR27180929/A_PB2.fasta
swine,37122,2014-07-17,False,6.0,0.0,A,H3,HA,swine_37122_2014-07-16_SRR27180929,data/IRMA/swine_37122_2014-07-16_SRR27180929/A_HA_H3.fasta
swine,37122,2014-07-17,False,6.0,0.0,A,N2,NA,swine_37122_2014-07-16_SRR27180929,data/IRMA/swine_37122_2014-07-16_SRR27180929/A_NA_N2.fasta
swine,37132,2014-07-17,False,6.0,0.0,A,,MP,swine_37132_2014-07-14_SRR27181445,data/IRMA/swine_37132_2014-07-14_SRR27181445/A_MP.fasta
swine,37132,2014-07-17,False,6.0,0.0,A,,NP,swine_37132_2014-07-14_SRR27181445,data/IRMA/swine_37132_2014-07-14_SRR27181445/A_NP.fasta
swine,37132,2014-07-17,False,6.0,0.0,A,,NS,swine_37132_2014-07-14_SRR27181445,data/IRMA/swine_37132_2014-07-14_SRR27181445/A_NS.fasta
swine,37132,2014-07-17,False,6.0,0.0,A,,PA,swine_37132_2014-07-14_SRR27181445,data/IRMA/swine_37132_2014-07-14_SRR27181445/A_PA.fasta
swine,37132,2014-07-17,False,6.0,0.0,A,,PB1,swine_37132_2014-07-14_SRR27181445,data/IRMA/swine_37132_2014-07-14_SRR27181445/A_PB1.fasta
swine,37132,2014-07-17,False,6.0,0.0,A,,PB2,swine_37132_2014-07-14_SRR27181445,data/IRMA/swine_37132_2014-07-14_SRR27181445/A_PB2.fasta
swine,37132,2014-07-17,False,6.0,0.0,A,H3,HA,swine_37132_2014-07-14_SRR27181445,data/IRMA/swine_37132_2014-07-14_SRR27181445/A_HA_H3.fasta
swine,37132,2014-07-17,False,6.0,0.0,A,N2,NA,swine_37132_2014-07-14_SRR27181445,data/IRMA/swine_37132_2014-07-14_SRR27181445/A_NA_N2.fasta
swine,37132,2014-07-14,False,3.0,0.0,A,,MP,swine_37132_2014-07-14_SRR27181445,data/IRMA/swine_37132_2014-07-14_SRR27181445/A_MP.fasta
swine,37132,2014-07-14,False,3.0,0.0,A,,NP,swine_37132_2014-07-14_SRR27181445,data/IRMA/swine_37132_2014-07-14_SRR27181445/A_NP.fasta
swine,37132,2014-07-14,False,3.0,0.0,A,,PA,swine_37132_2014-07-14_SRR27181445,data/IRMA/swine_37132_2014-07-14_SRR27181445/A_PA.fasta
swine,37132,2014-07-14,False,3.0,0.0,A,,PB1,swine_37132_2014-07-14_SRR27181445,data/IRMA/swine_37132_2014-07-14_SRR27181445/A_PB1.fasta
swine,37132,2014-07-14,False,3.0,0.0,A,,PB2,swine_37132_2014-07-14_SRR27181445,data/IRMA/swine_37132_2014-07-14_SRR27181445/A_PB2.fasta
swine,37132,2014-07-14,False,3.0,0.0,A,H3,HA,swine_37132_2014-07-14_SRR27181445,data/IRMA/swine_37132_2014-07-14_SRR27181445/A_HA_H3.fasta
swine,37132,2014-07-14,False,3.0,0.0,A,N2,NA,swine_37132_2014-07-14_SRR27181445,data/IRMA/swine_37132_2014-07-14_SRR27181445/A_NA_N2.fasta
swine,37133,2014-07-16,False,5.0,0.0,A,,MP,swine_37133_2014-07-16_SRR27181184,data/IRMA/swine_37133_2014-07-16_SRR27181184/A_MP.fasta
swine,37133,2014-07-16,False,5.0,0.0,A,,NP,swine_37133_2014-07-16_SRR27181184,data/IRMA/swine_37133_2014-07-16_SRR27181184/A_NP.fasta
swine,37133,2014-07-16,False,5.0,0.0,A,,NS,swine_37133_2014-07-16_SRR27181184,data/IRMA/swine_37133_2014-07-16_SRR27181184/A_NS.fasta
swine,37133,2014-07-16,False,5.0,0.0,A,,PA,swine_37133_2014-07-16_SRR27181184,data/IRMA/swine_37133_2014-07-16_SRR27181184/A_PA.fasta
swine,37133,2014-07-16,False,5.0,0.0,A,,PB1,swine_37133_2014-07-16_SRR27181184,data/IRMA/swine_37133_2014-07-16_SRR27181184/A_PB1.fasta
swine,37133,2014-07-16,False,5.0,0.0,A,,PB2,swine_37133_2014-07-16_SRR27181184,data/IRMA/swine_37133_2014-07-16_SRR27181184/A_PB2.fasta
swine,37133,2014-07-16,False,5.0,0.0,A,H3,HA,swine_37133_2014-07-16_SRR27181184,data/IRMA/swine_37133_2014-07-16_SRR27181184/A_HA_H3.fasta
swine,37133,2014-07-16,False,5.0,0.0,A,N2,NA,swine_37133_2014-07-16_SRR27181184,data/IRMA/swine_37133_2014-07-16_SRR27181184/A_NA_N2.fasta
swine,37133,2014-07-17,False,6.0,0.0,A,,MP,swine_37133_2014-07-16_SRR27181184,data/IRMA/swine_37133_2014-07-16_SRR27181184/A_MP.fasta
swine,37133,2014-07-17,False,6.0,0.0,A,,NP,swine_37133_2014-07-16_SRR27181184,data/IRMA/swine_37133_2014-07-16_SRR27181184/A_NP.fasta
swine,37133,2014-07-17,False,6.0,0.0,A,,NS,swine_37133_2014-07-16_SRR27181184,data/IRMA/swine_37133_2014-07-16_SRR27181184/A_NS.fasta
swine,37133,2014-07-17,False,6.0,0.0,A,,PA,swine_37133_2014-07-16_SRR27181184,data/IRMA/swine_37133_2014-07-16_SRR27181184/A_PA.fasta
swine,37133,2014-07-17,False,6.0,0.0,A,,PB1,swine_37133_2014-07-16_SRR27181184,data/IRMA/swine_37133_2014-07-16_SRR27181184/A_PB1.fasta
swine,37133,2014-07-17,False,6.0,0.0,A,,PB2,swine_37133_2014-07-16_SRR27181184,data/IRMA/swine_37133_2014-07-16_SRR27181184/A_PB2.fasta
swine,37133,2014-07-17,False,6.0,0.0,A,H3,HA,swine_37133_2014-07-16_SRR27181184,data/IRMA/swine_37133_2014-07-16_SRR27181184/A_HA_H3.fasta
swine,37133,2014-07-17,False,6.0,0.0,A,N2,NA,swine_37133_2014-07-16_SRR27181184,data/IRMA/swine_37133_2014-07-16_SRR27181184/A_NA_N2.fasta
swine,37135,2014-07-17,False,6.0,0.0,A,,MP,swine_37135_2014-07-16_SRR27181611,data/IRMA/swine_37135_2014-07-16_SRR27181611/A_MP.fasta
swine,37135,2014-07-17,False,6.0,0.0,A,,NP,swine_37135_2014-07-16_SRR27181611,data/IRMA/swine_37135_2014-07-16_SRR27181611/A_NP.fasta
swine,37135,2014-07-17,False,6.0,0.0,A,,NS,swine_37135_2014-07-16_SRR27181611,data/IRMA/swine_37135_2014-07-16_SRR27181611/A_NS.fasta
swine,37135,2014-07-17,False,6.0,0.0,A,,PA,swine_37135_2014-07-16_SRR27181611,data/IRMA/swine_37135_2014-07-16_SRR27181611/A_PA.fasta
swine,37135,2014-07-17,False,6.0,0.0,A,,PB1,swine_37135_2014-07-16_SRR27181611,data/IRMA/swine_37135_2014-07-16_SRR27181611/A_PB1.fasta
swine,37135,2014-07-17,False,6.0,0.0,A,,PB2,swine_37135_2014-07-16_SRR27181611,data/IRMA/swine_37135_2014-07-16_SRR27181611/A_PB2.fasta
swine,37135,2014-07-17,False,6.0,0.0,A,H3,HA,swine_37135_2014-07-16_SRR27181611,data/IRMA/swine_37135_2014-07-16_SRR27181611/A_HA_H3.fasta
swine,37135,2014-07-17,False,6.0,0.0,A,N2,NA,swine_37135_2014-07-16_SRR27181611,data/IRMA/swine_37135_2014-07-16_SRR27181611/A_NA_N2.fasta
swine,37135,2014-07-16,False,5.0,0.0,A,,MP,swine_37135_2014-07-16_SRR27181611,data/IRMA/swine_37135_2014-07-16_SRR27181611/A_MP.fasta
swine,37135,2014-07-16,False,5.0,0.0,A,,NP,swine_37135_2014-07-16_SRR27181611,data/IRMA/swine_37135_2014-07-16_SRR27181611/A_NP.fasta
swine,37135,2014-07-16,False,5.0,0.0,A,,NS,swine_37135_2014-07-16_SRR27181611,data/IRMA/swine_37135_2014-07-16_SRR27181611/A_NS.fasta
swine,37135,2014-07-16,False,5.0,0.0,A,,PA,swine_37135_2014-07-16_SRR27181611,data/IRMA/swine_37135_2014-07-16_SRR27181611/A_PA.fasta
swine,37135,2014-07-16,False,5.0,0.0,A,,PB1,swine_37135_2014-07-16_SRR27181611,data/IRMA/swine_37135_2014-07-16_SRR27181611/A_PB1.fasta
swine,37135,2014-07-16,False,5.0,0.0,A,,PB2,swine_37135_2014-07-16_SRR27181611,data/IRMA/swine_37135_2014-07-16_SRR27181611/A_PB2.fasta
swine,37135,2014-07-16,False,5.0,0.0,A,H3,HA,swine_37135_2014-07-16_SRR27181611,data/IRMA/swine_37135_2014-07-16_SRR27181611/A_HA_H3.fasta
swine,37135,2014-07-16,False,5.0,0.0,A,N2,NA,swine_37135_2014-07-16_SRR27181611,data/IRMA/swine_37135_2014-07-16_SRR27181611/A_NA_N2.fasta
swine,37139,2014-07-16,False,5.0,0.0,A,,MP,swine_37139_2014-07-15_SRR27181636,data/IRMA/swine_37139_2014-07-15_SRR27181636/A_MP.fasta
swine,37139,2014-07-16,False,5.0,0.0,A,,NP,swine_37139_2014-07-15_SRR27181636,data/IRMA/swine_37139_2014-07-15_SRR27181636/A_NP.fasta
swine,37139,2014-07-16,False,5.0,0.0,A,,PA,swine_37139_2014-07-15_SRR27181636,data/IRMA/swine_37139_2014-07-15_SRR27181636/A_PA.fasta
swine,37139,2014-07-16,False,5.0,0.0,A,,PB1,swine_37139_2014-07-15_SRR27181636,data/IRMA/swine_37139_2014-07-15_SRR27181636/A_PB1.fasta
swine,37139,2014-07-16,False,5.0,0.0,A,,PB2,swine_37139_2014-07-15_SRR27181636,data/IRMA/swine_37139_2014-07-15_SRR27181636/A_PB2.fasta
swine,37139,2014-07-16,False,5.0,0.0,A,H3,HA,swine_37139_2014-07-15_SRR27181636,data/IRMA/swine_37139_2014-07-15_SRR27181636/A_HA_H3.fasta
swine,37139,2014-07-16,False,5.0,0.0,A,N2,NA,swine_37139_2014-07-15_SRR27181636,data/IRMA/swine_37139_2014-07-15_SRR27181636/A_NA_N2.fasta
swine,37139,2014-07-15,False,4.0,0.0,A,,MP,swine_37139_2014-07-15_SRR27181636,data/IRMA/swine_37139_2014-07-15_SRR27181636/A_MP.fasta
swine,37139,2014-07-15,False,4.0,0.0,A,,NP,swine_37139_2014-07-15_SRR27181636,data/IRMA/swine_37139_2014-07-15_SRR27181636/A_NP.fasta
swine,37139,2014-07-15,False,4.0,0.0,A,,NS,swine_37139_2014-07-15_SRR27181636,data/IRMA/swine_37139_2014-07-15_SRR27181636/A_NS.fasta
swine,37139,2014-07-15,False,4.0,0.0,A,,PA,swine_37139_2014-07-15_SRR27181636,data/IRMA/swine_37139_2014-07-15_SRR27181636/A_PA.fasta
swine,37139,2014-07-15,False,4.0,0.0,A,,PB1,swine_37139_2014-07-15_SRR27181636,data/IRMA/swine_37139_2014-07-15_SRR27181636/A_PB1.fasta
swine,37139,2014-07-15,False,4.0,0.0,A,,PB2,swine_37139_2014-07-15_SRR27181636,data/IRMA/swine_37139_2014-07-15_SRR27181636/A_PB2.fasta
swine,37139,2014-07-15,False,4.0,0.0,A,H3,HA,swine_37139_2014-07-15_SRR27181636,data/IRMA/swine_37139_2014-07-15_SRR27181636/A_HA_H3.fasta
swine,37139,2014-07-15,False,4.0,0.0,A,N2,NA,swine_37139_2014-07-15_SRR27181636,data/IRMA/swine_37139_2014-07-15_SRR27181636/A_NA_N2.fasta
swine,37141,2014-07-17,False,6.0,0.0,A,,MP,swine_37141_2014-07-15_SRR27181637,data/IRMA/swine_37141_2014-07-15_SRR27181637/A_MP.fasta
swine,37141,2014-07-17,False,6.0,0.0,A,,NP,swine_37141_2014-07-15_SRR27181637,data/IRMA/swine_37141_2014-07-15_SRR27181637/A_NP.fasta
swine,37141,2014-07-17,False,6.0,0.0,A,,NS,swine_37141_2014-07-15_SRR27181637,data/IRMA/swine_37141_2014-07-15_SRR27181637/A_NS.fasta
swine,37141,2014-07-17,False,6.0,0.0,A,,PA,swine_37141_2014-07-15_SRR27181637,data/IRMA/swine_37141_2014-07-15_SRR27181637/A_PA.fasta
swine,37141,2014-07-17,False,6.0,0.0,A,,PB1,swine_37141_2014-07-15_SRR27181637,data/IRMA/swine_37141_2014-07-15_SRR27181637/A_PB1.fasta
swine,37141,2014-07-17,False,6.0,0.0,A,,PB2,swine_37141_2014-07-15_SRR27181637,data/IRMA/swine_37141_2014-07-15_SRR27181637/A_PB2.fasta
swine,37141,2014-07-17,False,6.0,0.0,A,H3,HA,swine_37141_2014-07-15_SRR27181637,data/IRMA/swine_37141_2014-07-15_SRR27181637/A_HA_H3.fasta
swine,37141,2014-07-17,False,6.0,0.0,A,N2,NA,swine_37141_2014-07-15_SRR27181637,data/IRMA/swine_37141_2014-07-15_SRR27181637/A_NA_N2.fasta
swine,37141,2014-07-15,False,4.0,0.0,A,,MP,swine_37141_2014-07-15_SRR27181637,data/IRMA/swine_37141_2014-07-15_SRR27181637/A_MP.fasta
swine,37141,2014-07-15,False,4.0,0.0,A,,NP,swine_37141_2014-07-15_SRR27181637,data/IRMA/swine_37141_2014-07-15_SRR27181637/A_NP.fasta
swine,37141,2014-07-15,False,4.0,0.0,A,,NS,swine_37141_2014-07-15_SRR27181637,data/IRMA/swine_37141_2014-07-15_SRR27181637/A_NS.fasta
swine,37141,2014-07-15,False,4.0,0.0,A,,PA,swine_37141_2014-07-15_SRR27181637,data/IRMA/swine_37141_2014-07-15_SRR27181637/A_PA.fasta
swine,37141,2014-07-15,False,4.0,0.0,A,,PB1,swine_37141_2014-07-15_SRR27181637,data/IRMA/swine_37141_2014-07-15_SRR27181637/A_PB1.fasta
swine,37141,2014-07-15,False,4.0,0.0,A,,PB2,swine_37141_2014-07-15_SRR27181637,data/IRMA/swine_37141_2014-07-15_SRR27181637/A_PB2.fasta
swine,37141,2014-07-15,False,4.0,0.0,A,H3,HA,swine_37141_2014-07-15_SRR27181637,data/IRMA/swine_37141_2014-07-15_SRR27181637/A_HA_H3.fasta
swine,37141,2014-07-15,False,4.0,0.0,A,N2,NA,swine_37141_2014-07-15_SRR27181637,data/IRMA/swine_37141_2014-07-15_SRR27181637/A_NA_N2.fasta
swine,37157,2014-07-17,False,6.0,0.0,A,,MP,swine_37157_2014-07-15_SRR27181431,data/IRMA/swine_37157_2014-07-15_SRR27181431/A_MP.fasta
swine,37157,2014-07-17,False,6.0,0.0,A,,NP,swine_37157_2014-07-15_SRR27181431,data/IRMA/swine_37157_2014-07-15_SRR27181431/A_NP.fasta
swine,37157,2014-07-17,False,6.0,0.0,A,,NS,swine_37157_2014-07-15_SRR27181431,data/IRMA/swine_37157_2014-07-15_SRR27181431/A_NS.fasta
swine,37157,2014-07-17,False,6.0,0.0,A,,PA,swine_37157_2014-07-15_SRR27181431,data/IRMA/swine_37157_2014-07-15_SRR27181431/A_PA.fasta
swine,37157,2014-07-17,False,6.0,0.0,A,,PB1,swine_37157_2014-07-15_SRR27181431,data/IRMA/swine_37157_2014-07-15_SRR27181431/A_PB1.fasta
swine,37157,2014-07-17,False,6.0,0.0,A,,PB2,swine_37157_2014-07-15_SRR27181431,data/IRMA/swine_37157_2014-07-15_SRR27181431/A_PB2.fasta
swine,37157,2014-07-17,False,6.0,0.0,A,H1,HA,swine_37157_2014-07-15_SRR27181431,data/IRMA/swine_37157_2014-07-15_SRR27181431/A_HA_H1.fasta
swine,37157,2014-07-17,False,6.0,0.0,A,N1,NA,swine_37157_2014-07-15_SRR27181431,data/IRMA/swine_37157_2014-07-15_SRR27181431/A_NA_N1.fasta
swine,37157,2014-07-15,False,4.0,0.0,A,,MP,swine_37157_2014-07-15_SRR27181431,data/IRMA/swine_37157_2014-07-15_SRR27181431/A_MP.fasta
swine,37157,2014-07-15,False,4.0,0.0,A,,NP,swine_37157_2014-07-15_SRR27181431,data/IRMA/swine_37157_2014-07-15_SRR27181431/A_NP.fasta
swine,37157,2014-07-15,False,4.0,0.0,A,,NS,swine_37157_2014-07-15_SRR27181431,data/IRMA/swine_37157_2014-07-15_SRR27181431/A_NS.fasta
swine,37157,2014-07-15,False,4.0,0.0,A,,PA,swine_37157_2014-07-15_SRR27181431,data/IRMA/swine_37157_2014-07-15_SRR27181431/A_PA.fasta
swine,37157,2014-07-15,False,4.0,0.0,A,,PB1,swine_37157_2014-07-15_SRR27181431,data/IRMA/swine_37157_2014-07-15_SRR27181431/A_PB1.fasta
swine,37157,2014-07-15,False,4.0,0.0,A,,PB2,swine_37157_2014-07-15_SRR27181431,data/IRMA/swine_37157_2014-07-15_SRR27181431/A_PB2.fasta
swine,37157,2014-07-15,False,4.0,0.0,A,H1,HA,swine_37157_2014-07-15_SRR27181431,data/IRMA/swine_37157_2014-07-15_SRR27181431/A_HA_H1.fasta
swine,37157,2014-07-15,False,4.0,0.0,A,N1,NA,swine_37157_2014-07-15_SRR27181431,data/IRMA/swine_37157_2014-07-15_SRR27181431/A_NA_N1.fasta
swine,37158,2014-07-13,False,2.0,0.0,A,,MP,swine_37158_2014-07-13_SRR27180999,data/IRMA/swine_37158_2014-07-13_SRR27180999/A_MP.fasta
swine,37158,2014-07-13,False,2.0,0.0,A,,NP,swine_37158_2014-07-13_SRR27180999,data/IRMA/swine_37158_2014-07-13_SRR27180999/A_NP.fasta
swine,37158,2014-07-13,False,2.0,0.0,A,,NS,swine_37158_2014-07-13_SRR27180999,data/IRMA/swine_37158_2014-07-13_SRR27180999/A_NS.fasta
swine,37158,2014-07-13,False,2.0,0.0,A,,PA,swine_37158_2014-07-13_SRR27180999,data/IRMA/swine_37158_2014-07-13_SRR27180999/A_PA.fasta
swine,37158,2014-07-13,False,2.0,0.0,A,,PB1,swine_37158_2014-07-13_SRR27180999,data/IRMA/swine_37158_2014-07-13_SRR27180999/A_PB1.fasta
swine,37158,2014-07-13,False,2.0,0.0,A,,PB2,swine_37158_2014-07-13_SRR27180999,data/IRMA/swine_37158_2014-07-13_SRR27180999/A_PB2.fasta
swine,37158,2014-07-13,False,2.0,0.0,A,H1,HA,swine_37158_2014-07-13_SRR27180999,data/IRMA/swine_37158_2014-07-13_SRR27180999/A_HA_H1.fasta
swine,37158,2014-07-13,False,2.0,0.0,A,N1,NA,swine_37158_2014-07-13_SRR27180999,data/IRMA/swine_37158_2014-07-13_SRR27180999/A_NA_N1.fasta
swine,37158,2014-07-16,False,5.0,0.0,A,,MP,swine_37158_2014-07-13_SRR27180999,data/IRMA/swine_37158_2014-07-13_SRR27180999/A_MP.fasta
swine,37158,2014-07-16,False,5.0,0.0,A,,NP,swine_37158_2014-07-13_SRR27180999,data/IRMA/swine_37158_2014-07-13_SRR27180999/A_NP.fasta
swine,37158,2014-07-16,False,5.0,0.0,A,,NS,swine_37158_2014-07-13_SRR27180999,data/IRMA/swine_37158_2014-07-13_SRR27180999/A_NS.fasta
swine,37158,2014-07-16,False,5.0,0.0,A,,PA,swine_37158_2014-07-13_SRR27180999,data/IRMA/swine_37158_2014-07-13_SRR27180999/A_PA.fasta
swine,37158,2014-07-16,False,5.0,0.0,A,,PB1,swine_37158_2014-07-13_SRR27180999,data/IRMA/swine_37158_2014-07-13_SRR27180999/A_PB1.fasta
swine,37158,2014-07-16,False,5.0,0.0,A,,PB2,swine_37158_2014-07-13_SRR27180999,data/IRMA/swine_37158_2014-07-13_SRR27180999/A_PB2.fasta
swine,37158,2014-07-16,False,5.0,0.0,A,H1,HA,swine_37158_2014-07-13_SRR27180999,data/IRMA/swine_37158_2014-07-13_SRR27180999/A_HA_H1.fasta
swine,37158,2014-07-16,False,5.0,0.0,A,N1,NA,swine_37158_2014-07-13_SRR27180999,data/IRMA/swine_37158_2014-07-13_SRR27180999/A_NA_N1.fasta
swine,37158,2014-07-15,False,4.0,0.0,A,,MP,swine_37158_2014-07-13_SRR27180999,data/IRMA/swine_37158_2014-07-13_SRR27180999/A_MP.fasta
swine,37158,2014-07-15,False,4.0,0.0,A,,NP,swine_37158_2014-07-13_SRR27180999,data/IRMA/swine_37158_2014-07-13_SRR27180999/A_NP.fasta
swine,37158,2014-07-15,False,4.0,0.0,A,,NS,swine_37158_2014-07-13_SRR27180999,data/IRMA/swine_37158_2014-07-13_SRR27180999/A_NS.fasta
swine,37158,2014-07-15,False,4.0,0.0,A,,PA,swine_37158_2014-07-13_SRR27180999,data/IRMA/swine_37158_2014-07-13_SRR27180999/A_PA.fasta
swine,37158,2014-07-15,False,4.0,0.0,A,,PB1,swine_37158_2014-07-13_SRR27180999,data/IRMA/swine_37158_2014-07-13_SRR27180999/A_PB1.fasta
swine,37158,2014-07-15,False,4.0,0.0,A,,PB2,swine_37158_2014-07-13_SRR27180999,data/IRMA/swine_37158_2014-07-13_SRR27180999/A_PB2.fasta
swine,37158,2014-07-15,False,4.0,0.0,A,H1,HA,swine_37158_2014-07-13_SRR27180999,data/IRMA/swine_37158_2014-07-13_SRR27180999/A_HA_H1.fasta
swine,37158,2014-07-15,False,4.0,0.0,A,N1,NA,swine_37158_2014-07-13_SRR27180999,data/IRMA/swine_37158_2014-07-13_SRR27180999/A_NA_N1.fasta
swine,37158,2014-07-14,False,3.0,0.0,A,,MP,swine_37158_2014-07-13_SRR27180999,data/IRMA/swine_37158_2014-07-13_SRR27180999/A_MP.fasta
swine,37158,2014-07-14,False,3.0,0.0,A,,NP,swine_37158_2014-07-13_SRR27180999,data/IRMA/swine_37158_2014-07-13_SRR27180999/A_NP.fasta
swine,37158,2014-07-14,False,3.0,0.0,A,,NS,swine_37158_2014-07-13_SRR27180999,data/IRMA/swine_37158_2014-07-13_SRR27180999/A_NS.fasta
swine,37158,2014-07-14,False,3.0,0.0,A,,PA,swine_37158_2014-07-13_SRR27180999,data/IRMA/swine_37158_2014-07-13_SRR27180999/A_PA.fasta
swine,37158,2014-07-14,False,3.0,0.0,A,,PB1,swine_37158_2014-07-13_SRR27180999,data/IRMA/swine_37158_2014-07-13_SRR27180999/A_PB1.fasta
swine,37158,2014-07-14,False,3.0,0.0,A,,PB2,swine_37158_2014-07-13_SRR27180999,data/IRMA/swine_37158_2014-07-13_SRR27180999/A_PB2.fasta
swine,37158,2014-07-14,False,3.0,0.0,A,H1,HA,swine_37158_2014-07-13_SRR27180999,data/IRMA/swine_37158_2014-07-13_SRR27180999/A_HA_H1.fasta
swine,37158,2014-07-14,False,3.0,0.0,A,N1,NA,swine_37158_2014-07-13_SRR27180999,data/IRMA/swine_37158_2014-07-13_SRR27180999/A_NA_N1.fasta
swine,37159,2014-07-13,False,2.0,0.0,A,,MP,swine_37159_2014-07-13_SRR27181000,data/IRMA/swine_37159_2014-07-13_SRR27181000/A_MP.fasta
swine,37159,2014-07-13,False,2.0,0.0,A,,NP,swine_37159_2014-07-13_SRR27181000,data/IRMA/swine_37159_2014-07-13_SRR27181000/A_NP.fasta
swine,37159,2014-07-13,False,2.0,0.0,A,,NS,swine_37159_2014-07-13_SRR27181000,data/IRMA/swine_37159_2014-07-13_SRR27181000/A_NS.fasta
swine,37159,2014-07-13,False,2.0,0.0,A,,PA,swine_37159_2014-07-13_SRR27181000,data/IRMA/swine_37159_2014-07-13_SRR27181000/A_PA.fasta
swine,37159,2014-07-13,False,2.0,0.0,A,,PB1,swine_37159_2014-07-13_SRR27181000,data/IRMA/swine_37159_2014-07-13_SRR27181000/A_PB1.fasta
swine,37159,2014-07-13,False,2.0,0.0,A,,PB2,swine_37159_2014-07-13_SRR27181000,data/IRMA/swine_37159_2014-07-13_SRR27181000/A_PB2.fasta
swine,37159,2014-07-13,False,2.0,0.0,A,H1,HA,swine_37159_2014-07-13_SRR27181000,data/IRMA/swine_37159_2014-07-13_SRR27181000/A_HA_H1.fasta
swine,37159,2014-07-13,False,2.0,0.0,A,N1,NA,swine_37159_2014-07-13_SRR27181000,data/IRMA/swine_37159_2014-07-13_SRR27181000/A_NA_N1.fasta
swine,37159,2014-07-16,False,5.0,0.0,A,,MP,swine_37159_2014-07-13_SRR27181000,data/IRMA/swine_37159_2014-07-13_SRR27181000/A_MP.fasta
swine,37159,2014-07-16,False,5.0,0.0,A,,NP,swine_37159_2014-07-13_SRR27181000,data/IRMA/swine_37159_2014-07-13_SRR27181000/A_NP.fasta
swine,37159,2014-07-16,False,5.0,0.0,A,,NS,swine_37159_2014-07-13_SRR27181000,data/IRMA/swine_37159_2014-07-13_SRR27181000/A_NS.fasta
swine,37159,2014-07-16,False,5.0,0.0,A,,PA,swine_37159_2014-07-13_SRR27181000,data/IRMA/swine_37159_2014-07-13_SRR27181000/A_PA.fasta
swine,37159,2014-07-16,False,5.0,0.0,A,,PB1,swine_37159_2014-07-13_SRR27181000,data/IRMA/swine_37159_2014-07-13_SRR27181000/A_PB1.fasta
swine,37159,2014-07-16,False,5.0,0.0,A,,PB2,swine_37159_2014-07-13_SRR27181000,data/IRMA/swine_37159_2014-07-13_SRR27181000/A_PB2.fasta
swine,37159,2014-07-16,False,5.0,0.0,A,H1,HA,swine_37159_2014-07-13_SRR27181000,data/IRMA/swine_37159_2014-07-13_SRR27181000/A_HA_H1.fasta
swine,37159,2014-07-16,False,5.0,0.0,A,N1,NA,swine_37159_2014-07-13_SRR27181000,data/IRMA/swine_37159_2014-07-13_SRR27181000/A_NA_N1.fasta
swine,37159,2014-07-15,False,4.0,0.0,A,,MP,swine_37159_2014-07-13_SRR27181000,data/IRMA/swine_37159_2014-07-13_SRR27181000/A_MP.fasta
swine,37159,2014-07-15,False,4.0,0.0,A,,NP,swine_37159_2014-07-13_SRR27181000,data/IRMA/swine_37159_2014-07-13_SRR27181000/A_NP.fasta
swine,37159,2014-07-15,False,4.0,0.0,A,,NS,swine_37159_2014-07-13_SRR27181000,data/IRMA/swine_37159_2014-07-13_SRR27181000/A_NS.fasta
swine,37159,2014-07-15,False,4.0,0.0,A,,PA,swine_37159_2014-07-13_SRR27181000,data/IRMA/swine_37159_2014-07-13_SRR27181000/A_PA.fasta
swine,37159,2014-07-15,False,4.0,0.0,A,,PB1,swine_37159_2014-07-13_SRR27181000,data/IRMA/swine_37159_2014-07-13_SRR27181000/A_PB1.fasta
swine,37159,2014-07-15,False,4.0,0.0,A,,PB2,swine_37159_2014-07-13_SRR27181000,data/IRMA/swine_37159_2014-07-13_SRR27181000/A_PB2.fasta
swine,37159,2014-07-15,False,4.0,0.0,A,H1,HA,swine_37159_2014-07-13_SRR27181000,data/IRMA/swine_37159_2014-07-13_SRR27181000/A_HA_H1.fasta
swine,37159,2014-07-15,False,4.0,0.0,A,N1,NA,swine_37159_2014-07-13_SRR27181000,data/IRMA/swine_37159_2014-07-13_SRR27181000/A_NA_N1.fasta
swine,37159,2014-07-14,False,3.0,0.0,A,,MP,swine_37159_2014-07-13_SRR27181000,data/IRMA/swine_37159_2014-07-13_SRR27181000/A_MP.fasta
swine,37159,2014-07-14,False,3.0,0.0,A,,NP,swine_37159_2014-07-13_SRR27181000,data/IRMA/swine_37159_2014-07-13_SRR27181000/A_NP.fasta
swine,37159,2014-07-14,False,3.0,0.0,A,,NS,swine_37159_2014-07-13_SRR27181000,data/IRMA/swine_37159_2014-07-13_SRR27181000/A_NS.fasta
swine,37159,2014-07-14,False,3.0,0.0,A,,PA,swine_37159_2014-07-13_SRR27181000,data/IRMA/swine_37159_2014-07-13_SRR27181000/A_PA.fasta
swine,37159,2014-07-14,False,3.0,0.0,A,,PB1,swine_37159_2014-07-13_SRR27181000,data/IRMA/swine_37159_2014-07-13_SRR27181000/A_PB1.fasta
swine,37159,2014-07-14,False,3.0,0.0,A,,PB2,swine_37159_2014-07-13_SRR27181000,data/IRMA/swine_37159_2014-07-13_SRR27181000/A_PB2.fasta
swine,37159,2014-07-14,False,3.0,0.0,A,H1,HA,swine_37159_2014-07-13_SRR27181000,data/IRMA/swine_37159_2014-07-13_SRR27181000/A_HA_H1.fasta
swine,37159,2014-07-14,False,3.0,0.0,A,N1,NA,swine_37159_2014-07-13_SRR27181000,data/IRMA/swine_37159_2014-07-13_SRR27181000/A_NA_N1.fasta
swine,37177,2014-07-16,False,5.0,0.0,A,,MP,swine_37177_2014-07-16_SRR27181392,data/IRMA/swine_37177_2014-07-16_SRR27181392/A_MP.fasta
swine,37177,2014-07-16,False,5.0,0.0,A,,NP,swine_37177_2014-07-16_SRR27181392,data/IRMA/swine_37177_2014-07-16_SRR27181392/A_NP.fasta
swine,37177,2014-07-16,False,5.0,0.0,A,,NS,swine_37177_2014-07-16_SRR27181392,data/IRMA/swine_37177_2014-07-16_SRR27181392/A_NS.fasta
swine,37177,2014-07-16,False,5.0,0.0,A,,PA,swine_37177_2014-07-16_SRR27181392,data/IRMA/swine_37177_2014-07-16_SRR27181392/A_PA.fasta
swine,37177,2014-07-16,False,5.0,0.0,A,,PB1,swine_37177_2014-07-16_SRR27181392,data/IRMA/swine_37177_2014-07-16_SRR27181392/A_PB1.fasta
swine,37177,2014-07-16,False,5.0,0.0,A,,PB2,swine_37177_2014-07-16_SRR27181392,data/IRMA/swine_37177_2014-07-16_SRR27181392/A_PB2.fasta
swine,37177,2014-07-16,False,5.0,0.0,A,H3,HA,swine_37177_2014-07-16_SRR27181392,data/IRMA/swine_37177_2014-07-16_SRR27181392/A_HA_H3.fasta
swine,37177,2014-07-16,False,5.0,0.0,A,N2,NA,swine_37177_2014-07-16_SRR27181392,data/IRMA/swine_37177_2014-07-16_SRR27181392/A_NA_N2.fasta
swine,37177,2014-07-17,False,6.0,0.0,A,,MP,swine_37177_2014-07-16_SRR27181392,data/IRMA/swine_37177_2014-07-16_SRR27181392/A_MP.fasta
swine,37177,2014-07-17,False,6.0,0.0,A,,NP,swine_37177_2014-07-16_SRR27181392,data/IRMA/swine_37177_2014-07-16_SRR27181392/A_NP.fasta
swine,37177,2014-07-17,False,6.0,0.0,A,,NS,swine_37177_2014-07-16_SRR27181392,data/IRMA/swine_37177_2014-07-16_SRR27181392/A_NS.fasta
swine,37177,2014-07-17,False,6.0,0.0,A,,PA,swine_37177_2014-07-16_SRR27181392,data/IRMA/swine_37177_2014-07-16_SRR27181392/A_PA.fasta
swine,37177,2014-07-17,False,6.0,0.0,A,,PB1,swine_37177_2014-07-16_SRR27181392,data/IRMA/swine_37177_2014-07-16_SRR27181392/A_PB1.fasta
swine,37177,2014-07-17,False,6.0,0.0,A,,PB2,swine_37177_2014-07-16_SRR27181392,data/IRMA/swine_37177_2014-07-16_SRR27181392/A_PB2.fasta
swine,37177,2014-07-17,False,6.0,0.0,A,H3,HA,swine_37177_2014-07-16_SRR27181392,data/IRMA/swine_37177_2014-07-16_SRR27181392/A_HA_H3.fasta
swine,37177,2014-07-17,False,6.0,0.0,A,N2,NA,swine_37177_2014-07-16_SRR27181392,data/IRMA/swine_37177_2014-07-16_SRR27181392/A_NA_N2.fasta
swine,37182,2014-07-16,False,5.0,0.0,A,,MP,swine_37182_2014-07-15_SRR27181422,data/IRMA/swine_37182_2014-07-15_SRR27181422/A_MP.fasta
swine,37182,2014-07-16,False,5.0,0.0,A,,NP,swine_37182_2014-07-15_SRR27181422,data/IRMA/swine_37182_2014-07-15_SRR27181422/A_NP.fasta
swine,37182,2014-07-16,False,5.0,0.0,A,,NS,swine_37182_2014-07-15_SRR27181422,data/IRMA/swine_37182_2014-07-15_SRR27181422/A_NS.fasta
swine,37182,2014-07-16,False,5.0,0.0,A,,PA,swine_37182_2014-07-15_SRR27181422,data/IRMA/swine_37182_2014-07-15_SRR27181422/A_PA.fasta
swine,37182,2014-07-16,False,5.0,0.0,A,,PB1,swine_37182_2014-07-15_SRR27181422,data/IRMA/swine_37182_2014-07-15_SRR27181422/A_PB1.fasta
swine,37182,2014-07-16,False,5.0,0.0,A,,PB2,swine_37182_2014-07-15_SRR27181422,data/IRMA/swine_37182_2014-07-15_SRR27181422/A_PB2.fasta
swine,37182,2014-07-16,False,5.0,0.0,A,H1,HA,swine_37182_2014-07-15_SRR27181422,data/IRMA/swine_37182_2014-07-15_SRR27181422/A_HA_H1.fasta
swine,37182,2014-07-16,False,5.0,0.0,A,N1,NA,swine_37182_2014-07-15_SRR27181422,data/IRMA/swine_37182_2014-07-15_SRR27181422/A_NA_N1.fasta
swine,37182,2014-07-15,False,4.0,0.0,A,,MP,swine_37182_2014-07-15_SRR27181422,data/IRMA/swine_37182_2014-07-15_SRR27181422/A_MP.fasta
swine,37182,2014-07-15,False,4.0,0.0,A,,NP,swine_37182_2014-07-15_SRR27181422,data/IRMA/swine_37182_2014-07-15_SRR27181422/A_NP.fasta
swine,37182,2014-07-15,False,4.0,0.0,A,,NS,swine_37182_2014-07-15_SRR27181422,data/IRMA/swine_37182_2014-07-15_SRR27181422/A_NS.fasta
swine,37182,2014-07-15,False,4.0,0.0,A,,PA,swine_37182_2014-07-15_SRR27181422,data/IRMA/swine_37182_2014-07-15_SRR27181422/A_PA.fasta
swine,37182,2014-07-15,False,4.0,0.0,A,,PB1,swine_37182_2014-07-15_SRR27181422,data/IRMA/swine_37182_2014-07-15_SRR27181422/A_PB1.fasta
swine,37182,2014-07-15,False,4.0,0.0,A,,PB2,swine_37182_2014-07-15_SRR27181422,data/IRMA/swine_37182_2014-07-15_SRR27181422/A_PB2.fasta
swine,37182,2014-07-15,False,4.0,0.0,A,H1,HA,swine_37182_2014-07-15_SRR27181422,data/IRMA/swine_37182_2014-07-15_SRR27181422/A_HA_H1.fasta
swine,37182,2014-07-15,False,4.0,0.0,A,N1,NA,swine_37182_2014-07-15_SRR27181422,data/IRMA/swine_37182_2014-07-15_SRR27181422/A_NA_N1.fasta
swine,37188,2014-07-15,False,4.0,0.0,A,,MP,swine_37188_2014-07-14_SRR27181447,data/IRMA/swine_37188_2014-07-14_SRR27181447/A_MP.fasta
swine,37188,2014-07-15,False,4.0,0.0,A,,NP,swine_37188_2014-07-14_SRR27181447,data/IRMA/swine_37188_2014-07-14_SRR27181447/A_NP.fasta
swine,37188,2014-07-15,False,4.0,0.0,A,,NS,swine_37188_2014-07-14_SRR27181447,data/IRMA/swine_37188_2014-07-14_SRR27181447/A_NS.fasta
swine,37188,2014-07-15,False,4.0,0.0,A,,PA,swine_37188_2014-07-14_SRR27181447,data/IRMA/swine_37188_2014-07-14_SRR27181447/A_PA.fasta
swine,37188,2014-07-15,False,4.0,0.0,A,,PB1,swine_37188_2014-07-14_SRR27181447,data/IRMA/swine_37188_2014-07-14_SRR27181447/A_PB1.fasta
swine,37188,2014-07-15,False,4.0,0.0,A,,PB2,swine_37188_2014-07-14_SRR27181447,data/IRMA/swine_37188_2014-07-14_SRR27181447/A_PB2.fasta
swine,37188,2014-07-15,False,4.0,0.0,A,H3,HA,swine_37188_2014-07-14_SRR27181447,data/IRMA/swine_37188_2014-07-14_SRR27181447/A_HA_H3.fasta
swine,37188,2014-07-15,False,4.0,0.0,A,N2,NA,swine_37188_2014-07-14_SRR27181447,data/IRMA/swine_37188_2014-07-14_SRR27181447/A_NA_N2.fasta
swine,37188,2014-07-14,False,3.0,0.0,A,,MP,swine_37188_2014-07-14_SRR27181447,data/IRMA/swine_37188_2014-07-14_SRR27181447/A_MP.fasta
swine,37188,2014-07-14,False,3.0,0.0,A,,NP,swine_37188_2014-07-14_SRR27181447,data/IRMA/swine_37188_2014-07-14_SRR27181447/A_NP.fasta
swine,37188,2014-07-14,False,3.0,0.0,A,,NS,swine_37188_2014-07-14_SRR27181447,data/IRMA/swine_37188_2014-07-14_SRR27181447/A_NS.fasta
swine,37188,2014-07-14,False,3.0,0.0,A,,PA,swine_37188_2014-07-14_SRR27181447,data/IRMA/swine_37188_2014-07-14_SRR27181447/A_PA.fasta
swine,37188,2014-07-14,False,3.0,0.0,A,,PB1,swine_37188_2014-07-14_SRR27181447,data/IRMA/swine_37188_2014-07-14_SRR27181447/A_PB1.fasta
swine,37188,2014-07-14,False,3.0,0.0,A,,PB2,swine_37188_2014-07-14_SRR27181447,data/IRMA/swine_37188_2014-07-14_SRR27181447/A_PB2.fasta
swine,37188,2014-07-14,False,3.0,0.0,A,H3,HA,swine_37188_2014-07-14_SRR27181447,data/IRMA/swine_37188_2014-07-14_SRR27181447/A_HA_H3.fasta
swine,37188,2014-07-14,False,3.0,0.0,A,N2,NA,swine_37188_2014-07-14_SRR27181447,data/IRMA/swine_37188_2014-07-14_SRR27181447/A_NA_N2.fasta
swine,37192,2014-07-16,False,5.0,0.0,A,,MP,swine_37192_2014-07-16_SRR27180958,data/IRMA/swine_37192_2014-07-16_SRR27180958/A_MP.fasta
swine,37192,2014-07-16,False,5.0,0.0,A,,NP,swine_37192_2014-07-16_SRR27180958,data/IRMA/swine_37192_2014-07-16_SRR27180958/A_NP.fasta
swine,37192,2014-07-16,False,5.0,0.0,A,,NS,swine_37192_2014-07-16_SRR27180958,data/IRMA/swine_37192_2014-07-16_SRR27180958/A_NS.fasta
swine,37192,2014-07-16,False,5.0,0.0,A,,PA,swine_37192_2014-07-16_SRR27180958,data/IRMA/swine_37192_2014-07-16_SRR27180958/A_PA.fasta
swine,37192,2014-07-16,False,5.0,0.0,A,,PB1,swine_37192_2014-07-16_SRR27180958,data/IRMA/swine_37192_2014-07-16_SRR27180958/A_PB1.fasta
swine,37192,2014-07-16,False,5.0,0.0,A,,PB2,swine_37192_2014-07-16_SRR27180958,data/IRMA/swine_37192_2014-07-16_SRR27180958/A_PB2.fasta
swine,37192,2014-07-16,False,5.0,0.0,A,H3,HA,swine_37192_2014-07-16_SRR27180958,data/IRMA/swine_37192_2014-07-16_SRR27180958/A_HA_H3.fasta
swine,37192,2014-07-16,False,5.0,0.0,A,N2,NA,swine_37192_2014-07-16_SRR27180958,data/IRMA/swine_37192_2014-07-16_SRR27180958/A_NA_N2.fasta
swine,37192,2014-07-17,False,6.0,0.0,A,,MP,swine_37192_2014-07-16_SRR27180958,data/IRMA/swine_37192_2014-07-16_SRR27180958/A_MP.fasta
swine,37192,2014-07-17,False,6.0,0.0,A,,NP,swine_37192_2014-07-16_SRR27180958,data/IRMA/swine_37192_2014-07-16_SRR27180958/A_NP.fasta
swine,37192,2014-07-17,False,6.0,0.0,A,,NS,swine_37192_2014-07-16_SRR27180958,data/IRMA/swine_37192_2014-07-16_SRR27180958/A_NS.fasta
swine,37192,2014-07-17,False,6.0,0.0,A,,PA,swine_37192_2014-07-16_SRR27180958,data/IRMA/swine_37192_2014-07-16_SRR27180958/A_PA.fasta
swine,37192,2014-07-17,False,6.0,0.0,A,,PB1,swine_37192_2014-07-16_SRR27180958,data/IRMA/swine_37192_2014-07-16_SRR27180958/A_PB1.fasta
swine,37192,2014-07-17,False,6.0,0.0,A,,PB2,swine_37192_2014-07-16_SRR27180958,data/IRMA/swine_37192_2014-07-16_SRR27180958/A_PB2.fasta
swine,37192,2014-07-17,False,6.0,0.0,A,H3,HA,swine_37192_2014-07-16_SRR27180958,data/IRMA/swine_37192_2014-07-16_SRR27180958/A_HA_H3.fasta
swine,37192,2014-07-17,False,6.0,0.0,A,N2,NA,swine_37192_2014-07-16_SRR27180958,data/IRMA/swine_37192_2014-07-16_SRR27180958/A_NA_N2.fasta
swine,37193,2014-07-16,False,5.0,0.0,A,,MP,swine_37193_2014-07-16_SRR27180962,data/IRMA/swine_37193_2014-07-16_SRR27180962/A_MP.fasta
swine,37193,2014-07-16,False,5.0,0.0,A,,NP,swine_37193_2014-07-16_SRR27180962,data/IRMA/swine_37193_2014-07-16_SRR27180962/A_NP.fasta
swine,37193,2014-07-16,False,5.0,0.0,A,,NS,swine_37193_2014-07-16_SRR27180962,data/IRMA/swine_37193_2014-07-16_SRR27180962/A_NS.fasta
swine,37193,2014-07-16,False,5.0,0.0,A,,PA,swine_37193_2014-07-16_SRR27180962,data/IRMA/swine_37193_2014-07-16_SRR27180962/A_PA.fasta
swine,37193,2014-07-16,False,5.0,0.0,A,,PB1,swine_37193_2014-07-16_SRR27180962,data/IRMA/swine_37193_2014-07-16_SRR27180962/A_PB1.fasta
swine,37193,2014-07-16,False,5.0,0.0,A,,PB2,swine_37193_2014-07-16_SRR27180962,data/IRMA/swine_37193_2014-07-16_SRR27180962/A_PB2.fasta
swine,37193,2014-07-16,False,5.0,0.0,A,H3,HA,swine_37193_2014-07-16_SRR27180962,data/IRMA/swine_37193_2014-07-16_SRR27180962/A_HA_H3.fasta
swine,37193,2014-07-16,False,5.0,0.0,A,N2,NA,swine_37193_2014-07-16_SRR27180962,data/IRMA/swine_37193_2014-07-16_SRR27180962/A_NA_N2.fasta
swine,37193,2014-07-17,False,6.0,0.0,A,,MP,swine_37193_2014-07-16_SRR27180962,data/IRMA/swine_37193_2014-07-16_SRR27180962/A_MP.fasta
swine,37193,2014-07-17,False,6.0,0.0,A,,NP,swine_37193_2014-07-16_SRR27180962,data/IRMA/swine_37193_2014-07-16_SRR27180962/A_NP.fasta
swine,37193,2014-07-17,False,6.0,0.0,A,,NS,swine_37193_2014-07-16_SRR27180962,data/IRMA/swine_37193_2014-07-16_SRR27180962/A_NS.fasta
swine,37193,2014-07-17,False,6.0,0.0,A,,PA,swine_37193_2014-07-16_SRR27180962,data/IRMA/swine_37193_2014-07-16_SRR27180962/A_PA.fasta
swine,37193,2014-07-17,False,6.0,0.0,A,,PB1,swine_37193_2014-07-16_SRR27180962,data/IRMA/swine_37193_2014-07-16_SRR27180962/A_PB1.fasta
swine,37193,2014-07-17,False,6.0,0.0,A,,PB2,swine_37193_2014-07-16_SRR27180962,data/IRMA/swine_37193_2014-07-16_SRR27180962/A_PB2.fasta
swine,37193,2014-07-17,False,6.0,0.0,A,H3,HA,swine_37193_2014-07-16_SRR27180962,data/IRMA/swine_37193_2014-07-16_SRR27180962/A_HA_H3.fasta
swine,37193,2014-07-17,False,6.0,0.0,A,N2,NA,swine_37193_2014-07-16_SRR27180962,data/IRMA/swine_37193_2014-07-16_SRR27180962/A_NA_N2.fasta
swine,37199,2014-07-16,False,5.0,0.0,A,,MP,swine_37199_2014-07-16_SRR27181179,data/IRMA/swine_37199_2014-07-16_SRR27181179/A_MP.fasta
swine,37199,2014-07-16,False,5.0,0.0,A,,NP,swine_37199_2014-07-16_SRR27181179,data/IRMA/swine_37199_2014-07-16_SRR27181179/A_NP.fasta
swine,37199,2014-07-16,False,5.0,0.0,A,,NS,swine_37199_2014-07-16_SRR27181179,data/IRMA/swine_37199_2014-07-16_SRR27181179/A_NS.fasta
swine,37199,2014-07-16,False,5.0,0.0,A,,PA,swine_37199_2014-07-16_SRR27181179,data/IRMA/swine_37199_2014-07-16_SRR27181179/A_PA.fasta
swine,37199,2014-07-16,False,5.0,0.0,A,,PB1,swine_37199_2014-07-16_SRR27181179,data/IRMA/swine_37199_2014-07-16_SRR27181179/A_PB1.fasta
swine,37199,2014-07-16,False,5.0,0.0,A,,PB2,swine_37199_2014-07-16_SRR27181179,data/IRMA/swine_37199_2014-07-16_SRR27181179/A_PB2.fasta
swine,37199,2014-07-16,False,5.0,0.0,A,H3,HA,swine_37199_2014-07-16_SRR27181179,data/IRMA/swine_37199_2014-07-16_SRR27181179/A_HA_H3.fasta
swine,37199,2014-07-16,False,5.0,0.0,A,N2,NA,swine_37199_2014-07-16_SRR27181179,data/IRMA/swine_37199_2014-07-16_SRR27181179/A_NA_N2.fasta
swine,37199,2014-07-17,False,6.0,0.0,A,,MP,swine_37199_2014-07-16_SRR27181179,data/IRMA/swine_37199_2014-07-16_SRR27181179/A_MP.fasta
swine,37199,2014-07-17,False,6.0,0.0,A,,NP,swine_37199_2014-07-16_SRR27181179,data/IRMA/swine_37199_2014-07-16_SRR27181179/A_NP.fasta
swine,37199,2014-07-17,False,6.0,0.0,A,,NS,swine_37199_2014-07-16_SRR27181179,data/IRMA/swine_37199_2014-07-16_SRR27181179/A_NS.fasta
swine,37199,2014-07-17,False,6.0,0.0,A,,PA,swine_37199_2014-07-16_SRR27181179,data/IRMA/swine_37199_2014-07-16_SRR27181179/A_PA.fasta
swine,37199,2014-07-17,False,6.0,0.0,A,,PB1,swine_37199_2014-07-16_SRR27181179,data/IRMA/swine_37199_2014-07-16_SRR27181179/A_PB1.fasta
swine,37199,2014-07-17,False,6.0,0.0,A,,PB2,swine_37199_2014-07-16_SRR27181179,data/IRMA/swine_37199_2014-07-16_SRR27181179/A_PB2.fasta
swine,37199,2014-07-17,False,6.0,0.0,A,H3,HA,swine_37199_2014-07-16_SRR27181179,data/IRMA/swine_37199_2014-07-16_SRR27181179/A_HA_H3.fasta
swine,37199,2014-07-17,False,6.0,0.0,A,N2,NA,swine_37199_2014-07-16_SRR27181179,data/IRMA/swine_37199_2014-07-16_SRR27181179/A_NA_N2.fasta
swine,37201,2014-07-15,False,4.0,0.0,A,,MP,swine_37201_2014-07-15_SRR27181205,data/IRMA/swine_37201_2014-07-15_SRR27181205/A_MP.fasta
swine,37201,2014-07-15,False,4.0,0.0,A,,NP,swine_37201_2014-07-15_SRR27181205,data/IRMA/swine_37201_2014-07-15_SRR27181205/A_NP.fasta
swine,37201,2014-07-15,False,4.0,0.0,A,,NS,swine_37201_2014-07-15_SRR27181205,data/IRMA/swine_37201_2014-07-15_SRR27181205/A_NS.fasta
swine,37201,2014-07-15,False,4.0,0.0,A,,PA,swine_37201_2014-07-15_SRR27181205,data/IRMA/swine_37201_2014-07-15_SRR27181205/A_PA.fasta
swine,37201,2014-07-15,False,4.0,0.0,A,,PB1,swine_37201_2014-07-15_SRR27181205,data/IRMA/swine_37201_2014-07-15_SRR27181205/A_PB1.fasta
swine,37201,2014-07-15,False,4.0,0.0,A,,PB2,swine_37201_2014-07-15_SRR27181205,data/IRMA/swine_37201_2014-07-15_SRR27181205/A_PB2.fasta
swine,37201,2014-07-15,False,4.0,0.0,A,H3,HA,swine_37201_2014-07-15_SRR27181205,data/IRMA/swine_37201_2014-07-15_SRR27181205/A_HA_H3.fasta
swine,37201,2014-07-15,False,4.0,0.0,A,N2,NA,swine_37201_2014-07-15_SRR27181205,data/IRMA/swine_37201_2014-07-15_SRR27181205/A_NA_N2.fasta
swine,37201,2014-07-17,False,6.0,0.0,A,,MP,swine_37201_2014-07-15_SRR27181205,data/IRMA/swine_37201_2014-07-15_SRR27181205/A_MP.fasta
swine,37201,2014-07-17,False,6.0,0.0,A,,NP,swine_37201_2014-07-15_SRR27181205,data/IRMA/swine_37201_2014-07-15_SRR27181205/A_NP.fasta
swine,37201,2014-07-17,False,6.0,0.0,A,,NS,swine_37201_2014-07-15_SRR27181205,data/IRMA/swine_37201_2014-07-15_SRR27181205/A_NS.fasta
swine,37201,2014-07-17,False,6.0,0.0,A,,PA,swine_37201_2014-07-15_SRR27181205,data/IRMA/swine_37201_2014-07-15_SRR27181205/A_PA.fasta
swine,37201,2014-07-17,False,6.0,0.0,A,,PB1,swine_37201_2014-07-15_SRR27181205,data/IRMA/swine_37201_2014-07-15_SRR27181205/A_PB1.fasta
swine,37201,2014-07-17,False,6.0,0.0,A,,PB2,swine_37201_2014-07-15_SRR27181205,data/IRMA/swine_37201_2014-07-15_SRR27181205/A_PB2.fasta
swine,37201,2014-07-17,False,6.0,0.0,A,H3,HA,swine_37201_2014-07-15_SRR27181205,data/IRMA/swine_37201_2014-07-15_SRR27181205/A_HA_H3.fasta
swine,37201,2014-07-17,False,6.0,0.0,A,N2,NA,swine_37201_2014-07-15_SRR27181205,data/IRMA/swine_37201_2014-07-15_SRR27181205/A_NA_N2.fasta
swine,37208,2014-07-17,False,6.0,0.0,A,,MP,swine_37208_2014-07-15_SRR27181625,data/IRMA/swine_37208_2014-07-15_SRR27181625/A_MP.fasta
swine,37208,2014-07-17,False,6.0,0.0,A,,NP,swine_37208_2014-07-15_SRR27181625,data/IRMA/swine_37208_2014-07-15_SRR27181625/A_NP.fasta
swine,37208,2014-07-17,False,6.0,0.0,A,,NS,swine_37208_2014-07-15_SRR27181625,data/IRMA/swine_37208_2014-07-15_SRR27181625/A_NS.fasta
swine,37208,2014-07-17,False,6.0,0.0,A,,PA,swine_37208_2014-07-15_SRR27181625,data/IRMA/swine_37208_2014-07-15_SRR27181625/A_PA.fasta
swine,37208,2014-07-17,False,6.0,0.0,A,,PB1,swine_37208_2014-07-15_SRR27181625,data/IRMA/swine_37208_2014-07-15_SRR27181625/A_PB1.fasta
swine,37208,2014-07-17,False,6.0,0.0,A,,PB2,swine_37208_2014-07-15_SRR27181625,data/IRMA/swine_37208_2014-07-15_SRR27181625/A_PB2.fasta
swine,37208,2014-07-17,False,6.0,0.0,A,H3,HA,swine_37208_2014-07-15_SRR27181625,data/IRMA/swine_37208_2014-07-15_SRR27181625/A_HA_H3.fasta
swine,37208,2014-07-17,False,6.0,0.0,A,N2,NA,swine_37208_2014-07-15_SRR27181625,data/IRMA/swine_37208_2014-07-15_SRR27181625/A_NA_N2.fasta
swine,37208,2014-07-15,False,4.0,0.0,A,,MP,swine_37208_2014-07-15_SRR27181625,data/IRMA/swine_37208_2014-07-15_SRR27181625/A_MP.fasta
swine,37208,2014-07-15,False,4.0,0.0,A,,NP,swine_37208_2014-07-15_SRR27181625,data/IRMA/swine_37208_2014-07-15_SRR27181625/A_NP.fasta
swine,37208,2014-07-15,False,4.0,0.0,A,,NS,swine_37208_2014-07-15_SRR27181625,data/IRMA/swine_37208_2014-07-15_SRR27181625/A_NS.fasta
swine,37208,2014-07-15,False,4.0,0.0,A,,PA,swine_37208_2014-07-15_SRR27181625,data/IRMA/swine_37208_2014-07-15_SRR27181625/A_PA.fasta
swine,37208,2014-07-15,False,4.0,0.0,A,,PB1,swine_37208_2014-07-15_SRR27181625,data/IRMA/swine_37208_2014-07-15_SRR27181625/A_PB1.fasta
swine,37208,2014-07-15,False,4.0,0.0,A,,PB2,swine_37208_2014-07-15_SRR27181625,data/IRMA/swine_37208_2014-07-15_SRR27181625/A_PB2.fasta
swine,37208,2014-07-15,False,4.0,0.0,A,H3,HA,swine_37208_2014-07-15_SRR27181625,data/IRMA/swine_37208_2014-07-15_SRR27181625/A_HA_H3.fasta
swine,37208,2014-07-15,False,4.0,0.0,A,N2,NA,swine_37208_2014-07-15_SRR27181625,data/IRMA/swine_37208_2014-07-15_SRR27181625/A_NA_N2.fasta
swine,37216,2014-07-17,False,6.0,0.0,A,,MP,swine_37216_2014-07-16_SRR27181169,data/IRMA/swine_37216_2014-07-16_SRR27181169/A_MP.fasta
swine,37216,2014-07-17,False,6.0,0.0,A,,NP,swine_37216_2014-07-16_SRR27181169,data/IRMA/swine_37216_2014-07-16_SRR27181169/A_NP.fasta
swine,37216,2014-07-17,False,6.0,0.0,A,,NS,swine_37216_2014-07-16_SRR27181169,data/IRMA/swine_37216_2014-07-16_SRR27181169/A_NS.fasta
swine,37216,2014-07-17,False,6.0,0.0,A,,PA,swine_37216_2014-07-16_SRR27181169,data/IRMA/swine_37216_2014-07-16_SRR27181169/A_PA.fasta
swine,37216,2014-07-17,False,6.0,0.0,A,,PB1,swine_37216_2014-07-16_SRR27181169,data/IRMA/swine_37216_2014-07-16_SRR27181169/A_PB1.fasta
swine,37216,2014-07-17,False,6.0,0.0,A,,PB2,swine_37216_2014-07-16_SRR27181169,data/IRMA/swine_37216_2014-07-16_SRR27181169/A_PB2.fasta
swine,37216,2014-07-17,False,6.0,0.0,A,H3,HA,swine_37216_2014-07-16_SRR27181169,data/IRMA/swine_37216_2014-07-16_SRR27181169/A_HA_H3.fasta
swine,37216,2014-07-17,False,6.0,0.0,A,N2,NA,swine_37216_2014-07-16_SRR27181169,data/IRMA/swine_37216_2014-07-16_SRR27181169/A_NA_N2.fasta
swine,37216,2014-07-16,False,5.0,0.0,A,,MP,swine_37216_2014-07-16_SRR27181169,data/IRMA/swine_37216_2014-07-16_SRR27181169/A_MP.fasta
swine,37216,2014-07-16,False,5.0,0.0,A,,NP,swine_37216_2014-07-16_SRR27181169,data/IRMA/swine_37216_2014-07-16_SRR27181169/A_NP.fasta
swine,37216,2014-07-16,False,5.0,0.0,A,,NS,swine_37216_2014-07-16_SRR27181169,data/IRMA/swine_37216_2014-07-16_SRR27181169/A_NS.fasta
swine,37216,2014-07-16,False,5.0,0.0,A,,PA,swine_37216_2014-07-16_SRR27181169,data/IRMA/swine_37216_2014-07-16_SRR27181169/A_PA.fasta
swine,37216,2014-07-16,False,5.0,0.0,A,,PB1,swine_37216_2014-07-16_SRR27181169,data/IRMA/swine_37216_2014-07-16_SRR27181169/A_PB1.fasta
swine,37216,2014-07-16,False,5.0,0.0,A,,PB2,swine_37216_2014-07-16_SRR27181169,data/IRMA/swine_37216_2014-07-16_SRR27181169/A_PB2.fasta
swine,37216,2014-07-16,False,5.0,0.0,A,H3,HA,swine_37216_2014-07-16_SRR27181169,data/IRMA/swine_37216_2014-07-16_SRR27181169/A_HA_H3.fasta
swine,37216,2014-07-16,False,5.0,0.0,A,N2,NA,swine_37216_2014-07-16_SRR27181169,data/IRMA/swine_37216_2014-07-16_SRR27181169/A_NA_N2.fasta
swine,37227,2014-07-17,False,6.0,0.0,A,,MP,swine_37227_2014-07-16_SRR27181596,data/IRMA/swine_37227_2014-07-16_SRR27181596/A_MP.fasta
swine,37227,2014-07-17,False,6.0,0.0,A,,NP,swine_37227_2014-07-16_SRR27181596,data/IRMA/swine_37227_2014-07-16_SRR27181596/A_NP.fasta
swine,37227,2014-07-17,False,6.0,0.0,A,,NS,swine_37227_2014-07-16_SRR27181596,data/IRMA/swine_37227_2014-07-16_SRR27181596/A_NS.fasta
swine,37227,2014-07-17,False,6.0,0.0,A,,PA,swine_37227_2014-07-16_SRR27181596,data/IRMA/swine_37227_2014-07-16_SRR27181596/A_PA.fasta
swine,37227,2014-07-17,False,6.0,0.0,A,,PB1,swine_37227_2014-07-16_SRR27181596,data/IRMA/swine_37227_2014-07-16_SRR27181596/A_PB1.fasta
swine,37227,2014-07-17,False,6.0,0.0,A,,PB2,swine_37227_2014-07-16_SRR27181596,data/IRMA/swine_37227_2014-07-16_SRR27181596/A_PB2.fasta
swine,37227,2014-07-17,False,6.0,0.0,A,H3,HA,swine_37227_2014-07-16_SRR27181596,data/IRMA/swine_37227_2014-07-16_SRR27181596/A_HA_H3.fasta
swine,37227,2014-07-17,False,6.0,0.0,A,N2,NA,swine_37227_2014-07-16_SRR27181596,data/IRMA/swine_37227_2014-07-16_SRR27181596/A_NA_N2.fasta
swine,37227,2014-07-16,False,5.0,0.0,A,,MP,swine_37227_2014-07-16_SRR27181596,data/IRMA/swine_37227_2014-07-16_SRR27181596/A_MP.fasta
swine,37227,2014-07-16,False,5.0,0.0,A,,NP,swine_37227_2014-07-16_SRR27181596,data/IRMA/swine_37227_2014-07-16_SRR27181596/A_NP.fasta
swine,37227,2014-07-16,False,5.0,0.0,A,,NS,swine_37227_2014-07-16_SRR27181596,data/IRMA/swine_37227_2014-07-16_SRR27181596/A_NS.fasta
swine,37227,2014-07-16,False,5.0,0.0,A,,PA,swine_37227_2014-07-16_SRR27181596,data/IRMA/swine_37227_2014-07-16_SRR27181596/A_PA.fasta
swine,37227,2014-07-16,False,5.0,0.0,A,,PB1,swine_37227_2014-07-16_SRR27181596,data/IRMA/swine_37227_2014-07-16_SRR27181596/A_PB1.fasta
swine,37227,2014-07-16,False,5.0,0.0,A,,PB2,swine_37227_2014-07-16_SRR27181596,data/IRMA/swine_37227_2014-07-16_SRR27181596/A_PB2.fasta
swine,37227,2014-07-16,False,5.0,0.0,A,H3,HA,swine_37227_2014-07-16_SRR27181596,data/IRMA/swine_37227_2014-07-16_SRR27181596/A_HA_H3.fasta
swine,37227,2014-07-16,False,5.0,0.0,A,N2,NA,swine_37227_2014-07-16_SRR27181596,data/IRMA/swine_37227_2014-07-16_SRR27181596/A_NA_N2.fasta
swine,37228,2014-07-17,False,6.0,0.0,A,,MP,swine_37228_2014-07-16_SRR27181375,data/IRMA/swine_37228_2014-07-16_SRR27181375/A_MP.fasta
swine,37228,2014-07-17,False,6.0,0.0,A,,NP,swine_37228_2014-07-16_SRR27181375,data/IRMA/swine_37228_2014-07-16_SRR27181375/A_NP.fasta
swine,37228,2014-07-17,False,6.0,0.0,A,,NS,swine_37228_2014-07-16_SRR27181375,data/IRMA/swine_37228_2014-07-16_SRR27181375/A_NS.fasta
swine,37228,2014-07-17,False,6.0,0.0,A,,PA,swine_37228_2014-07-16_SRR27181375,data/IRMA/swine_37228_2014-07-16_SRR27181375/A_PA.fasta
swine,37228,2014-07-17,False,6.0,0.0,A,,PB1,swine_37228_2014-07-16_SRR27181375,data/IRMA/swine_37228_2014-07-16_SRR27181375/A_PB1.fasta
swine,37228,2014-07-17,False,6.0,0.0,A,,PB2,swine_37228_2014-07-16_SRR27181375,data/IRMA/swine_37228_2014-07-16_SRR27181375/A_PB2.fasta
swine,37228,2014-07-17,False,6.0,0.0,A,H3,HA,swine_37228_2014-07-16_SRR27181375,data/IRMA/swine_37228_2014-07-16_SRR27181375/A_HA_H3.fasta
swine,37228,2014-07-17,False,6.0,0.0,A,N2,NA,swine_37228_2014-07-16_SRR27181375,data/IRMA/swine_37228_2014-07-16_SRR27181375/A_NA_N2.fasta
swine,37228,2014-07-16,False,5.0,0.0,A,,MP,swine_37228_2014-07-16_SRR27181375,data/IRMA/swine_37228_2014-07-16_SRR27181375/A_MP.fasta
swine,37228,2014-07-16,False,5.0,0.0,A,,NP,swine_37228_2014-07-16_SRR27181375,data/IRMA/swine_37228_2014-07-16_SRR27181375/A_NP.fasta
swine,37228,2014-07-16,False,5.0,0.0,A,,NS,swine_37228_2014-07-16_SRR27181375,data/IRMA/swine_37228_2014-07-16_SRR27181375/A_NS.fasta
swine,37228,2014-07-16,False,5.0,0.0,A,,PA,swine_37228_2014-07-16_SRR27181375,data/IRMA/swine_37228_2014-07-16_SRR27181375/A_PA.fasta
swine,37228,2014-07-16,False,5.0,0.0,A,,PB1,swine_37228_2014-07-16_SRR27181375,data/IRMA/swine_37228_2014-07-16_SRR27181375/A_PB1.fasta
swine,37228,2014-07-16,False,5.0,0.0,A,,PB2,swine_37228_2014-07-16_SRR27181375,data/IRMA/swine_37228_2014-07-16_SRR27181375/A_PB2.fasta
swine,37228,2014-07-16,False,5.0,0.0,A,H3,HA,swine_37228_2014-07-16_SRR27181375,data/IRMA/swine_37228_2014-07-16_SRR27181375/A_HA_H3.fasta
swine,37228,2014-07-16,False,5.0,0.0,A,N2,NA,swine_37228_2014-07-16_SRR27181375,data/IRMA/swine_37228_2014-07-16_SRR27181375/A_NA_N2.fasta
swine,37248,2014-07-17,False,6.0,0.0,A,,MP,swine_37248_2014-07-15_SRR27181624,data/IRMA/swine_37248_2014-07-15_SRR27181624/A_MP.fasta
swine,37248,2014-07-17,False,6.0,0.0,A,,NP,swine_37248_2014-07-15_SRR27181624,data/IRMA/swine_37248_2014-07-15_SRR27181624/A_NP.fasta
swine,37248,2014-07-17,False,6.0,0.0,A,,NS,swine_37248_2014-07-15_SRR27181624,data/IRMA/swine_37248_2014-07-15_SRR27181624/A_NS.fasta
swine,37248,2014-07-17,False,6.0,0.0,A,,PA,swine_37248_2014-07-15_SRR27181624,data/IRMA/swine_37248_2014-07-15_SRR27181624/A_PA.fasta
swine,37248,2014-07-17,False,6.0,0.0,A,,PB1,swine_37248_2014-07-15_SRR27181624,data/IRMA/swine_37248_2014-07-15_SRR27181624/A_PB1.fasta
swine,37248,2014-07-17,False,6.0,0.0,A,,PB2,swine_37248_2014-07-15_SRR27181624,data/IRMA/swine_37248_2014-07-15_SRR27181624/A_PB2.fasta
swine,37248,2014-07-17,False,6.0,0.0,A,H3,HA,swine_37248_2014-07-15_SRR27181624,data/IRMA/swine_37248_2014-07-15_SRR27181624/A_HA_H3.fasta
swine,37248,2014-07-17,False,6.0,0.0,A,N2,NA,swine_37248_2014-07-15_SRR27181624,data/IRMA/swine_37248_2014-07-15_SRR27181624/A_NA_N2.fasta
swine,37248,2014-07-15,False,4.0,0.0,A,,MP,swine_37248_2014-07-15_SRR27181624,data/IRMA/swine_37248_2014-07-15_SRR27181624/A_MP.fasta
swine,37248,2014-07-15,False,4.0,0.0,A,,NP,swine_37248_2014-07-15_SRR27181624,data/IRMA/swine_37248_2014-07-15_SRR27181624/A_NP.fasta
swine,37248,2014-07-15,False,4.0,0.0,A,,NS,swine_37248_2014-07-15_SRR27181624,data/IRMA/swine_37248_2014-07-15_SRR27181624/A_NS.fasta
swine,37248,2014-07-15,False,4.0,0.0,A,,PA,swine_37248_2014-07-15_SRR27181624,data/IRMA/swine_37248_2014-07-15_SRR27181624/A_PA.fasta
swine,37248,2014-07-15,False,4.0,0.0,A,,PB1,swine_37248_2014-07-15_SRR27181624,data/IRMA/swine_37248_2014-07-15_SRR27181624/A_PB1.fasta
swine,37248,2014-07-15,False,4.0,0.0,A,,PB2,swine_37248_2014-07-15_SRR27181624,data/IRMA/swine_37248_2014-07-15_SRR27181624/A_PB2.fasta
swine,37248,2014-07-15,False,4.0,0.0,A,H3,HA,swine_37248_2014-07-15_SRR27181624,data/IRMA/swine_37248_2014-07-15_SRR27181624/A_HA_H3.fasta
swine,37248,2014-07-15,False,4.0,0.0,A,N2,NA,swine_37248_2014-07-15_SRR27181624,data/IRMA/swine_37248_2014-07-15_SRR27181624/A_NA_N2.fasta
swine,37250,2014-07-16,False,5.0,0.0,A,,MP,swine_37250_2014-07-16_SRR27181387,data/IRMA/swine_37250_2014-07-16_SRR27181387/A_MP.fasta
swine,37250,2014-07-16,False,5.0,0.0,A,,NP,swine_37250_2014-07-16_SRR27181387,data/IRMA/swine_37250_2014-07-16_SRR27181387/A_NP.fasta
swine,37250,2014-07-16,False,5.0,0.0,A,,NS,swine_37250_2014-07-16_SRR27181387,data/IRMA/swine_37250_2014-07-16_SRR27181387/A_NS.fasta
swine,37250,2014-07-16,False,5.0,0.0,A,,PA,swine_37250_2014-07-16_SRR27181387,data/IRMA/swine_37250_2014-07-16_SRR27181387/A_PA.fasta
swine,37250,2014-07-16,False,5.0,0.0,A,,PB1,swine_37250_2014-07-16_SRR27181387,data/IRMA/swine_37250_2014-07-16_SRR27181387/A_PB1.fasta
swine,37250,2014-07-16,False,5.0,0.0,A,,PB2,swine_37250_2014-07-16_SRR27181387,data/IRMA/swine_37250_2014-07-16_SRR27181387/A_PB2.fasta
swine,37250,2014-07-16,False,5.0,0.0,A,H3,HA,swine_37250_2014-07-16_SRR27181387,data/IRMA/swine_37250_2014-07-16_SRR27181387/A_HA_H3.fasta
swine,37250,2014-07-16,False,5.0,0.0,A,N2,NA,swine_37250_2014-07-16_SRR27181387,data/IRMA/swine_37250_2014-07-16_SRR27181387/A_NA_N2.fasta
swine,37250,2014-07-17,False,6.0,0.0,A,,MP,swine_37250_2014-07-16_SRR27181387,data/IRMA/swine_37250_2014-07-16_SRR27181387/A_MP.fasta
swine,37250,2014-07-17,False,6.0,0.0,A,,NP,swine_37250_2014-07-16_SRR27181387,data/IRMA/swine_37250_2014-07-16_SRR27181387/A_NP.fasta
swine,37250,2014-07-17,False,6.0,0.0,A,,PA,swine_37250_2014-07-16_SRR27181387,data/IRMA/swine_37250_2014-07-16_SRR27181387/A_PA.fasta
swine,37250,2014-07-17,False,6.0,0.0,A,,PB1,swine_37250_2014-07-16_SRR27181387,data/IRMA/swine_37250_2014-07-16_SRR27181387/A_PB1.fasta
swine,37250,2014-07-17,False,6.0,0.0,A,,PB2,swine_37250_2014-07-16_SRR27181387,data/IRMA/swine_37250_2014-07-16_SRR27181387/A_PB2.fasta
swine,37250,2014-07-17,False,6.0,0.0,A,H3,HA,swine_37250_2014-07-16_SRR27181387,data/IRMA/swine_37250_2014-07-16_SRR27181387/A_HA_H3.fasta
swine,37250,2014-07-17,False,6.0,0.0,A,N2,NA,swine_37250_2014-07-16_SRR27181387,data/IRMA/swine_37250_2014-07-16_SRR27181387/A_NA_N2.fasta
swine,37260,2014-07-17,False,6.0,0.0,A,,MP,swine_37260_2014-07-16_SRR27181172,data/IRMA/swine_37260_2014-07-16_SRR27181172/A_MP.fasta
swine,37260,2014-07-17,False,6.0,0.0,A,,NP,swine_37260_2014-07-16_SRR27181172,data/IRMA/swine_37260_2014-07-16_SRR27181172/A_NP.fasta
swine,37260,2014-07-17,False,6.0,0.0,A,,NS,swine_37260_2014-07-16_SRR27181172,data/IRMA/swine_37260_2014-07-16_SRR27181172/A_NS.fasta
swine,37260,2014-07-17,False,6.0,0.0,A,,PA,swine_37260_2014-07-16_SRR27181172,data/IRMA/swine_37260_2014-07-16_SRR27181172/A_PA.fasta
swine,37260,2014-07-17,False,6.0,0.0,A,,PB1,swine_37260_2014-07-16_SRR27181172,data/IRMA/swine_37260_2014-07-16_SRR27181172/A_PB1.fasta
swine,37260,2014-07-17,False,6.0,0.0,A,,PB2,swine_37260_2014-07-16_SRR27181172,data/IRMA/swine_37260_2014-07-16_SRR27181172/A_PB2.fasta
swine,37260,2014-07-17,False,6.0,0.0,A,H3,HA,swine_37260_2014-07-16_SRR27181172,data/IRMA/swine_37260_2014-07-16_SRR27181172/A_HA_H3.fasta
swine,37260,2014-07-17,False,6.0,0.0,A,N2,NA,swine_37260_2014-07-16_SRR27181172,data/IRMA/swine_37260_2014-07-16_SRR27181172/A_NA_N2.fasta
swine,37260,2014-07-16,False,5.0,0.0,A,,MP,swine_37260_2014-07-16_SRR27181172,data/IRMA/swine_37260_2014-07-16_SRR27181172/A_MP.fasta
swine,37260,2014-07-16,False,5.0,0.0,A,,NS,swine_37260_2014-07-16_SRR27181172,data/IRMA/swine_37260_2014-07-16_SRR27181172/A_NS.fasta
swine,37260,2014-07-16,False,5.0,0.0,A,,PA,swine_37260_2014-07-16_SRR27181172,data/IRMA/swine_37260_2014-07-16_SRR27181172/A_PA.fasta
swine,37260,2014-07-16,False,5.0,0.0,A,,PB1,swine_37260_2014-07-16_SRR27181172,data/IRMA/swine_37260_2014-07-16_SRR27181172/A_PB1.fasta
swine,37260,2014-07-16,False,5.0,0.0,A,,PB2,swine_37260_2014-07-16_SRR27181172,data/IRMA/swine_37260_2014-07-16_SRR27181172/A_PB2.fasta
swine,37260,2014-07-16,False,5.0,0.0,A,H3,HA,swine_37260_2014-07-16_SRR27181172,data/IRMA/swine_37260_2014-07-16_SRR27181172/A_HA_H3.fasta
swine,37260,2014-07-16,False,5.0,0.0,A,N2,NA,swine_37260_2014-07-16_SRR27181172,data/IRMA/swine_37260_2014-07-16_SRR27181172/A_NA_N2.fasta
swine,37262,2014-07-16,False,5.0,0.0,A,,MP,swine_37262_2014-07-15_SRR27181435,data/IRMA/swine_37262_2014-07-15_SRR27181435/A_MP.fasta
swine,37262,2014-07-16,False,5.0,0.0,A,,NP,swine_37262_2014-07-15_SRR27181435,data/IRMA/swine_37262_2014-07-15_SRR27181435/A_NP.fasta
swine,37262,2014-07-16,False,5.0,0.0,A,,NS,swine_37262_2014-07-15_SRR27181435,data/IRMA/swine_37262_2014-07-15_SRR27181435/A_NS.fasta
swine,37262,2014-07-16,False,5.0,0.0,A,,PA,swine_37262_2014-07-15_SRR27181435,data/IRMA/swine_37262_2014-07-15_SRR27181435/A_PA.fasta
swine,37262,2014-07-16,False,5.0,0.0,A,,PB1,swine_37262_2014-07-15_SRR27181435,data/IRMA/swine_37262_2014-07-15_SRR27181435/A_PB1.fasta
swine,37262,2014-07-16,False,5.0,0.0,A,,PB2,swine_37262_2014-07-15_SRR27181435,data/IRMA/swine_37262_2014-07-15_SRR27181435/A_PB2.fasta
swine,37262,2014-07-16,False,5.0,0.0,A,H1,HA,swine_37262_2014-07-15_SRR27181435,data/IRMA/swine_37262_2014-07-15_SRR27181435/A_HA_H1.fasta
swine,37262,2014-07-16,False,5.0,0.0,A,N1,NA,swine_37262_2014-07-15_SRR27181435,data/IRMA/swine_37262_2014-07-15_SRR27181435/A_NA_N1.fasta
swine,37262,2014-07-15,False,4.0,0.0,A,,MP,swine_37262_2014-07-15_SRR27181435,data/IRMA/swine_37262_2014-07-15_SRR27181435/A_MP.fasta
swine,37262,2014-07-15,False,4.0,0.0,A,,NP,swine_37262_2014-07-15_SRR27181435,data/IRMA/swine_37262_2014-07-15_SRR27181435/A_NP.fasta
swine,37262,2014-07-15,False,4.0,0.0,A,,NS,swine_37262_2014-07-15_SRR27181435,data/IRMA/swine_37262_2014-07-15_SRR27181435/A_NS.fasta
swine,37262,2014-07-15,False,4.0,0.0,A,,PA,swine_37262_2014-07-15_SRR27181435,data/IRMA/swine_37262_2014-07-15_SRR27181435/A_PA.fasta
swine,37262,2014-07-15,False,4.0,0.0,A,,PB1,swine_37262_2014-07-15_SRR27181435,data/IRMA/swine_37262_2014-07-15_SRR27181435/A_PB1.fasta
swine,37262,2014-07-15,False,4.0,0.0,A,,PB2,swine_37262_2014-07-15_SRR27181435,data/IRMA/swine_37262_2014-07-15_SRR27181435/A_PB2.fasta
swine,37262,2014-07-15,False,4.0,0.0,A,H1,HA,swine_37262_2014-07-15_SRR27181435,data/IRMA/swine_37262_2014-07-15_SRR27181435/A_HA_H1.fasta
swine,37262,2014-07-15,False,4.0,0.0,A,N1,NA,swine_37262_2014-07-15_SRR27181435,data/IRMA/swine_37262_2014-07-15_SRR27181435/A_NA_N1.fasta
swine,37271,2014-07-15,False,4.0,0.0,A,,MP,swine_37271_2014-07-15_SRR27180990,data/IRMA/swine_37271_2014-07-15_SRR27180990/A_MP.fasta
swine,37271,2014-07-15,False,4.0,0.0,A,,NP,swine_37271_2014-07-15_SRR27180990,data/IRMA/swine_37271_2014-07-15_SRR27180990/A_NP.fasta
swine,37271,2014-07-15,False,4.0,0.0,A,,NS,swine_37271_2014-07-15_SRR27180990,data/IRMA/swine_37271_2014-07-15_SRR27180990/A_NS.fasta
swine,37271,2014-07-15,False,4.0,0.0,A,,PA,swine_37271_2014-07-15_SRR27180990,data/IRMA/swine_37271_2014-07-15_SRR27180990/A_PA.fasta
swine,37271,2014-07-15,False,4.0,0.0,A,,PB1,swine_37271_2014-07-15_SRR27180990,data/IRMA/swine_37271_2014-07-15_SRR27180990/A_PB1.fasta
swine,37271,2014-07-15,False,4.0,0.0,A,,PB2,swine_37271_2014-07-15_SRR27180990,data/IRMA/swine_37271_2014-07-15_SRR27180990/A_PB2.fasta
swine,37271,2014-07-15,False,4.0,0.0,A,H3,HA,swine_37271_2014-07-15_SRR27180990,data/IRMA/swine_37271_2014-07-15_SRR27180990/A_HA_H3.fasta
swine,37271,2014-07-15,False,4.0,0.0,A,N2,NA,swine_37271_2014-07-15_SRR27180990,data/IRMA/swine_37271_2014-07-15_SRR27180990/A_NA_N2.fasta
swine,37271,2014-07-17,False,6.0,0.0,A,,MP,swine_37271_2014-07-15_SRR27180990,data/IRMA/swine_37271_2014-07-15_SRR27180990/A_MP.fasta
swine,37271,2014-07-17,False,6.0,0.0,A,,NP,swine_37271_2014-07-15_SRR27180990,data/IRMA/swine_37271_2014-07-15_SRR27180990/A_NP.fasta
swine,37271,2014-07-17,False,6.0,0.0,A,,NS,swine_37271_2014-07-15_SRR27180990,data/IRMA/swine_37271_2014-07-15_SRR27180990/A_NS.fasta
swine,37271,2014-07-17,False,6.0,0.0,A,,PA,swine_37271_2014-07-15_SRR27180990,data/IRMA/swine_37271_2014-07-15_SRR27180990/A_PA.fasta
swine,37271,2014-07-17,False,6.0,0.0,A,,PB1,swine_37271_2014-07-15_SRR27180990,data/IRMA/swine_37271_2014-07-15_SRR27180990/A_PB1.fasta
swine,37271,2014-07-17,False,6.0,0.0,A,,PB2,swine_37271_2014-07-15_SRR27180990,data/IRMA/swine_37271_2014-07-15_SRR27180990/A_PB2.fasta
swine,37271,2014-07-17,False,6.0,0.0,A,H3,HA,swine_37271_2014-07-15_SRR27180990,data/IRMA/swine_37271_2014-07-15_SRR27180990/A_HA_H3.fasta
swine,37271,2014-07-17,False,6.0,0.0,A,N2,NA,swine_37271_2014-07-15_SRR27180990,data/IRMA/swine_37271_2014-07-15_SRR27180990/A_NA_N2.fasta
swine,37279,2014-07-12,False,1.0,0.0,A,,MP,swine_37279_2014-07-12_SRR27181009,data/IRMA/swine_37279_2014-07-12_SRR27181009/A_MP.fasta
swine,37279,2014-07-12,False,1.0,0.0,A,,NP,swine_37279_2014-07-12_SRR27181009,data/IRMA/swine_37279_2014-07-12_SRR27181009/A_NP.fasta
swine,37279,2014-07-12,False,1.0,0.0,A,,NS,swine_37279_2014-07-12_SRR27181009,data/IRMA/swine_37279_2014-07-12_SRR27181009/A_NS.fasta
swine,37279,2014-07-12,False,1.0,0.0,A,,PA,swine_37279_2014-07-12_SRR27181009,data/IRMA/swine_37279_2014-07-12_SRR27181009/A_PA.fasta
swine,37279,2014-07-12,False,1.0,0.0,A,,PB1,swine_37279_2014-07-12_SRR27181009,data/IRMA/swine_37279_2014-07-12_SRR27181009/A_PB1.fasta
swine,37279,2014-07-12,False,1.0,0.0,A,,PB2,swine_37279_2014-07-12_SRR27181009,data/IRMA/swine_37279_2014-07-12_SRR27181009/A_PB2.fasta
swine,37279,2014-07-12,False,1.0,0.0,A,H3,HA,swine_37279_2014-07-12_SRR27181009,data/IRMA/swine_37279_2014-07-12_SRR27181009/A_HA_H3.fasta
swine,37279,2014-07-12,False,1.0,0.0,A,N2,NA,swine_37279_2014-07-12_SRR27181009,data/IRMA/swine_37279_2014-07-12_SRR27181009/A_NA_N2.fasta
swine,37279,2014-07-16,False,5.0,0.0,A,,MP,swine_37279_2014-07-12_SRR27181009,data/IRMA/swine_37279_2014-07-12_SRR27181009/A_MP.fasta
swine,37279,2014-07-16,False,5.0,0.0,A,,NP,swine_37279_2014-07-12_SRR27181009,data/IRMA/swine_37279_2014-07-12_SRR27181009/A_NP.fasta
swine,37279,2014-07-16,False,5.0,0.0,A,,NS,swine_37279_2014-07-12_SRR27181009,data/IRMA/swine_37279_2014-07-12_SRR27181009/A_NS.fasta
swine,37279,2014-07-16,False,5.0,0.0,A,,PA,swine_37279_2014-07-12_SRR27181009,data/IRMA/swine_37279_2014-07-12_SRR27181009/A_PA.fasta
swine,37279,2014-07-16,False,5.0,0.0,A,,PB1,swine_37279_2014-07-12_SRR27181009,data/IRMA/swine_37279_2014-07-12_SRR27181009/A_PB1.fasta
swine,37279,2014-07-16,False,5.0,0.0,A,,PB2,swine_37279_2014-07-12_SRR27181009,data/IRMA/swine_37279_2014-07-12_SRR27181009/A_PB2.fasta
swine,37279,2014-07-16,False,5.0,0.0,A,H3,HA,swine_37279_2014-07-12_SRR27181009,data/IRMA/swine_37279_2014-07-12_SRR27181009/A_HA_H3.fasta
swine,37279,2014-07-16,False,5.0,0.0,A,N2,NA,swine_37279_2014-07-12_SRR27181009,data/IRMA/swine_37279_2014-07-12_SRR27181009/A_NA_N2.fasta
swine,37280,2014-07-16,False,5.0,0.0,A,,MP,swine_37280_2014-07-16_SRR27180933,data/IRMA/swine_37280_2014-07-16_SRR27180933/A_MP.fasta
swine,37280,2014-07-16,False,5.0,0.0,A,,NP,swine_37280_2014-07-16_SRR27180933,data/IRMA/swine_37280_2014-07-16_SRR27180933/A_NP.fasta
swine,37280,2014-07-16,False,5.0,0.0,A,,NS,swine_37280_2014-07-16_SRR27180933,data/IRMA/swine_37280_2014-07-16_SRR27180933/A_NS.fasta
swine,37280,2014-07-16,False,5.0,0.0,A,,PA,swine_37280_2014-07-16_SRR27180933,data/IRMA/swine_37280_2014-07-16_SRR27180933/A_PA.fasta
swine,37280,2014-07-16,False,5.0,0.0,A,,PB1,swine_37280_2014-07-16_SRR27180933,data/IRMA/swine_37280_2014-07-16_SRR27180933/A_PB1.fasta
swine,37280,2014-07-16,False,5.0,0.0,A,,PB2,swine_37280_2014-07-16_SRR27180933,data/IRMA/swine_37280_2014-07-16_SRR27180933/A_PB2.fasta
swine,37280,2014-07-16,False,5.0,0.0,A,H3,HA,swine_37280_2014-07-16_SRR27180933,data/IRMA/swine_37280_2014-07-16_SRR27180933/A_HA_H3.fasta
swine,37280,2014-07-16,False,5.0,0.0,A,N2,NA,swine_37280_2014-07-16_SRR27180933,data/IRMA/swine_37280_2014-07-16_SRR27180933/A_NA_N2.fasta
swine,37280,2014-07-17,False,6.0,0.0,A,,MP,swine_37280_2014-07-16_SRR27180933,data/IRMA/swine_37280_2014-07-16_SRR27180933/A_MP.fasta
swine,37280,2014-07-17,False,6.0,0.0,A,,NP,swine_37280_2014-07-16_SRR27180933,data/IRMA/swine_37280_2014-07-16_SRR27180933/A_NP.fasta
swine,37280,2014-07-17,False,6.0,0.0,A,,NS,swine_37280_2014-07-16_SRR27180933,data/IRMA/swine_37280_2014-07-16_SRR27180933/A_NS.fasta
swine,37280,2014-07-17,False,6.0,0.0,A,,PA,swine_37280_2014-07-16_SRR27180933,data/IRMA/swine_37280_2014-07-16_SRR27180933/A_PA.fasta
swine,37280,2014-07-17,False,6.0,0.0,A,,PB1,swine_37280_2014-07-16_SRR27180933,data/IRMA/swine_37280_2014-07-16_SRR27180933/A_PB1.fasta
swine,37280,2014-07-17,False,6.0,0.0,A,,PB2,swine_37280_2014-07-16_SRR27180933,data/IRMA/swine_37280_2014-07-16_SRR27180933/A_PB2.fasta
swine,37280,2014-07-17,False,6.0,0.0,A,H3,HA,swine_37280_2014-07-16_SRR27180933,data/IRMA/swine_37280_2014-07-16_SRR27180933/A_HA_H3.fasta
swine,37280,2014-07-17,False,6.0,0.0,A,N2,NA,swine_37280_2014-07-16_SRR27180933,data/IRMA/swine_37280_2014-07-16_SRR27180933/A_NA_N2.fasta
swine,37281,2014-07-16,False,5.0,0.0,A,,MP,swine_37281_2014-07-16_SRR27180932,data/IRMA/swine_37281_2014-07-16_SRR27180932/A_MP.fasta
swine,37281,2014-07-16,False,5.0,0.0,A,,NP,swine_37281_2014-07-16_SRR27180932,data/IRMA/swine_37281_2014-07-16_SRR27180932/A_NP.fasta
swine,37281,2014-07-16,False,5.0,0.0,A,,NS,swine_37281_2014-07-16_SRR27180932,data/IRMA/swine_37281_2014-07-16_SRR27180932/A_NS.fasta
swine,37281,2014-07-16,False,5.0,0.0,A,,PA,swine_37281_2014-07-16_SRR27180932,data/IRMA/swine_37281_2014-07-16_SRR27180932/A_PA.fasta
swine,37281,2014-07-16,False,5.0,0.0,A,,PB1,swine_37281_2014-07-16_SRR27180932,data/IRMA/swine_37281_2014-07-16_SRR27180932/A_PB1.fasta
swine,37281,2014-07-16,False,5.0,0.0,A,,PB2,swine_37281_2014-07-16_SRR27180932,data/IRMA/swine_37281_2014-07-16_SRR27180932/A_PB2.fasta
swine,37281,2014-07-16,False,5.0,0.0,A,H3,HA,swine_37281_2014-07-16_SRR27180932,data/IRMA/swine_37281_2014-07-16_SRR27180932/A_HA_H3.fasta
swine,37281,2014-07-16,False,5.0,0.0,A,N2,NA,swine_37281_2014-07-16_SRR27180932,data/IRMA/swine_37281_2014-07-16_SRR27180932/A_NA_N2.fasta
swine,37281,2014-07-17,False,6.0,0.0,A,,MP,swine_37281_2014-07-16_SRR27180932,data/IRMA/swine_37281_2014-07-16_SRR27180932/A_MP.fasta
swine,37281,2014-07-17,False,6.0,0.0,A,,NP,swine_37281_2014-07-16_SRR27180932,data/IRMA/swine_37281_2014-07-16_SRR27180932/A_NP.fasta
swine,37281,2014-07-17,False,6.0,0.0,A,,NS,swine_37281_2014-07-16_SRR27180932,data/IRMA/swine_37281_2014-07-16_SRR27180932/A_NS.fasta
swine,37281,2014-07-17,False,6.0,0.0,A,,PA,swine_37281_2014-07-16_SRR27180932,data/IRMA/swine_37281_2014-07-16_SRR27180932/A_PA.fasta
swine,37281,2014-07-17,False,6.0,0.0,A,,PB1,swine_37281_2014-07-16_SRR27180932,data/IRMA/swine_37281_2014-07-16_SRR27180932/A_PB1.fasta
swine,37281,2014-07-17,False,6.0,0.0,A,,PB2,swine_37281_2014-07-16_SRR27180932,data/IRMA/swine_37281_2014-07-16_SRR27180932/A_PB2.fasta
swine,37281,2014-07-17,False,6.0,0.0,A,H3,HA,swine_37281_2014-07-16_SRR27180932,data/IRMA/swine_37281_2014-07-16_SRR27180932/A_HA_H3.fasta
swine,37281,2014-07-17,False,6.0,0.0,A,N2,NA,swine_37281_2014-07-16_SRR27180932,data/IRMA/swine_37281_2014-07-16_SRR27180932/A_NA_N2.fasta
swine,37284,2014-07-17,False,6.0,0.0,A,,MP,swine_37284_2014-07-16_SRR27181599,data/IRMA/swine_37284_2014-07-16_SRR27181599/A_MP.fasta
swine,37284,2014-07-17,False,6.0,0.0,A,,NP,swine_37284_2014-07-16_SRR27181599,data/IRMA/swine_37284_2014-07-16_SRR27181599/A_NP.fasta
swine,37284,2014-07-17,False,6.0,0.0,A,,NS,swine_37284_2014-07-16_SRR27181599,data/IRMA/swine_37284_2014-07-16_SRR27181599/A_NS.fasta
swine,37284,2014-07-17,False,6.0,0.0,A,,PA,swine_37284_2014-07-16_SRR27181599,data/IRMA/swine_37284_2014-07-16_SRR27181599/A_PA.fasta
swine,37284,2014-07-17,False,6.0,0.0,A,,PB1,swine_37284_2014-07-16_SRR27181599,data/IRMA/swine_37284_2014-07-16_SRR27181599/A_PB1.fasta
swine,37284,2014-07-17,False,6.0,0.0,A,,PB2,swine_37284_2014-07-16_SRR27181599,data/IRMA/swine_37284_2014-07-16_SRR27181599/A_PB2.fasta
swine,37284,2014-07-17,False,6.0,0.0,A,H3,HA,swine_37284_2014-07-16_SRR27181599,data/IRMA/swine_37284_2014-07-16_SRR27181599/A_HA_H3.fasta
swine,37284,2014-07-17,False,6.0,0.0,A,N2,NA,swine_37284_2014-07-16_SRR27181599,data/IRMA/swine_37284_2014-07-16_SRR27181599/A_NA_N2.fasta
swine,37284,2014-07-16,False,5.0,0.0,A,,MP,swine_37284_2014-07-16_SRR27181599,data/IRMA/swine_37284_2014-07-16_SRR27181599/A_MP.fasta
swine,37284,2014-07-16,False,5.0,0.0,A,,NP,swine_37284_2014-07-16_SRR27181599,data/IRMA/swine_37284_2014-07-16_SRR27181599/A_NP.fasta
swine,37284,2014-07-16,False,5.0,0.0,A,,NS,swine_37284_2014-07-16_SRR27181599,data/IRMA/swine_37284_2014-07-16_SRR27181599/A_NS.fasta
swine,37284,2014-07-16,False,5.0,0.0,A,,PA,swine_37284_2014-07-16_SRR27181599,data/IRMA/swine_37284_2014-07-16_SRR27181599/A_PA.fasta
swine,37284,2014-07-16,False,5.0,0.0,A,,PB1,swine_37284_2014-07-16_SRR27181599,data/IRMA/swine_37284_2014-07-16_SRR27181599/A_PB1.fasta
swine,37284,2014-07-16,False,5.0,0.0,A,,PB2,swine_37284_2014-07-16_SRR27181599,data/IRMA/swine_37284_2014-07-16_SRR27181599/A_PB2.fasta
swine,37284,2014-07-16,False,5.0,0.0,A,H3,HA,swine_37284_2014-07-16_SRR27181599,data/IRMA/swine_37284_2014-07-16_SRR27181599/A_HA_H3.fasta
swine,37284,2014-07-16,False,5.0,0.0,A,N2,NA,swine_37284_2014-07-16_SRR27181599,data/IRMA/swine_37284_2014-07-16_SRR27181599/A_NA_N2.fasta
swine,37285,2014-07-16,False,5.0,0.0,A,,MP,swine_37285_2014-07-16_SRR27181181,data/IRMA/swine_37285_2014-07-16_SRR27181181/A_MP.fasta
swine,37285,2014-07-16,False,5.0,0.0,A,,NP,swine_37285_2014-07-16_SRR27181181,data/IRMA/swine_37285_2014-07-16_SRR27181181/A_NP.fasta
swine,37285,2014-07-16,False,5.0,0.0,A,,NS,swine_37285_2014-07-16_SRR27181181,data/IRMA/swine_37285_2014-07-16_SRR27181181/A_NS.fasta
swine,37285,2014-07-16,False,5.0,0.0,A,,PA,swine_37285_2014-07-16_SRR27181181,data/IRMA/swine_37285_2014-07-16_SRR27181181/A_PA.fasta
swine,37285,2014-07-16,False,5.0,0.0,A,,PB1,swine_37285_2014-07-16_SRR27181181,data/IRMA/swine_37285_2014-07-16_SRR27181181/A_PB1.fasta
swine,37285,2014-07-16,False,5.0,0.0,A,,PB2,swine_37285_2014-07-16_SRR27181181,data/IRMA/swine_37285_2014-07-16_SRR27181181/A_PB2.fasta
swine,37285,2014-07-16,False,5.0,0.0,A,H3,HA,swine_37285_2014-07-16_SRR27181181,data/IRMA/swine_37285_2014-07-16_SRR27181181/A_HA_H3.fasta
swine,37285,2014-07-16,False,5.0,0.0,A,N2,NA,swine_37285_2014-07-16_SRR27181181,data/IRMA/swine_37285_2014-07-16_SRR27181181/A_NA_N2.fasta
swine,37285,2014-07-17,False,6.0,0.0,A,,MP,swine_37285_2014-07-16_SRR27181181,data/IRMA/swine_37285_2014-07-16_SRR27181181/A_MP.fasta
swine,37285,2014-07-17,False,6.0,0.0,A,,NP,swine_37285_2014-07-16_SRR27181181,data/IRMA/swine_37285_2014-07-16_SRR27181181/A_NP.fasta
swine,37285,2014-07-17,False,6.0,0.0,A,,NS,swine_37285_2014-07-16_SRR27181181,data/IRMA/swine_37285_2014-07-16_SRR27181181/A_NS.fasta
swine,37285,2014-07-17,False,6.0,0.0,A,,PA,swine_37285_2014-07-16_SRR27181181,data/IRMA/swine_37285_2014-07-16_SRR27181181/A_PA.fasta
swine,37285,2014-07-17,False,6.0,0.0,A,,PB1,swine_37285_2014-07-16_SRR27181181,data/IRMA/swine_37285_2014-07-16_SRR27181181/A_PB1.fasta
swine,37285,2014-07-17,False,6.0,0.0,A,,PB2,swine_37285_2014-07-16_SRR27181181,data/IRMA/swine_37285_2014-07-16_SRR27181181/A_PB2.fasta
swine,37285,2014-07-17,False,6.0,0.0,A,H3,HA,swine_37285_2014-07-16_SRR27181181,data/IRMA/swine_37285_2014-07-16_SRR27181181/A_HA_H3.fasta
swine,37285,2014-07-17,False,6.0,0.0,A,N2,NA,swine_37285_2014-07-16_SRR27181181,data/IRMA/swine_37285_2014-07-16_SRR27181181/A_NA_N2.fasta
swine,37301,2014-07-17,False,6.0,0.0,A,,MP,swine_37301_2014-07-15_SRR27181438,data/IRMA/swine_37301_2014-07-15_SRR27181438/A_MP.fasta
swine,37301,2014-07-17,False,6.0,0.0,A,,NP,swine_37301_2014-07-15_SRR27181438,data/IRMA/swine_37301_2014-07-15_SRR27181438/A_NP.fasta
swine,37301,2014-07-17,False,6.0,0.0,A,,NS,swine_37301_2014-07-15_SRR27181438,data/IRMA/swine_37301_2014-07-15_SRR27181438/A_NS.fasta
swine,37301,2014-07-17,False,6.0,0.0,A,,PA,swine_37301_2014-07-15_SRR27181438,data/IRMA/swine_37301_2014-07-15_SRR27181438/A_PA.fasta
swine,37301,2014-07-17,False,6.0,0.0,A,,PB1,swine_37301_2014-07-15_SRR27181438,data/IRMA/swine_37301_2014-07-15_SRR27181438/A_PB1.fasta
swine,37301,2014-07-17,False,6.0,0.0,A,,PB2,swine_37301_2014-07-15_SRR27181438,data/IRMA/swine_37301_2014-07-15_SRR27181438/A_PB2.fasta
swine,37301,2014-07-17,False,6.0,0.0,A,H1,HA,swine_37301_2014-07-15_SRR27181438,data/IRMA/swine_37301_2014-07-15_SRR27181438/A_HA_H1.fasta
swine,37301,2014-07-17,False,6.0,0.0,A,N1,NA,swine_37301_2014-07-15_SRR27181438,data/IRMA/swine_37301_2014-07-15_SRR27181438/A_NA_N1.fasta
swine,37301,2014-07-15,False,4.0,0.0,A,,MP,swine_37301_2014-07-15_SRR27181438,data/IRMA/swine_37301_2014-07-15_SRR27181438/A_MP.fasta
swine,37301,2014-07-15,False,4.0,0.0,A,,NP,swine_37301_2014-07-15_SRR27181438,data/IRMA/swine_37301_2014-07-15_SRR27181438/A_NP.fasta
swine,37301,2014-07-15,False,4.0,0.0,A,,NS,swine_37301_2014-07-15_SRR27181438,data/IRMA/swine_37301_2014-07-15_SRR27181438/A_NS.fasta
swine,37301,2014-07-15,False,4.0,0.0,A,,PA,swine_37301_2014-07-15_SRR27181438,data/IRMA/swine_37301_2014-07-15_SRR27181438/A_PA.fasta
swine,37301,2014-07-15,False,4.0,0.0,A,,PB1,swine_37301_2014-07-15_SRR27181438,data/IRMA/swine_37301_2014-07-15_SRR27181438/A_PB1.fasta
swine,37301,2014-07-15,False,4.0,0.0,A,,PB2,swine_37301_2014-07-15_SRR27181438,data/IRMA/swine_37301_2014-07-15_SRR27181438/A_PB2.fasta
swine,37301,2014-07-15,False,4.0,0.0,A,H1,HA,swine_37301_2014-07-15_SRR27181438,data/IRMA/swine_37301_2014-07-15_SRR27181438/A_HA_H1.fasta
swine,37301,2014-07-15,False,4.0,0.0,A,N1,NA,swine_37301_2014-07-15_SRR27181438,data/IRMA/swine_37301_2014-07-15_SRR27181438/A_NA_N1.fasta
swine,37302,2014-07-17,False,6.0,0.0,A,,MP,swine_37302_2014-07-16_SRR27181601,data/IRMA/swine_37302_2014-07-16_SRR27181601/A_MP.fasta
swine,37302,2014-07-17,False,6.0,0.0,A,,NP,swine_37302_2014-07-16_SRR27181601,data/IRMA/swine_37302_2014-07-16_SRR27181601/A_NP.fasta
swine,37302,2014-07-17,False,6.0,0.0,A,,NS,swine_37302_2014-07-16_SRR27181601,data/IRMA/swine_37302_2014-07-16_SRR27181601/A_NS.fasta
swine,37302,2014-07-17,False,6.0,0.0,A,,PA,swine_37302_2014-07-16_SRR27181601,data/IRMA/swine_37302_2014-07-16_SRR27181601/A_PA.fasta
swine,37302,2014-07-17,False,6.0,0.0,A,,PB1,swine_37302_2014-07-16_SRR27181601,data/IRMA/swine_37302_2014-07-16_SRR27181601/A_PB1.fasta
swine,37302,2014-07-17,False,6.0,0.0,A,,PB2,swine_37302_2014-07-16_SRR27181601,data/IRMA/swine_37302_2014-07-16_SRR27181601/A_PB2.fasta
swine,37302,2014-07-17,False,6.0,0.0,A,H3,HA,swine_37302_2014-07-16_SRR27181601,data/IRMA/swine_37302_2014-07-16_SRR27181601/A_HA_H3.fasta
swine,37302,2014-07-17,False,6.0,0.0,A,N2,NA,swine_37302_2014-07-16_SRR27181601,data/IRMA/swine_37302_2014-07-16_SRR27181601/A_NA_N2.fasta
swine,37302,2014-07-16,False,5.0,0.0,A,,MP,swine_37302_2014-07-16_SRR27181601,data/IRMA/swine_37302_2014-07-16_SRR27181601/A_MP.fasta
swine,37302,2014-07-16,False,5.0,0.0,A,,NP,swine_37302_2014-07-16_SRR27181601,data/IRMA/swine_37302_2014-07-16_SRR27181601/A_NP.fasta
swine,37302,2014-07-16,False,5.0,0.0,A,,NS,swine_37302_2014-07-16_SRR27181601,data/IRMA/swine_37302_2014-07-16_SRR27181601/A_NS.fasta
swine,37302,2014-07-16,False,5.0,0.0,A,,PA,swine_37302_2014-07-16_SRR27181601,data/IRMA/swine_37302_2014-07-16_SRR27181601/A_PA.fasta
swine,37302,2014-07-16,False,5.0,0.0,A,,PB1,swine_37302_2014-07-16_SRR27181601,data/IRMA/swine_37302_2014-07-16_SRR27181601/A_PB1.fasta
swine,37302,2014-07-16,False,5.0,0.0,A,,PB2,swine_37302_2014-07-16_SRR27181601,data/IRMA/swine_37302_2014-07-16_SRR27181601/A_PB2.fasta
swine,37302,2014-07-16,False,5.0,0.0,A,H3,HA,swine_37302_2014-07-16_SRR27181601,data/IRMA/swine_37302_2014-07-16_SRR27181601/A_HA_H3.fasta
swine,37302,2014-07-16,False,5.0,0.0,A,N2,NA,swine_37302_2014-07-16_SRR27181601,data/IRMA/swine_37302_2014-07-16_SRR27181601/A_NA_N2.fasta
swine,37310,2014-07-17,False,6.0,0.0,A,,MP,swine_37310_2014-07-16_SRR27181614,data/IRMA/swine_37310_2014-07-16_SRR27181614/A_MP.fasta
swine,37310,2014-07-17,False,6.0,0.0,A,,NP,swine_37310_2014-07-16_SRR27181614,data/IRMA/swine_37310_2014-07-16_SRR27181614/A_NP.fasta
swine,37310,2014-07-17,False,6.0,0.0,A,,NS,swine_37310_2014-07-16_SRR27181614,data/IRMA/swine_37310_2014-07-16_SRR27181614/A_NS.fasta
swine,37310,2014-07-17,False,6.0,0.0,A,,PA,swine_37310_2014-07-16_SRR27181614,data/IRMA/swine_37310_2014-07-16_SRR27181614/A_PA.fasta
swine,37310,2014-07-17,False,6.0,0.0,A,,PB1,swine_37310_2014-07-16_SRR27181614,data/IRMA/swine_37310_2014-07-16_SRR27181614/A_PB1.fasta
swine,37310,2014-07-17,False,6.0,0.0,A,,PB2,swine_37310_2014-07-16_SRR27181614,data/IRMA/swine_37310_2014-07-16_SRR27181614/A_PB2.fasta
swine,37310,2014-07-17,False,6.0,0.0,A,H3,HA,swine_37310_2014-07-16_SRR27181614,data/IRMA/swine_37310_2014-07-16_SRR27181614/A_HA_H3.fasta
swine,37310,2014-07-17,False,6.0,0.0,A,N2,NA,swine_37310_2014-07-16_SRR27181614,data/IRMA/swine_37310_2014-07-16_SRR27181614/A_NA_N2.fasta
swine,37310,2014-07-16,False,5.0,0.0,A,,MP,swine_37310_2014-07-16_SRR27181614,data/IRMA/swine_37310_2014-07-16_SRR27181614/A_MP.fasta
swine,37310,2014-07-16,False,5.0,0.0,A,,NP,swine_37310_2014-07-16_SRR27181614,data/IRMA/swine_37310_2014-07-16_SRR27181614/A_NP.fasta
swine,37310,2014-07-16,False,5.0,0.0,A,,NS,swine_37310_2014-07-16_SRR27181614,data/IRMA/swine_37310_2014-07-16_SRR27181614/A_NS.fasta
swine,37310,2014-07-16,False,5.0,0.0,A,,PA,swine_37310_2014-07-16_SRR27181614,data/IRMA/swine_37310_2014-07-16_SRR27181614/A_PA.fasta
swine,37310,2014-07-16,False,5.0,0.0,A,,PB1,swine_37310_2014-07-16_SRR27181614,data/IRMA/swine_37310_2014-07-16_SRR27181614/A_PB1.fasta
swine,37310,2014-07-16,False,5.0,0.0,A,,PB2,swine_37310_2014-07-16_SRR27181614,data/IRMA/swine_37310_2014-07-16_SRR27181614/A_PB2.fasta
swine,37310,2014-07-16,False,5.0,0.0,A,H3,HA,swine_37310_2014-07-16_SRR27181614,data/IRMA/swine_37310_2014-07-16_SRR27181614/A_HA_H3.fasta
swine,37310,2014-07-16,False,5.0,0.0,A,N2,NA,swine_37310_2014-07-16_SRR27181614,data/IRMA/swine_37310_2014-07-16_SRR27181614/A_NA_N2.fasta
swine,37317,2014-07-17,False,6.0,0.0,A,,MP,swine_37317_2014-07-14_SRR27181651,data/IRMA/swine_37317_2014-07-14_SRR27181651/A_MP.fasta
swine,37317,2014-07-17,False,6.0,0.0,A,,NP,swine_37317_2014-07-14_SRR27181651,data/IRMA/swine_37317_2014-07-14_SRR27181651/A_NP.fasta
swine,37317,2014-07-17,False,6.0,0.0,A,,PA,swine_37317_2014-07-14_SRR27181651,data/IRMA/swine_37317_2014-07-14_SRR27181651/A_PA.fasta
swine,37317,2014-07-17,False,6.0,0.0,A,,PB1,swine_37317_2014-07-14_SRR27181651,data/IRMA/swine_37317_2014-07-14_SRR27181651/A_PB1.fasta
swine,37317,2014-07-17,False,6.0,0.0,A,,PB2,swine_37317_2014-07-14_SRR27181651,data/IRMA/swine_37317_2014-07-14_SRR27181651/A_PB2.fasta
swine,37317,2014-07-17,False,6.0,0.0,A,H3,HA,swine_37317_2014-07-14_SRR27181651,data/IRMA/swine_37317_2014-07-14_SRR27181651/A_HA_H3.fasta
swine,37317,2014-07-17,False,6.0,0.0,A,N2,NA,swine_37317_2014-07-14_SRR27181651,data/IRMA/swine_37317_2014-07-14_SRR27181651/A_NA_N2.fasta
swine,37317,2014-07-14,False,3.0,0.0,A,,MP,swine_37317_2014-07-14_SRR27181651,data/IRMA/swine_37317_2014-07-14_SRR27181651/A_MP.fasta
swine,37317,2014-07-14,False,3.0,0.0,A,,NP,swine_37317_2014-07-14_SRR27181651,data/IRMA/swine_37317_2014-07-14_SRR27181651/A_NP.fasta
swine,37317,2014-07-14,False,3.0,0.0,A,,NS,swine_37317_2014-07-14_SRR27181651,data/IRMA/swine_37317_2014-07-14_SRR27181651/A_NS.fasta
swine,37317,2014-07-14,False,3.0,0.0,A,,PA,swine_37317_2014-07-14_SRR27181651,data/IRMA/swine_37317_2014-07-14_SRR27181651/A_PA.fasta
swine,37317,2014-07-14,False,3.0,0.0,A,,PB1,swine_37317_2014-07-14_SRR27181651,data/IRMA/swine_37317_2014-07-14_SRR27181651/A_PB1.fasta
swine,37317,2014-07-14,False,3.0,0.0,A,,PB2,swine_37317_2014-07-14_SRR27181651,data/IRMA/swine_37317_2014-07-14_SRR27181651/A_PB2.fasta
swine,37317,2014-07-14,False,3.0,0.0,A,H3,HA,swine_37317_2014-07-14_SRR27181651,data/IRMA/swine_37317_2014-07-14_SRR27181651/A_HA_H3.fasta
swine,37317,2014-07-14,False,3.0,0.0,A,N2,NA,swine_37317_2014-07-14_SRR27181651,data/IRMA/swine_37317_2014-07-14_SRR27181651/A_NA_N2.fasta
swine,37318,2014-07-16,False,5.0,0.0,A,,MP,swine_37318_2014-07-16_SRR27180931,data/IRMA/swine_37318_2014-07-16_SRR27180931/A_MP.fasta
swine,37318,2014-07-16,False,5.0,0.0,A,,NP,swine_37318_2014-07-16_SRR27180931,data/IRMA/swine_37318_2014-07-16_SRR27180931/A_NP.fasta
swine,37318,2014-07-16,False,5.0,0.0,A,,PA,swine_37318_2014-07-16_SRR27180931,data/IRMA/swine_37318_2014-07-16_SRR27180931/A_PA.fasta
swine,37318,2014-07-16,False,5.0,0.0,A,,PB1,swine_37318_2014-07-16_SRR27180931,data/IRMA/swine_37318_2014-07-16_SRR27180931/A_PB1.fasta
swine,37318,2014-07-16,False,5.0,0.0,A,,PB2,swine_37318_2014-07-16_SRR27180931,data/IRMA/swine_37318_2014-07-16_SRR27180931/A_PB2.fasta
swine,37318,2014-07-16,False,5.0,0.0,A,H3,HA,swine_37318_2014-07-16_SRR27180931,data/IRMA/swine_37318_2014-07-16_SRR27180931/A_HA_H3.fasta
swine,37318,2014-07-16,False,5.0,0.0,A,N2,NA,swine_37318_2014-07-16_SRR27180931,data/IRMA/swine_37318_2014-07-16_SRR27180931/A_NA_N2.fasta
swine,37318,2014-07-17,False,6.0,0.0,A,,MP,swine_37318_2014-07-16_SRR27180931,data/IRMA/swine_37318_2014-07-16_SRR27180931/A_MP.fasta
swine,37318,2014-07-17,False,6.0,0.0,A,,NP,swine_37318_2014-07-16_SRR27180931,data/IRMA/swine_37318_2014-07-16_SRR27180931/A_NP.fasta
swine,37318,2014-07-17,False,6.0,0.0,A,,NS,swine_37318_2014-07-16_SRR27180931,data/IRMA/swine_37318_2014-07-16_SRR27180931/A_NS.fasta
swine,37318,2014-07-17,False,6.0,0.0,A,,PA,swine_37318_2014-07-16_SRR27180931,data/IRMA/swine_37318_2014-07-16_SRR27180931/A_PA.fasta
swine,37318,2014-07-17,False,6.0,0.0,A,,PB1,swine_37318_2014-07-16_SRR27180931,data/IRMA/swine_37318_2014-07-16_SRR27180931/A_PB1.fasta
swine,37318,2014-07-17,False,6.0,0.0,A,,PB2,swine_37318_2014-07-16_SRR27180931,data/IRMA/swine_37318_2014-07-16_SRR27180931/A_PB2.fasta
swine,37318,2014-07-17,False,6.0,0.0,A,H3,HA,swine_37318_2014-07-16_SRR27180931,data/IRMA/swine_37318_2014-07-16_SRR27180931/A_HA_H3.fasta
swine,37318,2014-07-17,False,6.0,0.0,A,N2,NA,swine_37318_2014-07-16_SRR27180931,data/IRMA/swine_37318_2014-07-16_SRR27180931/A_NA_N2.fasta
swine,37319,2014-07-17,False,6.0,0.0,A,,MP,swine_37319_2014-07-16_SRR27181396,data/IRMA/swine_37319_2014-07-16_SRR27181396/A_MP.fasta
swine,37319,2014-07-17,False,6.0,0.0,A,,NP,swine_37319_2014-07-16_SRR27181396,data/IRMA/swine_37319_2014-07-16_SRR27181396/A_NP.fasta
swine,37319,2014-07-17,False,6.0,0.0,A,,NS,swine_37319_2014-07-16_SRR27181396,data/IRMA/swine_37319_2014-07-16_SRR27181396/A_NS.fasta
swine,37319,2014-07-17,False,6.0,0.0,A,,PA,swine_37319_2014-07-16_SRR27181396,data/IRMA/swine_37319_2014-07-16_SRR27181396/A_PA.fasta
swine,37319,2014-07-17,False,6.0,0.0,A,,PB1,swine_37319_2014-07-16_SRR27181396,data/IRMA/swine_37319_2014-07-16_SRR27181396/A_PB1.fasta
swine,37319,2014-07-17,False,6.0,0.0,A,,PB2,swine_37319_2014-07-16_SRR27181396,data/IRMA/swine_37319_2014-07-16_SRR27181396/A_PB2.fasta
swine,37319,2014-07-17,False,6.0,0.0,A,H3,HA,swine_37319_2014-07-16_SRR27181396,data/IRMA/swine_37319_2014-07-16_SRR27181396/A_HA_H3.fasta
swine,37319,2014-07-17,False,6.0,0.0,A,N2,NA,swine_37319_2014-07-16_SRR27181396,data/IRMA/swine_37319_2014-07-16_SRR27181396/A_NA_N2.fasta
swine,37319,2014-07-16,False,5.0,0.0,A,,MP,swine_37319_2014-07-16_SRR27181396,data/IRMA/swine_37319_2014-07-16_SRR27181396/A_MP.fasta
swine,37319,2014-07-16,False,5.0,0.0,A,,NP,swine_37319_2014-07-16_SRR27181396,data/IRMA/swine_37319_2014-07-16_SRR27181396/A_NP.fasta
swine,37319,2014-07-16,False,5.0,0.0,A,,PA,swine_37319_2014-07-16_SRR27181396,data/IRMA/swine_37319_2014-07-16_SRR27181396/A_PA.fasta
swine,37319,2014-07-16,False,5.0,0.0,A,,PB1,swine_37319_2014-07-16_SRR27181396,data/IRMA/swine_37319_2014-07-16_SRR27181396/A_PB1.fasta
swine,37319,2014-07-16,False,5.0,0.0,A,,PB2,swine_37319_2014-07-16_SRR27181396,data/IRMA/swine_37319_2014-07-16_SRR27181396/A_PB2.fasta
swine,37319,2014-07-16,False,5.0,0.0,A,H3,HA,swine_37319_2014-07-16_SRR27181396,data/IRMA/swine_37319_2014-07-16_SRR27181396/A_HA_H3.fasta
swine,37319,2014-07-16,False,5.0,0.0,A,N2,NA,swine_37319_2014-07-16_SRR27181396,data/IRMA/swine_37319_2014-07-16_SRR27181396/A_NA_N2.fasta
swine,37330,2014-07-14,False,3.0,0.0,A,,MP,swine_37330_2014-07-14_SRR27180993,data/IRMA/swine_37330_2014-07-14_SRR27180993/A_MP.fasta
swine,37330,2014-07-14,False,3.0,0.0,A,,NP,swine_37330_2014-07-14_SRR27180993,data/IRMA/swine_37330_2014-07-14_SRR27180993/A_NP.fasta
swine,37330,2014-07-14,False,3.0,0.0,A,,NS,swine_37330_2014-07-14_SRR27180993,data/IRMA/swine_37330_2014-07-14_SRR27180993/A_NS.fasta
swine,37330,2014-07-14,False,3.0,0.0,A,,PA,swine_37330_2014-07-14_SRR27180993,data/IRMA/swine_37330_2014-07-14_SRR27180993/A_PA.fasta
swine,37330,2014-07-14,False,3.0,0.0,A,,PB1,swine_37330_2014-07-14_SRR27180993,data/IRMA/swine_37330_2014-07-14_SRR27180993/A_PB1.fasta
swine,37330,2014-07-14,False,3.0,0.0,A,,PB2,swine_37330_2014-07-14_SRR27180993,data/IRMA/swine_37330_2014-07-14_SRR27180993/A_PB2.fasta
swine,37330,2014-07-14,False,3.0,0.0,A,H3,HA,swine_37330_2014-07-14_SRR27180993,data/IRMA/swine_37330_2014-07-14_SRR27180993/A_HA_H3.fasta
swine,37330,2014-07-14,False,3.0,0.0,A,N2,NA,swine_37330_2014-07-14_SRR27180993,data/IRMA/swine_37330_2014-07-14_SRR27180993/A_NA_N2.fasta
swine,37330,2014-07-17,False,6.0,0.0,A,,MP,swine_37330_2014-07-14_SRR27180993,data/IRMA/swine_37330_2014-07-14_SRR27180993/A_MP.fasta
swine,37330,2014-07-17,False,6.0,0.0,A,,NP,swine_37330_2014-07-14_SRR27180993,data/IRMA/swine_37330_2014-07-14_SRR27180993/A_NP.fasta
swine,37330,2014-07-17,False,6.0,0.0,A,,NS,swine_37330_2014-07-14_SRR27180993,data/IRMA/swine_37330_2014-07-14_SRR27180993/A_NS.fasta
swine,37330,2014-07-17,False,6.0,0.0,A,,PA,swine_37330_2014-07-14_SRR27180993,data/IRMA/swine_37330_2014-07-14_SRR27180993/A_PA.fasta
swine,37330,2014-07-17,False,6.0,0.0,A,,PB1,swine_37330_2014-07-14_SRR27180993,data/IRMA/swine_37330_2014-07-14_SRR27180993/A_PB1.fasta
swine,37330,2014-07-17,False,6.0,0.0,A,,PB2,swine_37330_2014-07-14_SRR27180993,data/IRMA/swine_37330_2014-07-14_SRR27180993/A_PB2.fasta
swine,37330,2014-07-17,False,6.0,0.0,A,H3,HA,swine_37330_2014-07-14_SRR27180993,data/IRMA/swine_37330_2014-07-14_SRR27180993/A_HA_H3.fasta
swine,37330,2014-07-17,False,6.0,0.0,A,N2,NA,swine_37330_2014-07-14_SRR27180993,data/IRMA/swine_37330_2014-07-14_SRR27180993/A_NA_N2.fasta
swine,37331,2014-07-16,False,5.0,0.0,A,,MP,swine_37331_2014-07-16_SRR27181389,data/IRMA/swine_37331_2014-07-16_SRR27181389/A_MP.fasta
swine,37331,2014-07-16,False,5.0,0.0,A,,NP,swine_37331_2014-07-16_SRR27181389,data/IRMA/swine_37331_2014-07-16_SRR27181389/A_NP.fasta
swine,37331,2014-07-16,False,5.0,0.0,A,,NS,swine_37331_2014-07-16_SRR27181389,data/IRMA/swine_37331_2014-07-16_SRR27181389/A_NS.fasta
swine,37331,2014-07-16,False,5.0,0.0,A,,PA,swine_37331_2014-07-16_SRR27181389,data/IRMA/swine_37331_2014-07-16_SRR27181389/A_PA.fasta
swine,37331,2014-07-16,False,5.0,0.0,A,,PB1,swine_37331_2014-07-16_SRR27181389,data/IRMA/swine_37331_2014-07-16_SRR27181389/A_PB1.fasta
swine,37331,2014-07-16,False,5.0,0.0,A,,PB2,swine_37331_2014-07-16_SRR27181389,data/IRMA/swine_37331_2014-07-16_SRR27181389/A_PB2.fasta
swine,37331,2014-07-16,False,5.0,0.0,A,H3,HA,swine_37331_2014-07-16_SRR27181389,data/IRMA/swine_37331_2014-07-16_SRR27181389/A_HA_H3.fasta
swine,37331,2014-07-16,False,5.0,0.0,A,N2,NA,swine_37331_2014-07-16_SRR27181389,data/IRMA/swine_37331_2014-07-16_SRR27181389/A_NA_N2.fasta
swine,37331,2014-07-17,False,6.0,0.0,A,,MP,swine_37331_2014-07-16_SRR27181389,data/IRMA/swine_37331_2014-07-16_SRR27181389/A_MP.fasta
swine,37331,2014-07-17,False,6.0,0.0,A,,NP,swine_37331_2014-07-16_SRR27181389,data/IRMA/swine_37331_2014-07-16_SRR27181389/A_NP.fasta
swine,37331,2014-07-17,False,6.0,0.0,A,,NS,swine_37331_2014-07-16_SRR27181389,data/IRMA/swine_37331_2014-07-16_SRR27181389/A_NS.fasta
swine,37331,2014-07-17,False,6.0,0.0,A,,PA,swine_37331_2014-07-16_SRR27181389,data/IRMA/swine_37331_2014-07-16_SRR27181389/A_PA.fasta
swine,37331,2014-07-17,False,6.0,0.0,A,,PB1,swine_37331_2014-07-16_SRR27181389,data/IRMA/swine_37331_2014-07-16_SRR27181389/A_PB1.fasta
swine,37331,2014-07-17,False,6.0,0.0,A,,PB2,swine_37331_2014-07-16_SRR27181389,data/IRMA/swine_37331_2014-07-16_SRR27181389/A_PB2.fasta
swine,37331,2014-07-17,False,6.0,0.0,A,H3,HA,swine_37331_2014-07-16_SRR27181389,data/IRMA/swine_37331_2014-07-16_SRR27181389/A_HA_H3.fasta
swine,37331,2014-07-17,False,6.0,0.0,A,N2,NA,swine_37331_2014-07-16_SRR27181389,data/IRMA/swine_37331_2014-07-16_SRR27181389/A_NA_N2.fasta
swine,37334,2014-07-17,False,6.0,0.0,A,,MP,swine_37334_2014-07-16_SRR27181377,data/IRMA/swine_37334_2014-07-16_SRR27181377/A_MP.fasta
swine,37334,2014-07-17,False,6.0,0.0,A,,NP,swine_37334_2014-07-16_SRR27181377,data/IRMA/swine_37334_2014-07-16_SRR27181377/A_NP.fasta
swine,37334,2014-07-17,False,6.0,0.0,A,,NS,swine_37334_2014-07-16_SRR27181377,data/IRMA/swine_37334_2014-07-16_SRR27181377/A_NS.fasta
swine,37334,2014-07-17,False,6.0,0.0,A,,PA,swine_37334_2014-07-16_SRR27181377,data/IRMA/swine_37334_2014-07-16_SRR27181377/A_PA.fasta
swine,37334,2014-07-17,False,6.0,0.0,A,,PB1,swine_37334_2014-07-16_SRR27181377,data/IRMA/swine_37334_2014-07-16_SRR27181377/A_PB1.fasta
swine,37334,2014-07-17,False,6.0,0.0,A,,PB2,swine_37334_2014-07-16_SRR27181377,data/IRMA/swine_37334_2014-07-16_SRR27181377/A_PB2.fasta
swine,37334,2014-07-17,False,6.0,0.0,A,H3,HA,swine_37334_2014-07-16_SRR27181377,data/IRMA/swine_37334_2014-07-16_SRR27181377/A_HA_H3.fasta
swine,37334,2014-07-17,False,6.0,0.0,A,N2,NA,swine_37334_2014-07-16_SRR27181377,data/IRMA/swine_37334_2014-07-16_SRR27181377/A_NA_N2.fasta
swine,37334,2014-07-16,False,5.0,0.0,A,,MP,swine_37334_2014-07-16_SRR27181377,data/IRMA/swine_37334_2014-07-16_SRR27181377/A_MP.fasta
swine,37334,2014-07-16,False,5.0,0.0,A,,NP,swine_37334_2014-07-16_SRR27181377,data/IRMA/swine_37334_2014-07-16_SRR27181377/A_NP.fasta
swine,37334,2014-07-16,False,5.0,0.0,A,,NS,swine_37334_2014-07-16_SRR27181377,data/IRMA/swine_37334_2014-07-16_SRR27181377/A_NS.fasta
swine,37334,2014-07-16,False,5.0,0.0,A,,PA,swine_37334_2014-07-16_SRR27181377,data/IRMA/swine_37334_2014-07-16_SRR27181377/A_PA.fasta
swine,37334,2014-07-16,False,5.0,0.0,A,,PB1,swine_37334_2014-07-16_SRR27181377,data/IRMA/swine_37334_2014-07-16_SRR27181377/A_PB1.fasta
swine,37334,2014-07-16,False,5.0,0.0,A,,PB2,swine_37334_2014-07-16_SRR27181377,data/IRMA/swine_37334_2014-07-16_SRR27181377/A_PB2.fasta
swine,37334,2014-07-16,False,5.0,0.0,A,H3,HA,swine_37334_2014-07-16_SRR27181377,data/IRMA/swine_37334_2014-07-16_SRR27181377/A_HA_H3.fasta
swine,37334,2014-07-16,False,5.0,0.0,A,N2,NA,swine_37334_2014-07-16_SRR27181377,data/IRMA/swine_37334_2014-07-16_SRR27181377/A_NA_N2.fasta
swine,37337,2014-07-17,False,6.0,0.0,A,,MP,swine_37337_2014-07-16_SRR27180938,data/IRMA/swine_37337_2014-07-16_SRR27180938/A_MP.fasta
swine,37337,2014-07-17,False,6.0,0.0,A,,NP,swine_37337_2014-07-16_SRR27180938,data/IRMA/swine_37337_2014-07-16_SRR27180938/A_NP.fasta
swine,37337,2014-07-17,False,6.0,0.0,A,,NS,swine_37337_2014-07-16_SRR27180938,data/IRMA/swine_37337_2014-07-16_SRR27180938/A_NS.fasta
swine,37337,2014-07-17,False,6.0,0.0,A,,PA,swine_37337_2014-07-16_SRR27180938,data/IRMA/swine_37337_2014-07-16_SRR27180938/A_PA.fasta
swine,37337,2014-07-17,False,6.0,0.0,A,,PB1,swine_37337_2014-07-16_SRR27180938,data/IRMA/swine_37337_2014-07-16_SRR27180938/A_PB1.fasta
swine,37337,2014-07-17,False,6.0,0.0,A,,PB2,swine_37337_2014-07-16_SRR27180938,data/IRMA/swine_37337_2014-07-16_SRR27180938/A_PB2.fasta
swine,37337,2014-07-17,False,6.0,0.0,A,H3,HA,swine_37337_2014-07-16_SRR27180938,data/IRMA/swine_37337_2014-07-16_SRR27180938/A_HA_H3.fasta
swine,37337,2014-07-17,False,6.0,0.0,A,N2,NA,swine_37337_2014-07-16_SRR27180938,data/IRMA/swine_37337_2014-07-16_SRR27180938/A_NA_N2.fasta
swine,37337,2014-07-16,False,5.0,0.0,A,,MP,swine_37337_2014-07-16_SRR27180938,data/IRMA/swine_37337_2014-07-16_SRR27180938/A_MP.fasta
swine,37337,2014-07-16,False,5.0,0.0,A,,NP,swine_37337_2014-07-16_SRR27180938,data/IRMA/swine_37337_2014-07-16_SRR27180938/A_NP.fasta
swine,37337,2014-07-16,False,5.0,0.0,A,,NS,swine_37337_2014-07-16_SRR27180938,data/IRMA/swine_37337_2014-07-16_SRR27180938/A_NS.fasta
swine,37337,2014-07-16,False,5.0,0.0,A,,PA,swine_37337_2014-07-16_SRR27180938,data/IRMA/swine_37337_2014-07-16_SRR27180938/A_PA.fasta
swine,37337,2014-07-16,False,5.0,0.0,A,,PB1,swine_37337_2014-07-16_SRR27180938,data/IRMA/swine_37337_2014-07-16_SRR27180938/A_PB1.fasta
swine,37337,2014-07-16,False,5.0,0.0,A,,PB2,swine_37337_2014-07-16_SRR27180938,data/IRMA/swine_37337_2014-07-16_SRR27180938/A_PB2.fasta
swine,37337,2014-07-16,False,5.0,0.0,A,H3,HA,swine_37337_2014-07-16_SRR27180938,data/IRMA/swine_37337_2014-07-16_SRR27180938/A_HA_H3.fasta
swine,37337,2014-07-16,False,5.0,0.0,A,N2,NA,swine_37337_2014-07-16_SRR27180938,data/IRMA/swine_37337_2014-07-16_SRR27180938/A_NA_N2.fasta
swine,37340,2014-07-16,False,5.0,0.0,A,,MP,swine_37340_2014-07-16_SRR27180986,data/IRMA/swine_37340_2014-07-16_SRR27180986/A_MP.fasta
swine,37340,2014-07-16,False,5.0,0.0,A,,NP,swine_37340_2014-07-16_SRR27180986,data/IRMA/swine_37340_2014-07-16_SRR27180986/A_NP.fasta
swine,37340,2014-07-16,False,5.0,0.0,A,,NS,swine_37340_2014-07-16_SRR27180986,data/IRMA/swine_37340_2014-07-16_SRR27180986/A_NS.fasta
swine,37340,2014-07-16,False,5.0,0.0,A,,PA,swine_37340_2014-07-16_SRR27180986,data/IRMA/swine_37340_2014-07-16_SRR27180986/A_PA.fasta
swine,37340,2014-07-16,False,5.0,0.0,A,,PB1,swine_37340_2014-07-16_SRR27180986,data/IRMA/swine_37340_2014-07-16_SRR27180986/A_PB1.fasta
swine,37340,2014-07-16,False,5.0,0.0,A,,PB2,swine_37340_2014-07-16_SRR27180986,data/IRMA/swine_37340_2014-07-16_SRR27180986/A_PB2.fasta
swine,37340,2014-07-16,False,5.0,0.0,A,H3,HA,swine_37340_2014-07-16_SRR27180986,data/IRMA/swine_37340_2014-07-16_SRR27180986/A_HA_H3.fasta
swine,37340,2014-07-16,False,5.0,0.0,A,N2,NA,swine_37340_2014-07-16_SRR27180986,data/IRMA/swine_37340_2014-07-16_SRR27180986/A_NA_N2.fasta
swine,37340,2014-07-17,False,6.0,0.0,A,,MP,swine_37340_2014-07-16_SRR27180986,data/IRMA/swine_37340_2014-07-16_SRR27180986/A_MP.fasta
swine,37340,2014-07-17,False,6.0,0.0,A,,NP,swine_37340_2014-07-16_SRR27180986,data/IRMA/swine_37340_2014-07-16_SRR27180986/A_NP.fasta
swine,37340,2014-07-17,False,6.0,0.0,A,,NS,swine_37340_2014-07-16_SRR27180986,data/IRMA/swine_37340_2014-07-16_SRR27180986/A_NS.fasta
swine,37340,2014-07-17,False,6.0,0.0,A,,PA,swine_37340_2014-07-16_SRR27180986,data/IRMA/swine_37340_2014-07-16_SRR27180986/A_PA.fasta
swine,37340,2014-07-17,False,6.0,0.0,A,,PB1,swine_37340_2014-07-16_SRR27180986,data/IRMA/swine_37340_2014-07-16_SRR27180986/A_PB1.fasta
swine,37340,2014-07-17,False,6.0,0.0,A,,PB2,swine_37340_2014-07-16_SRR27180986,data/IRMA/swine_37340_2014-07-16_SRR27180986/A_PB2.fasta
swine,37340,2014-07-17,False,6.0,0.0,A,H3,HA,swine_37340_2014-07-16_SRR27180986,data/IRMA/swine_37340_2014-07-16_SRR27180986/A_HA_H3.fasta
swine,37340,2014-07-17,False,6.0,0.0,A,N2,NA,swine_37340_2014-07-16_SRR27180986,data/IRMA/swine_37340_2014-07-16_SRR27180986/A_NA_N2.fasta
swine,37341,2014-07-16,False,5.0,0.0,A,,MP,swine_37341_2014-07-16_SRR27181381,data/IRMA/swine_37341_2014-07-16_SRR27181381/A_MP.fasta
swine,37341,2014-07-16,False,5.0,0.0,A,,NP,swine_37341_2014-07-16_SRR27181381,data/IRMA/swine_37341_2014-07-16_SRR27181381/A_NP.fasta
swine,37341,2014-07-16,False,5.0,0.0,A,,NS,swine_37341_2014-07-16_SRR27181381,data/IRMA/swine_37341_2014-07-16_SRR27181381/A_NS.fasta
swine,37341,2014-07-16,False,5.0,0.0,A,,PA,swine_37341_2014-07-16_SRR27181381,data/IRMA/swine_37341_2014-07-16_SRR27181381/A_PA.fasta
swine,37341,2014-07-16,False,5.0,0.0,A,,PB1,swine_37341_2014-07-16_SRR27181381,data/IRMA/swine_37341_2014-07-16_SRR27181381/A_PB1.fasta
swine,37341,2014-07-16,False,5.0,0.0,A,,PB2,swine_37341_2014-07-16_SRR27181381,data/IRMA/swine_37341_2014-07-16_SRR27181381/A_PB2.fasta
swine,37341,2014-07-16,False,5.0,0.0,A,H3,HA,swine_37341_2014-07-16_SRR27181381,data/IRMA/swine_37341_2014-07-16_SRR27181381/A_HA_H3.fasta
swine,37341,2014-07-16,False,5.0,0.0,A,N2,NA,swine_37341_2014-07-16_SRR27181381,data/IRMA/swine_37341_2014-07-16_SRR27181381/A_NA_N2.fasta
swine,37341,2014-07-17,False,6.0,0.0,A,,MP,swine_37341_2014-07-16_SRR27181381,data/IRMA/swine_37341_2014-07-16_SRR27181381/A_MP.fasta
swine,37341,2014-07-17,False,6.0,0.0,A,,NP,swine_37341_2014-07-16_SRR27181381,data/IRMA/swine_37341_2014-07-16_SRR27181381/A_NP.fasta
swine,37341,2014-07-17,False,6.0,0.0,A,,NS,swine_37341_2014-07-16_SRR27181381,data/IRMA/swine_37341_2014-07-16_SRR27181381/A_NS.fasta
swine,37341,2014-07-17,False,6.0,0.0,A,,PA,swine_37341_2014-07-16_SRR27181381,data/IRMA/swine_37341_2014-07-16_SRR27181381/A_PA.fasta
swine,37341,2014-07-17,False,6.0,0.0,A,,PB1,swine_37341_2014-07-16_SRR27181381,data/IRMA/swine_37341_2014-07-16_SRR27181381/A_PB1.fasta
swine,37341,2014-07-17,False,6.0,0.0,A,,PB2,swine_37341_2014-07-16_SRR27181381,data/IRMA/swine_37341_2014-07-16_SRR27181381/A_PB2.fasta
swine,37341,2014-07-17,False,6.0,0.0,A,H3,HA,swine_37341_2014-07-16_SRR27181381,data/IRMA/swine_37341_2014-07-16_SRR27181381/A_HA_H3.fasta
swine,37341,2014-07-17,False,6.0,0.0,A,N2,NA,swine_37341_2014-07-16_SRR27181381,data/IRMA/swine_37341_2014-07-16_SRR27181381/A_NA_N2.fasta
swine,37355,2014-07-16,False,5.0,0.0,A,,MP,swine_37355_2014-07-13_SRR27181001,data/IRMA/swine_37355_2014-07-13_SRR27181001/A_MP.fasta
swine,37355,2014-07-16,False,5.0,0.0,A,,NP,swine_37355_2014-07-13_SRR27181001,data/IRMA/swine_37355_2014-07-13_SRR27181001/A_NP.fasta
swine,37355,2014-07-16,False,5.0,0.0,A,,NS,swine_37355_2014-07-13_SRR27181001,data/IRMA/swine_37355_2014-07-13_SRR27181001/A_NS.fasta
swine,37355,2014-07-16,False,5.0,0.0,A,,PA,swine_37355_2014-07-13_SRR27181001,data/IRMA/swine_37355_2014-07-13_SRR27181001/A_PA.fasta
swine,37355,2014-07-16,False,5.0,0.0,A,,PB1,swine_37355_2014-07-13_SRR27181001,data/IRMA/swine_37355_2014-07-13_SRR27181001/A_PB1.fasta
swine,37355,2014-07-16,False,5.0,0.0,A,,PB2,swine_37355_2014-07-13_SRR27181001,data/IRMA/swine_37355_2014-07-13_SRR27181001/A_PB2.fasta
swine,37355,2014-07-16,False,5.0,0.0,A,H3,HA,swine_37355_2014-07-13_SRR27181001,data/IRMA/swine_37355_2014-07-13_SRR27181001/A_HA_H3.fasta
swine,37355,2014-07-16,False,5.0,0.0,A,N2,NA,swine_37355_2014-07-13_SRR27181001,data/IRMA/swine_37355_2014-07-13_SRR27181001/A_NA_N2.fasta
swine,37355,2014-07-13,False,2.0,0.0,A,,MP,swine_37355_2014-07-13_SRR27181001,data/IRMA/swine_37355_2014-07-13_SRR27181001/A_MP.fasta
swine,37355,2014-07-13,False,2.0,0.0,A,,NP,swine_37355_2014-07-13_SRR27181001,data/IRMA/swine_37355_2014-07-13_SRR27181001/A_NP.fasta
swine,37355,2014-07-13,False,2.0,0.0,A,,NS,swine_37355_2014-07-13_SRR27181001,data/IRMA/swine_37355_2014-07-13_SRR27181001/A_NS.fasta
swine,37355,2014-07-13,False,2.0,0.0,A,,PA,swine_37355_2014-07-13_SRR27181001,data/IRMA/swine_37355_2014-07-13_SRR27181001/A_PA.fasta
swine,37355,2014-07-13,False,2.0,0.0,A,,PB1,swine_37355_2014-07-13_SRR27181001,data/IRMA/swine_37355_2014-07-13_SRR27181001/A_PB1.fasta
swine,37355,2014-07-13,False,2.0,0.0,A,,PB2,swine_37355_2014-07-13_SRR27181001,data/IRMA/swine_37355_2014-07-13_SRR27181001/A_PB2.fasta
swine,37355,2014-07-13,False,2.0,0.0,A,H3,HA,swine_37355_2014-07-13_SRR27181001,data/IRMA/swine_37355_2014-07-13_SRR27181001/A_HA_H3.fasta
swine,37355,2014-07-13,False,2.0,0.0,A,N2,NA,swine_37355_2014-07-13_SRR27181001,data/IRMA/swine_37355_2014-07-13_SRR27181001/A_NA_N2.fasta
swine,37356,2014-07-17,False,6.0,0.0,A,,MP,swine_37356_2014-07-15_SRR27181632,data/IRMA/swine_37356_2014-07-15_SRR27181632/A_MP.fasta
swine,37356,2014-07-17,False,6.0,0.0,A,,NP,swine_37356_2014-07-15_SRR27181632,data/IRMA/swine_37356_2014-07-15_SRR27181632/A_NP.fasta
swine,37356,2014-07-17,False,6.0,0.0,A,,NS,swine_37356_2014-07-15_SRR27181632,data/IRMA/swine_37356_2014-07-15_SRR27181632/A_NS.fasta
swine,37356,2014-07-17,False,6.0,0.0,A,,PA,swine_37356_2014-07-15_SRR27181632,data/IRMA/swine_37356_2014-07-15_SRR27181632/A_PA.fasta
swine,37356,2014-07-17,False,6.0,0.0,A,,PB1,swine_37356_2014-07-15_SRR27181632,data/IRMA/swine_37356_2014-07-15_SRR27181632/A_PB1.fasta
swine,37356,2014-07-17,False,6.0,0.0,A,,PB2,swine_37356_2014-07-15_SRR27181632,data/IRMA/swine_37356_2014-07-15_SRR27181632/A_PB2.fasta
swine,37356,2014-07-17,False,6.0,0.0,A,H3,HA,swine_37356_2014-07-15_SRR27181632,data/IRMA/swine_37356_2014-07-15_SRR27181632/A_HA_H3.fasta
swine,37356,2014-07-17,False,6.0,0.0,A,N2,NA,swine_37356_2014-07-15_SRR27181632,data/IRMA/swine_37356_2014-07-15_SRR27181632/A_NA_N2.fasta
swine,37356,2014-07-15,False,4.0,0.0,A,,MP,swine_37356_2014-07-15_SRR27181632,data/IRMA/swine_37356_2014-07-15_SRR27181632/A_MP.fasta
swine,37356,2014-07-15,False,4.0,0.0,A,,NP,swine_37356_2014-07-15_SRR27181632,data/IRMA/swine_37356_2014-07-15_SRR27181632/A_NP.fasta
swine,37356,2014-07-15,False,4.0,0.0,A,,NS,swine_37356_2014-07-15_SRR27181632,data/IRMA/swine_37356_2014-07-15_SRR27181632/A_NS.fasta
swine,37356,2014-07-15,False,4.0,0.0,A,,PA,swine_37356_2014-07-15_SRR27181632,data/IRMA/swine_37356_2014-07-15_SRR27181632/A_PA.fasta
swine,37356,2014-07-15,False,4.0,0.0,A,,PB1,swine_37356_2014-07-15_SRR27181632,data/IRMA/swine_37356_2014-07-15_SRR27181632/A_PB1.fasta
swine,37356,2014-07-15,False,4.0,0.0,A,,PB2,swine_37356_2014-07-15_SRR27181632,data/IRMA/swine_37356_2014-07-15_SRR27181632/A_PB2.fasta
swine,37356,2014-07-15,False,4.0,0.0,A,H3,HA,swine_37356_2014-07-15_SRR27181632,data/IRMA/swine_37356_2014-07-15_SRR27181632/A_HA_H3.fasta
swine,37364,2014-07-13,False,2.0,0.0,A,,MP,swine_37364_2014-07-13_SRR27181011,data/IRMA/swine_37364_2014-07-13_SRR27181011/A_MP.fasta
swine,37364,2014-07-13,False,2.0,0.0,A,,NP,swine_37364_2014-07-13_SRR27181011,data/IRMA/swine_37364_2014-07-13_SRR27181011/A_NP.fasta
swine,37364,2014-07-13,False,2.0,0.0,A,,NS,swine_37364_2014-07-13_SRR27181011,data/IRMA/swine_37364_2014-07-13_SRR27181011/A_NS.fasta
swine,37364,2014-07-13,False,2.0,0.0,A,,PA,swine_37364_2014-07-13_SRR27181011,data/IRMA/swine_37364_2014-07-13_SRR27181011/A_PA.fasta
swine,37364,2014-07-13,False,2.0,0.0,A,,PB1,swine_37364_2014-07-13_SRR27181011,data/IRMA/swine_37364_2014-07-13_SRR27181011/A_PB1.fasta
swine,37364,2014-07-13,False,2.0,0.0,A,,PB2,swine_37364_2014-07-13_SRR27181011,data/IRMA/swine_37364_2014-07-13_SRR27181011/A_PB2.fasta
swine,37364,2014-07-13,False,2.0,0.0,A,H3,HA,swine_37364_2014-07-13_SRR27181011,data/IRMA/swine_37364_2014-07-13_SRR27181011/A_HA_H3.fasta
swine,37364,2014-07-13,False,2.0,0.0,A,N2,NA,swine_37364_2014-07-13_SRR27181011,data/IRMA/swine_37364_2014-07-13_SRR27181011/A_NA_N2.fasta
swine,37364,2014-07-16,False,5.0,0.0,A,,MP,swine_37364_2014-07-13_SRR27181011,data/IRMA/swine_37364_2014-07-13_SRR27181011/A_MP.fasta
swine,37364,2014-07-16,False,5.0,0.0,A,,NP,swine_37364_2014-07-13_SRR27181011,data/IRMA/swine_37364_2014-07-13_SRR27181011/A_NP.fasta
swine,37364,2014-07-16,False,5.0,0.0,A,,NS,swine_37364_2014-07-13_SRR27181011,data/IRMA/swine_37364_2014-07-13_SRR27181011/A_NS.fasta
swine,37364,2014-07-16,False,5.0,0.0,A,,PA,swine_37364_2014-07-13_SRR27181011,data/IRMA/swine_37364_2014-07-13_SRR27181011/A_PA.fasta
swine,37364,2014-07-16,False,5.0,0.0,A,,PB1,swine_37364_2014-07-13_SRR27181011,data/IRMA/swine_37364_2014-07-13_SRR27181011/A_PB1.fasta
swine,37364,2014-07-16,False,5.0,0.0,A,,PB2,swine_37364_2014-07-13_SRR27181011,data/IRMA/swine_37364_2014-07-13_SRR27181011/A_PB2.fasta
swine,37364,2014-07-16,False,5.0,0.0,A,H3,HA,swine_37364_2014-07-13_SRR27181011,data/IRMA/swine_37364_2014-07-13_SRR27181011/A_HA_H3.fasta
swine,37364,2014-07-16,False,5.0,0.0,A,N2,NA,swine_37364_2014-07-13_SRR27181011,data/IRMA/swine_37364_2014-07-13_SRR27181011/A_NA_N2.fasta
swine,37365,2014-07-14,False,3.0,0.0,A,,MP,swine_37365_2014-07-14_SRR27181454,data/IRMA/swine_37365_2014-07-14_SRR27181454/A_MP.fasta
swine,37365,2014-07-14,False,3.0,0.0,A,,NP,swine_37365_2014-07-14_SRR27181454,data/IRMA/swine_37365_2014-07-14_SRR27181454/A_NP.fasta
swine,37365,2014-07-14,False,3.0,0.0,A,,NS,swine_37365_2014-07-14_SRR27181454,data/IRMA/swine_37365_2014-07-14_SRR27181454/A_NS.fasta
swine,37365,2014-07-14,False,3.0,0.0,A,,PA,swine_37365_2014-07-14_SRR27181454,data/IRMA/swine_37365_2014-07-14_SRR27181454/A_PA.fasta
swine,37365,2014-07-14,False,3.0,0.0,A,,PB1,swine_37365_2014-07-14_SRR27181454,data/IRMA/swine_37365_2014-07-14_SRR27181454/A_PB1.fasta
swine,37365,2014-07-14,False,3.0,0.0,A,,PB2,swine_37365_2014-07-14_SRR27181454,data/IRMA/swine_37365_2014-07-14_SRR27181454/A_PB2.fasta
swine,37365,2014-07-14,False,3.0,0.0,A,H3,HA,swine_37365_2014-07-14_SRR27181454,data/IRMA/swine_37365_2014-07-14_SRR27181454/A_HA_H3.fasta
swine,37365,2014-07-14,False,3.0,0.0,A,N2,NA,swine_37365_2014-07-14_SRR27181454,data/IRMA/swine_37365_2014-07-14_SRR27181454/A_NA_N2.fasta
swine,37365,2014-07-17,False,6.0,0.0,A,,MP,swine_37365_2014-07-14_SRR27181454,data/IRMA/swine_37365_2014-07-14_SRR27181454/A_MP.fasta
swine,37365,2014-07-17,False,6.0,0.0,A,,NP,swine_37365_2014-07-14_SRR27181454,data/IRMA/swine_37365_2014-07-14_SRR27181454/A_NP.fasta
swine,37365,2014-07-17,False,6.0,0.0,A,,NS,swine_37365_2014-07-14_SRR27181454,data/IRMA/swine_37365_2014-07-14_SRR27181454/A_NS.fasta
swine,37365,2014-07-17,False,6.0,0.0,A,,PA,swine_37365_2014-07-14_SRR27181454,data/IRMA/swine_37365_2014-07-14_SRR27181454/A_PA.fasta
swine,37365,2014-07-17,False,6.0,0.0,A,,PB1,swine_37365_2014-07-14_SRR27181454,data/IRMA/swine_37365_2014-07-14_SRR27181454/A_PB1.fasta
swine,37365,2014-07-17,False,6.0,0.0,A,,PB2,swine_37365_2014-07-14_SRR27181454,data/IRMA/swine_37365_2014-07-14_SRR27181454/A_PB2.fasta
swine,37365,2014-07-17,False,6.0,0.0,A,H3,HA,swine_37365_2014-07-14_SRR27181454,data/IRMA/swine_37365_2014-07-14_SRR27181454/A_HA_H3.fasta
swine,37365,2014-07-17,False,6.0,0.0,A,N2,NA,swine_37365_2014-07-14_SRR27181454,data/IRMA/swine_37365_2014-07-14_SRR27181454/A_NA_N2.fasta
