data,ID,segment,iSNV_loc,ref_nt,iSNV_nt,d0.0_AF,d6.0_AF,d1.0_AF,d1.5_AF,d2.0_AF,d4.0_AF,d3.0_AF,d5.0_AF,d-2.0_AF,d0.5_AF,d0.0_AF_raw,d6.0_AF_raw,d1.0_AF_raw,d1.5_AF_raw,d2.0_AF_raw,d4.0_AF_raw,d3.0_AF_raw,d5.0_AF_raw,d-2.0_AF_raw,d0.5_AF_raw,depth_d-2.0,depth_d0.0,depth_d0.5,depth_d1.0,depth_d1.5,depth_d2.0,depth_d3.0,depth_d4.0,depth_d5.0,depth_d6.0,segment_len
mccrone,50001,HA,1262,G,T,0,0.040917,NA,NA,NA,NA,NA,NA,NA,NA,4.57e-4,0.040917,NA,NA,NA,NA,NA,NA,NA,NA,NA,83554,NA,NA,NA,NA,NA,NA,NA,11550,1701
mccrone,50001,PA,271,G,A,0.09158,0,NA,NA,NA,NA,NA,NA,NA,NA,0.09158,0,NA,NA,NA,NA,NA,NA,NA,NA,NA,55937,NA,NA,NA,NA,NA,NA,NA,8022,2151
mccrone,50001,PB2,1072,G,A,0.096753,0,NA,NA,NA,NA,NA,NA,NA,NA,0.096753,0,NA,NA,NA,NA,NA,NA,NA,NA,NA,56604,NA,NA,NA,NA,NA,NA,NA,5215,2280
mccrone,50003,NS,552,A,G,0,0.0257,NA,NA,NA,NA,NA,NA,NA,NA,0.001119,0.0257,NA,NA,NA,NA,NA,NA,NA,NA,NA,20300,NA,NA,NA,NA,NA,NA,NA,2476,838
mccrone,50003,PA,1200,A,G,0,0.125037,NA,NA,NA,NA,NA,NA,NA,NA,4.64e-4,0.125037,NA,NA,NA,NA,NA,NA,NA,NA,NA,28318,NA,NA,NA,NA,NA,NA,NA,3509,2151
mccrone,50003,PA,1827,G,A,0.002265,0.121254,NA,NA,NA,NA,NA,NA,NA,NA,0.002265,0.121254,NA,NA,NA,NA,NA,NA,NA,NA,NA,23040,NA,NA,NA,NA,NA,NA,NA,3927,2151
mccrone,50003,PA,1898,T,A,0,0.026961,NA,NA,NA,NA,NA,NA,NA,NA,7.5e-5,0.026961,NA,NA,NA,NA,NA,NA,NA,NA,NA,24098,NA,NA,NA,NA,NA,NA,NA,3911,2151
mccrone,50003,PB1,1836,G,A,0,0.04332,NA,NA,NA,NA,NA,NA,NA,NA,1.09e-4,0.04332,NA,NA,NA,NA,NA,NA,NA,NA,NA,19791,NA,NA,NA,NA,NA,NA,NA,3954,2274
mccrone,50120,NP,1087,A,G,NA,NA,0.308427,0.332662,NA,NA,NA,NA,NA,NA,NA,NA,0.308427,0.332662,NA,NA,NA,NA,NA,NA,NA,NA,NA,59093,56465,NA,NA,NA,NA,NA,1497
mccrone,50141,HA,207,C,A,NA,NA,0.02341,NA,0.003021,NA,NA,NA,NA,NA,NA,NA,0.02341,NA,0.003021,NA,NA,NA,NA,NA,NA,NA,NA,73364,NA,138767,NA,NA,NA,NA,1701
mccrone,50141,HA,535,G,A,NA,NA,0,NA,0.031687,NA,NA,NA,NA,NA,NA,NA,8.42e-4,NA,0.031687,NA,NA,NA,NA,NA,NA,NA,NA,58060,NA,79016,NA,NA,NA,NA,1701
mccrone,50141,HA,982,A,G,NA,NA,0.024175,NA,0.003213,NA,NA,NA,NA,NA,NA,NA,0.024175,NA,0.003213,NA,NA,NA,NA,NA,NA,NA,NA,60848,NA,89521,NA,NA,NA,NA,1701
mccrone,50141,HA,996,G,A,NA,NA,0.020366,NA,0.024453,NA,NA,NA,NA,NA,NA,NA,0.020366,NA,0.024453,NA,NA,NA,NA,NA,NA,NA,NA,60404,NA,89073,NA,NA,NA,NA,1701
mccrone,50141,NS,626,A,G,NA,NA,0.021541,NA,0.007928,NA,NA,NA,NA,NA,NA,NA,0.021541,NA,0.007928,NA,NA,NA,NA,NA,NA,NA,NA,17717,NA,45938,NA,NA,NA,NA,838
mccrone,50143,HA,968,T,G,NA,NA,0.118747,NA,0.159688,NA,NA,NA,NA,NA,NA,NA,0.118747,NA,0.159688,NA,NA,NA,NA,NA,NA,NA,NA,55454,NA,69670,NA,NA,NA,NA,1701
mccrone,50143,PA,895,G,A,NA,NA,0.045579,NA,0.037244,NA,NA,NA,NA,NA,NA,NA,0.045579,NA,0.037244,NA,NA,NA,NA,NA,NA,NA,NA,37769,NA,44558,NA,NA,NA,NA,2151
mccrone,50143,PB2,1058,G,A,NA,NA,0.035753,NA,0.058976,NA,NA,NA,NA,NA,NA,NA,0.035753,NA,0.058976,NA,NA,NA,NA,NA,NA,NA,NA,33021,NA,34091,NA,NA,NA,NA,2280
mccrone,50167,HA,462,T,C,NA,NA,0.28996,NA,NA,0.004924,NA,NA,NA,NA,NA,NA,0.28996,NA,NA,0.004924,NA,NA,NA,NA,NA,NA,NA,27720,NA,NA,NA,74330,NA,NA,1701
mccrone,50167,PA,1530,T,C,NA,NA,0,NA,NA,0.02464,NA,NA,NA,NA,NA,NA,8.58e-4,NA,NA,0.02464,NA,NA,NA,NA,NA,NA,NA,18794,NA,NA,NA,49874,NA,NA,2151
mccrone,50167,PA,1561,G,A,NA,NA,0.020805,NA,NA,0,NA,NA,NA,NA,NA,NA,0.020805,NA,NA,2.43e-4,NA,NA,NA,NA,NA,NA,NA,18995,NA,NA,NA,50263,NA,NA,2151
mccrone,50207,PA,1154,G,A,0.002239,NA,0.022712,NA,NA,NA,NA,NA,NA,NA,0.002239,NA,0.022712,NA,NA,NA,NA,NA,NA,NA,NA,39146,NA,63017,NA,NA,NA,NA,NA,NA,2151
mccrone,50207,PB1,1092,C,T,0.007972,NA,0.040207,NA,NA,NA,NA,NA,NA,NA,0.007972,NA,0.040207,NA,NA,NA,NA,NA,NA,NA,NA,41062,NA,46812,NA,NA,NA,NA,NA,NA,2274
mccrone,50207,PB1,1197,C,T,0.00347,NA,0.022182,NA,NA,NA,NA,NA,NA,NA,0.00347,NA,0.022182,NA,NA,NA,NA,NA,NA,NA,NA,42552,NA,47670,NA,NA,NA,NA,NA,NA,2274
mccrone,50207,PB2,560,A,G,0.005247,NA,0.028818,NA,NA,NA,NA,NA,NA,NA,0.005247,NA,0.028818,NA,NA,NA,NA,NA,NA,NA,NA,33321,NA,46621,NA,NA,NA,NA,NA,NA,2280
mccrone,50207,PB2,870,C,T,0.004511,NA,0.029439,NA,NA,NA,NA,NA,NA,NA,0.004511,NA,0.029439,NA,NA,NA,NA,NA,NA,NA,NA,34051,NA,52304,NA,NA,NA,NA,NA,NA,2280
mccrone,50207,PB2,1866,A,T,0.055128,NA,0.00398,NA,NA,NA,NA,NA,NA,NA,0.055128,NA,0.00398,NA,NA,NA,NA,NA,NA,NA,NA,30584,NA,45124,NA,NA,NA,NA,NA,NA,2280
mccrone,50232,MP,696,T,C,NA,NA,0,NA,NA,NA,0.052588,NA,NA,NA,NA,NA,0.001781,NA,NA,NA,0.052588,NA,NA,NA,NA,NA,NA,79594,NA,NA,113323,NA,NA,NA,982
mccrone,50232,NS,414,T,G,NA,NA,0,NA,NA,NA,0.025609,NA,NA,NA,NA,NA,1.92e-4,NA,NA,NA,0.025609,NA,NA,NA,NA,NA,NA,33018,NA,NA,45161,NA,NA,NA,838
mccrone,50232,PA,531,C,A,NA,NA,0,NA,NA,NA,0.026131,NA,NA,NA,NA,NA,0.001836,NA,NA,NA,0.026131,NA,NA,NA,NA,NA,NA,40658,NA,NA,62117,NA,NA,NA,2151
mccrone,50232,PA,786,A,G,NA,NA,0,NA,NA,NA,0.025257,NA,NA,NA,NA,NA,0.001535,NA,NA,NA,0.025257,NA,NA,NA,NA,NA,NA,39873,NA,NA,54760,NA,NA,NA,2151
mccrone,50232,PA,993,T,C,NA,NA,0,NA,NA,NA,0.023971,NA,NA,NA,NA,NA,6.48e-4,NA,NA,NA,0.023971,NA,NA,NA,NA,NA,NA,41324,NA,NA,57475,NA,NA,NA,2151
mccrone,50232,PA,1172,A,G,NA,NA,0.001521,NA,NA,NA,0.026046,NA,NA,NA,NA,NA,0.001521,NA,NA,NA,0.026046,NA,NA,NA,NA,NA,NA,44601,NA,NA,60810,NA,NA,NA,2151
mccrone,50232,PA,1584,G,A,NA,NA,0,NA,NA,NA,0.023985,NA,NA,NA,NA,NA,7.21e-4,NA,NA,NA,0.023985,NA,NA,NA,NA,NA,NA,41773,NA,NA,57984,NA,NA,NA,2151
mccrone,50232,PB1,522,G,A,NA,NA,0,NA,NA,NA,0.022764,NA,NA,NA,NA,NA,3.62e-4,NA,NA,NA,0.022764,NA,NA,NA,NA,NA,NA,26417,NA,NA,33238,NA,NA,NA,2274
mccrone,50232,PB1,634,A,G,NA,NA,0.00334,NA,NA,NA,0.024515,NA,NA,NA,NA,NA,0.00334,NA,NA,NA,0.024515,NA,NA,NA,NA,NA,NA,29195,NA,NA,34474,NA,NA,NA,2274
mccrone,50232,PB1,868,G,A,NA,NA,0,NA,NA,NA,0.021626,NA,NA,NA,NA,NA,0.001147,NA,NA,NA,0.021626,NA,NA,NA,NA,NA,NA,29455,NA,NA,31453,NA,NA,NA,2274
mccrone,50232,PB1,1014,T,C,NA,NA,0,NA,NA,NA,0.022926,NA,NA,NA,NA,NA,0.001443,NA,NA,NA,0.022926,NA,NA,NA,NA,NA,NA,30007,NA,NA,31703,NA,NA,NA,2274
mccrone,50232,PB1,1329,C,T,NA,NA,0,NA,NA,NA,0.107265,NA,NA,NA,NA,NA,6.16e-4,NA,NA,NA,0.107265,NA,NA,NA,NA,NA,NA,29229,NA,NA,29771,NA,NA,NA,2274
mccrone,50232,PB1,1804,A,C,NA,NA,0,NA,NA,NA,0.022797,NA,NA,NA,NA,NA,8.87e-4,NA,NA,NA,0.022797,NA,NA,NA,NA,NA,NA,31108,NA,NA,33127,NA,NA,NA,2274
mccrone,50246,HA,837,G,C,0,NA,NA,NA,NA,0.056869,NA,NA,NA,NA,1.73e-4,NA,NA,NA,NA,0.056869,NA,NA,NA,NA,NA,83648,NA,NA,NA,NA,NA,64738,NA,NA,1701
mccrone,50246,MP,730,A,C,0,NA,NA,NA,NA,0.552486,NA,NA,NA,NA,0.001198,NA,NA,NA,NA,0.552486,NA,NA,NA,NA,NA,119932,NA,NA,NA,NA,NA,80464,NA,NA,982
mccrone,50246,NA,992,G,T,0,NA,NA,NA,NA,0.042405,NA,NA,NA,NA,1.9e-4,NA,NA,NA,NA,0.042405,NA,NA,NA,NA,NA,62027,NA,NA,NA,NA,NA,37153,NA,NA,1410
mccrone,50246,NP,867,C,T,0.023925,NA,NA,NA,NA,0.002864,NA,NA,NA,NA,0.023925,NA,NA,NA,NA,0.002864,NA,NA,NA,NA,NA,94308,NA,NA,NA,NA,NA,56240,NA,NA,1497
mccrone,50246,PA,325,T,C,0,NA,NA,NA,NA,0.056833,NA,NA,NA,NA,3.52e-4,NA,NA,NA,NA,0.056833,NA,NA,NA,NA,NA,61886,NA,NA,NA,NA,NA,31803,NA,NA,2151
mccrone,50246,PA,342,G,A,0,NA,NA,NA,NA,0.058113,NA,NA,NA,NA,3.18e-4,NA,NA,NA,NA,0.058113,NA,NA,NA,NA,NA,56912,NA,NA,NA,NA,NA,30628,NA,NA,2151
mccrone,50246,PB1,1365,T,C,0.219946,NA,NA,NA,NA,0.269822,NA,NA,NA,NA,0.219946,NA,NA,NA,NA,0.269822,NA,NA,NA,NA,NA,35343,NA,NA,NA,NA,NA,25457,NA,NA,2274
mccrone,50246,PB2,1326,G,A,0,NA,NA,NA,NA,0.045466,NA,NA,NA,NA,2.59e-4,NA,NA,NA,NA,0.045466,NA,NA,NA,NA,NA,46513,NA,NA,NA,NA,NA,39059,NA,NA,2280
mccrone,50305,HA,244,C,T,NA,NA,NA,NA,0.050339,NA,NA,0.001476,NA,NA,NA,NA,NA,NA,0.050339,NA,NA,0.001476,NA,NA,NA,NA,NA,NA,NA,97833,NA,NA,80160,NA,1701
mccrone,50305,NA,231,A,G,NA,NA,NA,NA,0,NA,NA,0.274389,NA,NA,NA,NA,NA,NA,0.001208,NA,NA,0.274389,NA,NA,NA,NA,NA,NA,NA,61635,NA,NA,48406,NA,1410
mccrone,50305,NA,590,A,G,NA,NA,NA,NA,0,NA,NA,0.020921,NA,NA,NA,NA,NA,NA,0.002226,NA,NA,0.020921,NA,NA,NA,NA,NA,NA,NA,51704,NA,NA,47760,NA,1410
mccrone,50305,NP,357,C,T,NA,NA,NA,NA,0,NA,NA,0.051904,NA,NA,NA,NA,NA,NA,0,NA,NA,0.051904,NA,NA,NA,NA,NA,NA,NA,73973,NA,NA,58152,NA,1497
mccrone,50305,NP,966,C,A,NA,NA,NA,NA,0.27137,NA,NA,0.671125,NA,NA,NA,NA,NA,NA,0.27137,NA,NA,0.671125,NA,NA,NA,NA,NA,NA,NA,76411,NA,NA,59986,NA,1497
mccrone,50305,PB1,1776,A,T,NA,NA,NA,NA,0.020649,NA,NA,0,NA,NA,NA,NA,NA,NA,0.020649,NA,NA,2.01e-4,NA,NA,NA,NA,NA,NA,NA,43802,NA,NA,26422,NA,2274
mccrone,50318,HA,1434,G,A,0,NA,NA,NA,NA,NA,0.043884,NA,NA,NA,9.99e-4,NA,NA,NA,NA,NA,0.043884,NA,NA,NA,NA,77991,NA,NA,NA,NA,94015,NA,NA,NA,1701
mccrone,50318,PB1,861,A,G,0.021623,NA,NA,NA,NA,NA,0,NA,NA,NA,0.021623,NA,NA,NA,NA,NA,2.1e-4,NA,NA,NA,NA,34455,NA,NA,NA,NA,40895,NA,NA,NA,2274
mccrone,50318,PB1,969,A,C,0.057981,NA,NA,NA,NA,NA,0,NA,NA,NA,0.057981,NA,NA,NA,NA,NA,5.3e-5,NA,NA,NA,NA,34144,NA,NA,NA,NA,40724,NA,NA,NA,2274
mccrone,50318,PB2,1686,T,C,0,NA,NA,NA,NA,NA,0.031243,NA,NA,NA,3.93e-4,NA,NA,NA,NA,NA,0.031243,NA,NA,NA,NA,40349,NA,NA,NA,NA,51812,NA,NA,NA,2280
mccrone,50319,PB2,853,C,T,0.037168,NA,0.010528,NA,NA,NA,NA,NA,NA,NA,0.037168,NA,0.010528,NA,NA,NA,NA,NA,NA,NA,NA,50728,NA,47700,NA,NA,NA,NA,NA,NA,2280
mccrone,50331,NP,1289,C,T,0.030166,NA,0.052299,NA,NA,NA,NA,NA,NA,NA,0.030166,NA,0.052299,NA,NA,NA,NA,NA,NA,NA,NA,56677,NA,87769,NA,NA,NA,NA,NA,NA,1497
mccrone,50331,PA,363,A,G,0.010531,NA,0.052863,NA,NA,NA,NA,NA,NA,NA,0.010531,NA,0.052863,NA,NA,NA,NA,NA,NA,NA,NA,46044,NA,53779,NA,NA,NA,NA,NA,NA,2151
mccrone,50418,NA,1080,A,C,NA,NA,0.037153,NA,0.030507,NA,NA,NA,NA,NA,NA,NA,0.037153,NA,0.030507,NA,NA,NA,NA,NA,NA,NA,NA,35973,NA,50429,NA,NA,NA,NA,1410
mccrone,50418,PB1,1821,T,C,NA,NA,0,NA,0.032403,NA,NA,NA,NA,NA,NA,NA,0.001493,NA,0.032403,NA,NA,NA,NA,NA,NA,NA,NA,32536,NA,45548,NA,NA,NA,NA,2274
mccrone,50418,PB1,1884,G,A,NA,NA,0.028801,NA,0.017471,NA,NA,NA,NA,NA,NA,NA,0.028801,NA,0.017471,NA,NA,NA,NA,NA,NA,NA,NA,30327,NA,43054,NA,NA,NA,NA,2274
mccrone,50468,HA,990,G,A,0.044657,NA,NA,NA,0.00798,NA,NA,NA,NA,NA,0.044657,NA,NA,NA,0.00798,NA,NA,NA,NA,NA,NA,61961,NA,NA,NA,59530,NA,NA,NA,NA,1701
mccrone,50468,PB2,1590,T,C,0.006905,NA,NA,NA,0.026147,NA,NA,NA,NA,NA,0.006905,NA,NA,NA,0.026147,NA,NA,NA,NA,NA,NA,32555,NA,NA,NA,32207,NA,NA,NA,NA,2280
mccrone,50482,HA,919,G,A,NA,NA,0.050283,0.001672,NA,NA,NA,NA,NA,NA,NA,NA,0.050283,0.001672,NA,NA,NA,NA,NA,NA,NA,NA,NA,113833,39029,NA,NA,NA,NA,NA,1701
mccrone,50482,NP,228,T,C,NA,NA,0.073746,0.035274,NA,NA,NA,NA,NA,NA,NA,NA,0.073746,0.035274,NA,NA,NA,NA,NA,NA,NA,NA,NA,116186,55359,NA,NA,NA,NA,NA,1497
mccrone,50482,PB2,2028,T,C,NA,NA,0.058628,0.00227,NA,NA,NA,NA,NA,NA,NA,NA,0.058628,0.00227,NA,NA,NA,NA,NA,NA,NA,NA,NA,67192,29113,NA,NA,NA,NA,NA,2280
mccrone,50538,NA,201,T,C,NA,NA,0.112815,NA,NA,NA,NA,NA,0.056145,NA,NA,NA,0.112815,NA,NA,NA,NA,NA,0.056145,NA,76654,NA,NA,70786,NA,NA,NA,NA,NA,NA,1410
mccrone,50538,NA,202,T,C,NA,NA,0.112739,NA,NA,NA,NA,NA,0.056115,NA,NA,NA,0.112739,NA,NA,NA,NA,NA,0.056115,NA,77558,NA,NA,71607,NA,NA,NA,NA,NA,NA,1410
mccrone,50538,NA,230,T,C,NA,NA,0.112843,NA,NA,NA,NA,NA,0.061274,NA,NA,NA,0.112843,NA,NA,NA,NA,NA,0.061274,NA,84388,NA,NA,75969,NA,NA,NA,NA,NA,NA,1410
mccrone,50540,HA,516,C,T,0.070084,NA,NA,NA,NA,NA,0.186904,NA,NA,NA,0.070084,NA,NA,NA,NA,NA,0.186904,NA,NA,NA,NA,76115,NA,NA,NA,NA,40138,NA,NA,NA,1701
mccrone,50540,MP,711,G,A,0,NA,NA,NA,NA,NA,0.023183,NA,NA,NA,3.78e-4,NA,NA,NA,NA,NA,0.023183,NA,NA,NA,NA,97759,NA,NA,NA,NA,69031,NA,NA,NA,982
mccrone,50540,PA,327,G,A,0,NA,NA,NA,NA,NA,0.030556,NA,NA,NA,0.002023,NA,NA,NA,NA,NA,0.030556,NA,NA,NA,NA,31601,NA,NA,NA,NA,30084,NA,NA,NA,2151
mccrone,50553,HA,966,C,T,0.036717,NA,0.087252,NA,NA,NA,NA,NA,NA,NA,0.036717,NA,0.087252,NA,NA,NA,NA,NA,NA,NA,NA,107575,NA,51112,NA,NA,NA,NA,NA,NA,1701
mccrone,50553,NP,678,T,C,0.035744,NA,0.055236,NA,NA,NA,NA,NA,NA,NA,0.035744,NA,0.055236,NA,NA,NA,NA,NA,NA,NA,NA,102919,NA,55369,NA,NA,NA,NA,NA,NA,1497
mccrone,50553,PB1,1806,G,A,0.036904,NA,0.021708,NA,NA,NA,NA,NA,NA,NA,0.036904,NA,0.021708,NA,NA,NA,NA,NA,NA,NA,NA,55171,NA,26708,NA,NA,NA,NA,NA,NA,2274
mccrone,50618,PA,1680,A,G,NA,NA,0.013133,0.032957,NA,NA,NA,NA,NA,NA,NA,NA,0.013133,0.032957,NA,NA,NA,NA,NA,NA,NA,NA,NA,38353,60203,NA,NA,NA,NA,NA,2151
mccrone,50619,PA,1680,G,A,0.037671,NA,NA,NA,NA,NA,NA,NA,NA,0.043377,0.037671,NA,NA,NA,NA,NA,NA,NA,NA,0.043377,NA,36639,54147,NA,NA,NA,NA,NA,NA,NA,2151
mccrone,50620,NA,1109,C,T,0,NA,NA,NA,0.031231,NA,NA,NA,NA,NA,5.17e-4,NA,NA,NA,0.031231,NA,NA,NA,NA,NA,NA,42879,NA,NA,NA,34141,NA,NA,NA,NA,1410
mccrone,50620,PA,1680,G,A,0.231181,NA,NA,NA,0.528151,NA,NA,NA,NA,NA,0.231181,NA,NA,NA,0.528151,NA,NA,NA,NA,NA,NA,40340,NA,NA,NA,28854,NA,NA,NA,NA,2151
mccrone,50678,HA,1020,A,G,0,NA,NA,NA,NA,NA,0.090038000000000007,NA,NA,NA,0.001276,NA,NA,NA,NA,NA,0.090038000000000007,NA,NA,NA,NA,58965,NA,NA,NA,NA,11832,NA,NA,NA,1701
mccrone,50678,PB2,1981,A,G,0,NA,NA,NA,NA,NA,0.021852,NA,NA,NA,0.002931,NA,NA,NA,NA,NA,0.021852,NA,NA,NA,NA,8640,NA,NA,NA,NA,7502,NA,NA,NA,2280
mccrone,50727,PA,330,T,A,0,NA,0.023728,NA,NA,NA,NA,NA,NA,NA,0.019616,NA,0.023728,NA,NA,NA,NA,NA,NA,NA,NA,19390,NA,18542,NA,NA,NA,NA,NA,NA,2151
mccrone,50727,PA,508,A,G,0.022253,NA,0.019401,NA,NA,NA,NA,NA,NA,NA,0.022253,NA,0.019401,NA,NA,NA,NA,NA,NA,NA,NA,27095,NA,31962,NA,NA,NA,NA,NA,NA,2151
mccrone,50727,PB1,555,T,C,0.017088,NA,0.031871,NA,NA,NA,NA,NA,NA,NA,0.017088,NA,0.031871,NA,NA,NA,NA,NA,NA,NA,NA,26529,NA,26430,NA,NA,NA,NA,NA,NA,2274
mccrone,50727,PB1,1725,G,A,0.025824,NA,0.024024,NA,NA,NA,NA,NA,NA,NA,0.025824,NA,0.024024,NA,NA,NA,NA,NA,NA,NA,NA,27387,NA,26949,NA,NA,NA,NA,NA,NA,2274
mccrone,50785,NS,261,G,A,NA,NA,0,NA,0.034672,NA,NA,NA,NA,NA,NA,NA,0.001587,NA,0.034672,NA,NA,NA,NA,NA,NA,NA,NA,26862,NA,47287,NA,NA,NA,NA,838
mccrone,50809,PA,465,G,A,NA,NA,0,NA,0.020543,NA,NA,NA,NA,NA,NA,NA,4.51e-4,NA,0.020543,NA,NA,NA,NA,NA,NA,NA,NA,25600,NA,49533,NA,NA,NA,NA,2152
mccrone,50812,NA,240,A,C,0.023974,NA,0.031584,NA,NA,NA,NA,NA,NA,NA,0.023974,NA,0.031584,NA,NA,NA,NA,NA,NA,NA,NA,51154,NA,39738,NA,NA,NA,NA,NA,NA,1410
mccrone,50812,PB1,447,C,T,0.090901,NA,0.077128,NA,NA,NA,NA,NA,NA,NA,0.090901,NA,0.077128,NA,NA,NA,NA,NA,NA,NA,NA,37138,NA,30268,NA,NA,NA,NA,NA,NA,2274
mccrone,50812,PB1,1188,A,G,0.025121,NA,0.014643,NA,NA,NA,NA,NA,NA,NA,0.025121,NA,0.014643,NA,NA,NA,NA,NA,NA,NA,NA,43941,NA,30823,NA,NA,NA,NA,NA,NA,2274
mccrone,50851,HA,906,A,G,0,NA,NA,NA,0.075526,NA,NA,NA,NA,NA,7.93e-4,NA,NA,NA,0.075526,NA,NA,NA,NA,NA,NA,47071,NA,NA,NA,77097,NA,NA,NA,NA,1701
mccrone,50851,HA,945,G,A,0,NA,NA,NA,0.074609,NA,NA,NA,NA,NA,5.34e-4,NA,NA,NA,0.074609,NA,NA,NA,NA,NA,NA,47347,NA,NA,NA,79196,NA,NA,NA,NA,1701
mccrone,50851,HA,1287,T,G,0,NA,NA,NA,0.073532,NA,NA,NA,NA,NA,2.99e-4,NA,NA,NA,0.073532,NA,NA,NA,NA,NA,NA,41352,NA,NA,NA,72406,NA,NA,NA,NA,1701
mccrone,50851,MP,309,T,A,0,NA,NA,NA,0.150052,NA,NA,NA,NA,NA,1.07e-4,NA,NA,NA,0.150052,NA,NA,NA,NA,NA,NA,62525,NA,NA,NA,111422,NA,NA,NA,NA,982
mccrone,50851,MP,441,G,A,0,NA,NA,NA,0.146265,NA,NA,NA,NA,NA,5.92e-4,NA,NA,NA,0.146265,NA,NA,NA,NA,NA,NA,58902,NA,NA,NA,87922,NA,NA,NA,NA,982
mccrone,50851,NA,456,A,G,0.001838,NA,NA,NA,0.056364,NA,NA,NA,NA,NA,0.001838,NA,NA,NA,0.056364,NA,NA,NA,NA,NA,NA,29655,NA,NA,NA,44929,NA,NA,NA,NA,1410
mccrone,50851,NA,472,T,C,0,NA,NA,NA,0.055671,NA,NA,NA,NA,NA,5.33e-4,NA,NA,NA,0.055671,NA,NA,NA,NA,NA,NA,29897,NA,NA,NA,45129,NA,NA,NA,NA,1410
mccrone,50851,NA,690,C,T,0,NA,NA,NA,0.056929,NA,NA,NA,NA,NA,7.35e-4,NA,NA,NA,0.056929,NA,NA,NA,NA,NA,NA,31497,NA,NA,NA,49939,NA,NA,NA,NA,1410
mccrone,50851,NA,734,A,G,0,NA,NA,NA,0.057163,NA,NA,NA,NA,NA,7.71e-4,NA,NA,NA,0.057163,NA,NA,NA,NA,NA,NA,31394,NA,NA,NA,49673,NA,NA,NA,NA,1410
mccrone,50851,NA,843,C,T,0,NA,NA,NA,0.056199,NA,NA,NA,NA,NA,9.27e-4,NA,NA,NA,0.056199,NA,NA,NA,NA,NA,NA,32941,NA,NA,NA,51228,NA,NA,NA,NA,1410
mccrone,50851,NA,906,C,A,0,NA,NA,NA,0.056495,NA,NA,NA,NA,NA,8.14e-4,NA,NA,NA,0.056495,NA,NA,NA,NA,NA,NA,31094,NA,NA,NA,47697,NA,NA,NA,NA,1410
mccrone,50851,NA,1047,G,A,0,NA,NA,NA,0.054009,NA,NA,NA,NA,NA,4.25e-4,NA,NA,NA,0.054009,NA,NA,NA,NA,NA,NA,29253,NA,NA,NA,48073,NA,NA,NA,NA,1410
mccrone,50851,NA,1107,A,G,0,NA,NA,NA,0.056057,NA,NA,NA,NA,NA,0.001198,NA,NA,NA,0.056057,NA,NA,NA,NA,NA,NA,29353,NA,NA,NA,50606,NA,NA,NA,NA,1410
mccrone,50851,NP,252,T,C,0,NA,NA,NA,0.035499,NA,NA,NA,NA,NA,9.45e-4,NA,NA,NA,0.035499,NA,NA,NA,NA,NA,NA,44234,NA,NA,NA,88698,NA,NA,NA,NA,1497
mccrone,50851,NP,690,T,C,0,NA,NA,NA,0.037499,NA,NA,NA,NA,NA,4.21e-4,NA,NA,NA,0.037499,NA,NA,NA,NA,NA,NA,46413,NA,NA,NA,76945,NA,NA,NA,NA,1497
mccrone,50851,NS,207,G,A,0,NA,NA,NA,0.045105,NA,NA,NA,NA,NA,0.001174,NA,NA,NA,0.045105,NA,NA,NA,NA,NA,NA,24763,NA,NA,NA,35934,NA,NA,NA,NA,838
mccrone,50851,PA,1078,C,A,0,NA,NA,NA,0.048565,NA,NA,NA,NA,NA,7.42e-4,NA,NA,NA,0.048565,NA,NA,NA,NA,NA,NA,35156,NA,NA,NA,56764,NA,NA,NA,NA,2151
mccrone,50851,PA,1584,G,A,0,NA,NA,NA,0.046914,NA,NA,NA,NA,NA,3.61e-4,NA,NA,NA,0.046914,NA,NA,NA,NA,NA,NA,36081,NA,NA,NA,53005,NA,NA,NA,NA,2151
mccrone,50851,PA,1788,T,C,0,NA,NA,NA,0.047488,NA,NA,NA,NA,NA,4.07e-4,NA,NA,NA,0.047488,NA,NA,NA,NA,NA,NA,30454,NA,NA,NA,48975,NA,NA,NA,NA,2151
mccrone,50851,PB1,634,A,G,0,NA,NA,NA,0.085577,NA,NA,NA,NA,NA,4.98e-4,NA,NA,NA,0.085577,NA,NA,NA,NA,NA,NA,26113,NA,NA,NA,45626,NA,NA,NA,NA,2274
mccrone,50851,PB1,1093,C,A,0,NA,NA,NA,0.085709,NA,NA,NA,NA,NA,0.001244,NA,NA,NA,0.085709,NA,NA,NA,NA,NA,NA,26071,NA,NA,NA,46610,NA,NA,NA,NA,2274
mccrone,50851,PB2,924,G,A,0,NA,NA,NA,0.025169,NA,NA,NA,NA,NA,1.96e-4,NA,NA,NA,0.025169,NA,NA,NA,NA,NA,NA,33405,NA,NA,NA,51547,NA,NA,NA,NA,2280
mccrone,50874,HA,1457,A,T,0.105772,NA,0.009589,NA,NA,NA,NA,NA,NA,NA,0.105772,NA,0.009589,NA,NA,NA,NA,NA,NA,NA,NA,104256,NA,84477,NA,NA,NA,NA,NA,NA,1701
mccrone,50874,NA,482,A,G,0.033036,NA,0.473484,NA,NA,NA,NA,NA,NA,NA,0.033036,NA,0.473484,NA,NA,NA,NA,NA,NA,NA,NA,62240,NA,62936,NA,NA,NA,NA,NA,NA,1410
mccrone,50874,PB1,514,G,A,0.267506,NA,0.467264,NA,NA,NA,NA,NA,NA,NA,0.267506,NA,0.467264,NA,NA,NA,NA,NA,NA,NA,NA,54383,NA,39915,NA,NA,NA,NA,NA,NA,2274
mccrone,50874,PB1,1689,A,G,0.322497,NA,0.46961,NA,NA,NA,NA,NA,NA,NA,0.322497,NA,0.46961,NA,NA,NA,NA,NA,NA,NA,NA,43124,NA,40187,NA,NA,NA,NA,NA,NA,2274
mccrone,50874,PB1,1782,A,G,0.219416,NA,0.455273,NA,NA,NA,NA,NA,NA,NA,0.219416,NA,0.455273,NA,NA,NA,NA,NA,NA,NA,NA,80184,NA,40882,NA,NA,NA,NA,NA,NA,2274
mccrone,50935,HA,626,T,C,0,NA,NA,NA,NA,NA,0.171516,NA,NA,NA,0,NA,NA,NA,NA,NA,0.171516,NA,NA,NA,NA,116902,NA,NA,NA,NA,51540,NA,NA,NA,1701
mccrone,50935,NA,780,G,A,0,NA,NA,NA,NA,NA,0.043454,NA,NA,NA,3.61e-4,NA,NA,NA,NA,NA,0.043454,NA,NA,NA,NA,94342,NA,NA,NA,NA,44792,NA,NA,NA,1410
mccrone,50968,HA,850,A,C,NA,NA,0.035847,NA,0.002085,NA,NA,NA,NA,NA,NA,NA,0.035847,NA,0.002085,NA,NA,NA,NA,NA,NA,NA,NA,91941,NA,61177,NA,NA,NA,NA,1701
mccrone,50968,PA,963,T,C,NA,NA,0.010257,NA,0.02981,NA,NA,NA,NA,NA,NA,NA,0.010257,NA,0.02981,NA,NA,NA,NA,NA,NA,NA,NA,48058,NA,41649,NA,NA,NA,NA,2151
mccrone,50968,PB1,561,A,G,NA,NA,0.00667,NA,0.077957,NA,NA,NA,NA,NA,NA,NA,0.00667,NA,0.077957,NA,NA,NA,NA,NA,NA,NA,NA,45671,NA,30808,NA,NA,NA,NA,2274
mccrone,50968,PB2,1758,G,A,NA,NA,0.00855,NA,0.032495,NA,NA,NA,NA,NA,NA,NA,0.00855,NA,0.032495,NA,NA,NA,NA,NA,NA,NA,NA,43103,NA,37762,NA,NA,NA,NA,2280
mccrone,50969,PA,498,A,G,0.026769,NA,0.013561,NA,NA,NA,NA,NA,NA,NA,0.026769,NA,0.013561,NA,NA,NA,NA,NA,NA,NA,NA,23336,NA,45552,NA,NA,NA,NA,NA,NA,2151
mccrone,50969,PA,1180,G,A,0,NA,0.025815,NA,NA,NA,NA,NA,NA,NA,2.7e-4,NA,0.025815,NA,NA,NA,NA,NA,NA,NA,NA,26031,NA,51614,NA,NA,NA,NA,NA,NA,2151
mccrone,50969,PA,1181,A,G,0.020837,NA,0.030462,NA,NA,NA,NA,NA,NA,NA,0.020837,NA,0.030462,NA,NA,NA,NA,NA,NA,NA,NA,26038,NA,51645,NA,NA,NA,NA,NA,NA,2151
mccrone,50993,HA,389,C,T,NA,NA,NA,NA,0.031701,NA,NA,0,NA,NA,NA,NA,NA,NA,0.031701,NA,NA,1.68e-4,NA,NA,NA,NA,NA,NA,NA,56835,NA,NA,61308,NA,1701
mccrone,50993,MP,278,T,C,NA,NA,NA,NA,0.030586,NA,NA,0,NA,NA,NA,NA,NA,NA,0.030586,NA,NA,8.49e-4,NA,NA,NA,NA,NA,NA,NA,85571,NA,NA,132352,NA,982
mccrone,50993,NA,585,G,A,NA,NA,NA,NA,0,NA,NA,0.020725,NA,NA,NA,NA,NA,NA,3.38e-4,NA,NA,0.020725,NA,NA,NA,NA,NA,NA,NA,44167,NA,NA,53833,NA,1410
mccrone,50993,NS,415,G,A,NA,NA,NA,NA,0,NA,NA,0.026542,NA,NA,NA,NA,NA,NA,2.23e-4,NA,NA,0.026542,NA,NA,NA,NA,NA,NA,NA,16837,NA,NA,33777,NA,838
mccrone,50993,PA,1774,A,G,NA,NA,NA,NA,0.104037,NA,NA,0,NA,NA,NA,NA,NA,NA,0.104037,NA,NA,5.18e-4,NA,NA,NA,NA,NA,NA,NA,34107,NA,NA,37433,NA,2151
mccrone,50993,PB1,1542,G,T,NA,NA,NA,NA,0.024656,NA,NA,0,NA,NA,NA,NA,NA,NA,0.024656,NA,NA,0.001037,NA,NA,NA,NA,NA,NA,NA,28007,NA,NA,33069,NA,2274
mccrone,50993,PB2,845,A,T,NA,NA,NA,NA,0,NA,NA,0.028949,NA,NA,NA,NA,NA,NA,9.7e-5,NA,NA,0.028949,NA,NA,NA,NA,NA,NA,NA,35762,NA,NA,38532,NA,2280
mccrone,50993,PB2,1072,G,A,NA,NA,NA,NA,0.034553,NA,NA,0,NA,NA,NA,NA,NA,NA,0.034553,NA,NA,0,NA,NA,NA,NA,NA,NA,NA,38814,NA,NA,42932,NA,2280
mccrone,51000,HA,1497,T,A,0,NA,NA,NA,0.040281,NA,NA,NA,NA,NA,1.99e-4,NA,NA,NA,0.040281,NA,NA,NA,NA,NA,NA,78569,NA,NA,NA,76409,NA,NA,NA,NA,1701
mccrone,51000,NA,940,T,C,0,NA,NA,NA,0.039115,NA,NA,NA,NA,NA,0.00107,NA,NA,NA,0.039115,NA,NA,NA,NA,NA,NA,50384,NA,NA,NA,49737,NA,NA,NA,NA,1410
mccrone,51000,PA,1044,T,C,0.025726,NA,NA,NA,0,NA,NA,NA,NA,NA,0.025726,NA,NA,NA,5.19e-4,NA,NA,NA,NA,NA,NA,56276,NA,NA,NA,53688,NA,NA,NA,NA,2151
mccrone,51046,NP,897,G,A,NA,NA,0.208193,NA,0.096469,NA,NA,NA,NA,NA,NA,NA,0.208193,NA,0.096469,NA,NA,NA,NA,NA,NA,NA,NA,55745,NA,26987,NA,NA,NA,NA,1497
mccrone,51046,PA,1716,G,A,NA,NA,0,NA,0.026302,NA,NA,NA,NA,NA,NA,NA,3.8e-4,NA,0.026302,NA,NA,NA,NA,NA,NA,NA,NA,39118,NA,19890,NA,NA,NA,NA,2151
mccrone,51046,PB2,807,A,G,NA,NA,0.003594,NA,0.020097,NA,NA,NA,NA,NA,NA,NA,0.003594,NA,0.020097,NA,NA,NA,NA,NA,NA,NA,NA,31093,NA,15316,NA,NA,NA,NA,2280
mccrone,51055,HA,1245,C,T,0,NA,NA,NA,0.044661,NA,NA,NA,NA,NA,2.57e-4,NA,NA,NA,0.044661,NA,NA,NA,NA,NA,NA,53850,NA,NA,NA,66718,NA,NA,NA,NA,1701
mccrone,51055,MP,534,G,A,0,NA,NA,NA,0.031752,NA,NA,NA,NA,NA,7.98e-4,NA,NA,NA,0.031752,NA,NA,NA,NA,NA,NA,97300,NA,NA,NA,81574,NA,NA,NA,NA,982
mccrone,51055,NS,427,A,G,0.148959,NA,NA,NA,0.004096,NA,NA,NA,NA,NA,0.148959,NA,NA,NA,0.004096,NA,NA,NA,NA,NA,NA,29877,NA,NA,NA,35489,NA,NA,NA,NA,838
mccrone,51055,PB2,1599,G,A,0,NA,NA,NA,0.081722,NA,NA,NA,NA,NA,4.45e-4,NA,NA,NA,0.081722,NA,NA,NA,NA,NA,NA,29049,NA,NA,NA,45759,NA,NA,NA,NA,2280
mccrone,51055,PB2,1980,G,A,0,NA,NA,NA,0.03575,NA,NA,NA,NA,NA,1.18e-4,NA,NA,NA,0.03575,NA,NA,NA,NA,NA,NA,23237,NA,NA,NA,42293,NA,NA,NA,NA,2280
mccrone,51059,MP,528,G,A,0.086695,NA,0.031365,NA,NA,NA,NA,NA,NA,NA,0.086695,NA,0.031365,NA,NA,NA,NA,NA,NA,NA,NA,72599,NA,58845,NA,NA,NA,NA,NA,NA,982
mccrone,51059,PA,1590,G,A,0,NA,0.050984,NA,NA,NA,NA,NA,NA,NA,3.88e-4,NA,0.050984,NA,NA,NA,NA,NA,NA,NA,NA,42358,NA,26576,NA,NA,NA,NA,NA,NA,2151
mccrone,51059,PB1,1062,A,G,0.005105,NA,0.021081,NA,NA,NA,NA,NA,NA,NA,0.005105,NA,0.021081,NA,NA,NA,NA,NA,NA,NA,NA,29620,NA,15455,NA,NA,NA,NA,NA,NA,2274
mccrone,51073,PB1,894,T,A,0.341985,NA,NA,NA,0.041447,NA,NA,NA,NA,NA,0.341985,NA,NA,NA,0.041447,NA,NA,NA,NA,NA,NA,25969,NA,NA,NA,28497,NA,NA,NA,NA,2274
mccrone,51097,NA,681,G,A,NA,NA,0.026848,0.039158,NA,NA,NA,NA,NA,NA,NA,NA,0.026848,0.039158,NA,NA,NA,NA,NA,NA,NA,NA,NA,34228,38218,NA,NA,NA,NA,NA,1410
mccrone,51097,NP,255,G,A,NA,NA,0.049484,0.026977,NA,NA,NA,NA,NA,NA,NA,NA,0.049484,0.026977,NA,NA,NA,NA,NA,NA,NA,NA,NA,41849,46814,NA,NA,NA,NA,NA,1497
mccrone,51097,NP,1231,A,G,NA,NA,0.025207,0.012054,NA,NA,NA,NA,NA,NA,NA,NA,0.025207,0.012054,NA,NA,NA,NA,NA,NA,NA,NA,NA,38129,40289,NA,NA,NA,NA,NA,1497
mccrone,51101,NS,415,G,A,NA,NA,0.022918,0.021462,NA,NA,NA,NA,NA,NA,NA,NA,0.022918,0.021462,NA,NA,NA,NA,NA,NA,NA,NA,NA,28515,34320,NA,NA,NA,NA,NA,838
mccrone,51101,PA,237,C,T,NA,NA,0.458013,0.44255100000000003,NA,NA,NA,NA,NA,NA,NA,NA,0.458013,0.44255100000000003,NA,NA,NA,NA,NA,NA,NA,NA,NA,41223,42689,NA,NA,NA,NA,NA,2151
mccrone,51101,PA,1446,G,A,NA,NA,0.458974,0.447405,NA,NA,NA,NA,NA,NA,NA,NA,0.458974,0.447405,NA,NA,NA,NA,NA,NA,NA,NA,NA,41214,43541,NA,NA,NA,NA,NA,2151
mccrone,51101,PB1,1605,A,G,NA,NA,0.035936,0.030736,NA,NA,NA,NA,NA,NA,NA,NA,0.035936,0.030736,NA,NA,NA,NA,NA,NA,NA,NA,NA,25507,20833,NA,NA,NA,NA,NA,2274
mccrone,51101,PB2,457,G,A,NA,NA,0.03931,0.041967,NA,NA,NA,NA,NA,NA,NA,NA,0.03931,0.041967,NA,NA,NA,NA,NA,NA,NA,NA,NA,33915,27304,NA,NA,NA,NA,NA,2280
mccrone,51101,PB2,501,T,C,NA,NA,0.022762,0.016717,NA,NA,NA,NA,NA,NA,NA,NA,0.022762,0.016717,NA,NA,NA,NA,NA,NA,NA,NA,NA,32082,25817,NA,NA,NA,NA,NA,2280
mccrone,51106,HA,430,A,G,NA,NA,NA,NA,0,NA,0.113567,NA,NA,NA,NA,NA,NA,NA,0.001303,NA,0.113567,NA,NA,NA,NA,NA,NA,NA,NA,107222,75779,NA,NA,NA,1701
mccrone,51106,NA,433,T,C,NA,NA,NA,NA,0,NA,0.022411,NA,NA,NA,NA,NA,NA,NA,3.83e-4,NA,0.022411,NA,NA,NA,NA,NA,NA,NA,NA,83776,66599,NA,NA,NA,1410
mccrone,51106,NP,690,C,T,NA,NA,NA,NA,0.007723,NA,0.042644,NA,NA,NA,NA,NA,NA,NA,0.007723,NA,0.042644,NA,NA,NA,NA,NA,NA,NA,NA,106009,81761,NA,NA,NA,1497
mccrone,51106,NS,207,A,G,NA,NA,NA,NA,0.008378,NA,0.03099,NA,NA,NA,NA,NA,NA,NA,0.008378,NA,0.03099,NA,NA,NA,NA,NA,NA,NA,NA,49044,49140,NA,NA,NA,838
mccrone,51106,PB1,634,G,A,NA,NA,NA,NA,0.007532,NA,0.030181,NA,NA,NA,NA,NA,NA,NA,0.007532,NA,0.030181,NA,NA,NA,NA,NA,NA,NA,NA,48178,36156,NA,NA,NA,2274
mccrone,51106,PB1,1093,A,C,NA,NA,NA,NA,0.006899,NA,0.027968,NA,NA,NA,NA,NA,NA,NA,0.006899,NA,0.027968,NA,NA,NA,NA,NA,NA,NA,NA,54023,32942,NA,NA,NA,2274
mccrone,51359,NP,261,A,G,NA,0.026025,NA,NA,NA,NA,NA,0.002053,NA,NA,NA,0.026025,NA,NA,NA,NA,NA,0.002053,NA,NA,NA,NA,NA,NA,NA,NA,NA,NA,91498,68389,1497
mccrone,51438,HA,495,T,C,0.058664,NA,0.489758,NA,NA,NA,NA,NA,NA,NA,0.058664,NA,0.489758,NA,NA,NA,NA,NA,NA,NA,NA,47685,NA,78872,NA,NA,NA,NA,NA,NA,1701
mccrone,51438,HA,609,G,A,0.212559,NA,0.035526,NA,NA,NA,NA,NA,NA,NA,0.212559,NA,0.035526,NA,NA,NA,NA,NA,NA,NA,NA,49705,NA,79742,NA,NA,NA,NA,NA,NA,1701
mccrone,51438,NP,869,A,G,0.018354,NA,0.044655,NA,NA,NA,NA,NA,NA,NA,0.018354,NA,0.044655,NA,NA,NA,NA,NA,NA,NA,NA,45290,NA,88189,NA,NA,NA,NA,NA,NA,1497
mccrone,51438,NS,512,T,C,0.051092,NA,0.488207,NA,NA,NA,NA,NA,NA,NA,0.051092,NA,0.488207,NA,NA,NA,NA,NA,NA,NA,NA,14467,NA,40371,NA,NA,NA,NA,NA,NA,838
mccrone,51438,PA,906,C,T,0.090998,NA,0.076632,NA,NA,NA,NA,NA,NA,NA,0.090998,NA,0.076632,NA,NA,NA,NA,NA,NA,NA,NA,23087,NA,52818,NA,NA,NA,NA,NA,NA,2151
mccrone,51438,PB1,414,G,A,0.216182,NA,0.039312,NA,NA,NA,NA,NA,NA,NA,0.216182,NA,0.039312,NA,NA,NA,NA,NA,NA,NA,NA,21103,NA,37697,NA,NA,NA,NA,NA,NA,2274
swine,1-5,HA,1181,A,C,NA,0.558641,NA,NA,NA,0.064559,NA,NA,NA,NA,NA,0.558641,NA,NA,NA,0.064559,NA,NA,NA,NA,NA,NA,NA,NA,NA,NA,NA,21402,NA,40672,1701
swine,1-5,MP,449,C,T,NA,0.025531,NA,NA,NA,0.074509,NA,NA,NA,NA,NA,0.025531,NA,NA,NA,0.074509,NA,NA,NA,NA,NA,NA,NA,NA,NA,NA,NA,240816,NA,295652,982
swine,1-5,NA,237,C,T,NA,0.006054,NA,NA,NA,0.021234,NA,NA,NA,NA,NA,0.006054,NA,NA,NA,0.021234,NA,NA,NA,NA,NA,NA,NA,NA,NA,NA,NA,98658,NA,160700,1410
swine,1-5,NA,736,G,T,NA,0.023947,NA,NA,NA,0,NA,NA,NA,NA,NA,0.023947,NA,NA,NA,0.003181,NA,NA,NA,NA,NA,NA,NA,NA,NA,NA,NA,100434,NA,160613,1410
swine,1-5,PA,1035,C,T,NA,0.237663,NA,NA,NA,0,NA,NA,NA,NA,NA,0.237663,NA,NA,NA,5e-5,NA,NA,NA,NA,NA,NA,NA,NA,NA,NA,NA,26314,NA,89674,2153
swine,1-5,PB1,347,A,G,NA,0.01573,NA,NA,NA,0.347235,NA,NA,NA,NA,NA,0.01573,NA,NA,NA,0.347235,NA,NA,NA,NA,NA,NA,NA,NA,NA,NA,NA,27255,NA,93985,2277
swine,1-5,PB1,1370,A,G,NA,0.030689,NA,NA,NA,0.122408,NA,NA,NA,NA,NA,0.030689,NA,NA,NA,0.122408,NA,NA,NA,NA,NA,NA,NA,NA,NA,NA,NA,24366,NA,83744,2277
swine,1-5,PB1,1376,T,G,NA,0.007542,NA,NA,NA,0.023435,NA,NA,NA,NA,NA,0.007542,NA,NA,NA,0.023435,NA,NA,NA,NA,NA,NA,NA,NA,NA,NA,NA,26356,NA,85390,2277
swine,1-5,PB1,1378,C,A,NA,0.006977,NA,NA,NA,0.020458,NA,NA,NA,NA,NA,0.006977,NA,NA,NA,0.020458,NA,NA,NA,NA,NA,NA,NA,NA,NA,NA,NA,26399,NA,84968,2277
swine,1-5,PB1,1550,T,C,NA,0.047077,NA,NA,NA,0,NA,NA,NA,NA,NA,0.047077,NA,NA,NA,3.9e-5,NA,NA,NA,NA,NA,NA,NA,NA,NA,NA,NA,59779,NA,127371,2277
swine,1-5,PB2,581,A,G,NA,0.367066,NA,NA,NA,0.479035,NA,NA,NA,NA,NA,0.367066,NA,NA,NA,0.479035,NA,NA,NA,NA,NA,NA,NA,NA,NA,NA,NA,35904,NA,102114,2283
swine,1-5,PB2,1388,T,C,NA,0.030701,NA,NA,NA,0.369333,NA,NA,NA,NA,NA,0.030701,NA,NA,NA,0.369333,NA,NA,NA,NA,NA,NA,NA,NA,NA,NA,NA,29543,NA,76592,2283
swine,20352,HA,625,A,G,NA,0.099111,NA,NA,NA,0,0,0,NA,NA,NA,0.099111,NA,NA,NA,4.72e-4,2.24e-4,2.3e-4,NA,NA,NA,NA,NA,NA,NA,NA,39185,31675,20060,8615,1701
swine,20352,HA,918,C,T,NA,0.111346,NA,NA,NA,0,0,0,NA,NA,NA,0.111346,NA,NA,NA,2.69e-4,3.81e-4,0,NA,NA,NA,NA,NA,NA,NA,NA,27752,22352,13487,5681,1701
swine,20352,HA,1351,C,A,NA,0.069156,NA,NA,NA,0,0,0,NA,NA,NA,0.069156,NA,NA,NA,0.001243,0.002525,0.00174,NA,NA,NA,NA,NA,NA,NA,NA,25129,23097,13251,5417,1701
swine,20352,HA,1371,C,A,NA,0.066001,NA,NA,NA,0,0,0,NA,NA,NA,0.066001,NA,NA,NA,0.001556,0.002132,0.002224,NA,NA,NA,NA,NA,NA,NA,NA,27639,25202,14644,5871,1701
swine,20352,NA,736,T,G,NA,0,NA,NA,NA,0,0,0.034508,NA,NA,NA,4.81e-4,NA,NA,NA,6.08e-4,4.9e-4,0.034508,NA,NA,NA,NA,NA,NA,NA,NA,90674,109444,78090,55570,1410
swine,20352,NA,780,G,A,NA,0.029764,NA,NA,NA,0,0,0,NA,NA,NA,0.029764,NA,NA,NA,9.33e-4,3.12e-4,1.37e-4,NA,NA,NA,NA,NA,NA,NA,NA,105704,128641,89982,65704,1410
swine,20352,NP,339,A,G,NA,0,NA,NA,NA,0,0,0.040799,NA,NA,NA,4.34e-4,NA,NA,NA,3.36e-4,7.43e-4,0.040799,NA,NA,NA,NA,NA,NA,NA,NA,51396,64242,49916,18690,1497
swine,20352,NP,507,T,C,NA,0.02455,NA,NA,NA,0,0,0,NA,NA,NA,0.02455,NA,NA,NA,5.43e-4,6.04e-4,5.09e-4,NA,NA,NA,NA,NA,NA,NA,NA,50518,65658,49309,20521,1497
swine,20352,PA,788,C,A,NA,0.024298,NA,NA,NA,0,0,0,NA,NA,NA,0.024298,NA,NA,NA,0.001508,0.003883,0.001348,NA,NA,NA,NA,NA,NA,NA,NA,13581,11008,21240,9034,2153
swine,20352,PA,800,C,T,NA,0.032225,NA,NA,NA,0,0,0,NA,NA,NA,0.032225,NA,NA,NA,5.71e-4,2.89e-4,1.21e-4,NA,NA,NA,NA,NA,NA,NA,NA,13708,11189,21524,9131,2153
swine,20352,PA,842,A,C,NA,0.031388,NA,NA,NA,0,0,0,NA,NA,NA,0.031388,NA,NA,NA,0.001189,4.94e-4,8.07e-4,NA,NA,NA,NA,NA,NA,NA,NA,13501,10875,21127,8975,2153
swine,20352,PA,1008,G,A,NA,0.02645,NA,NA,NA,0,0,0,NA,NA,NA,0.02645,NA,NA,NA,0,2.67e-4,1.11e-4,NA,NA,NA,NA,NA,NA,NA,NA,14387,11672,22650,9556,2153
swine,20352,PA,1016,A,G,NA,0.032759,NA,NA,NA,0,0,0,NA,NA,NA,0.032759,NA,NA,NA,8.76e-4,8.99e-4,0.001016,NA,NA,NA,NA,NA,NA,NA,NA,14212,11463,22251,9407,2153
swine,20352,PA,1083,G,A,NA,0,NA,NA,NA,0,0,0.099239,NA,NA,NA,0,NA,NA,NA,2.51e-4,2.04e-4,0.099239,NA,NA,NA,NA,NA,NA,NA,NA,12303,9850,20210,7970,2153
swine,20352,PA,1673,C,A,NA,0.028774,NA,NA,NA,0,0,0,NA,NA,NA,0.028774,NA,NA,NA,8.75e-4,0.001565,0.001626,NA,NA,NA,NA,NA,NA,NA,NA,12932,13686,19920,9497,2153
swine,20352,PA,1771,C,T,NA,0,NA,NA,NA,0.027483,0,0,NA,NA,NA,0,NA,NA,NA,0.027483,6.31e-4,2.4e-4,NA,NA,NA,NA,NA,NA,NA,NA,11885,12894,21547,8974,2153
swine,20352,PA,1923,G,T,NA,0.130814,NA,NA,NA,0.095038,0.062417,0,NA,NA,NA,0.130814,NA,NA,NA,0.095038,0.062417,0.002754,NA,NA,NA,NA,NA,NA,NA,NA,14631,20775,23845,17877,2153
swine,20352,PB1,395,C,T,NA,0.037445,NA,NA,NA,0.021837,0.023559,0,NA,NA,NA,0.037445,NA,NA,NA,0.021837,0.023559,3.61e-4,NA,NA,NA,NA,NA,NA,NA,NA,24910,28132,20683,18908,2276
swine,20352,PB1,574,A,C,NA,0.021784,NA,NA,NA,0.008078,0.009533,0,NA,NA,NA,0.021784,NA,NA,NA,0.008078,0.009533,0.001093,NA,NA,NA,NA,NA,NA,NA,NA,23031,26608,19107,15175,2276
swine,20352,PB1,1148,A,T,NA,0.020498,NA,NA,NA,0,0,0,NA,NA,NA,0.020498,NA,NA,NA,0.001725,0.001629,0.002,NA,NA,NA,NA,NA,NA,NA,NA,22209,25128,18885,12315,2276
swine,20352,PB1,1151,C,A,NA,0.029394,NA,NA,NA,0,0,0,NA,NA,NA,0.029394,NA,NA,NA,0.001664,0.001556,0.002318,NA,NA,NA,NA,NA,NA,NA,NA,22401,25321,19103,12529,2276
swine,20352,PB1,1344,C,T,NA,0,NA,NA,NA,0,0,0.162707,NA,NA,NA,4.8e-5,NA,NA,NA,8.6e-5,5.1e-5,0.162707,NA,NA,NA,NA,NA,NA,NA,NA,25087,27566,23157,24340,2276
swine,20352,PB1,1361,C,T,NA,0,NA,NA,NA,0,0,0.051487,NA,NA,NA,1.5e-4,NA,NA,NA,1.83e-4,5.4e-4,0.051487,NA,NA,NA,NA,NA,NA,NA,NA,23756,26009,21872,23194,2276
swine,20352,PB1,1370,A,G,NA,0.048383,NA,NA,NA,0.062337,0.054454,0.129574,NA,NA,NA,0.048383,NA,NA,NA,0.062337,0.054454,0.129574,NA,NA,NA,NA,NA,NA,NA,NA,23874,26083,21448,23469,2276
swine,20352,PB1,1376,T,G,NA,0.013198,NA,NA,NA,0.016117,0.013485,0.021756,NA,NA,NA,0.013198,NA,NA,NA,0.016117,0.013485,0.021756,NA,NA,NA,NA,NA,NA,NA,NA,25485,26728,24385,24774,2276
swine,20352,PB2,219,A,G,NA,0,NA,NA,NA,0,0,0.020948,NA,NA,NA,0,NA,NA,NA,0.001173,0.001483,0.020948,NA,NA,NA,NA,NA,NA,NA,NA,27489,35705,37366,24800,2284
swine,20352,PB2,996,G,A,NA,0.029196,NA,NA,NA,0,0,0.005626,NA,NA,NA,0.029196,NA,NA,NA,4.29e-4,2.55e-4,0.005626,NA,NA,NA,NA,NA,NA,NA,NA,20061,25793,19205,13085,2284
swine,20352,PB2,1200,G,A,NA,0.0247,NA,NA,NA,0,0,0,NA,NA,NA,0.0247,NA,NA,NA,9.35e-4,4.2e-4,2.73e-4,NA,NA,NA,NA,NA,NA,NA,NA,18359,23844,18621,12416,2284
swine,20352,PB2,1266,T,C,NA,0.020416,NA,NA,NA,0,0,0,NA,NA,NA,0.020416,NA,NA,NA,1.87e-4,0,3.03e-4,NA,NA,NA,NA,NA,NA,NA,NA,19885,26056,21052,13497,2284
swine,20352,PB2,1490,G,A,NA,0.024213,NA,NA,NA,0,0,0,NA,NA,NA,0.024213,NA,NA,NA,1.65e-4,2.69e-4,2.52e-4,NA,NA,NA,NA,NA,NA,NA,NA,23219,29285,24889,16721,2284
swine,20352,PB2,1832,A,G,NA,0.022723,NA,NA,NA,0,0,0,NA,NA,NA,0.022723,NA,NA,NA,2.89e-4,1.44e-4,4.19e-4,NA,NA,NA,NA,NA,NA,NA,NA,24926,32599,29073,20859,2284
swine,20352,PB2,1977,C,T,NA,0.033147,NA,NA,NA,0,0,0,NA,NA,NA,0.033147,NA,NA,NA,9.82e-4,8.62e-4,0.003544,NA,NA,NA,NA,NA,NA,NA,NA,22200,29971,28001,28691,2284
swine,20361,HA,256,C,A,NA,NA,NA,NA,NA,NA,0,0.020099,NA,NA,NA,NA,NA,NA,NA,NA,0.001988,0.020099,NA,NA,NA,NA,NA,NA,NA,NA,28113,NA,15139,NA,1701
swine,20361,NA,673,A,G,NA,NA,NA,NA,NA,NA,0,0.02795,NA,NA,NA,NA,NA,NA,NA,NA,3.95e-4,0.02795,NA,NA,NA,NA,NA,NA,NA,NA,98117,NA,57794,NA,1410
swine,20361,PA,981,G,T,NA,NA,NA,NA,NA,NA,0,0.023559,NA,NA,NA,NA,NA,NA,NA,NA,0.001288,0.023559,NA,NA,NA,NA,NA,NA,NA,NA,19435,NA,22023,NA,2153
swine,20361,PB1,1370,A,G,NA,NA,NA,NA,NA,NA,0.13796,0.079563,NA,NA,NA,NA,NA,NA,NA,NA,0.13796,0.079563,NA,NA,NA,NA,NA,NA,NA,NA,16768,NA,23624,NA,2274
swine,20361,PB1,1376,T,G,NA,NA,NA,NA,NA,NA,0.029132,0.013349,NA,NA,NA,NA,NA,NA,NA,NA,0.029132,0.013349,NA,NA,NA,NA,NA,NA,NA,NA,18114,NA,27064,NA,2274
swine,20361,PB1,1378,C,A,NA,NA,NA,NA,NA,NA,0.026064,0.011149,NA,NA,NA,NA,NA,NA,NA,NA,0.026064,0.011149,NA,NA,NA,NA,NA,NA,NA,NA,18154,NA,27034,NA,2274
swine,20361,PB1,1902,T,C,NA,NA,NA,NA,NA,NA,0.408673,0.301644,NA,NA,NA,NA,NA,NA,NA,NA,0.408673,0.301644,NA,NA,NA,NA,NA,NA,NA,NA,55146,NA,56330,NA,2274
swine,20361,PB2,1223,A,G,NA,NA,NA,NA,NA,NA,0,0.050925,NA,NA,NA,NA,NA,NA,NA,NA,5.42e-4,0.050925,NA,NA,NA,NA,NA,NA,NA,NA,15815,NA,19744,NA,2281
swine,20368,HA,386,A,G,NA,0.049415,NA,NA,NA,0,NA,NA,NA,NA,NA,0.049415,NA,NA,NA,2.01e-4,NA,NA,NA,NA,NA,NA,NA,NA,NA,NA,NA,58242,NA,35391,1701
swine,20368,NA,227,C,T,NA,0,NA,NA,NA,0.027552,NA,NA,NA,NA,NA,1.6e-4,NA,NA,NA,0.027552,NA,NA,NA,NA,NA,NA,NA,NA,NA,NA,NA,89831,NA,80821,1410
swine,20368,NA,531,T,C,NA,0,NA,NA,NA,0.020225,NA,NA,NA,NA,NA,3.28e-4,NA,NA,NA,0.020225,NA,NA,NA,NA,NA,NA,NA,NA,NA,NA,NA,82557,NA,73576,1410
swine,20368,NP,641,G,A,NA,0.215306,NA,NA,NA,0,NA,NA,NA,NA,NA,0.215306,NA,NA,NA,3.82e-4,NA,NA,NA,NA,NA,NA,NA,NA,NA,NA,NA,55633,NA,41006,1497
swine,20368,NP,767,T,C,NA,0.039019,NA,NA,NA,0,NA,NA,NA,NA,NA,0.039019,NA,NA,NA,7.53e-4,NA,NA,NA,NA,NA,NA,NA,NA,NA,NA,NA,57434,NA,43726,1497
swine,20368,NP,806,C,T,NA,0.218872,NA,NA,NA,0,NA,NA,NA,NA,NA,0.218872,NA,NA,NA,2.01e-4,NA,NA,NA,NA,NA,NA,NA,NA,NA,NA,NA,53854,NA,41243,1497
swine,20368,NP,919,C,A,NA,0,NA,NA,NA,0.040719,NA,NA,NA,NA,NA,0.001145,NA,NA,NA,0.040719,NA,NA,NA,NA,NA,NA,NA,NA,NA,NA,NA,58113,NA,41891,1497
swine,20368,NS,325,C,A,NA,0,NA,NA,NA,0.03032,NA,NA,NA,NA,NA,0,NA,NA,NA,0.03032,NA,NA,NA,NA,NA,NA,NA,NA,NA,NA,NA,183775,NA,158271,838
swine,20368,PA,584,A,G,NA,0,NA,NA,NA,0.052769,NA,NA,NA,NA,NA,3.64e-4,NA,NA,NA,0.052769,NA,NA,NA,NA,NA,NA,NA,NA,NA,NA,NA,41342,NA,6156,2151
swine,20368,PA,656,T,C,NA,0,NA,NA,NA,0.027021,NA,NA,NA,NA,NA,0.00148,NA,NA,NA,0.027021,NA,NA,NA,NA,NA,NA,NA,NA,NA,NA,NA,39868,NA,6081,2151
swine,20368,PA,884,C,T,NA,0,NA,NA,NA,0.035451,NA,NA,NA,NA,NA,7.63e-4,NA,NA,NA,0.035451,NA,NA,NA,NA,NA,NA,NA,NA,NA,NA,NA,43946,NA,6343,2151
swine,20368,PA,1389,G,A,NA,0,NA,NA,NA,0.054936,NA,NA,NA,NA,NA,0,NA,NA,NA,0.054936,NA,NA,NA,NA,NA,NA,NA,NA,NA,NA,NA,53649,NA,7835,2151
swine,20368,PA,1791,G,A,NA,0.050909,NA,NA,NA,0,NA,NA,NA,NA,NA,0.050909,NA,NA,NA,7.26e-4,NA,NA,NA,NA,NA,NA,NA,NA,NA,NA,NA,32873,NA,5922,2151
swine,20387,HA,447,C,T,NA,NA,NA,NA,NA,0,NA,0.025101,NA,NA,NA,NA,NA,NA,NA,0,NA,0.025101,NA,NA,NA,NA,NA,NA,NA,NA,NA,22020,28607,NA,1701
swine,20387,HA,1052,T,A,NA,NA,NA,NA,NA,0.069778,NA,0.014593,NA,NA,NA,NA,NA,NA,NA,0.069778,NA,0.014593,NA,NA,NA,NA,NA,NA,NA,NA,NA,21668,25003,NA,1701
swine,20387,HA,1053,C,A,NA,NA,NA,NA,NA,0.071361,NA,0.014849,NA,NA,NA,NA,NA,NA,NA,0.071361,NA,0.014849,NA,NA,NA,NA,NA,NA,NA,NA,NA,21696,25000,NA,1701
swine,20387,NA,288,A,G,NA,NA,NA,NA,NA,0,NA,0.145284,NA,NA,NA,NA,NA,NA,NA,1.05e-4,NA,0.145284,NA,NA,NA,NA,NA,NA,NA,NA,NA,98754,115503,NA,1411
swine,20387,NA,684,G,C,NA,NA,NA,NA,NA,0.136298,NA,0,NA,NA,NA,NA,NA,NA,NA,0.136298,NA,2.49e-4,NA,NA,NA,NA,NA,NA,NA,NA,NA,94301,112942,NA,1411
swine,20387,NA,736,T,G,NA,NA,NA,NA,NA,0,NA,0.076107,NA,NA,NA,NA,NA,NA,NA,0.001281,NA,0.076107,NA,NA,NA,NA,NA,NA,NA,NA,NA,85091,105159,NA,1411
swine,20387,NA,993,C,T,NA,NA,NA,NA,NA,0.118434,NA,0,NA,NA,NA,NA,NA,NA,NA,0.118434,NA,6.9e-5,NA,NA,NA,NA,NA,NA,NA,NA,NA,74528,88302,NA,1411
swine,20387,NS,597,G,T,NA,NA,NA,NA,NA,0.050654,NA,0,NA,NA,NA,NA,NA,NA,NA,0.050654,NA,0,NA,NA,NA,NA,NA,NA,NA,NA,NA,197490,135688,NA,838
swine,20387,PA,766,C,T,NA,NA,NA,NA,NA,0.084611,NA,0,NA,NA,NA,NA,NA,NA,NA,0.084611,NA,4.04e-4,NA,NA,NA,NA,NA,NA,NA,NA,NA,21128,20046,NA,2154
swine,20387,PA,1621,T,C,NA,NA,NA,NA,NA,0.024252,NA,0,NA,NA,NA,NA,NA,NA,NA,0.024252,NA,0.002726,NA,NA,NA,NA,NA,NA,NA,NA,NA,22866,22614,NA,2154
swine,20387,PA,1771,C,A,NA,NA,NA,NA,NA,0.02461,NA,0,NA,NA,NA,NA,NA,NA,NA,0.02461,NA,0.001971,NA,NA,NA,NA,NA,NA,NA,NA,NA,19398,20224,NA,2154
swine,20387,PA,1773,G,T,NA,NA,NA,NA,NA,0.038334,NA,0,NA,NA,NA,NA,NA,NA,NA,0.038334,NA,0.002208,NA,NA,NA,NA,NA,NA,NA,NA,NA,19626,19805,NA,2154
swine,20387,PA,1908,G,A,NA,NA,NA,NA,NA,0.022051,NA,0,NA,NA,NA,NA,NA,NA,NA,0.022051,NA,6.48e-4,NA,NA,NA,NA,NA,NA,NA,NA,NA,26965,17353,NA,2154
swine,20387,PA,1909,T,A,NA,NA,NA,NA,NA,0.0343,NA,0,NA,NA,NA,NA,NA,NA,NA,0.0343,NA,0.003104,NA,NA,NA,NA,NA,NA,NA,NA,NA,27069,17218,NA,2154
swine,20387,PB1,630,A,G,NA,NA,NA,NA,NA,0,NA,0.302038,NA,NA,NA,NA,NA,NA,NA,1.32e-4,NA,0.302038,NA,NA,NA,NA,NA,NA,NA,NA,NA,19284,19830,NA,2275
swine,20387,PB1,1089,G,A,NA,NA,NA,NA,NA,0.307672,NA,0,NA,NA,NA,NA,NA,NA,NA,0.307672,NA,3.15e-4,NA,NA,NA,NA,NA,NA,NA,NA,NA,23298,20574,NA,2275
swine,20387,PB1,1370,A,G,NA,NA,NA,NA,NA,0.059685,NA,0.106156,NA,NA,NA,NA,NA,NA,NA,0.059685,NA,0.106156,NA,NA,NA,NA,NA,NA,NA,NA,NA,23405,22230,NA,2275
swine,20387,PB1,1376,T,G,NA,NA,NA,NA,NA,0.014375,NA,0.020501,NA,NA,NA,NA,NA,NA,NA,0.014375,NA,0.020501,NA,NA,NA,NA,NA,NA,NA,NA,NA,23484,24833,NA,2275
swine,20387,PB1,1378,C,A,NA,NA,NA,NA,NA,0.015255,NA,0.021413,NA,NA,NA,NA,NA,NA,NA,0.015255,NA,0.021413,NA,NA,NA,NA,NA,NA,NA,NA,NA,23489,24895,NA,2275
swine,20387,PB2,1188,A,G,NA,NA,NA,NA,NA,0,NA,0.022561,NA,NA,NA,NA,NA,NA,NA,0.001396,NA,0.022561,NA,NA,NA,NA,NA,NA,NA,NA,NA,11287,23311,NA,2280
swine,20387,PB2,1506,G,A,NA,NA,NA,NA,NA,0,NA,0.030803,NA,NA,NA,NA,NA,NA,NA,1.58e-4,NA,0.030803,NA,NA,NA,NA,NA,NA,NA,NA,NA,14907,32969,NA,2280
swine,20396,HA,1046,G,A,NA,0,NA,NA,NA,NA,NA,0.119372,NA,NA,NA,6.48e-4,NA,NA,NA,NA,NA,0.119372,NA,NA,NA,NA,NA,NA,NA,NA,NA,NA,16089,47037,1701
swine,20396,HA,1047,C,A,NA,0.023647,NA,NA,NA,NA,NA,0.01309,NA,NA,NA,0.023647,NA,NA,NA,NA,NA,0.01309,NA,NA,NA,NA,NA,NA,NA,NA,NA,NA,16355,48259,1701
swine,20396,HA,1052,T,A,NA,0.037528,NA,NA,NA,NA,NA,0.020787,NA,NA,NA,0.037528,NA,NA,NA,NA,NA,0.020787,NA,NA,NA,NA,NA,NA,NA,NA,NA,NA,16843,50182,1701
swine,20396,HA,1053,C,A,NA,0.038491,NA,NA,NA,NA,NA,0.022653,NA,NA,NA,0.038491,NA,NA,NA,NA,NA,0.022653,NA,NA,NA,NA,NA,NA,NA,NA,NA,NA,16861,50257,1701
swine,20396,HA,1500,A,G,NA,0.024108,NA,NA,NA,NA,NA,0,NA,NA,NA,0.024108,NA,NA,NA,NA,NA,7.4e-5,NA,NA,NA,NA,NA,NA,NA,NA,NA,NA,15857,48085,1701
swine,20396,MP,418,A,T,NA,0,NA,NA,NA,NA,NA,0.031398,NA,NA,NA,0,NA,NA,NA,NA,NA,0.031398,NA,NA,NA,NA,NA,NA,NA,NA,NA,NA,195369,329545,982
swine,20396,NA,736,G,T,NA,0,NA,NA,NA,NA,NA,0.080349,NA,NA,NA,0.00235,NA,NA,NA,NA,NA,0.080349,NA,NA,NA,NA,NA,NA,NA,NA,NA,NA,102023,195055,1411
swine,20396,NP,242,A,G,NA,0,NA,NA,NA,NA,NA,0.050392,NA,NA,NA,0.001755,NA,NA,NA,NA,NA,0.050392,NA,NA,NA,NA,NA,NA,NA,NA,NA,NA,76337,91828,1497
swine,20396,NP,765,C,T,NA,0,NA,NA,NA,NA,NA,0.054677,NA,NA,NA,5.01e-4,NA,NA,NA,NA,NA,0.054677,NA,NA,NA,NA,NA,NA,NA,NA,NA,NA,66878,82370,1497
swine,20396,NP,1266,A,G,NA,0,NA,NA,NA,NA,NA,0.047609,NA,NA,NA,6.38e-4,NA,NA,NA,NA,NA,0.047609,NA,NA,NA,NA,NA,NA,NA,NA,NA,NA,51760,59875,1497
swine,20396,PA,501,C,T,NA,0.054575,NA,NA,NA,NA,NA,0,NA,NA,NA,0.054575,NA,NA,NA,NA,NA,5.1e-5,NA,NA,NA,NA,NA,NA,NA,NA,NA,NA,23408,16848,2151
swine,20396,PA,760,A,G,NA,0.037343,NA,NA,NA,NA,NA,0,NA,NA,NA,0.037343,NA,NA,NA,NA,NA,0.001101,NA,NA,NA,NA,NA,NA,NA,NA,NA,NA,21282,15610,2151
swine,20396,PA,1553,T,C,NA,0,NA,NA,NA,NA,NA,0.035669,NA,NA,NA,0.001843,NA,NA,NA,NA,NA,0.035669,NA,NA,NA,NA,NA,NA,NA,NA,NA,NA,26851,19745,2151
swine,20396,PB1,386,A,G,NA,0.201599,NA,NA,NA,NA,NA,0,NA,NA,NA,0.201599,NA,NA,NA,NA,NA,6.79e-4,NA,NA,NA,NA,NA,NA,NA,NA,NA,NA,24667,52850,2274
swine,20396,PB1,477,G,A,NA,0.020248,NA,NA,NA,NA,NA,0,NA,NA,NA,0.020248,NA,NA,NA,NA,NA,4.78e-4,NA,NA,NA,NA,NA,NA,NA,NA,NA,NA,24079,32182,2274
swine,20396,PB1,634,G,A,NA,0.19492,NA,NA,NA,NA,NA,0,NA,NA,NA,0.19492,NA,NA,NA,NA,NA,2.72e-4,NA,NA,NA,NA,NA,NA,NA,NA,NA,NA,22491,28169,2274
swine,20396,PB1,1370,A,G,NA,0.022702,NA,NA,NA,NA,NA,0.040482,NA,NA,NA,0.022702,NA,NA,NA,NA,NA,0.040482,NA,NA,NA,NA,NA,NA,NA,NA,NA,NA,25602,25534,2274
swine,20396,PB1,1674,C,T,NA,0.139422,NA,NA,NA,NA,NA,0,NA,NA,NA,0.139422,NA,NA,NA,NA,NA,7.5e-5,NA,NA,NA,NA,NA,NA,NA,NA,NA,NA,46069,56166,2274
swine,20396,PB1,2048,T,C,NA,0.297553,NA,NA,NA,NA,NA,0,NA,NA,NA,0.297553,NA,NA,NA,NA,NA,3.5e-4,NA,NA,NA,NA,NA,NA,NA,NA,NA,NA,30511,61191,2274
swine,20396,PB2,448,G,A,NA,0.185825,NA,NA,NA,NA,NA,0,NA,NA,NA,0.185825,NA,NA,NA,NA,NA,2.05e-4,NA,NA,NA,NA,NA,NA,NA,NA,NA,NA,23880,61470,2281
swine,20396,PB2,746,A,G,NA,0,NA,NA,NA,NA,NA,0.023893,NA,NA,NA,5.22e-4,NA,NA,NA,NA,NA,0.023893,NA,NA,NA,NA,NA,NA,NA,NA,NA,NA,14377,58887,2281
swine,20396,PB2,1838,T,C,NA,0,NA,NA,NA,NA,NA,0.033889,NA,NA,NA,0.001206,NA,NA,NA,NA,NA,0.033889,NA,NA,NA,NA,NA,NA,NA,NA,NA,NA,13034,60059,2281
swine,20397,HA,301,G,A,NA,0.027425,NA,NA,NA,NA,NA,0,NA,NA,NA,0.027425,NA,NA,NA,NA,NA,7.4e-5,NA,NA,NA,NA,NA,NA,NA,NA,NA,NA,30639,12650,1701
swine,20397,HA,421,T,G,NA,0,NA,NA,NA,NA,NA,0.026493,NA,NA,NA,9.56e-4,NA,NA,NA,NA,NA,0.026493,NA,NA,NA,NA,NA,NA,NA,NA,NA,NA,28901,11546,1701
swine,20397,HA,547,A,G,NA,0,NA,NA,NA,NA,NA,0.045703,NA,NA,NA,2.64e-4,NA,NA,NA,NA,NA,0.045703,NA,NA,NA,NA,NA,NA,NA,NA,NA,NA,32799,12787,1701
swine,20397,HA,662,C,T,NA,0,NA,NA,NA,NA,NA,0.042616,NA,NA,NA,0,NA,NA,NA,NA,NA,0.042616,NA,NA,NA,NA,NA,NA,NA,NA,NA,NA,36829,14228,1701
swine,20397,HA,1035,A,G,NA,0.030622,NA,NA,NA,NA,NA,0,NA,NA,NA,0.030622,NA,NA,NA,NA,NA,0.001243,NA,NA,NA,NA,NA,NA,NA,NA,NA,NA,25912,9937,1701
swine,20397,NA,736,G,T,NA,0.801331,NA,NA,NA,NA,NA,0.421789,NA,NA,NA,0.801331,NA,NA,NA,NA,NA,0.421789,NA,NA,NA,NA,NA,NA,NA,NA,NA,NA,113509,35898,1410
swine,20397,NP,431,A,G,NA,0,NA,NA,NA,NA,NA,0.026887,NA,NA,NA,2.63e-4,NA,NA,NA,NA,NA,0.026887,NA,NA,NA,NA,NA,NA,NA,NA,NA,NA,57890,21445,1497
swine,20397,NP,549,G,A,NA,0.021105,NA,NA,NA,NA,NA,0,NA,NA,NA,0.021105,NA,NA,NA,NA,NA,0.001724,NA,NA,NA,NA,NA,NA,NA,NA,NA,NA,56072,20563,1497
swine,20397,NP,714,G,A,NA,0.02119,NA,NA,NA,NA,NA,0,NA,NA,NA,0.02119,NA,NA,NA,NA,NA,1.93e-4,NA,NA,NA,NA,NA,NA,NA,NA,NA,NA,49477,18750,1497
swine,20397,PA,857,A,G,NA,0,NA,NA,NA,NA,NA,0.039087,NA,NA,NA,0.001279,NA,NA,NA,NA,NA,0.039087,NA,NA,NA,NA,NA,NA,NA,NA,NA,NA,23220,15737,2151
swine,20397,PA,900,A,G,NA,0.020895,NA,NA,NA,NA,NA,0,NA,NA,NA,0.020895,NA,NA,NA,NA,NA,9.89e-4,NA,NA,NA,NA,NA,NA,NA,NA,NA,NA,22774,15429,2151
swine,20397,PA,1197,G,A,NA,0,NA,NA,NA,NA,NA,0.057622,NA,NA,NA,2.44e-4,NA,NA,NA,NA,NA,0.057622,NA,NA,NA,NA,NA,NA,NA,NA,NA,NA,21724,14604,2151
swine,20397,PA,1683,G,T,NA,0.02058,NA,NA,NA,NA,NA,0,NA,NA,NA,0.02058,NA,NA,NA,NA,NA,0.001016,NA,NA,NA,NA,NA,NA,NA,NA,NA,NA,23096,16570,2151
swine,20397,PB1,722,T,C,NA,0,NA,NA,NA,NA,NA,0.035714,NA,NA,NA,1.87e-4,NA,NA,NA,NA,NA,0.035714,NA,NA,NA,NA,NA,NA,NA,NA,NA,NA,29206,13769,2274
swine,20397,PB1,807,C,T,NA,0.053662,NA,NA,NA,NA,NA,0,NA,NA,NA,0.053662,NA,NA,NA,NA,NA,8.2e-5,NA,NA,NA,NA,NA,NA,NA,NA,NA,NA,31000,14380,2274
swine,20397,PB1,1370,A,G,NA,0.039424,NA,NA,NA,NA,NA,0.053107,NA,NA,NA,0.039424,NA,NA,NA,NA,NA,0.053107,NA,NA,NA,NA,NA,NA,NA,NA,NA,NA,33985,14138,2274
swine,20397,PB1,1578,A,G,NA,0,NA,NA,NA,NA,NA,0.020837,NA,NA,NA,0.002129,NA,NA,NA,NA,NA,0.020837,NA,NA,NA,NA,NA,NA,NA,NA,NA,NA,56714,22962,2274
swine,20397,PB1,1854,G,A,NA,0,NA,NA,NA,NA,NA,0.026529,NA,NA,NA,3.68e-4,NA,NA,NA,NA,NA,0.026529,NA,NA,NA,NA,NA,NA,NA,NA,NA,NA,57468,26471,2274
swine,20397,PB2,282,G,A,NA,0.079528,NA,NA,NA,NA,NA,0,NA,NA,NA,0.079528,NA,NA,NA,NA,NA,1.07e-4,NA,NA,NA,NA,NA,NA,NA,NA,NA,NA,32400,23316,2283
swine,20397,PB2,971,G,A,NA,0,NA,NA,NA,NA,NA,0.028558,NA,NA,NA,1.88e-4,NA,NA,NA,NA,NA,0.028558,NA,NA,NA,NA,NA,NA,NA,NA,NA,NA,30463,19397,2283
swine,20397,PB2,1090,G,A,NA,0.048833,NA,NA,NA,NA,NA,0,NA,NA,NA,0.048833,NA,NA,NA,NA,NA,9.4e-4,NA,NA,NA,NA,NA,NA,NA,NA,NA,NA,26600,16433,2283
swine,20397,PB2,1188,A,G,NA,0.18692,NA,NA,NA,NA,NA,0.483658,NA,NA,NA,0.18692,NA,NA,NA,NA,NA,0.483658,NA,NA,NA,NA,NA,NA,NA,NA,NA,NA,28758,17630,2283
swine,20397,PB2,1497,C,T,NA,0.044156,NA,NA,NA,NA,NA,0,NA,NA,NA,0.044156,NA,NA,NA,NA,NA,1.07e-4,NA,NA,NA,NA,NA,NA,NA,NA,NA,NA,32946,21716,2283
swine,20397,PB2,1531,G,A,NA,0,NA,NA,NA,NA,NA,0.036905,NA,NA,NA,1.58e-4,NA,NA,NA,NA,NA,0.036905,NA,NA,NA,NA,NA,NA,NA,NA,NA,NA,34679,22609,2283
swine,20397,PB2,1730,T,C,NA,0,NA,NA,NA,NA,NA,0.03217,NA,NA,NA,6.1e-5,NA,NA,NA,NA,NA,0.03217,NA,NA,NA,NA,NA,NA,NA,NA,NA,NA,29987,19322,2283
swine,20397,PB2,1890,G,A,NA,0,NA,NA,NA,NA,NA,0.033684,NA,NA,NA,1.2e-4,NA,NA,NA,NA,NA,0.033684,NA,NA,NA,NA,NA,NA,NA,NA,NA,NA,29304,19387,2283
swine,20397,PB2,1959,T,C,NA,0,NA,NA,NA,NA,NA,0.030261,NA,NA,NA,0.001743,NA,NA,NA,NA,NA,0.030261,NA,NA,NA,NA,NA,NA,NA,NA,NA,NA,28612,19983,2283
swine,20423,HA,258,C,A,NA,NA,0,NA,NA,NA,0.022487,NA,NA,NA,NA,NA,0.002131,NA,NA,NA,0.022487,NA,NA,NA,NA,NA,NA,73527,NA,NA,11128,NA,NA,NA,1701
swine,20423,HA,272,A,G,NA,NA,0,NA,NA,NA,0.022693,NA,NA,NA,NA,NA,4.64e-4,NA,NA,NA,0.022693,NA,NA,NA,NA,NA,NA,72286,NA,NA,10962,NA,NA,NA,1701
swine,20423,HA,302,A,G,NA,NA,0,NA,NA,NA,0.022957,NA,NA,NA,NA,NA,1.61e-4,NA,NA,NA,0.022957,NA,NA,NA,NA,NA,NA,69630,NA,NA,10855,NA,NA,NA,1701
swine,20423,HA,315,G,A,NA,NA,0,NA,NA,NA,0.025496,NA,NA,NA,NA,NA,1.92e-4,NA,NA,NA,0.025496,NA,NA,NA,NA,NA,NA,65272,NA,NA,10278,NA,NA,NA,1701
swine,20423,HA,340,A,G,NA,NA,0,NA,NA,NA,0.027303,NA,NA,NA,NA,NA,3.36e-4,NA,NA,NA,0.027303,NA,NA,NA,NA,NA,NA,59328,NA,NA,9380,NA,NA,NA,1701
swine,20423,HA,348,A,G,NA,NA,0,NA,NA,NA,0.032145,NA,NA,NA,NA,NA,0.001066,NA,NA,NA,0.032145,NA,NA,NA,NA,NA,NA,59634,NA,NA,9467,NA,NA,NA,1701
swine,20423,HA,363,G,A,NA,NA,0,NA,NA,NA,0.024117,NA,NA,NA,NA,NA,3.56e-4,NA,NA,NA,0.024117,NA,NA,NA,NA,NA,NA,59728,NA,NA,9539,NA,NA,NA,1701
swine,20423,HA,390,A,G,NA,NA,0,NA,NA,NA,0.023413,NA,NA,NA,NA,NA,1.44e-4,NA,NA,NA,0.023413,NA,NA,NA,NA,NA,NA,60706,NA,NA,9429,NA,NA,NA,1701
swine,20423,HA,405,A,C,NA,NA,0,NA,NA,NA,0.023231,NA,NA,NA,NA,NA,0.001288,NA,NA,NA,0.023231,NA,NA,NA,NA,NA,NA,62222,NA,NA,9574,NA,NA,NA,1701
swine,20423,HA,515,G,A,NA,NA,0.500871,NA,NA,NA,0.653341,NA,NA,NA,NA,NA,0.500871,NA,NA,NA,0.653341,NA,NA,NA,NA,NA,NA,55072,NA,NA,8197,NA,NA,NA,1701
swine,20423,HA,642,C,A,NA,NA,0,NA,NA,NA,0.021758,NA,NA,NA,NA,NA,0.004083,NA,NA,NA,0.021758,NA,NA,NA,NA,NA,NA,65303,NA,NA,11051,NA,NA,NA,1701
swine,20423,HA,657,A,G,NA,NA,0,NA,NA,NA,0.020879,NA,NA,NA,NA,NA,4.21e-4,NA,NA,NA,0.020879,NA,NA,NA,NA,NA,NA,65837,NA,NA,11211,NA,NA,NA,1701
swine,20423,HA,674,G,A,NA,NA,0,NA,NA,NA,0.02449,NA,NA,NA,NA,NA,4.86e-4,NA,NA,NA,0.02449,NA,NA,NA,NA,NA,NA,64871,NA,NA,11431,NA,NA,NA,1701
swine,20423,HA,675,A,G,NA,NA,0,NA,NA,NA,0.024647,NA,NA,NA,NA,NA,2.23e-4,NA,NA,NA,0.024647,NA,NA,NA,NA,NA,NA,64651,NA,NA,11403,NA,NA,NA,1701
swine,20423,HA,682,G,A,NA,NA,0,NA,NA,NA,0.025171,NA,NA,NA,NA,NA,3.54e-4,NA,NA,NA,0.025171,NA,NA,NA,NA,NA,NA,63081,NA,NA,11074,NA,NA,NA,1701
swine,20423,HA,687,A,G,NA,NA,0,NA,NA,NA,0.026082,NA,NA,NA,NA,NA,5.23e-4,NA,NA,NA,0.026082,NA,NA,NA,NA,NA,NA,62680,NA,NA,11043,NA,NA,NA,1701
swine,20423,HA,708,G,A,NA,NA,0,NA,NA,NA,0.028044,NA,NA,NA,NA,NA,3.47e-4,NA,NA,NA,0.028044,NA,NA,NA,NA,NA,NA,63983,NA,NA,11300,NA,NA,NA,1701
swine,20423,HA,717,C,T,NA,NA,0,NA,NA,NA,0.028969,NA,NA,NA,NA,NA,2.37e-4,NA,NA,NA,0.028969,NA,NA,NA,NA,NA,NA,65862,NA,NA,11465,NA,NA,NA,1701
swine,20423,HA,722,C,A,NA,NA,0,NA,NA,NA,0.030356,NA,NA,NA,NA,NA,0.001463,NA,NA,NA,0.030356,NA,NA,NA,NA,NA,NA,65964,NA,NA,11373,NA,NA,NA,1701
swine,20423,HA,735,C,T,NA,NA,0,NA,NA,NA,0.100076,NA,NA,NA,NA,NA,2.64e-4,NA,NA,NA,0.100076,NA,NA,NA,NA,NA,NA,68958,NA,NA,12271,NA,NA,NA,1701
swine,20423,HA,759,T,G,NA,NA,0,NA,NA,NA,0.032849,NA,NA,NA,NA,NA,8.73e-4,NA,NA,NA,0.032849,NA,NA,NA,NA,NA,NA,65826,NA,NA,11552,NA,NA,NA,1701
swine,20423,HA,768,G,A,NA,NA,0,NA,NA,NA,0.032757,NA,NA,NA,NA,NA,4.29e-4,NA,NA,NA,0.032757,NA,NA,NA,NA,NA,NA,71310,NA,NA,12488,NA,NA,NA,1701
swine,20423,HA,813,C,A,NA,NA,0,NA,NA,NA,0.033004,NA,NA,NA,NA,NA,0.002628,NA,NA,NA,0.033004,NA,NA,NA,NA,NA,NA,72746,NA,NA,12751,NA,NA,NA,1701
swine,20423,HA,820,T,A,NA,NA,0,NA,NA,NA,0.030836,NA,NA,NA,NA,NA,0.001469,NA,NA,NA,0.030836,NA,NA,NA,NA,NA,NA,72298,NA,NA,12595,NA,NA,NA,1701
swine,20423,HA,823,A,G,NA,NA,0,NA,NA,NA,0.029522,NA,NA,NA,NA,NA,2.28e-4,NA,NA,NA,0.029522,NA,NA,NA,NA,NA,NA,72034,NA,NA,12536,NA,NA,NA,1701
swine,20423,HA,832,T,G,NA,NA,0,NA,NA,NA,0.029209,NA,NA,NA,NA,NA,3.44e-4,NA,NA,NA,0.029209,NA,NA,NA,NA,NA,NA,73519,NA,NA,12786,NA,NA,NA,1701
swine,20423,HA,864,T,A,NA,NA,0,NA,NA,NA,0.026293,NA,NA,NA,NA,NA,0.001855,NA,NA,NA,0.026293,NA,NA,NA,NA,NA,NA,75352,NA,NA,13204,NA,NA,NA,1701
swine,20423,HA,876,T,C,NA,NA,0,NA,NA,NA,0.024343,NA,NA,NA,NA,NA,9.77e-4,NA,NA,NA,0.024343,NA,NA,NA,NA,NA,NA,77197,NA,NA,13411,NA,NA,NA,1701
swine,20423,HA,877,G,A,NA,NA,0,NA,NA,NA,0.02402,NA,NA,NA,NA,NA,2.93e-4,NA,NA,NA,0.02402,NA,NA,NA,NA,NA,NA,77165,NA,NA,13394,NA,NA,NA,1701
swine,20423,HA,882,G,A,NA,NA,0,NA,NA,NA,0.024775,NA,NA,NA,NA,NA,2.3e-4,NA,NA,NA,0.024775,NA,NA,NA,NA,NA,NA,76394,NA,NA,13132,NA,NA,NA,1701
swine,20423,HA,884,A,C,NA,NA,0,NA,NA,NA,0.027534,NA,NA,NA,NA,NA,0.001762,NA,NA,NA,0.027534,NA,NA,NA,NA,NA,NA,74944,NA,NA,12702,NA,NA,NA,1701
swine,20423,HA,900,T,G,NA,NA,0,NA,NA,NA,0.023329,NA,NA,NA,NA,NA,0.001297,NA,NA,NA,0.023329,NA,NA,NA,NA,NA,NA,70106,NA,NA,11973,NA,NA,NA,1701
swine,20423,HA,991,A,C,NA,NA,0,NA,NA,NA,0.030074,NA,NA,NA,NA,NA,0.014506,NA,NA,NA,0.030074,NA,NA,NA,NA,NA,NA,75917,NA,NA,12509,NA,NA,NA,1701
swine,20423,HA,1062,C,T,NA,NA,0,NA,NA,NA,0.020307,NA,NA,NA,NA,NA,2.6e-4,NA,NA,NA,0.020307,NA,NA,NA,NA,NA,NA,70605,NA,NA,12010,NA,NA,NA,1701
swine,20423,HA,1071,C,G,NA,NA,0,NA,NA,NA,0.021653,NA,NA,NA,NA,NA,4.95e-4,NA,NA,NA,0.021653,NA,NA,NA,NA,NA,NA,71354,NA,NA,12156,NA,NA,NA,1701
swine,20423,HA,1080,A,G,NA,NA,0,NA,NA,NA,0.022849,NA,NA,NA,NA,NA,5.23e-4,NA,NA,NA,0.022849,NA,NA,NA,NA,NA,NA,75050,NA,NA,12839,NA,NA,NA,1701
swine,20423,HA,1084,A,G,NA,NA,0,NA,NA,NA,0.024184,NA,NA,NA,NA,NA,4.32e-4,NA,NA,NA,0.024184,NA,NA,NA,NA,NA,NA,72715,NA,NA,12494,NA,NA,NA,1701
swine,20423,HA,1104,C,T,NA,NA,0,NA,NA,NA,0.028772,NA,NA,NA,NA,NA,7.38e-4,NA,NA,NA,0.028772,NA,NA,NA,NA,NA,NA,71325,NA,NA,12141,NA,NA,NA,1701
swine,20423,HA,1125,A,G,NA,NA,0,NA,NA,NA,0.031273,NA,NA,NA,NA,NA,2.92e-4,NA,NA,NA,0.031273,NA,NA,NA,NA,NA,NA,72556,NA,NA,12409,NA,NA,NA,1701
swine,20423,HA,1172,G,A,NA,NA,0,NA,NA,NA,0.030213,NA,NA,NA,NA,NA,2.27e-4,NA,NA,NA,0.030213,NA,NA,NA,NA,NA,NA,58816,NA,NA,10570,NA,NA,NA,1701
swine,20423,HA,1176,C,T,NA,NA,0,NA,NA,NA,0.031151,NA,NA,NA,NA,NA,3.18e-4,NA,NA,NA,0.031151,NA,NA,NA,NA,NA,NA,58831,NA,NA,10577,NA,NA,NA,1701
swine,20423,HA,1185,G,A,NA,NA,0,NA,NA,NA,0.028933,NA,NA,NA,NA,NA,2.28e-4,NA,NA,NA,0.028933,NA,NA,NA,NA,NA,NA,58541,NA,NA,10545,NA,NA,NA,1701
swine,20423,HA,1197,C,T,NA,NA,0,NA,NA,NA,0.028876,NA,NA,NA,NA,NA,2.77e-4,NA,NA,NA,0.028876,NA,NA,NA,NA,NA,NA,57882,NA,NA,10429,NA,NA,NA,1701
swine,20423,HA,1212,C,T,NA,NA,0,NA,NA,NA,0.030126,NA,NA,NA,NA,NA,2.95e-4,NA,NA,NA,0.030126,NA,NA,NA,NA,NA,NA,58722,NA,NA,10670,NA,NA,NA,1701
swine,20423,HA,1218,A,G,NA,NA,0,NA,NA,NA,0.028229,NA,NA,NA,NA,NA,2.13e-4,NA,NA,NA,0.028229,NA,NA,NA,NA,NA,NA,61838,NA,NA,11306,NA,NA,NA,1701
swine,20423,HA,1244,G,A,NA,NA,0,NA,NA,NA,0.031811,NA,NA,NA,NA,NA,4.55e-4,NA,NA,NA,0.031811,NA,NA,NA,NA,NA,NA,53983,NA,NA,10234,NA,NA,NA,1701
swine,20423,HA,1249,T,C,NA,NA,0,NA,NA,NA,0.030079,NA,NA,NA,NA,NA,4.15e-4,NA,NA,NA,0.030079,NA,NA,NA,NA,NA,NA,52617,NA,NA,10080,NA,NA,NA,1701
swine,20423,HA,1256,G,A,NA,NA,0,NA,NA,NA,0.030456,NA,NA,NA,NA,NA,4.79e-4,NA,NA,NA,0.030456,NA,NA,NA,NA,NA,NA,53486,NA,NA,10291,NA,NA,NA,1701
swine,20423,HA,1281,G,A,NA,NA,0,NA,NA,NA,0.030009,NA,NA,NA,NA,NA,3.57e-4,NA,NA,NA,0.030009,NA,NA,NA,NA,NA,NA,49154,NA,NA,9504,NA,NA,NA,1701
swine,20423,HA,1296,T,C,NA,NA,0,NA,NA,NA,0.033471,NA,NA,NA,NA,NA,1.77e-4,NA,NA,NA,0.033471,NA,NA,NA,NA,NA,NA,49184,NA,NA,9601,NA,NA,NA,1701
swine,20423,HA,1297,G,C,NA,NA,0,NA,NA,NA,0.033678,NA,NA,NA,NA,NA,3.78e-4,NA,NA,NA,0.033678,NA,NA,NA,NA,NA,NA,49203,NA,NA,9597,NA,NA,NA,1701
swine,20423,HA,1299,A,G,NA,NA,0,NA,NA,NA,0.034156,NA,NA,NA,NA,NA,9.38e-4,NA,NA,NA,0.034156,NA,NA,NA,NA,NA,NA,48923,NA,NA,9557,NA,NA,NA,1701
swine,20423,HA,1302,T,C,NA,NA,0,NA,NA,NA,0.034275,NA,NA,NA,NA,NA,1.25e-4,NA,NA,NA,0.034275,NA,NA,NA,NA,NA,NA,49398,NA,NA,9655,NA,NA,NA,1701
swine,20423,HA,1341,G,A,NA,NA,0,NA,NA,NA,0.033251,NA,NA,NA,NA,NA,2.11e-4,NA,NA,NA,0.033251,NA,NA,NA,NA,NA,NA,51725,NA,NA,10221,NA,NA,NA,1701
swine,20423,HA,1359,T,C,NA,NA,0,NA,NA,NA,0.032146,NA,NA,NA,NA,NA,2.8e-4,NA,NA,NA,0.032146,NA,NA,NA,NA,NA,NA,51885,NA,NA,10324,NA,NA,NA,1701
swine,20423,HA,1368,C,T,NA,NA,0,NA,NA,NA,0.034115,NA,NA,NA,NA,NA,1.16e-4,NA,NA,NA,0.034115,NA,NA,NA,NA,NA,NA,52659,NA,NA,10408,NA,NA,NA,1701
swine,20423,HA,1380,A,G,NA,NA,0,NA,NA,NA,0.031414,NA,NA,NA,NA,NA,2.13e-4,NA,NA,NA,0.031414,NA,NA,NA,NA,NA,NA,51929,NA,NA,10290,NA,NA,NA,1701
swine,20423,HA,1382,T,A,NA,NA,0,NA,NA,NA,0.032603,NA,NA,NA,NA,NA,0.001721,NA,NA,NA,0.032603,NA,NA,NA,NA,NA,NA,50824,NA,NA,10125,NA,NA,NA,1701
swine,20423,HA,1395,A,G,NA,NA,0,NA,NA,NA,0.03092,NA,NA,NA,NA,NA,5.75e-4,NA,NA,NA,0.03092,NA,NA,NA,NA,NA,NA,51651,NA,NA,10263,NA,NA,NA,1701
swine,20423,HA,1398,G,A,NA,NA,0,NA,NA,NA,0.030182,NA,NA,NA,NA,NA,1.91e-4,NA,NA,NA,0.030182,NA,NA,NA,NA,NA,NA,51764,NA,NA,10246,NA,NA,NA,1701
swine,20423,HA,1437,T,C,NA,NA,0,NA,NA,NA,0.031055,NA,NA,NA,NA,NA,7.2e-5,NA,NA,NA,0.031055,NA,NA,NA,NA,NA,NA,52154,NA,NA,10208,NA,NA,NA,1701
swine,20423,HA,1455,T,C,NA,NA,0,NA,NA,NA,0.029162,NA,NA,NA,NA,NA,7.48e-4,NA,NA,NA,0.029162,NA,NA,NA,NA,NA,NA,48924,NA,NA,9497,NA,NA,NA,1701
swine,20423,HA,1464,T,C,NA,NA,0,NA,NA,NA,0.02712,NA,NA,NA,NA,NA,6.42e-4,NA,NA,NA,0.02712,NA,NA,NA,NA,NA,NA,51318,NA,NA,9834,NA,NA,NA,1701
swine,20423,HA,1473,A,G,NA,NA,0,NA,NA,NA,0.027581,NA,NA,NA,NA,NA,4.13e-4,NA,NA,NA,0.027581,NA,NA,NA,NA,NA,NA,48950,NA,NA,9209,NA,NA,NA,1701
swine,20423,HA,1485,C,T,NA,NA,0,NA,NA,NA,0.026653,NA,NA,NA,NA,NA,2.1e-4,NA,NA,NA,0.026653,NA,NA,NA,NA,NA,NA,48875,NA,NA,8842,NA,NA,NA,1701
swine,20423,HA,1497,A,G,NA,NA,0,NA,NA,NA,0.026641,NA,NA,NA,NA,NA,2.86e-4,NA,NA,NA,0.026641,NA,NA,NA,NA,NA,NA,49619,NA,NA,8924,NA,NA,NA,1701
swine,20423,NA,372,C,T,NA,NA,0,NA,NA,NA,0.043195,NA,NA,NA,NA,NA,1.56e-4,NA,NA,NA,0.043195,NA,NA,NA,NA,NA,NA,86038,NA,NA,20994,NA,NA,NA,1410
swine,20423,NA,1062,T,C,NA,NA,0,NA,NA,NA,0.035544,NA,NA,NA,NA,NA,2.88e-4,NA,NA,NA,0.035544,NA,NA,NA,NA,NA,NA,66828,NA,NA,16061,NA,NA,NA,1410
swine,20423,NP,434,A,G,NA,NA,0,NA,NA,NA,0.041998,NA,NA,NA,NA,NA,8.39e-4,NA,NA,NA,0.041998,NA,NA,NA,NA,NA,NA,100240,NA,NA,23431,NA,NA,NA,1497
swine,20423,NP,577,C,A,NA,NA,0,NA,NA,NA,0.055645,NA,NA,NA,NA,NA,0.002375,NA,NA,NA,0.055645,NA,NA,NA,NA,NA,NA,92684,NA,NA,22429,NA,NA,NA,1497
swine,20423,NP,880,G,A,NA,NA,0,NA,NA,NA,0.03623,NA,NA,NA,NA,NA,2.65e-4,NA,NA,NA,0.03623,NA,NA,NA,NA,NA,NA,80162,NA,NA,19207,NA,NA,NA,1497
swine,20423,NP,1124,A,G,NA,NA,0,NA,NA,NA,0.038079,NA,NA,NA,NA,NA,7.3e-5,NA,NA,NA,0.038079,NA,NA,NA,NA,NA,NA,66998,NA,NA,17077,NA,NA,NA,1497
swine,20423,NS,410,T,C,NA,NA,0,NA,NA,NA,0.022213,NA,NA,NA,NA,NA,3.5e-4,NA,NA,NA,0.022213,NA,NA,NA,NA,NA,NA,154549,NA,NA,48063,NA,NA,NA,838
swine,20423,NS,545,T,A,NA,NA,0,NA,NA,NA,0.021123,NA,NA,NA,NA,NA,0,NA,NA,NA,0.021123,NA,NA,NA,NA,NA,NA,136644,NA,NA,44095,NA,NA,NA,838
swine,20423,PA,545,T,C,NA,NA,0,NA,NA,NA,0.097546,NA,NA,NA,NA,NA,2.59e-4,NA,NA,NA,0.097546,NA,NA,NA,NA,NA,NA,19012,NA,NA,3633,NA,NA,NA,2153
swine,20423,PA,1285,G,A,NA,NA,0,NA,NA,NA,0.025948,NA,NA,NA,NA,NA,0.002058,NA,NA,NA,0.025948,NA,NA,NA,NA,NA,NA,33187,NA,NA,5947,NA,NA,NA,2153
swine,20423,PB1,1760,T,C,NA,NA,0.429442,NA,NA,NA,0.038566,NA,NA,NA,NA,NA,0.429442,NA,NA,NA,0.038566,NA,NA,NA,NA,NA,NA,9043,NA,NA,2068,NA,NA,NA,2274
swine,20423,PB1,1803,C,T,NA,NA,0,NA,NA,NA,0.033801,NA,NA,NA,NA,NA,7.2e-4,NA,NA,NA,0.033801,NA,NA,NA,NA,NA,NA,9615,NA,NA,2128,NA,NA,NA,2274
swine,20423,PB2,302,G,A,NA,NA,0,NA,NA,NA,0.023988,NA,NA,NA,NA,NA,0.002538,NA,NA,NA,0.023988,NA,NA,NA,NA,NA,NA,16853,NA,NA,7547,NA,NA,NA,2281
swine,20423,PB2,665,G,A,NA,NA,0,NA,NA,NA,0.076373,NA,NA,NA,NA,NA,0.00122,NA,NA,NA,0.076373,NA,NA,NA,NA,NA,NA,18090,NA,NA,6298,NA,NA,NA,2281
swine,20423,PB2,699,T,C,NA,NA,0.412013,NA,NA,NA,0.286369,NA,NA,NA,NA,NA,0.412013,NA,NA,NA,0.286369,NA,NA,NA,NA,NA,NA,21124,NA,NA,6640,NA,NA,NA,2281
swine,20423,PB2,700,T,C,NA,NA,0,NA,NA,NA,0.039791,NA,NA,NA,NA,NA,1.17e-4,NA,NA,NA,0.039791,NA,NA,NA,NA,NA,NA,20893,NA,NA,6489,NA,NA,NA,2281
swine,20423,PB2,923,T,C,NA,NA,0,NA,NA,NA,0.026462,NA,NA,NA,NA,NA,7.8e-5,NA,NA,NA,0.026462,NA,NA,NA,NA,NA,NA,15918,NA,NA,5446,NA,NA,NA,2281
swine,20423,PB2,1120,C,T,NA,NA,0.069736,NA,NA,NA,0,NA,NA,NA,NA,NA,0.069736,NA,NA,NA,0,NA,NA,NA,NA,NA,NA,13902,NA,NA,4610,NA,NA,NA,2281
swine,20423,PB2,1205,T,C,NA,NA,0,NA,NA,NA,0.029648,NA,NA,NA,NA,NA,7.21e-4,NA,NA,NA,0.029648,NA,NA,NA,NA,NA,NA,14194,NA,NA,4785,NA,NA,NA,2281
swine,20423,PB2,1728,A,G,NA,NA,0,NA,NA,NA,0.118445,NA,NA,NA,NA,NA,4.7e-4,NA,NA,NA,0.118445,NA,NA,NA,NA,NA,NA,15321,NA,NA,5800,NA,NA,NA,2281
swine,20423,PB2,2056,G,A,NA,NA,0.064733,NA,NA,NA,0,NA,NA,NA,NA,NA,0.064733,NA,NA,NA,1.59e-4,NA,NA,NA,NA,NA,NA,36015,NA,NA,7424,NA,NA,NA,2281
swine,20423,PB2,2056,G,T,NA,NA,0.032026,NA,NA,NA,0,NA,NA,NA,NA,NA,0.032026,NA,NA,NA,6.35e-4,NA,NA,NA,NA,NA,NA,36015,NA,NA,7424,NA,NA,NA,2281
swine,20423,PB2,2057,T,G,NA,NA,0.033032,NA,NA,NA,0,NA,NA,NA,NA,NA,0.033032,NA,NA,NA,7.97e-4,NA,NA,NA,NA,NA,NA,36701,NA,NA,7384,NA,NA,NA,2281
swine,20426,HA,515,G,A,NA,NA,NA,NA,0,0.39438,NA,NA,NA,NA,NA,NA,NA,NA,0.001868,0.39438,NA,NA,NA,NA,NA,NA,NA,NA,NA,58162,NA,13626,NA,NA,1701
swine,20426,MP,347,C,T,NA,NA,NA,NA,0,0.04092,NA,NA,NA,NA,NA,NA,NA,NA,0,0.04092,NA,NA,NA,NA,NA,NA,NA,NA,NA,196071,NA,107488,NA,NA,982
swine,20426,NA,232,C,T,NA,NA,NA,NA,0,0.168979,NA,NA,NA,NA,NA,NA,NA,NA,3.69e-4,0.168979,NA,NA,NA,NA,NA,NA,NA,NA,NA,94233,NA,57024,NA,NA,1410
swine,20426,NA,339,C,T,NA,NA,NA,NA,0,0.091428,NA,NA,NA,NA,NA,NA,NA,NA,2.44e-4,0.091428,NA,NA,NA,NA,NA,NA,NA,NA,NA,92776,NA,61125,NA,NA,1410
swine,20426,NA,1003,T,C,NA,NA,NA,NA,0,0.170826,NA,NA,NA,NA,NA,NA,NA,NA,1.08e-4,0.170826,NA,NA,NA,NA,NA,NA,NA,NA,NA,74123,NA,47469,NA,NA,1410
swine,20426,NP,739,A,G,NA,NA,NA,NA,0,0.025521,NA,NA,NA,NA,NA,NA,NA,NA,2.34e-4,0.025521,NA,NA,NA,NA,NA,NA,NA,NA,NA,91901,NA,58144,NA,NA,1497
swine,20426,PA,1572,G,A,NA,NA,NA,NA,0.025902,0,NA,NA,NA,NA,NA,NA,NA,NA,0.025902,6.7e-5,NA,NA,NA,NA,NA,NA,NA,NA,NA,35894,NA,17147,NA,NA,2153
swine,20426,PA,1597,G,C,NA,NA,NA,NA,0.025073,0,NA,NA,NA,NA,NA,NA,NA,NA,0.025073,0,NA,NA,NA,NA,NA,NA,NA,NA,NA,35813,NA,16811,NA,NA,2153
swine,20426,PA,1627,C,T,NA,NA,NA,NA,0.033737,0,NA,NA,NA,NA,NA,NA,NA,NA,0.033737,1.47e-4,NA,NA,NA,NA,NA,NA,NA,NA,NA,33561,NA,15655,NA,NA,2153
swine,20426,PA,1767,T,C,NA,NA,NA,NA,0.021775,0,NA,NA,NA,NA,NA,NA,NA,NA,0.021775,8.2e-5,NA,NA,NA,NA,NA,NA,NA,NA,NA,29771,NA,14038,NA,NA,2153
swine,20426,PB1,591,A,G,NA,NA,NA,NA,0.023381,0,NA,NA,NA,NA,NA,NA,NA,NA,0.023381,0,NA,NA,NA,NA,NA,NA,NA,NA,NA,14076,NA,4086,NA,NA,2278
swine,20426,PB1,602,C,A,NA,NA,NA,NA,0,0.810631,NA,NA,NA,NA,NA,NA,NA,NA,0.00246,0.810631,NA,NA,NA,NA,NA,NA,NA,NA,NA,14211,NA,2367,NA,NA,2278
swine,20426,PB1,604,C,T,NA,NA,NA,NA,0,0.887879,NA,NA,NA,NA,NA,NA,NA,NA,8.8e-5,0.887879,NA,NA,NA,NA,NA,NA,NA,NA,NA,14215,NA,1702,NA,NA,2278
swine,20426,PB1,605,A,T,NA,NA,NA,NA,0,0.924782,NA,NA,NA,NA,NA,NA,NA,NA,0.001672,0.924782,NA,NA,NA,NA,NA,NA,NA,NA,NA,14180,NA,1608,NA,NA,2278
swine,20426,PB1,1377,A,C,NA,NA,NA,NA,0,0.034325,NA,NA,NA,NA,NA,NA,NA,NA,0.001061,0.034325,NA,NA,NA,NA,NA,NA,NA,NA,NA,17554,NA,512,NA,NA,2278
swine,20426,PB1,1377,A,G,NA,NA,NA,NA,0,0.187643,NA,NA,NA,NA,NA,NA,NA,NA,4.64e-4,0.187643,NA,NA,NA,NA,NA,NA,NA,NA,NA,17554,NA,512,NA,NA,2278
swine,20426,PB1,1386,A,G,NA,NA,NA,NA,0,0.026565,NA,NA,NA,NA,NA,NA,NA,NA,0.002156,0.026565,NA,NA,NA,NA,NA,NA,NA,NA,NA,17276,NA,1253,NA,NA,2278
swine,20426,PB1,1758,A,G,NA,NA,NA,NA,0,0.035557,NA,NA,NA,NA,NA,NA,NA,NA,6.2e-4,0.035557,NA,NA,NA,NA,NA,NA,NA,NA,NA,18810,NA,13180,NA,NA,2278
swine,20426,PB1,1776,T,A,NA,NA,NA,NA,0,0.022067,NA,NA,NA,NA,NA,NA,NA,NA,0.001295,0.022067,NA,NA,NA,NA,NA,NA,NA,NA,NA,21311,NA,15453,NA,NA,2278
swine,20426,PB1,1777,G,A,NA,NA,NA,NA,0,0.025157,NA,NA,NA,NA,NA,NA,NA,NA,1.62e-4,0.025157,NA,NA,NA,NA,NA,NA,NA,NA,NA,21347,NA,15515,NA,NA,2278
swine,20426,PB1,1779,T,A,NA,NA,NA,NA,0,0.028434,NA,NA,NA,NA,NA,NA,NA,NA,5.88e-4,0.028434,NA,NA,NA,NA,NA,NA,NA,NA,NA,21526,NA,15836,NA,NA,2278
swine,20426,PB1,1780,G,A,NA,NA,NA,NA,0,0.027759,NA,NA,NA,NA,NA,NA,NA,NA,1.09e-4,0.027759,NA,NA,NA,NA,NA,NA,NA,NA,NA,21183,NA,15767,NA,NA,2278
swine,20426,PB1,1781,G,A,NA,NA,NA,NA,0,0.027481,NA,NA,NA,NA,NA,NA,NA,NA,1.64e-4,0.027481,NA,NA,NA,NA,NA,NA,NA,NA,NA,21039,NA,15936,NA,NA,2278
swine,20426,PB1,1783,G,T,NA,NA,NA,NA,0,0.03479,NA,NA,NA,NA,NA,NA,NA,NA,0.002267,0.03479,NA,NA,NA,NA,NA,NA,NA,NA,NA,20786,NA,16720,NA,NA,2278
swine,20426,PB1,1786,C,T,NA,NA,NA,NA,0,0.078391,NA,NA,NA,NA,NA,NA,NA,NA,3.75e-4,0.078391,NA,NA,NA,NA,NA,NA,NA,NA,NA,21460,NA,18070,NA,NA,2278
swine,20426,PB1,1983,A,G,NA,NA,NA,NA,0,0.064212,NA,NA,NA,NA,NA,NA,NA,NA,9e-5,0.064212,NA,NA,NA,NA,NA,NA,NA,NA,NA,26089,NA,31754,NA,NA,2278
swine,20426,PB1,2042,G,A,NA,NA,NA,NA,0,0.059286,NA,NA,NA,NA,NA,NA,NA,NA,1.38e-4,0.059286,NA,NA,NA,NA,NA,NA,NA,NA,NA,25522,NA,30388,NA,NA,2278
swine,20426,PB2,363,A,G,NA,NA,NA,NA,0,0.371951,NA,NA,NA,NA,NA,NA,NA,NA,0.001143,0.371951,NA,NA,NA,NA,NA,NA,NA,NA,NA,16639,NA,16790,NA,NA,2280
swine,20426,PB2,699,C,T,NA,NA,NA,NA,0,0.385088,NA,NA,NA,NA,NA,NA,NA,NA,7.57e-4,0.385088,NA,NA,NA,NA,NA,NA,NA,NA,NA,20934,NA,22382,NA,NA,2280
swine,20426,PB2,805,A,G,NA,NA,NA,NA,0,0.096008,NA,NA,NA,NA,NA,NA,NA,NA,5.2e-5,0.096008,NA,NA,NA,NA,NA,NA,NA,NA,NA,23369,NA,24892,NA,NA,2280
swine,20426,PB2,948,G,A,NA,NA,NA,NA,0.03142,0,NA,NA,NA,NA,NA,NA,NA,NA,0.03142,1.11e-4,NA,NA,NA,NA,NA,NA,NA,NA,NA,20883,NA,21224,NA,NA,2280
swine,20426,PB2,1188,G,A,NA,NA,NA,NA,0.02844,0,NA,NA,NA,NA,NA,NA,NA,NA,0.02844,4e-4,NA,NA,NA,NA,NA,NA,NA,NA,NA,18659,NA,18214,NA,NA,2280
swine,20426,PB2,1459,G,A,NA,NA,NA,NA,0.026629,0,NA,NA,NA,NA,NA,NA,NA,NA,0.026629,1.29e-4,NA,NA,NA,NA,NA,NA,NA,NA,NA,18178,NA,18200,NA,NA,2280
swine,20426,PB2,2022,G,A,NA,NA,NA,NA,0.024,0,NA,NA,NA,NA,NA,NA,NA,NA,0.024,8.27e-4,NA,NA,NA,NA,NA,NA,NA,NA,NA,20775,NA,36906,NA,NA,2280
swine,20430,NP,716,T,C,NA,NA,0.030419,NA,0,NA,0,NA,NA,NA,NA,NA,0.030419,NA,3.76e-4,NA,5.32e-4,NA,NA,NA,NA,NA,NA,81893,NA,109815,115721,NA,NA,NA,1497
swine,20430,PA,811,C,T,NA,NA,0,NA,0,NA,0.059397,NA,NA,NA,NA,NA,3.21e-4,NA,0.001,NA,0.059397,NA,NA,NA,NA,NA,NA,32060,NA,35559,41122,NA,NA,NA,2153
swine,20430,PA,1260,A,T,NA,NA,0,NA,0,NA,0.058338,NA,NA,NA,NA,NA,0.003253,NA,0.003621,NA,0.058338,NA,NA,NA,NA,NA,NA,38572,NA,40251,47048,NA,NA,NA,2153
swine,20430,PB1,231,T,A,NA,NA,0,NA,0.025152,NA,0,NA,NA,NA,NA,NA,0.007837,NA,0.025152,NA,0.004548,NA,NA,NA,NA,NA,NA,17483,NA,25352,25324,NA,NA,NA,2277
swine,20430,PB1,233,A,T,NA,NA,0,NA,0.020635,NA,0,NA,NA,NA,NA,NA,0.006883,NA,0.020635,NA,0.003471,NA,NA,NA,NA,NA,NA,17040,NA,23637,24797,NA,NA,NA,2277
swine,20430,PB1,1683,C,T,NA,NA,0,NA,0.289751,NA,0.055602,NA,NA,NA,NA,NA,2.12e-4,NA,0.289751,NA,0.055602,NA,NA,NA,NA,NA,NA,16192,NA,13978,18611,NA,NA,NA,2277
swine,20430,PB2,258,G,A,NA,NA,0.012391,NA,0.015668,NA,0.096874,NA,NA,NA,NA,NA,0.012391,NA,0.015668,NA,0.096874,NA,NA,NA,NA,NA,NA,20114,NA,24951,28253,NA,NA,NA,2280
swine,20430,PB2,2056,G,A,NA,NA,0,NA,0.03268,NA,0.046756,NA,NA,NA,NA,NA,0.018147,NA,0.03268,NA,0.046756,NA,NA,NA,NA,NA,NA,33375,NA,43572,37515,NA,NA,NA,2280
swine,20457,HA,584,C,A,NA,NA,NA,NA,NA,0.038112,NA,0,NA,NA,NA,NA,NA,NA,NA,0.038112,NA,0.002433,NA,NA,NA,NA,NA,NA,NA,NA,NA,40427,48181,NA,1701
swine,20457,HA,677,A,G,NA,NA,NA,NA,NA,0.029923,NA,0,NA,NA,NA,NA,NA,NA,NA,0.029923,NA,6.28e-4,NA,NA,NA,NA,NA,NA,NA,NA,NA,48181,56356,NA,1701
swine,20457,HA,866,T,C,NA,NA,NA,NA,NA,0.024681,NA,0,NA,NA,NA,NA,NA,NA,NA,0.024681,NA,7.67e-4,NA,NA,NA,NA,NA,NA,NA,NA,NA,57133,73182,NA,1701
swine,20457,HA,877,G,T,NA,NA,NA,NA,NA,0,NA,0.035851,NA,NA,NA,NA,NA,NA,NA,0.001533,NA,0.035851,NA,NA,NA,NA,NA,NA,NA,NA,NA,54930,72224,NA,1701
swine,20457,HA,956,A,G,NA,NA,NA,NA,NA,0.056823,NA,0,NA,NA,NA,NA,NA,NA,NA,0.056823,NA,2.87e-4,NA,NA,NA,NA,NA,NA,NA,NA,NA,49924,69825,NA,1701
swine,20457,HA,1071,C,G,NA,NA,NA,NA,NA,0,NA,0.391893,NA,NA,NA,NA,NA,NA,NA,4.42e-4,NA,0.391893,NA,NA,NA,NA,NA,NA,NA,NA,NA,51396,74311,NA,1701
swine,20457,HA,1482,A,G,NA,NA,NA,NA,NA,0,NA,0.414974,NA,NA,NA,NA,NA,NA,NA,3.34e-4,NA,0.414974,NA,NA,NA,NA,NA,NA,NA,NA,NA,34912,53490,NA,1701
swine,20457,NA,241,A,G,NA,NA,NA,NA,NA,0.025381,NA,0,NA,NA,NA,NA,NA,NA,NA,0.025381,NA,5.69e-4,NA,NA,NA,NA,NA,NA,NA,NA,NA,101849,81015,NA,1410
swine,20457,NA,311,A,C,NA,NA,NA,NA,NA,0.025221,NA,0,NA,NA,NA,NA,NA,NA,NA,0.025221,NA,5.94e-4,NA,NA,NA,NA,NA,NA,NA,NA,NA,100691,79913,NA,1410
swine,20457,NA,512,A,G,NA,NA,NA,NA,NA,0.022773,NA,0,NA,NA,NA,NA,NA,NA,NA,0.022773,NA,2.81e-4,NA,NA,NA,NA,NA,NA,NA,NA,NA,89799,76696,NA,1410
swine,20457,NP,455,G,A,NA,NA,NA,NA,NA,0.037843,NA,0,NA,NA,NA,NA,NA,NA,NA,0.037843,NA,1.64e-4,NA,NA,NA,NA,NA,NA,NA,NA,NA,79730,84186,NA,1497
swine,20457,NP,711,A,G,NA,NA,NA,NA,NA,0.024084,NA,0,NA,NA,NA,NA,NA,NA,NA,0.024084,NA,1.6e-4,NA,NA,NA,NA,NA,NA,NA,NA,NA,80898,83178,NA,1497
swine,20457,NP,1180,G,T,NA,NA,NA,NA,NA,0.03145,NA,0,NA,NA,NA,NA,NA,NA,NA,0.03145,NA,0.001611,NA,NA,NA,NA,NA,NA,NA,NA,NA,58488,59286,NA,1497
swine,20457,NP,1287,C,T,NA,NA,NA,NA,NA,0.044608,NA,0,NA,NA,NA,NA,NA,NA,NA,0.044608,NA,4.77e-4,NA,NA,NA,NA,NA,NA,NA,NA,NA,51808,53281,NA,1497
swine,20457,PA,287,A,G,NA,NA,NA,NA,NA,0.238148,NA,0.036272,NA,NA,NA,NA,NA,NA,NA,0.238148,NA,0.036272,NA,NA,NA,NA,NA,NA,NA,NA,NA,77373,44905,NA,2152
swine,20457,PA,508,A,T,NA,NA,NA,NA,NA,0.038581,NA,0,NA,NA,NA,NA,NA,NA,NA,0.038581,NA,0.002182,NA,NA,NA,NA,NA,NA,NA,NA,NA,46236,33931,NA,2152
swine,20457,PA,509,G,A,NA,NA,NA,NA,NA,0.037908,NA,0,NA,NA,NA,NA,NA,NA,NA,0.037908,NA,0.001269,NA,NA,NA,NA,NA,NA,NA,NA,NA,46116,34032,NA,2152
swine,20457,PA,510,A,T,NA,NA,NA,NA,NA,0.036915,NA,0,NA,NA,NA,NA,NA,NA,NA,0.036915,NA,0.002729,NA,NA,NA,NA,NA,NA,NA,NA,NA,46428,34367,NA,2152
swine,20457,PA,511,A,G,NA,NA,NA,NA,NA,0.035372,NA,0,NA,NA,NA,NA,NA,NA,NA,0.035372,NA,0.001207,NA,NA,NA,NA,NA,NA,NA,NA,NA,46807,34770,NA,2152
swine,20457,PA,1026,A,G,NA,NA,NA,NA,NA,0,NA,0.911197,NA,NA,NA,NA,NA,NA,NA,2.88e-4,NA,0.911197,NA,NA,NA,NA,NA,NA,NA,NA,NA,47616,37487,NA,2152
swine,20457,PA,1278,T,C,NA,NA,NA,NA,NA,0.032085,NA,0,NA,NA,NA,NA,NA,NA,NA,0.032085,NA,4.23e-4,NA,NA,NA,NA,NA,NA,NA,NA,NA,55793,43260,NA,2152
swine,20457,PA,1584,T,C,NA,NA,NA,NA,NA,0.022543,NA,0,NA,NA,NA,NA,NA,NA,NA,0.022543,NA,5.44e-4,NA,NA,NA,NA,NA,NA,NA,NA,NA,44496,36037,NA,2152
swine,20457,PA,1894,T,A,NA,NA,NA,NA,NA,0.020659,NA,0,NA,NA,NA,NA,NA,NA,NA,0.020659,NA,0.002772,NA,NA,NA,NA,NA,NA,NA,NA,NA,44245,45066,NA,2152
swine,20457,PB1,220,C,T,NA,NA,NA,NA,NA,0,NA,0.053992,NA,NA,NA,NA,NA,NA,NA,1.88e-4,NA,0.053992,NA,NA,NA,NA,NA,NA,NA,NA,NA,67547,29738,NA,2278
swine,20457,PB1,221,C,T,NA,NA,NA,NA,NA,0,NA,0.039688,NA,NA,NA,NA,NA,NA,NA,4.12e-4,NA,0.039688,NA,NA,NA,NA,NA,NA,NA,NA,NA,64721,27782,NA,2278
swine,20457,PB1,387,T,A,NA,NA,NA,NA,NA,0.071919,NA,0,NA,NA,NA,NA,NA,NA,NA,0.071919,NA,0.002958,NA,NA,NA,NA,NA,NA,NA,NA,NA,34810,12322,NA,2278
swine,20457,PB1,390,T,G,NA,NA,NA,NA,NA,0.059265,NA,0,NA,NA,NA,NA,NA,NA,NA,0.059265,NA,0.002915,NA,NA,NA,NA,NA,NA,NA,NA,NA,32802,12073,NA,2278
swine,20457,PB1,391,T,G,NA,NA,NA,NA,NA,0.027475,NA,0,NA,NA,NA,NA,NA,NA,NA,0.027475,NA,0.001977,NA,NA,NA,NA,NA,NA,NA,NA,NA,30820,11706,NA,2278
swine,20457,PB1,504,G,A,NA,NA,NA,NA,NA,0,NA,0.915069,NA,NA,NA,NA,NA,NA,NA,8.45e-4,NA,0.915069,NA,NA,NA,NA,NA,NA,NA,NA,NA,22006,7793,NA,2278
swine,20457,PB1,1875,T,C,NA,NA,NA,NA,NA,0.024479,NA,0,NA,NA,NA,NA,NA,NA,NA,0.024479,NA,0.002699,NA,NA,NA,NA,NA,NA,NA,NA,NA,37760,15814,NA,2278
swine,20457,PB1,1982,C,G,NA,NA,NA,NA,NA,0.02377,NA,0,NA,NA,NA,NA,NA,NA,NA,0.02377,NA,0.001324,NA,NA,NA,NA,NA,NA,NA,NA,NA,40766,16858,NA,2278
swine,20457,PB1,1983,A,G,NA,NA,NA,NA,NA,0.028431,NA,0,NA,NA,NA,NA,NA,NA,NA,0.028431,NA,0.002783,NA,NA,NA,NA,NA,NA,NA,NA,NA,41173,16949,NA,2278
swine,20457,PB1,1986,T,A,NA,NA,NA,NA,NA,0.032886,NA,0,NA,NA,NA,NA,NA,NA,NA,0.032886,NA,0.002824,NA,NA,NA,NA,NA,NA,NA,NA,NA,41933,17152,NA,2278
swine,20457,PB1,2004,C,T,NA,NA,NA,NA,NA,0.020399,NA,0,NA,NA,NA,NA,NA,NA,NA,0.020399,NA,7.89e-4,NA,NA,NA,NA,NA,NA,NA,NA,NA,44216,17853,NA,2278
swine,20457,PB2,1271,C,T,NA,NA,NA,NA,NA,0.031713,NA,0,NA,NA,NA,NA,NA,NA,NA,0.031713,NA,2.71e-4,NA,NA,NA,NA,NA,NA,NA,NA,NA,26451,22377,NA,2282
swine,20457,PB2,1441,A,G,NA,NA,NA,NA,NA,0.055469,NA,0,NA,NA,NA,NA,NA,NA,NA,0.055469,NA,7.81e-4,NA,NA,NA,NA,NA,NA,NA,NA,NA,22877,20052,NA,2282
swine,20457,PB2,1702,C,T,NA,NA,NA,NA,NA,0.053506,NA,0,NA,NA,NA,NA,NA,NA,NA,0.053506,NA,3.75e-4,NA,NA,NA,NA,NA,NA,NA,NA,NA,26243,22422,NA,2282
swine,20464,HA,1110,A,G,NA,NA,NA,NA,NA,0,NA,0.919471,NA,NA,NA,NA,NA,NA,NA,0.001149,NA,0.919471,NA,NA,NA,NA,NA,NA,NA,NA,NA,16516,10525,NA,1701
swine,20464,HA,1346,A,G,NA,NA,NA,NA,NA,0.020003,NA,0,NA,NA,NA,NA,NA,NA,NA,0.020003,NA,4.74e-4,NA,NA,NA,NA,NA,NA,NA,NA,NA,20308,12138,NA,1701
swine,20464,NA,230,T,C,NA,NA,NA,NA,NA,0,NA,0.020692,NA,NA,NA,NA,NA,NA,NA,1.42e-4,NA,0.020692,NA,NA,NA,NA,NA,NA,NA,NA,NA,75241,61910,NA,1410
swine,20464,NA,736,T,G,NA,NA,NA,NA,NA,0.097972,NA,0.890197,NA,NA,NA,NA,NA,NA,NA,0.097972,NA,0.890197,NA,NA,NA,NA,NA,NA,NA,NA,NA,78090,61693,NA,1410
swine,20464,NP,922,C,T,NA,NA,NA,NA,NA,0,NA,0.028159,NA,NA,NA,NA,NA,NA,NA,2.65e-4,NA,0.028159,NA,NA,NA,NA,NA,NA,NA,NA,NA,27662,38788,NA,1497
swine,20464,NP,1196,A,G,NA,NA,NA,NA,NA,0,NA,0.028158,NA,NA,NA,NA,NA,NA,NA,5e-5,NA,0.028158,NA,NA,NA,NA,NA,NA,NA,NA,NA,23173,33898,NA,1497
swine,20464,NP,1257,C,T,NA,NA,NA,NA,NA,0,NA,0.897903,NA,NA,NA,NA,NA,NA,NA,0.00287,NA,0.897903,NA,NA,NA,NA,NA,NA,NA,NA,NA,20608,31147,NA,1497
swine,20464,NS,411,C,T,NA,NA,NA,NA,NA,0.02132,NA,0,NA,NA,NA,NA,NA,NA,NA,0.02132,NA,1.67e-4,NA,NA,NA,NA,NA,NA,NA,NA,NA,284352,160809,NA,838
swine,20464,PA,257,T,C,NA,NA,NA,NA,NA,0.0265,NA,0,NA,NA,NA,NA,NA,NA,NA,0.0265,NA,4.58e-4,NA,NA,NA,NA,NA,NA,NA,NA,NA,15863,36018,NA,2153
swine,20464,PA,363,A,G,NA,NA,NA,NA,NA,0.021965,NA,0,NA,NA,NA,NA,NA,NA,NA,0.021965,NA,0.003563,NA,NA,NA,NA,NA,NA,NA,NA,NA,13075,34854,NA,2153
swine,20464,PA,1573,T,C,NA,NA,NA,NA,NA,0,NA,0.022587,NA,NA,NA,NA,NA,NA,NA,5.08e-4,NA,0.022587,NA,NA,NA,NA,NA,NA,NA,NA,NA,14692,41654,NA,2153
swine,20464,PA,1799,C,A,NA,NA,NA,NA,NA,0,NA,0.020783,NA,NA,NA,NA,NA,NA,NA,0.002726,NA,0.020783,NA,NA,NA,NA,NA,NA,NA,NA,NA,10948,32538,NA,2153
swine,20464,PA,1830,A,G,NA,NA,NA,NA,NA,0,NA,0.023424,NA,NA,NA,NA,NA,NA,NA,0,NA,0.023424,NA,NA,NA,NA,NA,NA,NA,NA,NA,11201,33982,NA,2153
swine,20464,PA,1917,C,A,NA,NA,NA,NA,NA,0.024258,NA,0,NA,NA,NA,NA,NA,NA,NA,0.024258,NA,0.002289,NA,NA,NA,NA,NA,NA,NA,NA,NA,11783,32366,NA,2153
swine,20464,PA,1918,T,C,NA,NA,NA,NA,NA,0.027834,NA,0,NA,NA,NA,NA,NA,NA,NA,0.027834,NA,0.001591,NA,NA,NA,NA,NA,NA,NA,NA,NA,12049,32187,NA,2153
swine,20464,PA,1945,C,A,NA,NA,NA,NA,NA,0.032231,NA,0,NA,NA,NA,NA,NA,NA,NA,0.032231,NA,0.001873,NA,NA,NA,NA,NA,NA,NA,NA,NA,21034,35336,NA,2153
swine,20464,PA,1946,T,A,NA,NA,NA,NA,NA,0.03441,NA,0,NA,NA,NA,NA,NA,NA,NA,0.03441,NA,0.001293,NA,NA,NA,NA,NA,NA,NA,NA,NA,22221,35203,NA,2153
swine,20464,PA,1947,A,T,NA,NA,NA,NA,NA,0.041433,NA,0,NA,NA,NA,NA,NA,NA,NA,0.041433,NA,0.001449,NA,NA,NA,NA,NA,NA,NA,NA,NA,25143,35263,NA,2153
swine,20464,PB1,261,T,C,NA,NA,NA,NA,NA,0.02114,NA,0,NA,NA,NA,NA,NA,NA,NA,0.02114,NA,0.001048,NA,NA,NA,NA,NA,NA,NA,NA,NA,52667,36699,NA,2275
swine,20464,PB1,578,A,T,NA,NA,NA,NA,NA,0,NA,0.031023,NA,NA,NA,NA,NA,NA,NA,0.001072,NA,0.031023,NA,NA,NA,NA,NA,NA,NA,NA,NA,8711,34673,NA,2275
swine,20464,PB1,863,A,G,NA,NA,NA,NA,NA,0,NA,0.024803,NA,NA,NA,NA,NA,NA,NA,4.96e-4,NA,0.024803,NA,NA,NA,NA,NA,NA,NA,NA,NA,5255,31868,NA,2275
swine,20464,PB1,999,C,A,NA,NA,NA,NA,NA,0,NA,0.029413,NA,NA,NA,NA,NA,NA,NA,8.18e-4,NA,0.029413,NA,NA,NA,NA,NA,NA,NA,NA,NA,4709,31868,NA,2275
swine,20464,PB1,1370,A,G,NA,NA,NA,NA,NA,0,NA,0.040046,NA,NA,NA,NA,NA,NA,NA,0.004917,NA,0.040046,NA,NA,NA,NA,NA,NA,NA,NA,NA,4938,32450,NA,2275
swine,20464,PB1,1812,C,A,NA,NA,NA,NA,NA,0.020902,NA,0,NA,NA,NA,NA,NA,NA,NA,0.020902,NA,0.002577,NA,NA,NA,NA,NA,NA,NA,NA,NA,23193,59579,NA,2275
swine,20464,PB1,1813,C,A,NA,NA,NA,NA,NA,0.021123,NA,0,NA,NA,NA,NA,NA,NA,NA,0.021123,NA,0.002424,NA,NA,NA,NA,NA,NA,NA,NA,NA,23258,59587,NA,2275
swine,20464,PB1,1875,C,T,NA,NA,NA,NA,NA,0.047142,NA,0,NA,NA,NA,NA,NA,NA,NA,0.047142,NA,1.96e-4,NA,NA,NA,NA,NA,NA,NA,NA,NA,32740,58091,NA,2275
swine,20464,PB1,2055,T,C,NA,NA,NA,NA,NA,0.028631,NA,0,NA,NA,NA,NA,NA,NA,NA,0.028631,NA,7.2e-5,NA,NA,NA,NA,NA,NA,NA,NA,NA,55962,50650,NA,2275
swine,20464,PB1,2056,G,A,NA,NA,NA,NA,NA,0.030381,NA,0,NA,NA,NA,NA,NA,NA,NA,0.030381,NA,1.2e-4,NA,NA,NA,NA,NA,NA,NA,NA,NA,56907,50681,NA,2275
swine,20464,PB1,2059,C,T,NA,NA,NA,NA,NA,0.036246,NA,0,NA,NA,NA,NA,NA,NA,NA,0.036246,NA,2.18e-4,NA,NA,NA,NA,NA,NA,NA,NA,NA,58658,50168,NA,2275
swine,20464,PB1,2060,A,G,NA,NA,NA,NA,NA,0.02631,NA,0,NA,NA,NA,NA,NA,NA,NA,0.02631,NA,1.47e-4,NA,NA,NA,NA,NA,NA,NA,NA,NA,59518,49720,NA,2275
swine,20464,PB2,229,C,G,NA,NA,NA,NA,NA,0.02879,NA,0,NA,NA,NA,NA,NA,NA,NA,0.02879,NA,0.001447,NA,NA,NA,NA,NA,NA,NA,NA,NA,44169,41393,NA,2281
swine,20464,PB2,344,A,G,NA,NA,NA,NA,NA,0.022831,NA,0,NA,NA,NA,NA,NA,NA,NA,0.022831,NA,9.92e-4,NA,NA,NA,NA,NA,NA,NA,NA,NA,19539,40404,NA,2281
swine,20464,PB2,712,A,G,NA,NA,NA,NA,NA,0,NA,0.020409,NA,NA,NA,NA,NA,NA,NA,6.71e-4,NA,0.020409,NA,NA,NA,NA,NA,NA,NA,NA,NA,17586,35441,NA,2281
swine,20464,PB2,1489,A,G,NA,NA,NA,NA,NA,0.050844,NA,0,NA,NA,NA,NA,NA,NA,NA,0.050844,NA,7.06e-4,NA,NA,NA,NA,NA,NA,NA,NA,NA,19717,40043,NA,2281
swine,20464,PB2,1860,C,T,NA,NA,NA,NA,NA,0,NA,0.02666,NA,NA,NA,NA,NA,NA,NA,9.28e-4,NA,0.02666,NA,NA,NA,NA,NA,NA,NA,NA,NA,16862,34136,NA,2281
swine,20464,PB2,1961,C,A,NA,NA,NA,NA,NA,0.029667,NA,0,NA,NA,NA,NA,NA,NA,NA,0.029667,NA,0.001847,NA,NA,NA,NA,NA,NA,NA,NA,NA,20877,36490,NA,2281
swine,20464,PB2,1963,G,C,NA,NA,NA,NA,NA,0.080674,NA,0,NA,NA,NA,NA,NA,NA,NA,0.080674,NA,0.001848,NA,NA,NA,NA,NA,NA,NA,NA,NA,23263,36485,NA,2281
swine,20464,PB2,1964,T,C,NA,NA,NA,NA,NA,0.112385,NA,0,NA,NA,NA,NA,NA,NA,NA,0.112385,NA,0.002585,NA,NA,NA,NA,NA,NA,NA,NA,NA,26464,36098,NA,2281
swine,20467,MP,390,C,T,NA,NA,NA,NA,NA,NA,0,0.126339,NA,NA,NA,NA,NA,NA,NA,NA,0,0.126339,NA,NA,NA,NA,NA,NA,NA,NA,238285,NA,121249,NA,982
swine,20467,NS,214,G,A,NA,NA,NA,NA,NA,NA,0,0.020306,NA,NA,NA,NA,NA,NA,NA,NA,0,0.020306,NA,NA,NA,NA,NA,NA,NA,NA,226227,NA,116402,NA,838
swine,20467,NS,250,G,A,NA,NA,NA,NA,NA,NA,0,0.020362,NA,NA,NA,NA,NA,NA,NA,NA,0,0.020362,NA,NA,NA,NA,NA,NA,NA,NA,221153,NA,112804,NA,838
swine,20467,NS,309,C,A,NA,NA,NA,NA,NA,NA,0,0.02297,NA,NA,NA,NA,NA,NA,NA,NA,0.00242,0.02297,NA,NA,NA,NA,NA,NA,NA,NA,232061,NA,116608,NA,838
swine,20467,NS,553,A,C,NA,NA,NA,NA,NA,NA,0,0.022381,NA,NA,NA,NA,NA,NA,NA,NA,0.009947,0.022381,NA,NA,NA,NA,NA,NA,NA,NA,203942,NA,102771,NA,838
swine,20467,PB1,246,T,G,NA,NA,NA,NA,NA,NA,0.025459,0,NA,NA,NA,NA,NA,NA,NA,NA,0.025459,0.00786,NA,NA,NA,NA,NA,NA,NA,NA,22537,NA,26117,NA,2277
swine,20467,PB2,339,G,T,NA,NA,NA,NA,NA,NA,0,0.042587,NA,NA,NA,NA,NA,NA,NA,NA,0.003426,0.042587,NA,NA,NA,NA,NA,NA,NA,NA,28706,NA,12953,NA,2283
swine,20467,PB2,1845,A,G,NA,NA,NA,NA,NA,NA,0,0.021991,NA,NA,NA,NA,NA,NA,NA,NA,0.007596,0.021991,NA,NA,NA,NA,NA,NA,NA,NA,31927,NA,15019,NA,2283
swine,20467,PB2,1847,T,A,NA,NA,NA,NA,NA,NA,0,0.024033,NA,NA,NA,NA,NA,NA,NA,NA,0.003052,0.024033,NA,NA,NA,NA,NA,NA,NA,NA,31568,NA,14891,NA,2283
swine,20467,PB2,1849,A,T,NA,NA,NA,NA,NA,NA,0,0.024456,NA,NA,NA,NA,NA,NA,NA,NA,8.36e-4,0.024456,NA,NA,NA,NA,NA,NA,NA,NA,31725,NA,15140,NA,2283
swine,20510,HA,537,G,A,NA,NA,NA,NA,NA,0.39329,NA,0.373999,NA,NA,NA,NA,NA,NA,NA,0.39329,NA,0.373999,NA,NA,NA,NA,NA,NA,NA,NA,NA,13971,17247,NA,1701
swine,20510,HA,741,C,T,NA,NA,NA,NA,NA,0,NA,0.020191,NA,NA,NA,NA,NA,NA,NA,0,NA,0.020191,NA,NA,NA,NA,NA,NA,NA,NA,NA,14852,17801,NA,1701
swine,20510,HA,1082,G,A,NA,NA,NA,NA,NA,0,NA,0.026659,NA,NA,NA,NA,NA,NA,NA,0.001267,NA,0.026659,NA,NA,NA,NA,NA,NA,NA,NA,NA,11816,14293,NA,1701
swine,20510,HA,1141,G,A,NA,NA,NA,NA,NA,0,NA,0.044319,NA,NA,NA,NA,NA,NA,NA,0,NA,0.044319,NA,NA,NA,NA,NA,NA,NA,NA,NA,9317,11666,NA,1701
swine,20510,HA,1169,T,C,NA,NA,NA,NA,NA,0,NA,0.039712,NA,NA,NA,NA,NA,NA,NA,5.49e-4,NA,0.039712,NA,NA,NA,NA,NA,NA,NA,NA,NA,10268,12746,NA,1701
swine,20510,MP,597,A,G,NA,NA,NA,NA,NA,0.054662,NA,0,NA,NA,NA,NA,NA,NA,NA,0.054662,NA,0.001776,NA,NA,NA,NA,NA,NA,NA,NA,NA,68584,70932,NA,982
swine,20510,NA,736,T,G,NA,NA,NA,NA,NA,0.422175,NA,0.598542,NA,NA,NA,NA,NA,NA,NA,0.422175,NA,0.598542,NA,NA,NA,NA,NA,NA,NA,NA,NA,22273,42360,NA,1410
swine,20510,NP,282,A,G,NA,NA,NA,NA,NA,0.347842,NA,0.497182,NA,NA,NA,NA,NA,NA,NA,0.347842,NA,0.497182,NA,NA,NA,NA,NA,NA,NA,NA,NA,12540,36954,NA,1497
swine,20510,NP,1141,C,G,NA,NA,NA,NA,NA,0,NA,0.024085,NA,NA,NA,NA,NA,NA,NA,1.21e-4,NA,0.024085,NA,NA,NA,NA,NA,NA,NA,NA,NA,9085,26027,NA,1497
swine,20510,PA,1616,A,G,NA,NA,NA,NA,NA,0,NA,0.020623,NA,NA,NA,NA,NA,NA,NA,4.83e-4,NA,0.020623,NA,NA,NA,NA,NA,NA,NA,NA,NA,16809,26676,NA,2151
swine,20510,PB1,977,C,T,NA,NA,NA,NA,NA,0.046294,NA,0,NA,NA,NA,NA,NA,NA,NA,0.046294,NA,2.4e-4,NA,NA,NA,NA,NA,NA,NA,NA,NA,11586,19791,NA,2274
swine,20510,PB1,1270,C,T,NA,NA,NA,NA,NA,0.159158,NA,0,NA,NA,NA,NA,NA,NA,NA,0.159158,NA,0,NA,NA,NA,NA,NA,NA,NA,NA,NA,14760,25874,NA,2274
swine,20510,PB1,1370,A,G,NA,NA,NA,NA,NA,0.03745,NA,0.041809,NA,NA,NA,NA,NA,NA,NA,0.03745,NA,0.041809,NA,NA,NA,NA,NA,NA,NA,NA,NA,13472,23810,NA,2274
swine,20510,PB1,2052,G,A,NA,NA,NA,NA,NA,0.029223,NA,0,NA,NA,NA,NA,NA,NA,NA,0.029223,NA,7.73e-4,NA,NA,NA,NA,NA,NA,NA,NA,NA,22820,43713,NA,2274
swine,20510,PB2,441,A,G,NA,NA,NA,NA,NA,0.020262,NA,0,NA,NA,NA,NA,NA,NA,NA,0.020262,NA,4.85e-4,NA,NA,NA,NA,NA,NA,NA,NA,NA,22858,34288,NA,2280
swine,20513,HA,1009,C,T,NA,0.125032,NA,NA,NA,0,NA,NA,NA,NA,NA,0.125032,NA,NA,NA,6.31e-4,NA,NA,NA,NA,NA,NA,NA,NA,NA,NA,NA,3686,NA,4839,1701
swine,20513,HA,1427,G,A,NA,0.996663,NA,NA,NA,0,NA,NA,NA,NA,NA,0.996663,NA,NA,NA,0.007223,NA,NA,NA,NA,NA,NA,NA,NA,NA,NA,NA,3482,NA,4672,1701
swine,20513,MP,451,T,C,NA,0,NA,NA,NA,0.051028,NA,NA,NA,NA,NA,1.12e-4,NA,NA,NA,0.051028,NA,NA,NA,NA,NA,NA,NA,NA,NA,NA,NA,74597,NA,70685,982
swine,20513,MP,711,A,G,NA,0.0657,NA,NA,NA,0,NA,NA,NA,NA,NA,0.0657,NA,NA,NA,7.05e-4,NA,NA,NA,NA,NA,NA,NA,NA,NA,NA,NA,56727,NA,51807,982
swine,20513,NP,552,A,G,NA,0,NA,NA,NA,0.131559,NA,NA,NA,NA,NA,0.001499,NA,NA,NA,0.131559,NA,NA,NA,NA,NA,NA,NA,NA,NA,NA,NA,19191,NA,10038,1497
swine,20513,NP,804,A,G,NA,0.15552,NA,NA,NA,0,NA,NA,NA,NA,NA,0.15552,NA,NA,NA,3.08e-4,NA,NA,NA,NA,NA,NA,NA,NA,NA,NA,NA,18177,NA,9145,1497
swine,20513,NP,987,A,G,NA,0,NA,NA,NA,0.032976,NA,NA,NA,NA,NA,0.001209,NA,NA,NA,0.032976,NA,NA,NA,NA,NA,NA,NA,NA,NA,NA,NA,18064,NA,8888,1497
swine,20513,NP,1168,A,G,NA,0,NA,NA,NA,0.519636,NA,NA,NA,NA,NA,1.41e-4,NA,NA,NA,0.519636,NA,NA,NA,NA,NA,NA,NA,NA,NA,NA,NA,16510,NA,7942,1497
swine,20513,NS,527,A,T,NA,0.055915,NA,NA,NA,0,NA,NA,NA,NA,NA,0.055915,NA,NA,NA,0.002608,NA,NA,NA,NA,NA,NA,NA,NA,NA,NA,NA,62194,NA,68070,839
swine,20513,PA,559,C,T,NA,0.024017,NA,NA,NA,0,NA,NA,NA,NA,NA,0.024017,NA,NA,NA,8.2e-5,NA,NA,NA,NA,NA,NA,NA,NA,NA,NA,NA,13759,NA,9614,2151
swine,20513,PA,666,C,A,NA,0.167765,NA,NA,NA,0,NA,NA,NA,NA,NA,0.167765,NA,NA,NA,0.002388,NA,NA,NA,NA,NA,NA,NA,NA,NA,NA,NA,14423,NA,8734,2151
swine,20513,PA,846,C,T,NA,0,NA,NA,NA,0.281845,NA,NA,NA,NA,NA,2.92e-4,NA,NA,NA,0.281845,NA,NA,NA,NA,NA,NA,NA,NA,NA,NA,NA,15782,NA,8689,2151
swine,20513,PA,1112,G,A,NA,0,NA,NA,NA,0.02166,NA,NA,NA,NA,NA,0,NA,NA,NA,0.02166,NA,NA,NA,NA,NA,NA,NA,NA,NA,NA,NA,15079,NA,8634,2151
swine,20513,PA,1469,G,A,NA,0,NA,NA,NA,0.033399,NA,NA,NA,NA,NA,3.07e-4,NA,NA,NA,0.033399,NA,NA,NA,NA,NA,NA,NA,NA,NA,NA,NA,19704,NA,11831,2151
swine,20513,PB1,1381,G,A,NA,0,NA,NA,NA,0.024341,NA,NA,NA,NA,NA,0.002618,NA,NA,NA,0.024341,NA,NA,NA,NA,NA,NA,NA,NA,NA,NA,NA,549,NA,16660,2274
swine,20513,PB1,1655,T,C,NA,0,NA,NA,NA,0.023534,NA,NA,NA,NA,NA,1.91e-4,NA,NA,NA,0.023534,NA,NA,NA,NA,NA,NA,NA,NA,NA,NA,NA,8242,NA,29673,2274
swine,20513,PB1,2050,G,A,NA,0.090061,NA,NA,NA,0,NA,NA,NA,NA,NA,0.090061,NA,NA,NA,0,NA,NA,NA,NA,NA,NA,NA,NA,NA,NA,NA,7549,NA,22259,2274
swine,20513,PB2,304,A,G,NA,0.100851,NA,NA,NA,0,NA,NA,NA,NA,NA,0.100851,NA,NA,NA,5.63e-4,NA,NA,NA,NA,NA,NA,NA,NA,NA,NA,NA,13860,NA,10375,2280
swine,20513,PB2,458,A,G,NA,0.197012,NA,NA,NA,0,NA,NA,NA,NA,NA,0.197012,NA,NA,NA,7.4e-5,NA,NA,NA,NA,NA,NA,NA,NA,NA,NA,NA,15129,NA,10814,2280
swine,20513,PB2,1932,G,A,NA,0,NA,NA,NA,0.078961,NA,NA,NA,NA,NA,0,NA,NA,NA,0.078961,NA,NA,NA,NA,NA,NA,NA,NA,NA,NA,NA,14409,NA,9954,2280
swine,20578,HA,256,C,A,NA,0.049998,NA,NA,0,NA,NA,NA,NA,NA,NA,0.049998,NA,NA,0.002378,NA,NA,NA,NA,NA,NA,NA,NA,NA,NA,30185,NA,NA,NA,27179,1701
swine,20578,NA,736,T,G,NA,0.286579,NA,NA,0,NA,NA,NA,NA,NA,NA,0.286579,NA,NA,5.58e-4,NA,NA,NA,NA,NA,NA,NA,NA,NA,NA,86742,NA,NA,NA,77980,1410
swine,20578,PB1,561,G,A,NA,0,NA,NA,0.024985,NA,NA,NA,NA,NA,NA,2.88e-4,NA,NA,0.024985,NA,NA,NA,NA,NA,NA,NA,NA,NA,NA,30282,NA,NA,NA,19499,2274
swine,20578,PB1,570,A,G,NA,0.170199,NA,NA,0,NA,NA,NA,NA,NA,NA,0.170199,NA,NA,0.002051,NA,NA,NA,NA,NA,NA,NA,NA,NA,NA,29963,NA,NA,NA,19300,2274
swine,20578,PB1,1370,A,G,NA,0.062103,NA,NA,0.047245,NA,NA,NA,NA,NA,NA,0.062103,NA,NA,0.047245,NA,NA,NA,NA,NA,NA,NA,NA,NA,NA,30255,NA,NA,NA,20173,2274
swine,20578,PB2,921,C,A,NA,0.026661,NA,NA,0,NA,NA,NA,NA,NA,NA,0.026661,NA,NA,0.001258,NA,NA,NA,NA,NA,NA,NA,NA,NA,NA,27964,NA,NA,NA,26557,2280
swine,20578,PB2,1188,A,G,NA,0.276139,NA,NA,0,NA,NA,NA,NA,NA,NA,0.276139,NA,NA,0.001257,NA,NA,NA,NA,NA,NA,NA,NA,NA,NA,24973,NA,NA,NA,26607,2280
swine,20579,HA,365,T,C,NA,0.032392,NA,NA,0,0.243651,0.05049,0.749678,NA,NA,NA,0.032392,NA,NA,0.002809,0.243651,0.05049,0.749678,NA,NA,NA,NA,NA,NA,NA,31098,56504,20104,35097,33327,1701
swine,20579,HA,713,G,T,NA,0,NA,NA,0,0.021502,0,0,NA,NA,NA,0.001699,NA,NA,0.001461,0.021502,0.001423,9.41e-4,NA,NA,NA,NA,NA,NA,NA,34955,62437,20371,35027,37050,1701
swine,20579,HA,1153,A,G,NA,0,NA,NA,0,0.020652,0,0,NA,NA,NA,5.4e-4,NA,NA,9.67e-4,0.020652,9.36e-4,0.001107,NA,NA,NA,NA,NA,NA,NA,24069,42575,14073,25342,27160,1701
swine,20579,MP,215,G,A,NA,0,NA,NA,0,0,0,0.032395,NA,NA,NA,0,NA,NA,0,1.88e-4,0,0.032395,NA,NA,NA,NA,NA,NA,NA,167052,201201,114599,129659,148428,984
swine,20579,NA,736,T,G,NA,0,NA,NA,0,0,0,0.030583,NA,NA,NA,6.7e-4,NA,NA,5.11e-4,6.42e-4,5.2e-4,0.030583,NA,NA,NA,NA,NA,NA,NA,106680,132394,79619,88449,89813,1410
swine,20579,NP,972,C,T,NA,0.021518,NA,NA,0,0,0,0,NA,NA,NA,0.021518,NA,NA,2.5e-4,4.28e-4,2.8e-4,6.21e-4,NA,NA,NA,NA,NA,NA,NA,57784,65136,33023,45813,53314,1497
swine,20579,PA,1771,C,G,NA,0,NA,NA,0,0,0,0.02778,NA,NA,NA,3.85e-4,NA,NA,5.26e-4,4.32e-4,4.2e-4,0.02778,NA,NA,NA,NA,NA,NA,NA,27974,32922,34560,31382,27667,2152
swine,20579,PA,1773,G,T,NA,0,NA,NA,0,0,0,0.030497,NA,NA,NA,0.00161,NA,NA,0.002054,0.00172,0.00214,0.030497,NA,NA,NA,NA,NA,NA,NA,27464,32315,34010,31579,27228,2152
swine,20579,PA,1774,A,T,NA,0,NA,NA,0,0,0,0.030319,NA,NA,NA,0.001374,NA,NA,0.002481,0.002067,0.001735,0.030319,NA,NA,NA,NA,NA,NA,NA,27715,32696,34424,32221,27656,2152
swine,20579,PB1,414,G,T,NA,0,NA,NA,0,0,0,0.028159,NA,NA,NA,0.002169,NA,NA,0.002891,0.002544,0.002939,0.028159,NA,NA,NA,NA,NA,NA,NA,28829,33096,41751,23574,29002,2278
swine,20579,PB1,561,G,A,NA,0,NA,NA,0,0.015729,0.027203,0.009922,NA,NA,NA,2.12e-4,NA,NA,1.84e-4,0.015729,0.027203,0.009922,NA,NA,NA,NA,NA,NA,NA,33544,36550,42525,20887,27620,2278
swine,20579,PB1,1370,A,G,NA,0.06353,NA,NA,0.050479,0.055547,0.071581,0.065765,NA,NA,NA,0.06353,NA,NA,0.050479,0.055547,0.071581,0.065765,NA,NA,NA,NA,NA,NA,NA,33685,36669,44530,19439,28538,2278
swine,20579,PB1,1985,C,A,NA,0,NA,NA,0,0,0.003897,0.020121,NA,NA,NA,0.003572,NA,NA,0.001368,0.002124,0.003897,0.020121,NA,NA,NA,NA,NA,NA,NA,48542,59403,85431,62984,44493,2278
swine,20579,PB2,372,G,A,NA,0.242314,NA,NA,0,0.005894,0,0.057222,NA,NA,NA,0.242314,NA,NA,2.84e-4,0.005894,0.002,0.057222,NA,NA,NA,NA,NA,NA,NA,28809,37212,31081,35650,32714,2282
swine,20581,HA,410,C,A,NA,0,NA,NA,NA,NA,0.040273,NA,NA,NA,NA,0.001716,NA,NA,NA,NA,0.040273,NA,NA,NA,NA,NA,NA,NA,NA,NA,27758,NA,NA,39359,1701
swine,20581,HA,531,T,C,NA,0,NA,NA,NA,NA,0.042724,NA,NA,NA,NA,3.15e-4,NA,NA,NA,NA,0.042724,NA,NA,NA,NA,NA,NA,NA,NA,NA,29670,NA,NA,41435,1701
swine,20581,HA,644,C,T,NA,0,NA,NA,NA,NA,0.023855,NA,NA,NA,NA,1.51e-4,NA,NA,NA,NA,0.023855,NA,NA,NA,NA,NA,NA,NA,NA,NA,37025,NA,NA,50867,1701
swine,20581,HA,707,G,T,NA,0.025095,NA,NA,NA,NA,0,NA,NA,NA,NA,0.025095,NA,NA,NA,NA,0.00363,NA,NA,NA,NA,NA,NA,NA,NA,NA,34116,NA,NA,49626,1701
swine,20581,HA,1439,A,G,NA,0,NA,NA,NA,NA,0.024478,NA,NA,NA,NA,5.32e-4,NA,NA,NA,NA,0.024478,NA,NA,NA,NA,NA,NA,NA,NA,NA,25778,NA,NA,38099,1701
swine,20581,PA,266,C,T,NA,0,NA,NA,NA,NA,0.032858,NA,NA,NA,NA,0,NA,NA,NA,NA,0.032858,NA,NA,NA,NA,NA,NA,NA,NA,NA,22438,NA,NA,60859,2151
swine,20581,PA,788,C,A,NA,0.23688,NA,NA,NA,NA,0,NA,NA,NA,NA,0.23688,NA,NA,NA,NA,0.001099,NA,NA,NA,NA,NA,NA,NA,NA,NA,21609,NA,NA,71643,2151
swine,20581,PA,1327,A,G,NA,0,NA,NA,NA,NA,0.020432,NA,NA,NA,NA,1.73e-4,NA,NA,NA,NA,0.020432,NA,NA,NA,NA,NA,NA,NA,NA,NA,21087,NA,NA,56616,2151
swine,20581,PA,1643,T,C,NA,0,NA,NA,NA,NA,0.024161,NA,NA,NA,NA,6.69e-4,NA,NA,NA,NA,0.024161,NA,NA,NA,NA,NA,NA,NA,NA,NA,22419,NA,NA,59516,2151
swine,20581,PA,1889,A,G,NA,0,NA,NA,NA,NA,0.020933,NA,NA,NA,NA,5.54e-4,NA,NA,NA,NA,0.020933,NA,NA,NA,NA,NA,NA,NA,NA,NA,16886,NA,NA,51733,2151
swine,20581,PA,1950,C,T,NA,0.030129,NA,NA,NA,NA,0,NA,NA,NA,NA,0.030129,NA,NA,NA,NA,3.56e-4,NA,NA,NA,NA,NA,NA,NA,NA,NA,18951,NA,NA,56508,2151
swine,20581,PB1,883,G,A,NA,0,NA,NA,NA,NA,0.037269,NA,NA,NA,NA,2.41e-4,NA,NA,NA,NA,0.037269,NA,NA,NA,NA,NA,NA,NA,NA,NA,27015,NA,NA,47547,2274
swine,20581,PB1,1182,C,T,NA,0.098369,NA,NA,NA,NA,0,NA,NA,NA,NA,0.098369,NA,NA,NA,NA,1.23e-4,NA,NA,NA,NA,NA,NA,NA,NA,NA,30024,NA,NA,56837,2274
swine,20581,PB1,1370,A,G,NA,0.057311,NA,NA,NA,NA,0.086698,NA,NA,NA,NA,0.057311,NA,NA,NA,NA,0.086698,NA,NA,NA,NA,NA,NA,NA,NA,NA,32402,NA,NA,54575,2274
swine,20581,PB2,2055,A,G,NA,0,NA,NA,NA,NA,0.028072,NA,NA,NA,NA,7.44e-4,NA,NA,NA,NA,0.028072,NA,NA,NA,NA,NA,NA,NA,NA,NA,29122,NA,NA,65074,2280
swine,20592,NA,236,C,A,NA,NA,NA,NA,NA,NA,0.03252,0.00422,NA,NA,NA,NA,NA,NA,NA,NA,0.03252,0.00422,NA,NA,NA,NA,NA,NA,NA,NA,109048,NA,48977,NA,1410
swine,20592,NA,421,A,G,NA,NA,NA,NA,NA,NA,0,0.100787,NA,NA,NA,NA,NA,NA,NA,NA,2.14e-4,0.100787,NA,NA,NA,NA,NA,NA,NA,NA,133703,NA,65067,NA,1410
swine,20592,NA,699,T,C,NA,NA,NA,NA,NA,NA,0,0.04317,NA,NA,NA,NA,NA,NA,NA,NA,7.3e-5,0.04317,NA,NA,NA,NA,NA,NA,NA,NA,116456,NA,54493,NA,1410
swine,20592,NP,708,A,G,NA,NA,NA,NA,NA,NA,0.021834,0,NA,NA,NA,NA,NA,NA,NA,NA,0.021834,0.003504,NA,NA,NA,NA,NA,NA,NA,NA,77771,NA,24144,NA,1499
swine,20592,PA,257,T,C,NA,NA,NA,NA,NA,NA,0.029958,0,NA,NA,NA,NA,NA,NA,NA,NA,0.029958,3.19e-4,NA,NA,NA,NA,NA,NA,NA,NA,24618,NA,30064,NA,2154
swine,20592,PA,259,G,C,NA,NA,NA,NA,NA,NA,0.026208,0,NA,NA,NA,NA,NA,NA,NA,NA,0.026208,0,NA,NA,NA,NA,NA,NA,NA,NA,24568,NA,30577,NA,2154
swine,20592,PA,1235,A,G,NA,NA,NA,NA,NA,NA,0.049481,0,NA,NA,NA,NA,NA,NA,NA,NA,0.049481,3.09e-4,NA,NA,NA,NA,NA,NA,NA,NA,8975,NA,18701,NA,2154
swine,20592,PA,1814,A,G,NA,NA,NA,NA,NA,NA,0.032952,0.011469,NA,NA,NA,NA,NA,NA,NA,NA,0.032952,0.011469,NA,NA,NA,NA,NA,NA,NA,NA,16176,NA,23680,NA,2154
swine,20592,PA,1815,A,G,NA,NA,NA,NA,NA,NA,0.045594,0.017813,NA,NA,NA,NA,NA,NA,NA,NA,0.045594,0.017813,NA,NA,NA,NA,NA,NA,NA,NA,16478,NA,23923,NA,2154
swine,20592,PA,1818,C,T,NA,NA,NA,NA,NA,NA,0.079695,0.030366,NA,NA,NA,NA,NA,NA,NA,NA,0.079695,0.030366,NA,NA,NA,NA,NA,NA,NA,NA,17692,NA,24593,NA,2154
swine,20592,PA,1866,A,C,NA,NA,NA,NA,NA,NA,0.025812,0,NA,NA,NA,NA,NA,NA,NA,NA,0.025812,0.009225,NA,NA,NA,NA,NA,NA,NA,NA,17655,NA,23252,NA,2154
swine,20592,PA,1885,G,A,NA,NA,NA,NA,NA,NA,0.02677,0,NA,NA,NA,NA,NA,NA,NA,NA,0.02677,2.7e-4,NA,NA,NA,NA,NA,NA,NA,NA,19456,NA,24278,NA,2154
swine,20592,PA,1944,C,G,NA,NA,NA,NA,NA,NA,0.020608,0,NA,NA,NA,NA,NA,NA,NA,NA,0.020608,0,NA,NA,NA,NA,NA,NA,NA,NA,24592,NA,27557,NA,2154
swine,20592,PA,1945,C,G,NA,NA,NA,NA,NA,NA,0.026929,0,NA,NA,NA,NA,NA,NA,NA,NA,0.026929,1.94e-4,NA,NA,NA,NA,NA,NA,NA,NA,25271,NA,27902,NA,2154
swine,20592,PA,1946,T,A,NA,NA,NA,NA,NA,NA,0.027919,0,NA,NA,NA,NA,NA,NA,NA,NA,0.027919,0.001167,NA,NA,NA,NA,NA,NA,NA,NA,25258,NA,27831,NA,2154
swine,20592,PA,1947,A,C,NA,NA,NA,NA,NA,NA,0.029844,0,NA,NA,NA,NA,NA,NA,NA,NA,0.029844,0.001212,NA,NA,NA,NA,NA,NA,NA,NA,25500,NA,27916,NA,2154
swine,20592,PB1,433,A,G,NA,NA,NA,NA,NA,NA,0.032985,0,NA,NA,NA,NA,NA,NA,NA,NA,0.032985,4.78e-4,NA,NA,NA,NA,NA,NA,NA,NA,21695,NA,19515,NA,2274
swine,20592,PB1,936,C,T,NA,NA,NA,NA,NA,NA,0.022981,0,NA,NA,NA,NA,NA,NA,NA,NA,0.022981,7.9e-5,NA,NA,NA,NA,NA,NA,NA,NA,11759,NA,14983,NA,2274
swine,20592,PB1,1128,T,A,NA,NA,NA,NA,NA,NA,0.220953,0.007044,NA,NA,NA,NA,NA,NA,NA,NA,0.220953,0.007044,NA,NA,NA,NA,NA,NA,NA,NA,14289,NA,17188,NA,2274
swine,20592,PB1,1370,A,G,NA,NA,NA,NA,NA,NA,0.149561,0.038014,NA,NA,NA,NA,NA,NA,NA,NA,0.149561,0.038014,NA,NA,NA,NA,NA,NA,NA,NA,16780,NA,16956,NA,2274
swine,20592,PB1,1376,T,G,NA,NA,NA,NA,NA,NA,0.03109,0.00769,NA,NA,NA,NA,NA,NA,NA,NA,0.03109,0.00769,NA,NA,NA,NA,NA,NA,NA,NA,17749,NA,17200,NA,2274
swine,20592,PB1,1378,C,A,NA,NA,NA,NA,NA,NA,0.029174,0.006575,NA,NA,NA,NA,NA,NA,NA,NA,0.029174,0.006575,NA,NA,NA,NA,NA,NA,NA,NA,17756,NA,17103,NA,2274
swine,20592,PB2,887,A,G,NA,NA,NA,NA,NA,NA,0.054824,0,NA,NA,NA,NA,NA,NA,NA,NA,0.054824,0.001437,NA,NA,NA,NA,NA,NA,NA,NA,13929,NA,16950,NA,2283
swine,20592,PB2,930,A,G,NA,NA,NA,NA,NA,NA,0.05128,0,NA,NA,NA,NA,NA,NA,NA,NA,0.05128,0.003606,NA,NA,NA,NA,NA,NA,NA,NA,16641,NA,19795,NA,2283
swine,20592,PB2,1675,A,G,NA,NA,NA,NA,NA,NA,0.04932,0,NA,NA,NA,NA,NA,NA,NA,NA,0.04932,0.003508,NA,NA,NA,NA,NA,NA,NA,NA,15449,NA,17871,NA,2283
swine,20592,PB2,1980,A,G,NA,NA,NA,NA,NA,NA,0.047411,0,NA,NA,NA,NA,NA,NA,NA,NA,0.047411,3.95e-4,NA,NA,NA,NA,NA,NA,NA,NA,41698,NA,24473,NA,2283
swine,20592,PB2,1989,A,G,NA,NA,NA,NA,NA,NA,0.02484,0,NA,NA,NA,NA,NA,NA,NA,NA,0.02484,4.27e-4,NA,NA,NA,NA,NA,NA,NA,NA,43850,NA,25773,NA,2283
swine,20601,HA,365,C,T,NA,0.03127,NA,NA,NA,NA,NA,0,NA,NA,NA,0.03127,NA,NA,NA,NA,NA,2.75e-4,NA,NA,NA,NA,NA,NA,NA,NA,NA,NA,11810,84207,1701
swine,20601,HA,435,G,A,NA,0.245257,NA,NA,NA,NA,NA,0.140262,NA,NA,NA,0.245257,NA,NA,NA,NA,NA,0.140262,NA,NA,NA,NA,NA,NA,NA,NA,NA,NA,11047,78382,1701
swine,20601,HA,840,A,G,NA,0,NA,NA,NA,NA,NA,0.041226,NA,NA,NA,1.86e-4,NA,NA,NA,NA,NA,0.041226,NA,NA,NA,NA,NA,NA,NA,NA,NA,NA,13152,87192,1701
swine,20601,MP,249,C,T,NA,0,NA,NA,NA,NA,NA,0.065775,NA,NA,NA,0,NA,NA,NA,NA,NA,0.065775,NA,NA,NA,NA,NA,NA,NA,NA,NA,NA,67263,489649,982
swine,20601,MP,348,A,G,NA,0,NA,NA,NA,NA,NA,0.070734,NA,NA,NA,0,NA,NA,NA,NA,NA,0.070734,NA,NA,NA,NA,NA,NA,NA,NA,NA,NA,67421,518751,982
swine,20601,NA,501,T,C,NA,0.034802,NA,NA,NA,NA,NA,0,NA,NA,NA,0.034802,NA,NA,NA,NA,NA,7.4e-5,NA,NA,NA,NA,NA,NA,NA,NA,NA,NA,44080,377620,1410
swine,20601,NP,276,A,G,NA,0,NA,NA,NA,NA,NA,0.023184,NA,NA,NA,5.71e-4,NA,NA,NA,NA,NA,0.023184,NA,NA,NA,NA,NA,NA,NA,NA,NA,NA,18004,194065,1497
swine,20601,NS,540,C,T,NA,0.082922,NA,NA,NA,NA,NA,0,NA,NA,NA,0.082922,NA,NA,NA,NA,NA,0,NA,NA,NA,NA,NA,NA,NA,NA,NA,NA,101463,459102,838
swine,20601,PA,286,A,G,NA,0,NA,NA,NA,NA,NA,0.020527,NA,NA,NA,0,NA,NA,NA,NA,NA,0.020527,NA,NA,NA,NA,NA,NA,NA,NA,NA,NA,8838,144180,2154
swine,20601,PA,1930,T,A,NA,0.032147,NA,NA,NA,NA,NA,0,NA,NA,NA,0.032147,NA,NA,NA,NA,NA,6.22e-4,NA,NA,NA,NA,NA,NA,NA,NA,NA,NA,7688,149341,2154
swine,20601,PA,1932,T,C,NA,0.041484,NA,NA,NA,NA,NA,0,NA,NA,NA,0.041484,NA,NA,NA,NA,NA,1.61e-4,NA,NA,NA,NA,NA,NA,NA,NA,NA,NA,7464,147302,2154
swine,20601,PA,1933,G,T,NA,0.047277,NA,NA,NA,NA,NA,0,NA,NA,NA,0.047277,NA,NA,NA,NA,NA,9.36e-4,NA,NA,NA,NA,NA,NA,NA,NA,NA,NA,7709,152311,2154
swine,20601,PB1,357,G,T,NA,0.006497,NA,NA,NA,NA,NA,0.034398,NA,NA,NA,0.006497,NA,NA,NA,NA,NA,0.034398,NA,NA,NA,NA,NA,NA,NA,NA,NA,NA,28625,122797,2274
swine,20601,PB1,753,C,T,NA,0.034874,NA,NA,NA,NA,NA,0,NA,NA,NA,0.034874,NA,NA,NA,NA,NA,4.66e-4,NA,NA,NA,NA,NA,NA,NA,NA,NA,NA,17678,90789,2274
swine,20601,PB1,1077,T,C,NA,0.022179,NA,NA,NA,NA,NA,0,NA,NA,NA,0.022179,NA,NA,NA,NA,NA,0,NA,NA,NA,NA,NA,NA,NA,NA,NA,NA,19385,109801,2274
swine,20601,PB1,1370,A,G,NA,0.076981,NA,NA,NA,NA,NA,0,NA,NA,NA,0.076981,NA,NA,NA,NA,NA,0.002772,NA,NA,NA,NA,NA,NA,NA,NA,NA,NA,19102,111837,2274
swine,20601,PB1,1521,G,T,NA,0,NA,NA,NA,NA,NA,0.080226,NA,NA,NA,0.003379,NA,NA,NA,NA,NA,0.080226,NA,NA,NA,NA,NA,NA,NA,NA,NA,NA,19513,192591,2274
swine,20601,PB2,336,T,C,NA,0,NA,NA,NA,NA,NA,0.069731,NA,NA,NA,0,NA,NA,NA,NA,NA,0.069731,NA,NA,NA,NA,NA,NA,NA,NA,NA,NA,20114,186332,2281
swine,20601,PB2,366,C,T,NA,0,NA,NA,NA,NA,NA,0.074026,NA,NA,NA,0,NA,NA,NA,NA,NA,0.074026,NA,NA,NA,NA,NA,NA,NA,NA,NA,NA,18251,167551,2281
swine,20601,PB2,390,C,T,NA,0.211271,NA,NA,NA,NA,NA,0,NA,NA,NA,0.211271,NA,NA,NA,NA,NA,3.52e-4,NA,NA,NA,NA,NA,NA,NA,NA,NA,NA,19264,189119,2281
swine,20601,PB2,915,A,G,NA,0,NA,NA,NA,NA,NA,0.023566,NA,NA,NA,5.37e-4,NA,NA,NA,NA,NA,0.023566,NA,NA,NA,NA,NA,NA,NA,NA,NA,NA,18847,123789,2281
swine,20606,MP,763,T,A,NA,NA,NA,NA,NA,NA,0,0.141174,NA,NA,NA,NA,NA,NA,NA,NA,0.003323,0.141174,NA,NA,NA,NA,NA,NA,NA,NA,158486,NA,155362,NA,983
swine,20606,NA,562,G,T,NA,NA,NA,NA,NA,NA,0,0.020087,NA,NA,NA,NA,NA,NA,NA,NA,0.001968,0.020087,NA,NA,NA,NA,NA,NA,NA,NA,140782,NA,148664,NA,1410
swine,20606,NA,736,G,T,NA,NA,NA,NA,NA,NA,0.036054,0.004616,NA,NA,NA,NA,NA,NA,NA,NA,0.036054,0.004616,NA,NA,NA,NA,NA,NA,NA,NA,102228,NA,102364,NA,1410
swine,20606,PA,289,A,G,NA,NA,NA,NA,NA,NA,0.026914,0,NA,NA,NA,NA,NA,NA,NA,NA,0.026914,4.13e-4,NA,NA,NA,NA,NA,NA,NA,NA,28566,NA,46139,NA,2151
swine,20606,PB1,1370,A,G,NA,NA,NA,NA,NA,NA,0.12448,0.044021,NA,NA,NA,NA,NA,NA,NA,NA,0.12448,0.044021,NA,NA,NA,NA,NA,NA,NA,NA,18791,NA,31909,NA,2274
swine,20606,PB1,1376,T,G,NA,NA,NA,NA,NA,NA,0.022616,0.011538,NA,NA,NA,NA,NA,NA,NA,NA,0.022616,0.011538,NA,NA,NA,NA,NA,NA,NA,NA,20953,NA,32626,NA,2274
swine,20606,PB1,1378,C,A,NA,NA,NA,NA,NA,NA,0.021287,0.011006,NA,NA,NA,NA,NA,NA,NA,NA,0.021287,0.011006,NA,NA,NA,NA,NA,NA,NA,NA,20940,NA,32535,NA,2274
swine,20606,PB1,1719,A,T,NA,NA,NA,NA,NA,NA,0,0.030933,NA,NA,NA,NA,NA,NA,NA,NA,0.001343,0.030933,NA,NA,NA,NA,NA,NA,NA,NA,52219,NA,70053,NA,2274
swine,20606,PB1,2028,C,T,NA,NA,NA,NA,NA,NA,0.02609,0.009982,NA,NA,NA,NA,NA,NA,NA,NA,0.02609,0.009982,NA,NA,NA,NA,NA,NA,NA,NA,51503,NA,68241,NA,2274
swine,20606,PB2,1958,C,A,NA,NA,NA,NA,NA,NA,0.026872,0.009867,NA,NA,NA,NA,NA,NA,NA,NA,0.026872,0.009867,NA,NA,NA,NA,NA,NA,NA,NA,29355,NA,37706,NA,2281
swine,20606,PB2,1959,T,C,NA,NA,NA,NA,NA,NA,0.031078,0.012958,NA,NA,NA,NA,NA,NA,NA,NA,0.031078,0.012958,NA,NA,NA,NA,NA,NA,NA,NA,29656,NA,38053,NA,2281
swine,20607,HA,1188,A,G,NA,NA,NA,NA,NA,0.069819,NA,0,NA,NA,NA,NA,NA,NA,NA,0.069819,NA,0.001322,NA,NA,NA,NA,NA,NA,NA,NA,NA,9863,22627,NA,1701
swine,20607,MP,427,G,T,NA,NA,NA,NA,NA,0.024326,NA,0,NA,NA,NA,NA,NA,NA,NA,0.024326,NA,0,NA,NA,NA,NA,NA,NA,NA,NA,NA,196159,203146,NA,982
swine,20607,MP,615,T,C,NA,NA,NA,NA,NA,0.02437,NA,0,NA,NA,NA,NA,NA,NA,NA,0.02437,NA,0,NA,NA,NA,NA,NA,NA,NA,NA,NA,140148,143567,NA,982
swine,20607,NA,534,G,A,NA,NA,NA,NA,NA,0.053132,NA,0,NA,NA,NA,NA,NA,NA,NA,0.053132,NA,1.44e-4,NA,NA,NA,NA,NA,NA,NA,NA,NA,159242,127444,NA,1410
swine,20607,NA,644,T,C,NA,NA,NA,NA,NA,0.03327,NA,0,NA,NA,NA,NA,NA,NA,NA,0.03327,NA,3.48e-4,NA,NA,NA,NA,NA,NA,NA,NA,NA,135564,104395,NA,1410
swine,20607,NA,768,C,T,NA,NA,NA,NA,NA,0.065017,NA,0,NA,NA,NA,NA,NA,NA,NA,0.065017,NA,4.28e-4,NA,NA,NA,NA,NA,NA,NA,NA,NA,134044,105189,NA,1410
swine,20607,NA,949,G,A,NA,NA,NA,NA,NA,0.056697,NA,0,NA,NA,NA,NA,NA,NA,NA,0.056697,NA,4.28e-4,NA,NA,NA,NA,NA,NA,NA,NA,NA,103221,83074,NA,1410
swine,20607,NA,1098,C,T,NA,NA,NA,NA,NA,0.050079,NA,0,NA,NA,NA,NA,NA,NA,NA,0.050079,NA,3.56e-4,NA,NA,NA,NA,NA,NA,NA,NA,NA,80814,72938,NA,1410
swine,20607,NP,766,C,T,NA,NA,NA,NA,NA,0.080461,NA,0,NA,NA,NA,NA,NA,NA,NA,0.080461,NA,5.04e-4,NA,NA,NA,NA,NA,NA,NA,NA,NA,63652,52583,NA,1497
swine,20607,NP,1023,A,G,NA,NA,NA,NA,NA,0,NA,0.03203,NA,NA,NA,NA,NA,NA,NA,1.38e-4,NA,0.03203,NA,NA,NA,NA,NA,NA,NA,NA,NA,59332,52661,NA,1497
swine,20607,NS,253,C,T,NA,NA,NA,NA,NA,0.022327,NA,0,NA,NA,NA,NA,NA,NA,NA,0.022327,NA,0,NA,NA,NA,NA,NA,NA,NA,NA,NA,239457,213081,NA,838
swine,20607,PA,287,A,G,NA,NA,NA,NA,NA,0.032062,NA,0,NA,NA,NA,NA,NA,NA,NA,0.032062,NA,0.001307,NA,NA,NA,NA,NA,NA,NA,NA,NA,29903,46209,NA,2151
swine,20607,PA,289,A,G,NA,NA,NA,NA,NA,0.082968,NA,0.019151,NA,NA,NA,NA,NA,NA,NA,0.082968,NA,0.019151,NA,NA,NA,NA,NA,NA,NA,NA,NA,29731,46036,NA,2151
swine,20607,PA,387,A,G,NA,NA,NA,NA,NA,0.030556,NA,0,NA,NA,NA,NA,NA,NA,NA,0.030556,NA,5.64e-4,NA,NA,NA,NA,NA,NA,NA,NA,NA,24652,47226,NA,2151
swine,20607,PA,1100,A,G,NA,NA,NA,NA,NA,0.246085,NA,0,NA,NA,NA,NA,NA,NA,NA,0.246085,NA,5.26e-4,NA,NA,NA,NA,NA,NA,NA,NA,NA,18718,33920,NA,2151
swine,20607,PB1,1370,A,G,NA,NA,NA,NA,NA,0.090514,NA,0.024433,NA,NA,NA,NA,NA,NA,NA,0.090514,NA,0.024433,NA,NA,NA,NA,NA,NA,NA,NA,NA,12433,34662,NA,2274
swine,20607,PB1,1376,T,G,NA,NA,NA,NA,NA,0.022842,NA,0.00692,NA,NA,NA,NA,NA,NA,NA,0.022842,NA,0.00692,NA,NA,NA,NA,NA,NA,NA,NA,NA,13082,36683,NA,2274
swine,20607,PB1,1378,C,A,NA,NA,NA,NA,NA,0.023541,NA,0.006218,NA,NA,NA,NA,NA,NA,NA,0.023541,NA,0.006218,NA,NA,NA,NA,NA,NA,NA,NA,NA,13286,36493,NA,2274
swine,20607,PB1,1633,C,G,NA,NA,NA,NA,NA,0.022567,NA,0,NA,NA,NA,NA,NA,NA,NA,0.022567,NA,3.53e-4,NA,NA,NA,NA,NA,NA,NA,NA,NA,49665,55587,NA,2274
swine,20607,PB1,1635,G,T,NA,NA,NA,NA,NA,0.024304,NA,0,NA,NA,NA,NA,NA,NA,NA,0.024304,NA,0.001211,NA,NA,NA,NA,NA,NA,NA,NA,NA,50459,55368,NA,2274
swine,20607,PB2,1247,G,A,NA,NA,NA,NA,NA,0.095088,NA,0,NA,NA,NA,NA,NA,NA,NA,0.095088,NA,4.7e-4,NA,NA,NA,NA,NA,NA,NA,NA,NA,39827,37408,NA,2281
swine,20607,PB2,1372,A,G,NA,NA,NA,NA,NA,0.07559,NA,0,NA,NA,NA,NA,NA,NA,NA,0.07559,NA,1.26e-4,NA,NA,NA,NA,NA,NA,NA,NA,NA,43291,39825,NA,2281
swine,20607,PB2,1410,C,T,NA,NA,NA,NA,NA,0.094938,NA,0,NA,NA,NA,NA,NA,NA,NA,0.094938,NA,1.72e-4,NA,NA,NA,NA,NA,NA,NA,NA,NA,39178,36532,NA,2281
swine,20607,PB2,2037,A,G,NA,NA,NA,NA,NA,0.025378,NA,0,NA,NA,NA,NA,NA,NA,NA,0.025378,NA,4.95e-4,NA,NA,NA,NA,NA,NA,NA,NA,NA,41752,48736,NA,2281
swine,20609,MP,450,T,C,NA,NA,NA,NA,0,NA,NA,0.022877,NA,NA,NA,NA,NA,NA,0,NA,NA,0.022877,NA,NA,NA,NA,NA,NA,NA,188976,NA,NA,80100,NA,982
swine,20609,NA,407,A,C,NA,NA,NA,NA,0,NA,NA,0.062941,NA,NA,NA,NA,NA,NA,9.05e-4,NA,NA,0.062941,NA,NA,NA,NA,NA,NA,NA,123423,NA,NA,73949,NA,1410
swine,20609,NA,835,T,C,NA,NA,NA,NA,0,NA,NA,0.026668,NA,NA,NA,NA,NA,NA,0.001104,NA,NA,0.026668,NA,NA,NA,NA,NA,NA,NA,111131,NA,NA,63745,NA,1410
swine,20609,NA,968,G,A,NA,NA,NA,NA,0,NA,NA,0.022803,NA,NA,NA,NA,NA,NA,1.59e-4,NA,NA,0.022803,NA,NA,NA,NA,NA,NA,NA,88744,NA,NA,50020,NA,1410
swine,20609,NA,1013,T,C,NA,NA,NA,NA,0,NA,NA,0.022156,NA,NA,NA,NA,NA,NA,8.45e-4,NA,NA,0.022156,NA,NA,NA,NA,NA,NA,NA,96278,NA,NA,54403,NA,1410
swine,20609,PA,287,A,G,NA,NA,NA,NA,0,NA,NA,0.025637,NA,NA,NA,NA,NA,NA,7.93e-4,NA,NA,0.025637,NA,NA,NA,NA,NA,NA,NA,29339,NA,NA,19579,NA,2151
swine,20609,PA,562,T,C,NA,NA,NA,NA,0,NA,NA,0.051769,NA,NA,NA,NA,NA,NA,2.79e-4,NA,NA,0.051769,NA,NA,NA,NA,NA,NA,NA,25202,NA,NA,17779,NA,2151
swine,20609,PA,1925,C,G,NA,NA,NA,NA,0,NA,NA,0.021492,NA,NA,NA,NA,NA,NA,2.27e-4,NA,NA,0.021492,NA,NA,NA,NA,NA,NA,NA,22517,NA,NA,17176,NA,2151
swine,20609,PA,1928,A,C,NA,NA,NA,NA,0,NA,NA,0.020847,NA,NA,NA,NA,NA,NA,0.002529,NA,NA,0.020847,NA,NA,NA,NA,NA,NA,NA,23333,NA,NA,17960,NA,2151
swine,20609,PB1,270,G,A,NA,NA,NA,NA,0,NA,NA,0.022349,NA,NA,NA,NA,NA,NA,1.92e-4,NA,NA,0.022349,NA,NA,NA,NA,NA,NA,NA,29345,NA,NA,22525,NA,2282
swine,20609,PB1,575,G,A,NA,NA,NA,NA,0,NA,NA,0.038892,NA,NA,NA,NA,NA,NA,2.13e-4,NA,NA,0.038892,NA,NA,NA,NA,NA,NA,NA,28148,NA,NA,12042,NA,2282
swine,20609,PB1,577,G,A,NA,NA,NA,NA,0,NA,NA,0.035443,NA,NA,NA,NA,NA,NA,4.2e-5,NA,NA,0.035443,NA,NA,NA,NA,NA,NA,NA,28720,NA,NA,12029,NA,2282
swine,20609,PB1,579,T,G,NA,NA,NA,NA,0,NA,NA,0.025875,NA,NA,NA,NA,NA,NA,0.001305,NA,NA,0.025875,NA,NA,NA,NA,NA,NA,NA,28480,NA,NA,11532,NA,2282
swine,20609,PB1,812,T,C,NA,NA,NA,NA,0,NA,NA,0.030408,NA,NA,NA,NA,NA,NA,1.36e-4,NA,NA,0.030408,NA,NA,NA,NA,NA,NA,NA,26663,NA,NA,9725,NA,2282
swine,20609,PB1,1138,T,C,NA,NA,NA,NA,0,NA,NA,0.39044,NA,NA,NA,NA,NA,NA,1.62e-4,NA,NA,0.39044,NA,NA,NA,NA,NA,NA,NA,29873,NA,NA,9518,NA,2282
swine,20609,PB1,1148,A,T,NA,NA,NA,NA,0,NA,NA,0.055647,NA,NA,NA,NA,NA,NA,0.001338,NA,NA,0.055647,NA,NA,NA,NA,NA,NA,NA,28976,NA,NA,9751,NA,2282
swine,20609,PB1,1151,C,A,NA,NA,NA,NA,0,NA,NA,0.084121,NA,NA,NA,NA,NA,NA,0.00195,NA,NA,0.084121,NA,NA,NA,NA,NA,NA,NA,29227,NA,NA,10155,NA,2282
swine,20609,PB1,1370,A,G,NA,NA,NA,NA,0.060262,NA,NA,0.012538,NA,NA,NA,NA,NA,NA,0.060262,NA,NA,0.012538,NA,NA,NA,NA,NA,NA,NA,30620,NA,NA,29407,NA,2282
swine,20609,PB1,1884,G,A,NA,NA,NA,NA,0,NA,NA,0.02876,NA,NA,NA,NA,NA,NA,7.4e-5,NA,NA,0.02876,NA,NA,NA,NA,NA,NA,NA,60606,NA,NA,64173,NA,2282
swine,20609,PB2,202,C,G,NA,NA,NA,NA,0,NA,NA,0.025884,NA,NA,NA,NA,NA,NA,8.9e-5,NA,NA,0.025884,NA,NA,NA,NA,NA,NA,NA,41119,NA,NA,17275,NA,2280
swine,20609,PB2,203,C,G,NA,NA,NA,NA,0,NA,NA,0.025911,NA,NA,NA,NA,NA,NA,8.9e-5,NA,NA,0.025911,NA,NA,NA,NA,NA,NA,NA,41004,NA,NA,17218,NA,2280
swine,20609,PB2,582,G,C,NA,NA,NA,NA,0,NA,NA,0.235686,NA,NA,NA,NA,NA,NA,5.28e-4,NA,NA,0.235686,NA,NA,NA,NA,NA,NA,NA,32637,NA,NA,14330,NA,2280
swine,20609,PB2,1224,T,C,NA,NA,NA,NA,0,NA,NA,0.228482,NA,NA,NA,NA,NA,NA,4.8e-4,NA,NA,0.228482,NA,NA,NA,NA,NA,NA,NA,25598,NA,NA,11828,NA,2280
swine,20610,NA,1029,G,T,NA,NA,NA,NA,NA,0,NA,0.020138,NA,NA,NA,NA,NA,NA,NA,0.001957,NA,0.020138,NA,NA,NA,NA,NA,NA,NA,NA,NA,71955,70704,NA,1410
swine,20610,NP,443,A,C,NA,NA,NA,NA,NA,0,NA,0.029352,NA,NA,NA,NA,NA,NA,NA,0.002944,NA,0.029352,NA,NA,NA,NA,NA,NA,NA,NA,NA,46206,39821,NA,1497
swine,20610,NP,918,A,G,NA,NA,NA,NA,NA,0.083721,NA,0.028506,NA,NA,NA,NA,NA,NA,NA,0.083721,NA,0.028506,NA,NA,NA,NA,NA,NA,NA,NA,NA,39977,34569,NA,1497
swine,20610,PA,401,A,G,NA,NA,NA,NA,NA,0,NA,0.040539,NA,NA,NA,NA,NA,NA,NA,3.81e-4,NA,0.040539,NA,NA,NA,NA,NA,NA,NA,NA,NA,36947,20060,NA,2153
swine,20610,PA,414,A,G,NA,NA,NA,NA,NA,0,NA,0.023348,NA,NA,NA,NA,NA,NA,NA,1.06e-4,NA,0.023348,NA,NA,NA,NA,NA,NA,NA,NA,NA,35751,19546,NA,2153
swine,20610,PA,791,C,A,NA,NA,NA,NA,NA,0,NA,0.042154,NA,NA,NA,NA,NA,NA,NA,6.74e-4,NA,0.042154,NA,NA,NA,NA,NA,NA,NA,NA,NA,28637,17726,NA,2153
swine,20610,PA,927,G,A,NA,NA,NA,NA,NA,0,NA,0.045861,NA,NA,NA,NA,NA,NA,NA,9.5e-5,NA,0.045861,NA,NA,NA,NA,NA,NA,NA,NA,NA,27307,16139,NA,2153
swine,20610,PA,1007,T,C,NA,NA,NA,NA,NA,0,NA,0.039923,NA,NA,NA,NA,NA,NA,NA,8.5e-5,NA,0.039923,NA,NA,NA,NA,NA,NA,NA,NA,NA,29606,18166,NA,2153
swine,20610,PA,1203,A,G,NA,NA,NA,NA,NA,0,NA,0.047303,NA,NA,NA,NA,NA,NA,NA,1.4e-4,NA,0.047303,NA,NA,NA,NA,NA,NA,NA,NA,NA,25812,16271,NA,2153
swine,20610,PA,1233,C,A,NA,NA,NA,NA,NA,0,NA,0.043891,NA,NA,NA,NA,NA,NA,NA,0.002646,NA,0.043891,NA,NA,NA,NA,NA,NA,NA,NA,NA,28656,18402,NA,2153
swine,20610,PA,1528,C,A,NA,NA,NA,NA,NA,0,NA,0.03567,NA,NA,NA,NA,NA,NA,NA,0.001428,NA,0.03567,NA,NA,NA,NA,NA,NA,NA,NA,NA,33225,37250,NA,2153
swine,20610,PB1,1357,G,A,NA,NA,NA,NA,NA,0,NA,0.02263,NA,NA,NA,NA,NA,NA,NA,4.15e-4,NA,0.02263,NA,NA,NA,NA,NA,NA,NA,NA,NA,23176,23452,NA,2275
swine,20610,PB1,1370,A,G,NA,NA,NA,NA,NA,0.090175,NA,0.045852,NA,NA,NA,NA,NA,NA,NA,0.090175,NA,0.045852,NA,NA,NA,NA,NA,NA,NA,NA,NA,23019,23754,NA,2275
swine,20610,PB2,311,C,A,NA,NA,NA,NA,NA,0,NA,0.025314,NA,NA,NA,NA,NA,NA,NA,0.001652,NA,0.025314,NA,NA,NA,NA,NA,NA,NA,NA,NA,33357,32164,NA,2282
swine,20610,PB2,473,A,G,NA,NA,NA,NA,NA,0,NA,0.024252,NA,NA,NA,NA,NA,NA,NA,0.001088,NA,0.024252,NA,NA,NA,NA,NA,NA,NA,NA,NA,32143,31837,NA,2282
swine,20610,PB2,1595,C,T,NA,NA,NA,NA,NA,0,NA,0.028182,NA,NA,NA,NA,NA,NA,NA,4.2e-5,NA,0.028182,NA,NA,NA,NA,NA,NA,NA,NA,NA,29936,32543,NA,2282
swine,20610,PB2,1768,A,C,NA,NA,NA,NA,NA,0.020446,NA,0,NA,NA,NA,NA,NA,NA,NA,0.020446,NA,0.002037,NA,NA,NA,NA,NA,NA,NA,NA,NA,30568,31506,NA,2282
swine,20610,PB2,1769,G,T,NA,NA,NA,NA,NA,0.021393,NA,0,NA,NA,NA,NA,NA,NA,NA,0.021393,NA,0.003589,NA,NA,NA,NA,NA,NA,NA,NA,NA,30654,31598,NA,2282
swine,20610,PB2,1772,G,A,NA,NA,NA,NA,NA,0.024987,NA,0,NA,NA,NA,NA,NA,NA,NA,0.024987,NA,4.61e-4,NA,NA,NA,NA,NA,NA,NA,NA,NA,31634,32344,NA,2282
swine,20627,HA,256,C,A,NA,NA,NA,NA,NA,0.449795,0.488891,NA,NA,NA,NA,NA,NA,NA,NA,0.449795,0.488891,NA,NA,NA,NA,NA,NA,NA,NA,NA,53811,43716,NA,NA,1701
swine,20627,HA,1052,T,A,NA,NA,NA,NA,NA,0.009876,0.020039,NA,NA,NA,NA,NA,NA,NA,NA,0.009876,0.020039,NA,NA,NA,NA,NA,NA,NA,NA,NA,38155,29198,NA,NA,1701
swine,20627,HA,1053,C,A,NA,NA,NA,NA,NA,0.010421,0.020421,NA,NA,NA,NA,NA,NA,NA,NA,0.010421,0.020421,NA,NA,NA,NA,NA,NA,NA,NA,NA,38206,29214,NA,NA,1701
swine,20627,NA,736,G,T,NA,NA,NA,NA,NA,0.032985,0.043651,NA,NA,NA,NA,NA,NA,NA,NA,0.032985,0.043651,NA,NA,NA,NA,NA,NA,NA,NA,NA,115374,108201,NA,NA,1410
swine,20627,NP,882,A,C,NA,NA,NA,NA,NA,0,0.038045,NA,NA,NA,NA,NA,NA,NA,NA,0.004163,0.038045,NA,NA,NA,NA,NA,NA,NA,NA,NA,77885,62402,NA,NA,1497
swine,20627,PA,1753,C,T,NA,NA,NA,NA,NA,0.1664,0,NA,NA,NA,NA,NA,NA,NA,NA,0.1664,1.92e-4,NA,NA,NA,NA,NA,NA,NA,NA,NA,24984,27304,NA,NA,2155
swine,20627,PB1,891,G,A,NA,NA,NA,NA,NA,0.033890000000000003,0,NA,NA,NA,NA,NA,NA,NA,NA,0.033890000000000003,5.41e-4,NA,NA,NA,NA,NA,NA,NA,NA,NA,20053,13064,NA,NA,2274
swine,20627,PB1,1370,A,G,NA,NA,NA,NA,NA,0.150895,0.144103,NA,NA,NA,NA,NA,NA,NA,NA,0.150895,0.144103,NA,NA,NA,NA,NA,NA,NA,NA,NA,25051,16107,NA,NA,2274
swine,20627,PB1,1376,T,G,NA,NA,NA,NA,NA,0.030705,0.027557,NA,NA,NA,NA,NA,NA,NA,NA,0.030705,0.027557,NA,NA,NA,NA,NA,NA,NA,NA,NA,26937,17552,NA,NA,2274
swine,20627,PB1,1378,C,A,NA,NA,NA,NA,NA,0.027462,0.02397,NA,NA,NA,NA,NA,NA,NA,NA,0.027462,0.02397,NA,NA,NA,NA,NA,NA,NA,NA,NA,26935,17519,NA,NA,2274
swine,20627,PB1,2015,G,C,NA,NA,NA,NA,NA,0.029969,0.013887,NA,NA,NA,NA,NA,NA,NA,NA,0.029969,0.013887,NA,NA,NA,NA,NA,NA,NA,NA,NA,55805,35971,NA,NA,2274
swine,20627,PB1,2017,T,A,NA,NA,NA,NA,NA,0.031104,0.015304,NA,NA,NA,NA,NA,NA,NA,NA,0.031104,0.015304,NA,NA,NA,NA,NA,NA,NA,NA,NA,56725,37449,NA,NA,2274
swine,20627,PB1,2018,C,A,NA,NA,NA,NA,NA,0.041498,0.017175,NA,NA,NA,NA,NA,NA,NA,NA,0.041498,0.017175,NA,NA,NA,NA,NA,NA,NA,NA,NA,57629,39654,NA,NA,2274
swine,20627,PB1,2062,A,G,NA,NA,NA,NA,NA,0.037056,0.016018,NA,NA,NA,NA,NA,NA,NA,NA,0.037056,0.016018,NA,NA,NA,NA,NA,NA,NA,NA,NA,58420,40655,NA,NA,2274
swine,20627,PB1,2063,T,G,NA,NA,NA,NA,NA,0.038313,0.021329,NA,NA,NA,NA,NA,NA,NA,NA,0.038313,0.021329,NA,NA,NA,NA,NA,NA,NA,NA,NA,58585,41037,NA,NA,2274
swine,20627,PB1,2064,G,A,NA,NA,NA,NA,NA,0.038453,0.020329,NA,NA,NA,NA,NA,NA,NA,NA,0.038453,0.020329,NA,NA,NA,NA,NA,NA,NA,NA,NA,58593,41175,NA,NA,2274
swine,20627,PB2,542,C,A,NA,NA,NA,NA,NA,0,0.020374,NA,NA,NA,NA,NA,NA,NA,NA,0.001704,0.020374,NA,NA,NA,NA,NA,NA,NA,NA,NA,16260,20905,NA,NA,2282
swine,20627,PB2,1052,C,T,NA,NA,NA,NA,NA,0,0.024582,NA,NA,NA,NA,NA,NA,NA,NA,2.62e-4,0.024582,NA,NA,NA,NA,NA,NA,NA,NA,NA,15313,19345,NA,NA,2282
swine,20627,PB2,1473,G,A,NA,NA,NA,NA,NA,0,0.043073,NA,NA,NA,NA,NA,NA,NA,NA,5.7e-5,0.043073,NA,NA,NA,NA,NA,NA,NA,NA,NA,19022,22003,NA,NA,2282
swine,20627,PB2,2028,T,G,NA,NA,NA,NA,NA,0.042519,0,NA,NA,NA,NA,NA,NA,NA,NA,0.042519,0.007387,NA,NA,NA,NA,NA,NA,NA,NA,NA,21611,38184,NA,NA,2282
swine,20627,PB2,2029,G,C,NA,NA,NA,NA,NA,0.02664,0,NA,NA,NA,NA,NA,NA,NA,NA,0.02664,3.91e-4,NA,NA,NA,NA,NA,NA,NA,NA,NA,21805,40290,NA,NA,2282
swine,20627,PB2,2030,A,C,NA,NA,NA,NA,NA,0.02691,0,NA,NA,NA,NA,NA,NA,NA,NA,0.02691,8.34e-4,NA,NA,NA,NA,NA,NA,NA,NA,NA,21968,40817,NA,NA,2282
swine,20627,PB2,2032,G,T,NA,NA,NA,NA,NA,0.032205,0,NA,NA,NA,NA,NA,NA,NA,NA,0.032205,0.00273,NA,NA,NA,NA,NA,NA,NA,NA,NA,21927,41121,NA,NA,2282
swine,20627,PB2,2035,C,G,NA,NA,NA,NA,NA,0.117151,0.047725,NA,NA,NA,NA,NA,NA,NA,NA,0.117151,0.047725,NA,NA,NA,NA,NA,NA,NA,NA,NA,22418,45706,NA,NA,2282
swine,20627,PB2,2036,C,A,NA,NA,NA,NA,NA,0.117533,0.04926,NA,NA,NA,NA,NA,NA,NA,NA,0.117533,0.04926,NA,NA,NA,NA,NA,NA,NA,NA,NA,22350,46351,NA,NA,2282
swine,20627,PB2,2038,G,T,NA,NA,NA,NA,NA,0.124651,0.051595,NA,NA,NA,NA,NA,NA,NA,NA,0.124651,0.051595,NA,NA,NA,NA,NA,NA,NA,NA,NA,22723,48215,NA,NA,2282
swine,20630,HA,209,G,A,NA,NA,NA,NA,NA,0,0.164441,NA,NA,NA,NA,NA,NA,NA,NA,4.4e-5,0.164441,NA,NA,NA,NA,NA,NA,NA,NA,NA,9775,27601,NA,NA,1701
swine,20630,HA,777,T,C,NA,NA,NA,NA,NA,0.021355,0,NA,NA,NA,NA,NA,NA,NA,NA,0.021355,2.03e-4,NA,NA,NA,NA,NA,NA,NA,NA,NA,11593,30099,NA,NA,1701
swine,20630,HA,946,A,T,NA,NA,NA,NA,NA,0.020001,0,NA,NA,NA,NA,NA,NA,NA,NA,0.020001,5.67e-4,NA,NA,NA,NA,NA,NA,NA,NA,NA,10525,27244,NA,NA,1701
swine,20630,HA,1338,C,A,NA,NA,NA,NA,NA,0,0.131854,NA,NA,NA,NA,NA,NA,NA,NA,0.002797,0.131854,NA,NA,NA,NA,NA,NA,NA,NA,NA,10471,27678,NA,NA,1701
swine,20630,MP,212,A,G,NA,NA,NA,NA,NA,0,0.023366,NA,NA,NA,NA,NA,NA,NA,NA,0,0.023366,NA,NA,NA,NA,NA,NA,NA,NA,NA,91737,196403,NA,NA,982
swine,20630,MP,226,C,T,NA,NA,NA,NA,NA,0,0.020814,NA,NA,NA,NA,NA,NA,NA,NA,0,0.020814,NA,NA,NA,NA,NA,NA,NA,NA,NA,95393,203769,NA,NA,982
swine,20630,MP,377,G,A,NA,NA,NA,NA,NA,0,0.023829,NA,NA,NA,NA,NA,NA,NA,NA,0,0.023829,NA,NA,NA,NA,NA,NA,NA,NA,NA,108515,224460,NA,NA,982
swine,20630,MP,514,C,T,NA,NA,NA,NA,NA,0,0.026584,NA,NA,NA,NA,NA,NA,NA,NA,0,0.026584,NA,NA,NA,NA,NA,NA,NA,NA,NA,121105,253082,NA,NA,982
swine,20630,NA,626,G,A,NA,NA,NA,NA,NA,0,0.078028,NA,NA,NA,NA,NA,NA,NA,NA,2.18e-4,0.078028,NA,NA,NA,NA,NA,NA,NA,NA,NA,39601,136947,NA,NA,1410
swine,20630,NA,678,G,T,NA,NA,NA,NA,NA,0.020304,0,NA,NA,NA,NA,NA,NA,NA,NA,0.020304,0.001283,NA,NA,NA,NA,NA,NA,NA,NA,NA,36436,126160,NA,NA,1410
swine,20630,NA,825,C,A,NA,NA,NA,NA,NA,0,0.089189,NA,NA,NA,NA,NA,NA,NA,NA,0.001297,0.089189,NA,NA,NA,NA,NA,NA,NA,NA,NA,40582,130724,NA,NA,1410
swine,20630,NP,264,T,C,NA,NA,NA,NA,NA,0,0.209291,NA,NA,NA,NA,NA,NA,NA,NA,2.14e-4,0.209291,NA,NA,NA,NA,NA,NA,NA,NA,NA,37070,86461,NA,NA,1497
swine,20630,NP,298,A,G,NA,NA,NA,NA,NA,0,0.206038,NA,NA,NA,NA,NA,NA,NA,NA,5.64e-4,0.206038,NA,NA,NA,NA,NA,NA,NA,NA,NA,38839,87885,NA,NA,1497
swine,20630,NP,300,G,A,NA,NA,NA,NA,NA,0,0.206777,NA,NA,NA,NA,NA,NA,NA,NA,4.71e-4,0.206777,NA,NA,NA,NA,NA,NA,NA,NA,NA,38646,87122,NA,NA,1497
swine,20630,NP,309,A,G,NA,NA,NA,NA,NA,0,0.189462,NA,NA,NA,NA,NA,NA,NA,NA,0.001029,0.189462,NA,NA,NA,NA,NA,NA,NA,NA,NA,37456,88835,NA,NA,1497
swine,20630,NP,326,C,T,NA,NA,NA,NA,NA,0,0.200072,NA,NA,NA,NA,NA,NA,NA,NA,4.52e-4,0.200072,NA,NA,NA,NA,NA,NA,NA,NA,NA,38523,87481,NA,NA,1497
swine,20630,NP,378,A,C,NA,NA,NA,NA,NA,0,0.21217,NA,NA,NA,NA,NA,NA,NA,NA,8.27e-4,0.21217,NA,NA,NA,NA,NA,NA,NA,NA,NA,38184,85559,NA,NA,1497
swine,20630,NP,408,A,C,NA,NA,NA,NA,NA,0,0.223439,NA,NA,NA,NA,NA,NA,NA,NA,6.72e-4,0.223439,NA,NA,NA,NA,NA,NA,NA,NA,NA,39490,84619,NA,NA,1497
swine,20630,NP,459,T,G,NA,NA,NA,NA,NA,0,0.209105,NA,NA,NA,NA,NA,NA,NA,NA,5.86e-4,0.209105,NA,NA,NA,NA,NA,NA,NA,NA,NA,34005,78233,NA,NA,1497
swine,20630,NP,462,C,T,NA,NA,NA,NA,NA,0,0.208963,NA,NA,NA,NA,NA,NA,NA,NA,2.57e-4,0.208963,NA,NA,NA,NA,NA,NA,NA,NA,NA,33897,77936,NA,NA,1497
swine,20630,NP,492,T,C,NA,NA,NA,NA,NA,0,0.164066,NA,NA,NA,NA,NA,NA,NA,NA,6.7e-4,0.164066,NA,NA,NA,NA,NA,NA,NA,NA,NA,31604,77458,NA,NA,1497
swine,20630,NP,516,C,T,NA,NA,NA,NA,NA,0,0.153803,NA,NA,NA,NA,NA,NA,NA,NA,8e-5,0.153803,NA,NA,NA,NA,NA,NA,NA,NA,NA,35624,88606,NA,NA,1497
swine,20630,NP,543,G,T,NA,NA,NA,NA,NA,0,0.15474,NA,NA,NA,NA,NA,NA,NA,NA,0.001237,0.15474,NA,NA,NA,NA,NA,NA,NA,NA,NA,35191,86951,NA,NA,1497
swine,20630,NP,690,C,T,NA,NA,NA,NA,NA,0,0.157682,NA,NA,NA,NA,NA,NA,NA,NA,1.85e-4,0.157682,NA,NA,NA,NA,NA,NA,NA,NA,NA,28559,73154,NA,NA,1497
swine,20630,NP,702,A,C,NA,NA,NA,NA,NA,0,0.145754,NA,NA,NA,NA,NA,NA,NA,NA,0.001103,0.145754,NA,NA,NA,NA,NA,NA,NA,NA,NA,29886,77966,NA,NA,1497
swine,20630,NP,708,A,G,NA,NA,NA,NA,NA,0,0.157905,NA,NA,NA,NA,NA,NA,NA,NA,0.00191,0.157905,NA,NA,NA,NA,NA,NA,NA,NA,NA,29722,76527,NA,NA,1497
swine,20630,NP,852,G,A,NA,NA,NA,NA,NA,0,0.144696,NA,NA,NA,NA,NA,NA,NA,NA,2.92e-4,0.144696,NA,NA,NA,NA,NA,NA,NA,NA,NA,27135,71326,NA,NA,1497
swine,20630,NP,875,A,G,NA,NA,NA,NA,NA,0,0.037365,NA,NA,NA,NA,NA,NA,NA,NA,3.7e-4,0.037365,NA,NA,NA,NA,NA,NA,NA,NA,NA,26148,69491,NA,NA,1497
swine,20630,NP,987,A,G,NA,NA,NA,NA,NA,0,0.151459,NA,NA,NA,NA,NA,NA,NA,NA,8.02e-4,0.151459,NA,NA,NA,NA,NA,NA,NA,NA,NA,29183,72101,NA,NA,1497
swine,20630,NP,1080,G,A,NA,NA,NA,NA,NA,0,0.166441,NA,NA,NA,NA,NA,NA,NA,NA,2.35e-4,0.166441,NA,NA,NA,NA,NA,NA,NA,NA,NA,28616,70221,NA,NA,1497
swine,20630,NP,1090,C,A,NA,NA,NA,NA,NA,0,0.03542,NA,NA,NA,NA,NA,NA,NA,NA,0.002068,0.03542,NA,NA,NA,NA,NA,NA,NA,NA,NA,28692,72767,NA,NA,1497
swine,20630,NP,1118,C,T,NA,NA,NA,NA,NA,0,0.16087,NA,NA,NA,NA,NA,NA,NA,NA,3.07e-4,0.16087,NA,NA,NA,NA,NA,NA,NA,NA,NA,28935,72342,NA,NA,1497
swine,20630,NP,1143,A,G,NA,NA,NA,NA,NA,0,0.152411,NA,NA,NA,NA,NA,NA,NA,NA,8.9e-5,0.152411,NA,NA,NA,NA,NA,NA,NA,NA,NA,25913,65473,NA,NA,1497
swine,20630,NP,1170,T,C,NA,NA,NA,NA,NA,0,0.157764,NA,NA,NA,NA,NA,NA,NA,NA,4.06e-4,0.157764,NA,NA,NA,NA,NA,NA,NA,NA,NA,25079,62575,NA,NA,1497
swine,20630,NP,1199,G,A,NA,NA,NA,NA,NA,0,0.15322,NA,NA,NA,NA,NA,NA,NA,NA,2.82e-4,0.15322,NA,NA,NA,NA,NA,NA,NA,NA,NA,24545,61197,NA,NA,1497
swine,20630,NP,1200,A,G,NA,NA,NA,NA,NA,0,0.154752,NA,NA,NA,NA,NA,NA,NA,NA,7.5e-4,0.154752,NA,NA,NA,NA,NA,NA,NA,NA,NA,24623,61333,NA,NA,1497
swine,20630,NP,1242,A,G,NA,NA,NA,NA,NA,0,0.148331,NA,NA,NA,NA,NA,NA,NA,NA,2.41e-4,0.148331,NA,NA,NA,NA,NA,NA,NA,NA,NA,23538,61049,NA,NA,1497
swine,20630,NP,1248,A,G,NA,NA,NA,NA,NA,0,0.146974,NA,NA,NA,NA,NA,NA,NA,NA,2.29e-4,0.146974,NA,NA,NA,NA,NA,NA,NA,NA,NA,22929,59032,NA,NA,1497
swine,20630,NP,1290,T,C,NA,NA,NA,NA,NA,0,0.15342,NA,NA,NA,NA,NA,NA,NA,NA,6.66e-4,0.15342,NA,NA,NA,NA,NA,NA,NA,NA,NA,20257,52548,NA,NA,1497
swine,20630,NS,420,A,G,NA,NA,NA,NA,NA,0,0.032949,NA,NA,NA,NA,NA,NA,NA,NA,0,0.032949,NA,NA,NA,NA,NA,NA,NA,NA,NA,107232,265179,NA,NA,838
swine,20630,PA,596,A,G,NA,NA,NA,NA,NA,0,0.020514,NA,NA,NA,NA,NA,NA,NA,NA,0.001536,0.020514,NA,NA,NA,NA,NA,NA,NA,NA,NA,7424,27109,NA,NA,2152
swine,20630,PA,646,G,A,NA,NA,NA,NA,NA,0.00818,0.080813,NA,NA,NA,NA,NA,NA,NA,NA,0.00818,0.080813,NA,NA,NA,NA,NA,NA,NA,NA,NA,7857,27886,NA,NA,2152
swine,20630,PA,873,T,C,NA,NA,NA,NA,NA,0,0.088182,NA,NA,NA,NA,NA,NA,NA,NA,4e-5,0.088182,NA,NA,NA,NA,NA,NA,NA,NA,NA,9267,31573,NA,NA,2152
swine,20630,PA,1055,A,G,NA,NA,NA,NA,NA,0,0.154211,NA,NA,NA,NA,NA,NA,NA,NA,2.19e-4,0.154211,NA,NA,NA,NA,NA,NA,NA,NA,NA,9952,33235,NA,NA,2152
swine,20630,PA,1563,A,G,NA,NA,NA,NA,NA,0.023512,0,NA,NA,NA,NA,NA,NA,NA,NA,0.023512,6.9e-4,NA,NA,NA,NA,NA,NA,NA,NA,NA,10496,36668,NA,NA,2152
swine,20630,PB1,242,G,A,NA,NA,NA,NA,NA,0,0.084591,NA,NA,NA,NA,NA,NA,NA,NA,2.85e-4,0.084591,NA,NA,NA,NA,NA,NA,NA,NA,NA,17812,33742,NA,NA,2274
swine,20630,PB1,339,C,T,NA,NA,NA,NA,NA,0.074371,0,NA,NA,NA,NA,NA,NA,NA,NA,0.074371,0.001399,NA,NA,NA,NA,NA,NA,NA,NA,NA,15044,29841,NA,NA,2274
swine,20630,PB1,387,T,A,NA,NA,NA,NA,NA,0,0.029388,NA,NA,NA,NA,NA,NA,NA,NA,0.00206,0.029388,NA,NA,NA,NA,NA,NA,NA,NA,NA,14701,30578,NA,NA,2274
swine,20630,PB1,388,G,A,NA,NA,NA,NA,NA,0,0.027672,NA,NA,NA,NA,NA,NA,NA,NA,0.001225,0.027672,NA,NA,NA,NA,NA,NA,NA,NA,NA,14474,30453,NA,NA,2274
swine,20630,PB1,420,A,G,NA,NA,NA,NA,NA,0.521781,0,NA,NA,NA,NA,NA,NA,NA,NA,0.521781,2.84e-4,NA,NA,NA,NA,NA,NA,NA,NA,NA,12028,26947,NA,NA,2274
swine,20630,PB1,1370,A,G,NA,NA,NA,NA,NA,0.079683,0.039294,NA,NA,NA,NA,NA,NA,NA,NA,0.079683,0.039294,NA,NA,NA,NA,NA,NA,NA,NA,NA,14714,30272,NA,NA,2274
swine,20630,PB1,1501,T,C,NA,NA,NA,NA,NA,0,0.05685,NA,NA,NA,NA,NA,NA,NA,NA,6.97e-4,0.05685,NA,NA,NA,NA,NA,NA,NA,NA,NA,24539,59709,NA,NA,2274
swine,20630,PB1,1696,A,G,NA,NA,NA,NA,NA,0,0.041812,NA,NA,NA,NA,NA,NA,NA,NA,5.17e-4,0.041812,NA,NA,NA,NA,NA,NA,NA,NA,NA,28460,69706,NA,NA,2274
swine,20630,PB2,888,C,T,NA,NA,NA,NA,NA,0,0.1435,NA,NA,NA,NA,NA,NA,NA,NA,9.4e-5,0.1435,NA,NA,NA,NA,NA,NA,NA,NA,NA,8190,26933,NA,NA,2280
swine,20630,PB2,930,A,G,NA,NA,NA,NA,NA,0,0.090338,NA,NA,NA,NA,NA,NA,NA,NA,3.86e-4,0.090338,NA,NA,NA,NA,NA,NA,NA,NA,NA,9728,32446,NA,NA,2280
swine,20630,PB2,1188,G,A,NA,NA,NA,NA,NA,0.035325,0,NA,NA,NA,NA,NA,NA,NA,NA,0.035325,2.75e-4,NA,NA,NA,NA,NA,NA,NA,NA,NA,8790,29412,NA,NA,2280
swine,20630,PB2,1337,T,C,NA,NA,NA,NA,NA,0,0.144307,NA,NA,NA,NA,NA,NA,NA,NA,4.14e-4,0.144307,NA,NA,NA,NA,NA,NA,NA,NA,NA,10144,33273,NA,NA,2280
swine,20630,PB2,1571,C,T,NA,NA,NA,NA,NA,0,0.048851,NA,NA,NA,NA,NA,NA,NA,NA,1.4e-4,0.048851,NA,NA,NA,NA,NA,NA,NA,NA,NA,9745,35010,NA,NA,2280
swine,20644,HA,256,C,A,NA,NA,0.057543,NA,NA,NA,NA,0,NA,NA,NA,NA,0.057543,NA,NA,NA,NA,0.002125,NA,NA,NA,NA,NA,42727,NA,NA,NA,NA,24541,NA,1701
swine,20644,HA,918,C,A,NA,NA,0,NA,NA,NA,NA,0.042158,NA,NA,NA,NA,0.002624,NA,NA,NA,NA,0.042158,NA,NA,NA,NA,NA,36418,NA,NA,NA,NA,21355,NA,1701
swine,20644,NA,736,G,T,NA,NA,0.422078,NA,NA,NA,NA,0.015653,NA,NA,NA,NA,0.422078,NA,NA,NA,NA,0.015653,NA,NA,NA,NA,NA,125987,NA,NA,NA,NA,86929,NA,1410
swine,20644,NA,747,A,G,NA,NA,0,NA,NA,NA,NA,0.022518,NA,NA,NA,NA,7.4e-4,NA,NA,NA,NA,0.022518,NA,NA,NA,NA,NA,124473,NA,NA,NA,NA,88533,NA,1410
swine,20644,NS,570,C,A,NA,NA,0,NA,NA,NA,NA,0.021894,NA,NA,NA,NA,0,NA,NA,NA,NA,0.021894,NA,NA,NA,NA,NA,234473,NA,NA,NA,NA,125144,NA,838
swine,20644,PA,239,A,G,NA,NA,0,NA,NA,NA,NA,0.083299,NA,NA,NA,NA,0,NA,NA,NA,NA,0.083299,NA,NA,NA,NA,NA,32851,NA,NA,NA,NA,15317,NA,2153
swine,20644,PA,512,T,C,NA,NA,0,NA,NA,NA,NA,0.06806,NA,NA,NA,NA,9.1e-5,NA,NA,NA,NA,0.06806,NA,NA,NA,NA,NA,27197,NA,NA,NA,NA,11849,NA,2153
swine,20644,PA,656,T,C,NA,NA,0,NA,NA,NA,NA,0.036647,NA,NA,NA,NA,0.001178,NA,NA,NA,NA,0.036647,NA,NA,NA,NA,NA,23022,NA,NA,NA,NA,10772,NA,2153
swine,20644,PA,1369,G,A,NA,NA,0,NA,NA,NA,NA,0.032714,NA,NA,NA,NA,2.12e-4,NA,NA,NA,NA,0.032714,NA,NA,NA,NA,NA,29025,NA,NA,NA,NA,13805,NA,2153
swine,20644,PA,1944,C,A,NA,NA,0,NA,NA,NA,NA,0.021256,NA,NA,NA,NA,0,NA,NA,NA,NA,0.021256,NA,NA,NA,NA,NA,34090,NA,NA,NA,NA,15754,NA,2153
swine,20644,PA,1946,T,C,NA,NA,0,NA,NA,NA,NA,0.030694,NA,NA,NA,NA,9.03e-4,NA,NA,NA,NA,0.030694,NA,NA,NA,NA,NA,34265,NA,NA,NA,NA,16205,NA,2153
swine,20644,PA,1947,A,T,NA,NA,0,NA,NA,NA,NA,0.03125,NA,NA,NA,NA,0.001147,NA,NA,NA,NA,0.03125,NA,NA,NA,NA,NA,34427,NA,NA,NA,NA,16418,NA,2153
swine,20644,PB1,1370,A,G,NA,NA,0.132031,NA,NA,NA,NA,0.085986,NA,NA,NA,NA,0.132031,NA,NA,NA,NA,0.085986,NA,NA,NA,NA,NA,25279,NA,NA,NA,NA,15537,NA,2277
swine,20644,PB1,1376,T,G,NA,NA,0.026764,NA,NA,NA,NA,0.01973,NA,NA,NA,NA,0.026764,NA,NA,NA,NA,0.01973,NA,NA,NA,NA,NA,27115,NA,NA,NA,NA,16457,NA,2277
swine,20644,PB1,1377,C,A,NA,NA,0,NA,NA,NA,NA,0.032533,NA,NA,NA,NA,0.001855,NA,NA,NA,NA,0.032533,NA,NA,NA,NA,NA,27177,NA,NA,NA,NA,16516,NA,2277
swine,20644,PB1,1378,C,A,NA,NA,0.024392,NA,NA,NA,NA,0.019765,NA,NA,NA,NA,0.024392,NA,NA,NA,NA,0.019765,NA,NA,NA,NA,NA,27095,NA,NA,NA,NA,16484,NA,2277
swine,20644,PB1,1694,A,G,NA,NA,0,NA,NA,NA,NA,0.082421,NA,NA,NA,NA,0.001373,NA,NA,NA,NA,0.082421,NA,NA,NA,NA,NA,69815,NA,NA,NA,NA,46850,NA,2277
swine,20644,PB1,1770,A,G,NA,NA,0,NA,NA,NA,NA,0.08575,NA,NA,NA,NA,3.04e-4,NA,NA,NA,NA,0.08575,NA,NA,NA,NA,NA,68785,NA,NA,NA,NA,46557,NA,2277
swine,20644,PB1,1962,C,T,NA,NA,0,NA,NA,NA,NA,0.065024,NA,NA,NA,NA,0.003655,NA,NA,NA,NA,0.065024,NA,NA,NA,NA,NA,58301,NA,NA,NA,NA,38015,NA,2277
swine,20644,PB2,267,G,T,NA,NA,0,NA,NA,NA,NA,0.052428,NA,NA,NA,NA,7.46e-4,NA,NA,NA,NA,0.052428,NA,NA,NA,NA,NA,40188,NA,NA,NA,NA,20851,NA,2281
swine,20644,PB2,947,G,A,NA,NA,0,NA,NA,NA,NA,0.023428,NA,NA,NA,NA,1.08e-4,NA,NA,NA,NA,0.023428,NA,NA,NA,NA,NA,33891,NA,NA,NA,NA,20291,NA,2281
swine,20644,PB2,1103,G,A,NA,NA,0.024737,NA,NA,NA,NA,0,NA,NA,NA,NA,0.024737,NA,NA,NA,NA,4.94e-4,NA,NA,NA,NA,NA,30407,NA,NA,NA,NA,17852,NA,2281
swine,20644,PB2,1188,G,A,NA,NA,0.3926,NA,NA,NA,NA,0.03803,NA,NA,NA,NA,0.3926,NA,NA,NA,NA,0.03803,NA,NA,NA,NA,NA,31539,NA,NA,NA,NA,18425,NA,2281
swine,20644,PB2,1699,G,A,NA,NA,0,NA,NA,NA,NA,0.027084,NA,NA,NA,NA,3.98e-4,NA,NA,NA,NA,0.027084,NA,NA,NA,NA,NA,33142,NA,NA,NA,NA,19916,NA,2281
swine,20644,PB2,1725,G,A,NA,NA,0,NA,NA,NA,NA,0.045282,NA,NA,NA,NA,3.67e-4,NA,NA,NA,NA,0.045282,NA,NA,NA,NA,NA,32433,NA,NA,NA,NA,19427,NA,2281
swine,20694,HA,686,T,C,NA,NA,NA,NA,NA,0,NA,0.034127,NA,NA,NA,NA,NA,NA,NA,1.61e-4,NA,0.034127,NA,NA,NA,NA,NA,NA,NA,NA,NA,30348,32946,NA,1701
swine,20694,HA,706,A,G,NA,NA,NA,NA,NA,0,NA,0.025427,NA,NA,NA,NA,NA,NA,NA,2.83e-4,NA,0.025427,NA,NA,NA,NA,NA,NA,NA,NA,NA,30421,33000,NA,1701
swine,20694,HA,1227,T,A,NA,NA,NA,NA,NA,0,NA,0.030866,NA,NA,NA,NA,NA,NA,NA,0.001238,NA,0.030866,NA,NA,NA,NA,NA,NA,NA,NA,NA,19087,22627,NA,1701
swine,20694,NA,448,C,A,NA,NA,NA,NA,NA,0,NA,0.02018,NA,NA,NA,NA,NA,NA,NA,0.001066,NA,0.02018,NA,NA,NA,NA,NA,NA,NA,NA,NA,117736,116079,NA,1410
swine,20694,NA,736,T,G,NA,NA,NA,NA,NA,0.067981,NA,0.066812,NA,NA,NA,NA,NA,NA,NA,0.067981,NA,0.066812,NA,NA,NA,NA,NA,NA,NA,NA,NA,95070,85814,NA,1410
swine,20694,NP,657,T,C,NA,NA,NA,NA,NA,0.007436,NA,0.039067,NA,NA,NA,NA,NA,NA,NA,0.007436,NA,0.039067,NA,NA,NA,NA,NA,NA,NA,NA,NA,51979,52956,NA,1497
swine,20694,PA,638,G,A,NA,NA,NA,NA,NA,0,NA,0.020715,NA,NA,NA,NA,NA,NA,NA,0,NA,0.020715,NA,NA,NA,NA,NA,NA,NA,NA,NA,19650,25628,NA,2155
swine,20694,PA,788,C,A,NA,NA,NA,NA,NA,0.011212,NA,0.022098,NA,NA,NA,NA,NA,NA,NA,0.011212,NA,0.022098,NA,NA,NA,NA,NA,NA,NA,NA,NA,24707,31684,NA,2155
swine,20694,PA,1618,T,C,NA,NA,NA,NA,NA,0.023173,NA,0,NA,NA,NA,NA,NA,NA,NA,0.023173,NA,8.52e-4,NA,NA,NA,NA,NA,NA,NA,NA,NA,26302,35148,NA,2155
swine,20694,PA,1701,C,T,NA,NA,NA,NA,NA,0,NA,0.020765,NA,NA,NA,NA,NA,NA,NA,2.38e-4,NA,0.020765,NA,NA,NA,NA,NA,NA,NA,NA,NA,21531,29101,NA,2155
swine,20694,PA,1850,A,G,NA,NA,NA,NA,NA,0,NA,0.041557,NA,NA,NA,NA,NA,NA,NA,3.61e-4,NA,0.041557,NA,NA,NA,NA,NA,NA,NA,NA,NA,18958,27174,NA,2155
swine,20694,PB1,591,G,A,NA,NA,NA,NA,NA,0,NA,0.026581,NA,NA,NA,NA,NA,NA,NA,1.37e-4,NA,0.026581,NA,NA,NA,NA,NA,NA,NA,NA,NA,19490,23494,NA,2276
swine,20694,PB1,1370,A,G,NA,NA,NA,NA,NA,0.125153,NA,0.077627,NA,NA,NA,NA,NA,NA,NA,0.125153,NA,0.077627,NA,NA,NA,NA,NA,NA,NA,NA,NA,24044,25221,NA,2276
swine,20694,PB1,1376,T,G,NA,NA,NA,NA,NA,0.02239,NA,0.018323,NA,NA,NA,NA,NA,NA,NA,0.02239,NA,0.018323,NA,NA,NA,NA,NA,NA,NA,NA,NA,26653,26373,NA,2276
swine,20694,PB1,1378,C,A,NA,NA,NA,NA,NA,0.021855,NA,0.017445,NA,NA,NA,NA,NA,NA,NA,0.021855,NA,0.017445,NA,NA,NA,NA,NA,NA,NA,NA,NA,26645,26401,NA,2276
swine,20694,PB2,627,A,G,NA,NA,NA,NA,NA,0,NA,0.026505,NA,NA,NA,NA,NA,NA,NA,0.003225,NA,0.026505,NA,NA,NA,NA,NA,NA,NA,NA,NA,25848,26737,NA,2281
swine,20694,PB2,664,G,A,NA,NA,NA,NA,NA,0,NA,0.022291,NA,NA,NA,NA,NA,NA,NA,1.54e-4,NA,0.022291,NA,NA,NA,NA,NA,NA,NA,NA,NA,25952,26474,NA,2281
swine,20694,PB2,1188,A,G,NA,NA,NA,NA,NA,0.273602,NA,0.066724,NA,NA,NA,NA,NA,NA,NA,0.273602,NA,0.066724,NA,NA,NA,NA,NA,NA,NA,NA,NA,24025,22463,NA,2281
swine,20694,PB2,1563,A,G,NA,NA,NA,NA,NA,0,NA,0.022177,NA,NA,NA,NA,NA,NA,NA,6.27e-4,NA,0.022177,NA,NA,NA,NA,NA,NA,NA,NA,NA,28808,28750,NA,2281
swine,37104,HA,231,A,G,NA,0.037604,NA,NA,NA,0,NA,NA,NA,NA,NA,0.037604,NA,NA,NA,0.002063,NA,NA,NA,NA,NA,NA,NA,NA,NA,NA,NA,19308,NA,31235,1701
swine,37104,NA,736,T,G,NA,0.115856,NA,NA,NA,0,NA,NA,NA,NA,NA,0.115856,NA,NA,NA,6e-4,NA,NA,NA,NA,NA,NA,NA,NA,NA,NA,NA,88519,NA,112755,1410
swine,37104,PB1,1370,A,G,NA,0.085593,NA,NA,NA,0.106919,NA,NA,NA,NA,NA,0.085593,NA,NA,NA,0.106919,NA,NA,NA,NA,NA,NA,NA,NA,NA,NA,NA,26896,NA,35713,2276
swine,37104,PB2,1188,A,G,NA,0.118906,NA,NA,NA,0,NA,NA,NA,NA,NA,0.118906,NA,NA,NA,9.35e-4,NA,NA,NA,NA,NA,NA,NA,NA,NA,NA,NA,23819,NA,34277,2281
swine,37104,PB2,1380,A,G,NA,0.550973,NA,NA,NA,0,NA,NA,NA,NA,NA,0.550973,NA,NA,NA,0.001065,NA,NA,NA,NA,NA,NA,NA,NA,NA,NA,NA,27134,NA,42363,2281
swine,37104,PB2,1747,C,A,NA,0.081168,NA,NA,NA,0,NA,NA,NA,NA,NA,0.081168,NA,NA,NA,0.002747,NA,NA,NA,NA,NA,NA,NA,NA,NA,NA,NA,33785,NA,46173,2281
swine,37113,HA,896,C,T,NA,0.033715,NA,NA,NA,NA,NA,0,NA,NA,NA,0.033715,NA,NA,NA,NA,NA,2.98e-4,NA,NA,NA,NA,NA,NA,NA,NA,NA,NA,19794,15004,1701
swine,37113,HA,1285,G,A,NA,0.021891999999999998,NA,NA,NA,NA,NA,0,NA,NA,NA,0.021891999999999998,NA,NA,NA,NA,NA,3.98e-4,NA,NA,NA,NA,NA,NA,NA,NA,NA,NA,16907,13032,1701
swine,37113,HA,1400,C,T,NA,0.101389,NA,NA,NA,NA,NA,0.038096,NA,NA,NA,0.101389,NA,NA,NA,NA,NA,0.038096,NA,NA,NA,NA,NA,NA,NA,NA,NA,NA,23950,17798,1701
swine,37113,MP,313,A,G,NA,0.068802,NA,NA,NA,NA,NA,0,NA,NA,NA,0.068802,NA,NA,NA,NA,NA,6.24e-4,NA,NA,NA,NA,NA,NA,NA,NA,NA,NA,188167,67323,982
swine,37113,MP,340,G,C,NA,0.067242,NA,NA,NA,NA,NA,0,NA,NA,NA,0.067242,NA,NA,NA,NA,NA,0,NA,NA,NA,NA,NA,NA,NA,NA,NA,NA,196629,70036,982
swine,37113,MP,585,G,A,NA,0.034026,NA,NA,NA,NA,NA,0,NA,NA,NA,0.034026,NA,NA,NA,NA,NA,0,NA,NA,NA,NA,NA,NA,NA,NA,NA,NA,171141,66166,982
swine,37113,NA,736,G,T,NA,0.105652,NA,NA,NA,NA,NA,0.024262,NA,NA,NA,0.105652,NA,NA,NA,NA,NA,0.024262,NA,NA,NA,NA,NA,NA,NA,NA,NA,NA,95209,41570,1410
swine,37113,NA,933,C,T,NA,0.049234,NA,NA,NA,NA,NA,0,NA,NA,NA,0.049234,NA,NA,NA,NA,NA,2.91e-4,NA,NA,NA,NA,NA,NA,NA,NA,NA,NA,94867,42689,1410
swine,37113,NP,811,G,A,NA,0.020171,NA,NA,NA,NA,NA,0,NA,NA,NA,0.020171,NA,NA,NA,NA,NA,1.5e-4,NA,NA,NA,NA,NA,NA,NA,NA,NA,NA,57228,27174,1497
swine,37113,NS,550,G,A,NA,0.052019,NA,NA,NA,NA,NA,0,NA,NA,NA,0.052019,NA,NA,NA,NA,NA,0,NA,NA,NA,NA,NA,NA,NA,NA,NA,NA,185700,108235,838
swine,37113,PA,285,C,T,NA,0.021734,NA,NA,NA,NA,NA,0,NA,NA,NA,0.021734,NA,NA,NA,NA,NA,0.002097,NA,NA,NA,NA,NA,NA,NA,NA,NA,NA,39838,10274,2151
swine,37113,PA,286,A,G,NA,0.022998,NA,NA,NA,NA,NA,0,NA,NA,NA,0.022998,NA,NA,NA,NA,NA,0.002395,NA,NA,NA,NA,NA,NA,NA,NA,NA,NA,39540,10104,2151
swine,37113,PB1,354,G,T,NA,0.020323,NA,NA,NA,NA,NA,0,NA,NA,NA,0.020323,NA,NA,NA,NA,NA,0.002497,NA,NA,NA,NA,NA,NA,NA,NA,NA,NA,27037,11674,2275
swine,37113,PB1,1370,A,G,NA,0.023373,NA,NA,NA,NA,NA,0.081178,NA,NA,NA,0.023373,NA,NA,NA,NA,NA,0.081178,NA,NA,NA,NA,NA,NA,NA,NA,NA,NA,25604,11832,2275
swine,37113,PB1,1718,C,T,NA,0.025655,NA,NA,NA,NA,NA,0,NA,NA,NA,0.025655,NA,NA,NA,NA,NA,1.02e-4,NA,NA,NA,NA,NA,NA,NA,NA,NA,NA,68356,24899,2275
swine,37113,PB1,1809,T,C,NA,0.035806,NA,NA,NA,NA,NA,0,NA,NA,NA,0.035806,NA,NA,NA,NA,NA,1.53e-4,NA,NA,NA,NA,NA,NA,NA,NA,NA,NA,67840,24749,2275
swine,37113,PB2,400,C,T,NA,0.024782,NA,NA,NA,NA,NA,0,NA,NA,NA,0.024782,NA,NA,NA,NA,NA,3.42e-4,NA,NA,NA,NA,NA,NA,NA,NA,NA,NA,24302,8917,2282
swine,37113,PB2,648,G,A,NA,0.045531,NA,NA,NA,NA,NA,0,NA,NA,NA,0.045531,NA,NA,NA,NA,NA,0.004055,NA,NA,NA,NA,NA,NA,NA,NA,NA,NA,21640,8607,2282
swine,37113,PB2,1188,G,A,NA,0,NA,NA,NA,NA,NA,0.038715,NA,NA,NA,0.002188,NA,NA,NA,NA,NA,0.038715,NA,NA,NA,NA,NA,NA,NA,NA,NA,NA,21433,8762,2282
swine,37113,PB2,1350,A,G,NA,0.288451,NA,NA,NA,NA,NA,0.41358,NA,NA,NA,0.288451,NA,NA,NA,NA,NA,0.41358,NA,NA,NA,NA,NA,NA,NA,NA,NA,NA,26372,10346,2282
swine,37113,PB2,2002,C,T,NA,0.063593,NA,NA,NA,NA,NA,0,NA,NA,NA,0.063593,NA,NA,NA,NA,NA,9.2e-4,NA,NA,NA,NA,NA,NA,NA,NA,NA,NA,29745,8861,2282
swine,37122,HA,1020,A,G,NA,0,NA,NA,NA,NA,NA,0.066175,NA,NA,NA,1.8e-4,NA,NA,NA,NA,NA,0.066175,NA,NA,NA,NA,NA,NA,NA,NA,NA,NA,25892,25357,1701
swine,37122,MP,383,T,C,NA,0,NA,NA,NA,NA,NA,0.056836,NA,NA,NA,0,NA,NA,NA,NA,NA,0.056836,NA,NA,NA,NA,NA,NA,NA,NA,NA,NA,116180,194010,982
swine,37122,MP,599,C,T,NA,0,NA,NA,NA,NA,NA,0.057828,NA,NA,NA,0,NA,NA,NA,NA,NA,0.057828,NA,NA,NA,NA,NA,NA,NA,NA,NA,NA,100359,175394,982
swine,37122,NA,240,A,G,NA,0,NA,NA,NA,NA,NA,0.102966,NA,NA,NA,4.71e-4,NA,NA,NA,NA,NA,0.102966,NA,NA,NA,NA,NA,NA,NA,NA,NA,NA,55811,98711,1410
swine,37122,NA,736,G,T,NA,0.809826,NA,NA,NA,NA,NA,0.279363,NA,NA,NA,0.809826,NA,NA,NA,NA,NA,0.279363,NA,NA,NA,NA,NA,NA,NA,NA,NA,NA,53242,99110,1410
swine,37122,NA,834,C,T,NA,0,NA,NA,NA,NA,NA,0.103356,NA,NA,NA,1.11e-4,NA,NA,NA,NA,NA,0.103356,NA,NA,NA,NA,NA,NA,NA,NA,NA,NA,57967,107681,1410
swine,37122,NP,314,T,C,NA,0.441837,NA,NA,NA,NA,NA,0.341082,NA,NA,NA,0.441837,NA,NA,NA,NA,NA,0.341082,NA,NA,NA,NA,NA,NA,NA,NA,NA,NA,51156,83001,1497
swine,37122,PA,479,A,G,NA,0,NA,NA,NA,NA,NA,0.020851,NA,NA,NA,8.55e-4,NA,NA,NA,NA,NA,0.020851,NA,NA,NA,NA,NA,NA,NA,NA,NA,NA,31579,21409,2151
swine,37122,PA,558,T,C,NA,0,NA,NA,NA,NA,NA,0.022035,NA,NA,NA,3.52e-4,NA,NA,NA,NA,NA,0.022035,NA,NA,NA,NA,NA,NA,NA,NA,NA,NA,25010,19364,2151
swine,37122,PA,1652,T,G,NA,0.865741,NA,NA,NA,NA,NA,0.336553,NA,NA,NA,0.865741,NA,NA,NA,NA,NA,0.336553,NA,NA,NA,NA,NA,NA,NA,NA,NA,NA,19404,25979,2151
swine,37122,PB1,321,C,T,NA,0.150504,NA,NA,NA,NA,NA,0.140766,NA,NA,NA,0.150504,NA,NA,NA,NA,NA,0.140766,NA,NA,NA,NA,NA,NA,NA,NA,NA,NA,35055,31017,2274
swine,37122,PB1,1361,C,T,NA,0.020167,NA,NA,NA,NA,NA,0,NA,NA,NA,0.020167,NA,NA,NA,NA,NA,3.02e-4,NA,NA,NA,NA,NA,NA,NA,NA,NA,NA,31412,23600,2274
swine,37122,PB1,1370,A,G,NA,0.095662,NA,NA,NA,NA,NA,0.029418,NA,NA,NA,0.095662,NA,NA,NA,NA,NA,0.029418,NA,NA,NA,NA,NA,NA,NA,NA,NA,NA,31340,23437,2274
swine,37122,PB1,1848,G,C,NA,0,NA,NA,NA,NA,NA,0.055107,NA,NA,NA,2.58e-4,NA,NA,NA,NA,NA,0.055107,NA,NA,NA,NA,NA,NA,NA,NA,NA,NA,67926,46627,2274
swine,37122,PB2,786,C,A,NA,0,NA,NA,NA,NA,NA,0.107765,NA,NA,NA,0.001623,NA,NA,NA,NA,NA,0.107765,NA,NA,NA,NA,NA,NA,NA,NA,NA,NA,43396,36130,2281
swine,37122,PB2,1134,C,T,NA,0.03141,NA,NA,NA,NA,NA,0,NA,NA,NA,0.03141,NA,NA,NA,NA,NA,0,NA,NA,NA,NA,NA,NA,NA,NA,NA,NA,32678,28111,2281
swine,37122,PB2,1290,C,A,NA,0.02024,NA,NA,NA,NA,NA,0,NA,NA,NA,0.02024,NA,NA,NA,NA,NA,0.001592,NA,NA,NA,NA,NA,NA,NA,NA,NA,NA,40026,34778,2281
swine,37122,PB2,1423,C,A,NA,0.022958,NA,NA,NA,NA,NA,0,NA,NA,NA,0.022958,NA,NA,NA,NA,NA,0.001182,NA,NA,NA,NA,NA,NA,NA,NA,NA,NA,36230,32383,2281
swine,37132,HA,785,A,C,NA,0.021353,NA,NA,NA,NA,0,NA,NA,NA,NA,0.021353,NA,NA,NA,NA,0.001289,NA,NA,NA,NA,NA,NA,NA,NA,NA,34381,NA,NA,23509,1701
swine,37132,HA,961,T,C,NA,0.024891,NA,NA,NA,NA,0,NA,NA,NA,NA,0.024891,NA,NA,NA,NA,9.23e-4,NA,NA,NA,NA,NA,NA,NA,NA,NA,30847,NA,NA,21209,1701
swine,37132,PA,806,G,A,NA,0,NA,NA,NA,NA,0.041196,NA,NA,NA,NA,1.17e-4,NA,NA,NA,NA,0.041196,NA,NA,NA,NA,NA,NA,NA,NA,NA,41145,NA,NA,21580,2152
swine,37132,PA,1230,G,A,NA,0.025256,NA,NA,NA,NA,0,NA,NA,NA,NA,0.025256,NA,NA,NA,NA,7.1e-4,NA,NA,NA,NA,NA,NA,NA,NA,NA,37966,NA,NA,20280,2152
swine,37132,PA,1460,G,A,NA,0.021832,NA,NA,NA,NA,0,NA,NA,NA,NA,0.021832,NA,NA,NA,NA,1.58e-4,NA,NA,NA,NA,NA,NA,NA,NA,NA,45794,NA,NA,24360,2152
swine,37132,PB1,290,A,G,NA,0.039805,NA,NA,NA,NA,0,NA,NA,NA,NA,0.039805,NA,NA,NA,NA,7.22e-4,NA,NA,NA,NA,NA,NA,NA,NA,NA,32859,NA,NA,51947,2274
swine,37132,PB1,371,A,C,NA,0.022282,NA,NA,NA,NA,0,NA,NA,NA,NA,0.022282,NA,NA,NA,NA,9.03e-4,NA,NA,NA,NA,NA,NA,NA,NA,NA,32277,NA,NA,49068,2274
swine,37132,PB1,1370,A,G,NA,0.047354,NA,NA,NA,NA,0.066609,NA,NA,NA,NA,0.047354,NA,NA,NA,NA,0.066609,NA,NA,NA,NA,NA,NA,NA,NA,NA,33450,NA,NA,36653,2274
swine,37133,HA,256,A,C,NA,0.997344,NA,NA,NA,NA,NA,0.29297,NA,NA,NA,0.997344,NA,NA,NA,NA,NA,0.29297,NA,NA,NA,NA,NA,NA,NA,NA,NA,NA,28413,16930,1701
swine,37133,HA,364,G,A,NA,0,NA,NA,NA,NA,NA,0.031578,NA,NA,NA,6.8e-5,NA,NA,NA,NA,NA,0.031578,NA,NA,NA,NA,NA,NA,NA,NA,NA,NA,25969,15910,1701
swine,37133,HA,585,T,C,NA,0,NA,NA,NA,NA,NA,0.020587,NA,NA,NA,2.25e-4,NA,NA,NA,NA,NA,0.020587,NA,NA,NA,NA,NA,NA,NA,NA,NA,NA,28162,19625,1701
swine,37133,HA,1340,T,C,NA,0.048936,NA,NA,NA,NA,NA,0,NA,NA,NA,0.048936,NA,NA,NA,NA,NA,0.001432,NA,NA,NA,NA,NA,NA,NA,NA,NA,NA,21346,13200,1701
swine,37133,NA,736,G,T,NA,0.519125,NA,NA,NA,NA,NA,0.429513,NA,NA,NA,0.519125,NA,NA,NA,NA,NA,0.429513,NA,NA,NA,NA,NA,NA,NA,NA,NA,NA,99429,65330,1410
swine,37133,PA,304,A,G,NA,0,NA,NA,NA,NA,NA,0.039782,NA,NA,NA,0,NA,NA,NA,NA,NA,0.039782,NA,NA,NA,NA,NA,NA,NA,NA,NA,NA,24485,28407,2151
swine,37133,PA,350,T,C,NA,0,NA,NA,NA,NA,NA,0.042717,NA,NA,NA,0,NA,NA,NA,NA,NA,0.042717,NA,NA,NA,NA,NA,NA,NA,NA,NA,NA,23438,21572,2151
swine,37133,PA,393,C,G,NA,0.145882,NA,NA,NA,NA,NA,0,NA,NA,NA,0.145882,NA,NA,NA,NA,NA,3.08e-4,NA,NA,NA,NA,NA,NA,NA,NA,NA,NA,26718,4781,2151
swine,37133,PA,394,C,G,NA,0.234131,NA,NA,NA,NA,NA,0,NA,NA,NA,0.234131,NA,NA,NA,NA,NA,2.21e-4,NA,NA,NA,NA,NA,NA,NA,NA,NA,NA,26625,2758,2151
swine,37133,PA,395,T,A,NA,0.171271,NA,NA,NA,NA,NA,0,NA,NA,NA,0.171271,NA,NA,NA,NA,NA,9.33e-4,NA,NA,NA,NA,NA,NA,NA,NA,NA,NA,26515,2135,2151
swine,37133,PA,396,A,G,NA,0.041885,NA,NA,NA,NA,NA,0,NA,NA,NA,0.041885,NA,NA,NA,NA,NA,2.72e-4,NA,NA,NA,NA,NA,NA,NA,NA,NA,NA,26014,1755,2151
swine,37133,PA,1618,T,G,NA,0.036455,NA,NA,NA,NA,NA,0,NA,NA,NA,0.036455,NA,NA,NA,NA,NA,7.01e-4,NA,NA,NA,NA,NA,NA,NA,NA,NA,NA,23363,1691,2151
swine,37133,PA,1619,A,G,NA,0.035894,NA,NA,NA,NA,NA,0,NA,NA,NA,0.035894,NA,NA,NA,NA,NA,1.51e-4,NA,NA,NA,NA,NA,NA,NA,NA,NA,NA,23274,1686,2151
swine,37133,PA,1620,C,A,NA,0.036258,NA,NA,NA,NA,NA,0,NA,NA,NA,0.036258,NA,NA,NA,NA,NA,0.001674,NA,NA,NA,NA,NA,NA,NA,NA,NA,NA,23059,1673,2151
swine,37133,PA,1624,G,C,NA,0.30387,NA,NA,NA,NA,NA,0,NA,NA,NA,0.30387,NA,NA,NA,NA,NA,1.51e-4,NA,NA,NA,NA,NA,NA,NA,NA,NA,NA,23268,2819,2151
swine,37133,PA,1633,A,C,NA,0.705816,NA,NA,NA,NA,NA,0,NA,NA,NA,0.705816,NA,NA,NA,NA,NA,0.001025,NA,NA,NA,NA,NA,NA,NA,NA,NA,NA,22860,7638,2151
swine,37133,PB1,748,G,A,NA,0,NA,NA,NA,NA,NA,0.054797,NA,NA,NA,2.11e-4,NA,NA,NA,NA,NA,0.054797,NA,NA,NA,NA,NA,NA,NA,NA,NA,NA,14046,11007,2274
swine,37133,PB1,928,A,G,NA,0,NA,NA,NA,NA,NA,0.043972,NA,NA,NA,2.05e-4,NA,NA,NA,NA,NA,0.043972,NA,NA,NA,NA,NA,NA,NA,NA,NA,NA,13898,11089,2274
swine,37133,PB1,1370,A,G,NA,0,NA,NA,NA,NA,NA,0.104146,NA,NA,NA,0.002303,NA,NA,NA,NA,NA,0.104146,NA,NA,NA,NA,NA,NA,NA,NA,NA,NA,15719,13081,2274
swine,37133,PB1,1376,T,G,NA,0,NA,NA,NA,NA,NA,0.027316,NA,NA,NA,0.001907,NA,NA,NA,NA,NA,0.027316,NA,NA,NA,NA,NA,NA,NA,NA,NA,NA,16400,12896,2274
swine,37133,PB1,1378,C,A,NA,0,NA,NA,NA,NA,NA,0.025852,NA,NA,NA,0.002971,NA,NA,NA,NA,NA,0.025852,NA,NA,NA,NA,NA,NA,NA,NA,NA,NA,16532,12802,2274
swine,37133,PB1,1428,C,T,NA,0.102075,NA,NA,NA,NA,NA,0,NA,NA,NA,0.102075,NA,NA,NA,NA,NA,0,NA,NA,NA,NA,NA,NA,NA,NA,NA,NA,31159,14008,2274
swine,37135,HA,214,C,T,NA,0,NA,NA,NA,NA,NA,0.072195,NA,NA,NA,2.45e-4,NA,NA,NA,NA,NA,0.072195,NA,NA,NA,NA,NA,NA,NA,NA,NA,NA,13573,33495,1701
swine,37135,HA,366,C,T,NA,0,NA,NA,NA,NA,NA,0.1594,NA,NA,NA,5.01e-4,NA,NA,NA,NA,NA,0.1594,NA,NA,NA,NA,NA,NA,NA,NA,NA,NA,14354,33190,1701
swine,37135,NA,539,G,C,NA,0,NA,NA,NA,NA,NA,0.030236,NA,NA,NA,0,NA,NA,NA,NA,NA,0.030236,NA,NA,NA,NA,NA,NA,NA,NA,NA,NA,132290,154534,1410
swine,37135,NA,1073,A,G,NA,0,NA,NA,NA,NA,NA,0.029775,NA,NA,NA,1.48e-4,NA,NA,NA,NA,NA,0.029775,NA,NA,NA,NA,NA,NA,NA,NA,NA,NA,74769,99927,1410
swine,37135,NP,204,T,C,NA,0.02294,NA,NA,NA,NA,NA,0,NA,NA,NA,0.02294,NA,NA,NA,NA,NA,6.74e-4,NA,NA,NA,NA,NA,NA,NA,NA,NA,NA,49708,72312,1497
swine,37135,NP,213,T,C,NA,0.024223,NA,NA,NA,NA,NA,0,NA,NA,NA,0.024223,NA,NA,NA,NA,NA,5.88e-4,NA,NA,NA,NA,NA,NA,NA,NA,NA,NA,50012,72420,1497
swine,37135,NP,231,A,G,NA,0.024571,NA,NA,NA,NA,NA,0,NA,NA,NA,0.024571,NA,NA,NA,NA,NA,7e-4,NA,NA,NA,NA,NA,NA,NA,NA,NA,NA,51331,74145,1497
swine,37135,NP,235,C,T,NA,0.024204,NA,NA,NA,NA,NA,0,NA,NA,NA,0.024204,NA,NA,NA,NA,NA,7.73e-4,NA,NA,NA,NA,NA,NA,NA,NA,NA,NA,53095,76680,1497
swine,37135,NP,276,A,T,NA,0.023003,NA,NA,NA,NA,NA,0,NA,NA,NA,0.023003,NA,NA,NA,NA,NA,0.00181,NA,NA,NA,NA,NA,NA,NA,NA,NA,NA,60727,87384,1497
swine,37135,NP,298,A,G,NA,0.023343,NA,NA,NA,NA,NA,0,NA,NA,NA,0.023343,NA,NA,NA,NA,NA,0.001254,NA,NA,NA,NA,NA,NA,NA,NA,NA,NA,62242,91158,1497
swine,37135,NP,300,G,A,NA,0.024576,NA,NA,NA,NA,NA,0,NA,NA,NA,0.024576,NA,NA,NA,NA,NA,0.001367,NA,NA,NA,NA,NA,NA,NA,NA,NA,NA,61694,90613,1497
swine,37135,NP,306,A,G,NA,0,NA,NA,NA,NA,NA,0.030438,NA,NA,NA,2.38e-4,NA,NA,NA,NA,NA,0.030438,NA,NA,NA,NA,NA,NA,NA,NA,NA,NA,62238,91004,1497
swine,37135,NP,309,A,G,NA,0.023755,NA,NA,NA,NA,NA,0,NA,NA,NA,0.023755,NA,NA,NA,NA,NA,0.001883,NA,NA,NA,NA,NA,NA,NA,NA,NA,NA,62943,92544,1497
swine,37135,NP,322,C,A,NA,0,NA,NA,NA,NA,NA,0.034115,NA,NA,NA,0.001258,NA,NA,NA,NA,NA,0.034115,NA,NA,NA,NA,NA,NA,NA,NA,NA,NA,61433,89541,1497
swine,37135,NP,326,C,T,NA,0.023384,NA,NA,NA,NA,NA,0,NA,NA,NA,0.023384,NA,NA,NA,NA,NA,9.62e-4,NA,NA,NA,NA,NA,NA,NA,NA,NA,NA,62031,90558,1497
swine,37135,NP,327,C,T,NA,0.023532,NA,NA,NA,NA,NA,0,NA,NA,NA,0.023532,NA,NA,NA,NA,NA,0.001013,NA,NA,NA,NA,NA,NA,NA,NA,NA,NA,61378,90038,1497
swine,37135,NP,403,C,T,NA,0,NA,NA,NA,NA,NA,0.028336,NA,NA,NA,1.86e-4,NA,NA,NA,NA,NA,0.028336,NA,NA,NA,NA,NA,NA,NA,NA,NA,NA,59214,88561,1497
swine,37135,NP,408,A,C,NA,0.021610999999999998,NA,NA,NA,NA,NA,0,NA,NA,NA,0.021610999999999998,NA,NA,NA,NA,NA,8.91e-4,NA,NA,NA,NA,NA,NA,NA,NA,NA,NA,57739,88608,1497
swine,37135,NP,441,A,G,NA,0.028149,NA,NA,NA,NA,NA,0,NA,NA,NA,0.028149,NA,NA,NA,NA,NA,4.07e-4,NA,NA,NA,NA,NA,NA,NA,NA,NA,NA,51721,83098,1497
swine,37135,NP,444,T,C,NA,0.027514,NA,NA,NA,NA,NA,0,NA,NA,NA,0.027514,NA,NA,NA,NA,NA,4.22e-4,NA,NA,NA,NA,NA,NA,NA,NA,NA,NA,52796,84680,1497
swine,37135,NP,462,C,T,NA,0.022372,NA,NA,NA,NA,NA,0,NA,NA,NA,0.022372,NA,NA,NA,NA,NA,5.19e-4,NA,NA,NA,NA,NA,NA,NA,NA,NA,NA,50198,81092,1497
swine,37135,NP,471,C,T,NA,0.020952,NA,NA,NA,NA,NA,0,NA,NA,NA,0.020952,NA,NA,NA,NA,NA,7.39e-4,NA,NA,NA,NA,NA,NA,NA,NA,NA,NA,48584,79607,1497
swine,37135,NP,492,T,C,NA,0.021211,NA,NA,NA,NA,NA,0.01612,NA,NA,NA,0.021211,NA,NA,NA,NA,NA,0.01612,NA,NA,NA,NA,NA,NA,NA,NA,NA,NA,48923,79465,1497
swine,37135,NP,576,G,A,NA,0.020186,NA,NA,NA,NA,NA,0,NA,NA,NA,0.020186,NA,NA,NA,NA,NA,8.14e-4,NA,NA,NA,NA,NA,NA,NA,NA,NA,NA,52413,90243,1497
swine,37135,NP,577,T,C,NA,0.020361,NA,NA,NA,NA,NA,0,NA,NA,NA,0.020361,NA,NA,NA,NA,NA,7.68e-4,NA,NA,NA,NA,NA,NA,NA,NA,NA,NA,52331,89892,1497
swine,37135,NP,595,C,G,NA,0,NA,NA,NA,NA,NA,0.029688,NA,NA,NA,2.85e-4,NA,NA,NA,NA,NA,0.029688,NA,NA,NA,NA,NA,NA,NA,NA,NA,NA,51184,87150,1497
swine,37135,NP,681,A,G,NA,0,NA,NA,NA,NA,NA,0.025148,NA,NA,NA,5.47e-4,NA,NA,NA,NA,NA,0.025148,NA,NA,NA,NA,NA,NA,NA,NA,NA,NA,43600,75375,1497
swine,37135,NP,746,G,A,NA,0,NA,NA,NA,NA,NA,0.028773,NA,NA,NA,1.3e-4,NA,NA,NA,NA,NA,0.028773,NA,NA,NA,NA,NA,NA,NA,NA,NA,NA,42466,75049,1497
swine,37135,NP,819,A,G,NA,0.024332,NA,NA,NA,NA,NA,0,NA,NA,NA,0.024332,NA,NA,NA,NA,NA,5.79e-4,NA,NA,NA,NA,NA,NA,NA,NA,NA,NA,46034,85262,1497
swine,37135,NP,822,C,T,NA,0.024812,NA,NA,NA,NA,NA,0,NA,NA,NA,0.024812,NA,NA,NA,NA,NA,8.2e-4,NA,NA,NA,NA,NA,NA,NA,NA,NA,NA,45443,84396,1497
swine,37135,NP,852,G,A,NA,0.021115,NA,NA,NA,NA,NA,0,NA,NA,NA,0.021115,NA,NA,NA,NA,NA,6.39e-4,NA,NA,NA,NA,NA,NA,NA,NA,NA,NA,45621,83656,1497
swine,37135,NP,855,A,G,NA,0.020912,NA,NA,NA,NA,NA,0,NA,NA,NA,0.020912,NA,NA,NA,NA,NA,6.88e-4,NA,NA,NA,NA,NA,NA,NA,NA,NA,NA,46212,84560,1497
swine,37135,NP,864,G,A,NA,0.021274,NA,NA,NA,NA,NA,0,NA,NA,NA,0.021274,NA,NA,NA,NA,NA,0.001037,NA,NA,NA,NA,NA,NA,NA,NA,NA,NA,44737,82251,1497
swine,37135,NP,885,G,A,NA,0.022233,NA,NA,NA,NA,NA,0,NA,NA,NA,0.022233,NA,NA,NA,NA,NA,7.43e-4,NA,NA,NA,NA,NA,NA,NA,NA,NA,NA,46237,85522,1497
swine,37135,NP,912,C,T,NA,0.02279,NA,NA,NA,NA,NA,0,NA,NA,NA,0.02279,NA,NA,NA,NA,NA,6.91e-4,NA,NA,NA,NA,NA,NA,NA,NA,NA,NA,45179,83302,1497
swine,37135,NP,937,G,T,NA,0.024667,NA,NA,NA,NA,NA,0,NA,NA,NA,0.024667,NA,NA,NA,NA,NA,0.001843,NA,NA,NA,NA,NA,NA,NA,NA,NA,NA,43667,81316,1497
swine,37135,NP,948,G,A,NA,0.022633,NA,NA,NA,NA,NA,0,NA,NA,NA,0.022633,NA,NA,NA,NA,NA,5.67e-4,NA,NA,NA,NA,NA,NA,NA,NA,NA,NA,43559,82329,1497
swine,37135,NP,1057,A,C,NA,0.02113,NA,NA,NA,NA,NA,0,NA,NA,NA,0.02113,NA,NA,NA,NA,NA,0.0012979999999999999,NA,NA,NA,NA,NA,NA,NA,NA,NA,NA,40310,76214,1497
swine,37135,NP,1080,G,A,NA,0.021125,NA,NA,NA,NA,NA,0,NA,NA,NA,0.021125,NA,NA,NA,NA,NA,0.001203,NA,NA,NA,NA,NA,NA,NA,NA,NA,NA,42467,81505,1497
swine,37135,NS,436,C,A,NA,0,NA,NA,NA,NA,NA,0.024271,NA,NA,NA,0,NA,NA,NA,NA,NA,0.024271,NA,NA,NA,NA,NA,NA,NA,NA,NA,NA,192972,262561,838
swine,37135,PA,1373,A,G,NA,0,NA,NA,NA,NA,NA,0.050996,NA,NA,NA,1.07e-4,NA,NA,NA,NA,NA,0.050996,NA,NA,NA,NA,NA,NA,NA,NA,NA,NA,31691,34509,2151
swine,37135,PA,1859,C,G,NA,0,NA,NA,NA,NA,NA,0.028663,NA,NA,NA,5.47e-4,NA,NA,NA,NA,NA,0.028663,NA,NA,NA,NA,NA,NA,NA,NA,NA,NA,20678,42313,2151
swine,37135,PB1,774,A,G,NA,0,NA,NA,NA,NA,NA,0.048191,NA,NA,NA,7.68e-4,NA,NA,NA,NA,NA,0.048191,NA,NA,NA,NA,NA,NA,NA,NA,NA,NA,24570,25629,2275
swine,37135,PB1,1370,A,G,NA,0.11407,NA,NA,NA,NA,NA,0.043532,NA,NA,NA,0.11407,NA,NA,NA,NA,NA,0.043532,NA,NA,NA,NA,NA,NA,NA,NA,NA,NA,26894,30831,2275
swine,37135,PB2,605,T,C,NA,0,NA,NA,NA,NA,NA,0.021994,NA,NA,NA,3.1e-4,NA,NA,NA,NA,NA,0.021994,NA,NA,NA,NA,NA,NA,NA,NA,NA,NA,32587,35579,2282
swine,37135,PB2,799,G,A,NA,0,NA,NA,NA,NA,NA,0.036306,NA,NA,NA,1.66e-4,NA,NA,NA,NA,NA,0.036306,NA,NA,NA,NA,NA,NA,NA,NA,NA,NA,38488,38367,2282
swine,37135,PB2,930,A,G,NA,0,NA,NA,NA,NA,NA,0.031363,NA,NA,NA,7.77e-4,NA,NA,NA,NA,NA,0.031363,NA,NA,NA,NA,NA,NA,NA,NA,NA,NA,33651,34448,2282
swine,37135,PB2,1191,A,G,NA,0,NA,NA,NA,NA,NA,0.020365,NA,NA,NA,4.4e-4,NA,NA,NA,NA,NA,0.020365,NA,NA,NA,NA,NA,NA,NA,NA,NA,NA,28959,31222,2282
swine,37135,PB2,1341,G,C,NA,0,NA,NA,NA,NA,NA,0.073436,NA,NA,NA,2.08e-4,NA,NA,NA,NA,NA,0.073436,NA,NA,NA,NA,NA,NA,NA,NA,NA,NA,35528,36439,2282
swine,37135,PB2,1733,A,G,NA,0,NA,NA,NA,NA,NA,0.028865,NA,NA,NA,0.001277,NA,NA,NA,NA,NA,0.028865,NA,NA,NA,NA,NA,NA,NA,NA,NA,NA,32864,40526,2282
swine,37135,PB2,1991,A,G,NA,0,NA,NA,NA,NA,NA,0.024479,NA,NA,NA,0.002831,NA,NA,NA,NA,NA,0.024479,NA,NA,NA,NA,NA,NA,NA,NA,NA,NA,30494,50508,2282
swine,37139,HA,368,C,T,NA,NA,NA,NA,NA,0.203188,NA,0.018556,NA,NA,NA,NA,NA,NA,NA,0.203188,NA,0.018556,NA,NA,NA,NA,NA,NA,NA,NA,NA,14406,21494,NA,1701
swine,37139,MP,342,G,A,NA,NA,NA,NA,NA,0.038714,NA,0,NA,NA,NA,NA,NA,NA,NA,0.038714,NA,2.66e-4,NA,NA,NA,NA,NA,NA,NA,NA,NA,73875,122497,NA,982
swine,37139,NA,372,C,T,NA,NA,NA,NA,NA,0.034072,NA,0,NA,NA,NA,NA,NA,NA,NA,0.034072,NA,3.06e-4,NA,NA,NA,NA,NA,NA,NA,NA,NA,50558,107348,NA,1410
swine,37139,NA,625,G,A,NA,NA,NA,NA,NA,0.035829,NA,0,NA,NA,NA,NA,NA,NA,NA,0.035829,NA,1.44e-4,NA,NA,NA,NA,NA,NA,NA,NA,NA,48431,100216,NA,1410
swine,37139,NA,736,T,G,NA,NA,NA,NA,NA,0,NA,0.753857,NA,NA,NA,NA,NA,NA,NA,0.001677,NA,0.753857,NA,NA,NA,NA,NA,NA,NA,NA,NA,43113,88204,NA,1410
swine,37139,NP,261,G,A,NA,NA,NA,NA,NA,0.030112,NA,0,NA,NA,NA,NA,NA,NA,NA,0.030112,NA,3.33e-4,NA,NA,NA,NA,NA,NA,NA,NA,NA,36936,48587,NA,1497
swine,37139,NP,1272,C,T,NA,NA,NA,NA,NA,0.060122,NA,0,NA,NA,NA,NA,NA,NA,NA,0.060122,NA,6.5e-5,NA,NA,NA,NA,NA,NA,NA,NA,NA,22396,34557,NA,1497
swine,37139,PA,266,C,A,NA,NA,NA,NA,NA,0.03454,NA,0,NA,NA,NA,NA,NA,NA,NA,0.03454,NA,6.35e-4,NA,NA,NA,NA,NA,NA,NA,NA,NA,20641,53007,NA,2152
swine,37139,PA,871,A,G,NA,NA,NA,NA,NA,0.03151,NA,0,NA,NA,NA,NA,NA,NA,NA,0.03151,NA,3.5e-4,NA,NA,NA,NA,NA,NA,NA,NA,NA,15874,25914,NA,2152
swine,37139,PA,935,A,G,NA,NA,NA,NA,NA,0,NA,0.193142,NA,NA,NA,NA,NA,NA,NA,1.61e-4,NA,0.193142,NA,NA,NA,NA,NA,NA,NA,NA,NA,15682,26857,NA,2152
swine,37139,PA,1728,A,G,NA,NA,NA,NA,NA,0.066782,NA,0,NA,NA,NA,NA,NA,NA,NA,0.066782,NA,3.3e-4,NA,NA,NA,NA,NA,NA,NA,NA,NA,15717,26771,NA,2152
swine,37139,PA,1935,A,G,NA,NA,NA,NA,NA,0.08481,NA,0,NA,NA,NA,NA,NA,NA,NA,0.08481,NA,1.35e-4,NA,NA,NA,NA,NA,NA,NA,NA,NA,15818,44788,NA,2152
swine,37139,PB1,323,T,C,NA,NA,NA,NA,NA,0.027635,NA,0,NA,NA,NA,NA,NA,NA,NA,0.027635,NA,7.43e-4,NA,NA,NA,NA,NA,NA,NA,NA,NA,35188,45722,NA,2275
swine,37139,PB1,1205,C,T,NA,NA,NA,NA,NA,0.028167,NA,0,NA,NA,NA,NA,NA,NA,NA,0.028167,NA,1.32e-4,NA,NA,NA,NA,NA,NA,NA,NA,NA,29184,27986,NA,2275
swine,37139,PB1,1370,A,G,NA,NA,NA,NA,NA,0.012935,NA,0.035123,NA,NA,NA,NA,NA,NA,NA,0.012935,NA,0.035123,NA,NA,NA,NA,NA,NA,NA,NA,NA,28846,28228,NA,2275
swine,37139,PB1,1604,T,A,NA,NA,NA,NA,NA,0.057119,NA,0,NA,NA,NA,NA,NA,NA,NA,0.057119,NA,0.001609,NA,NA,NA,NA,NA,NA,NA,NA,NA,31605,40435,NA,2275
swine,37139,PB2,833,C,T,NA,NA,NA,NA,NA,0.038342,NA,0,NA,NA,NA,NA,NA,NA,NA,0.038342,NA,1.34e-4,NA,NA,NA,NA,NA,NA,NA,NA,NA,24716,40386,NA,2283
swine,37139,PB2,1188,A,G,NA,NA,NA,NA,NA,0,NA,0.783652,NA,NA,NA,NA,NA,NA,NA,0.002419,NA,0.783652,NA,NA,NA,NA,NA,NA,NA,NA,NA,21349,37130,NA,2283
swine,37141,HA,1027,C,T,NA,0,NA,NA,NA,0.132822,NA,NA,NA,NA,NA,1.83e-4,NA,NA,NA,0.132822,NA,NA,NA,NA,NA,NA,NA,NA,NA,NA,NA,5798,NA,32939,1701
swine,37141,HA,1264,A,G,NA,0,NA,NA,NA,0.097681,NA,NA,NA,NA,NA,1.62e-4,NA,NA,NA,0.097681,NA,NA,NA,NA,NA,NA,NA,NA,NA,NA,NA,5974,NA,28429,1701
swine,37141,NP,960,A,G,NA,0,NA,NA,NA,0.020685,NA,NA,NA,NA,NA,5.08e-4,NA,NA,NA,0.020685,NA,NA,NA,NA,NA,NA,NA,NA,NA,NA,NA,25681,NA,72462,1497
swine,37141,NP,1247,G,A,NA,0,NA,NA,NA,0.024901,NA,NA,NA,NA,NA,3.73e-4,NA,NA,NA,0.024901,NA,NA,NA,NA,NA,NA,NA,NA,NA,NA,NA,21298,NA,62270,1497
swine,37141,PA,673,A,C,NA,0,NA,NA,NA,0.030706,NA,NA,NA,NA,NA,0.00104,NA,NA,NA,0.030706,NA,NA,NA,NA,NA,NA,NA,NA,NA,NA,NA,16696,NA,45560,2154
swine,37141,PA,788,C,A,NA,0.00629,NA,NA,NA,0.039769,NA,NA,NA,NA,NA,0.00629,NA,NA,NA,0.039769,NA,NA,NA,NA,NA,NA,NA,NA,NA,NA,NA,20025,NA,51543,2154
swine,37141,PA,886,A,G,NA,0.061419,NA,NA,NA,0,NA,NA,NA,NA,NA,0.061419,NA,NA,NA,0.00103,NA,NA,NA,NA,NA,NA,NA,NA,NA,NA,NA,18803,NA,47294,2154
swine,37141,PA,1019,A,C,NA,0,NA,NA,NA,0.030275,NA,NA,NA,NA,NA,3.44e-4,NA,NA,NA,0.030275,NA,NA,NA,NA,NA,NA,NA,NA,NA,NA,NA,19721,NA,49780,2154
swine,37141,PA,1392,C,A,NA,0,NA,NA,NA,0.036007,NA,NA,NA,NA,NA,8.88e-4,NA,NA,NA,0.036007,NA,NA,NA,NA,NA,NA,NA,NA,NA,NA,NA,23217,NA,55539,2154
swine,37141,PA,1426,G,T,NA,0.023478,NA,NA,NA,0,NA,NA,NA,NA,NA,0.023478,NA,NA,NA,0.001406,NA,NA,NA,NA,NA,NA,NA,NA,NA,NA,NA,22016,NA,54213,2154
swine,37141,PA,1950,C,T,NA,0,NA,NA,NA,0.036641,NA,NA,NA,NA,NA,8.42e-4,NA,NA,NA,0.036641,NA,NA,NA,NA,NA,NA,NA,NA,NA,NA,NA,16334,NA,45053,2154
swine,37141,PB1,360,T,C,NA,0,NA,NA,NA,0.025552,NA,NA,NA,NA,NA,3.03e-4,NA,NA,NA,0.025552,NA,NA,NA,NA,NA,NA,NA,NA,NA,NA,NA,28871,NA,48966,2274
swine,37141,PB1,376,C,T,NA,0,NA,NA,NA,0.022887,NA,NA,NA,NA,NA,5.8e-4,NA,NA,NA,0.022887,NA,NA,NA,NA,NA,NA,NA,NA,NA,NA,NA,27407,NA,47326,2274
swine,37141,PB1,632,G,A,NA,0,NA,NA,NA,0.023604,NA,NA,NA,NA,NA,2.16e-4,NA,NA,NA,0.023604,NA,NA,NA,NA,NA,NA,NA,NA,NA,NA,NA,22412,NA,40605,2274
swine,37141,PB1,1023,C,A,NA,0,NA,NA,NA,0.027046,NA,NA,NA,NA,NA,0.001791,NA,NA,NA,0.027046,NA,NA,NA,NA,NA,NA,NA,NA,NA,NA,NA,19700,NA,45526,2274
swine,37141,PB1,1323,C,T,NA,0,NA,NA,NA,0.022855,NA,NA,NA,NA,NA,3.24e-4,NA,NA,NA,0.022855,NA,NA,NA,NA,NA,NA,NA,NA,NA,NA,NA,25884,NA,63572,2274
swine,37141,PB1,1361,C,T,NA,0.017251,NA,NA,NA,0.021681,NA,NA,NA,NA,NA,0.017251,NA,NA,NA,0.021681,NA,NA,NA,NA,NA,NA,NA,NA,NA,NA,NA,21369,NA,51332,2274
swine,37141,PB1,1370,A,G,NA,0.070771,NA,NA,NA,0.045619,NA,NA,NA,NA,NA,0.070771,NA,NA,NA,0.045619,NA,NA,NA,NA,NA,NA,NA,NA,NA,NA,NA,21234,NA,51287,2274
swine,37141,PB1,1984,A,G,NA,0,NA,NA,NA,0.041377,NA,NA,NA,NA,NA,2.19e-4,NA,NA,NA,0.041377,NA,NA,NA,NA,NA,NA,NA,NA,NA,NA,NA,36187,NA,69940,2274
swine,37141,PB2,1380,A,C,NA,0,NA,NA,NA,0.024319,NA,NA,NA,NA,NA,0,NA,NA,NA,0.024319,NA,NA,NA,NA,NA,NA,NA,NA,NA,NA,NA,19084,NA,54167,2280
swine,37141,PB2,1380,A,G,NA,0.998183,NA,NA,NA,0.364315,NA,NA,NA,NA,NA,0.998183,NA,NA,NA,0.364315,NA,NA,NA,NA,NA,NA,NA,NA,NA,NA,NA,19084,NA,54167,2280
swine,37141,PB2,1570,A,G,NA,0,NA,NA,NA,0.020779,NA,NA,NA,NA,NA,4.78e-4,NA,NA,NA,0.020779,NA,NA,NA,NA,NA,NA,NA,NA,NA,NA,NA,22232,NA,67926,2280
swine,37157,HA,388,A,G,NA,0,NA,NA,NA,0.021137,NA,NA,NA,NA,NA,4.87e-4,NA,NA,NA,0.021137,NA,NA,NA,NA,NA,NA,NA,NA,NA,NA,NA,45787,NA,77641,1701
swine,37157,HA,766,A,G,NA,0.0665,NA,NA,NA,0,NA,NA,NA,NA,NA,0.0665,NA,NA,NA,2.59e-4,NA,NA,NA,NA,NA,NA,NA,NA,NA,NA,NA,69384,NA,100435,1701
swine,37157,HA,856,G,A,NA,0,NA,NA,NA,0.02207,NA,NA,NA,NA,NA,1.32e-4,NA,NA,NA,0.02207,NA,NA,NA,NA,NA,NA,NA,NA,NA,NA,NA,80944,NA,105992,1701
swine,37157,HA,1185,G,A,NA,0,NA,NA,NA,0.067227,NA,NA,NA,NA,NA,1.56e-4,NA,NA,NA,0.067227,NA,NA,NA,NA,NA,NA,NA,NA,NA,NA,NA,57610,NA,71123,1701
swine,37157,HA,1286,A,G,NA,0.04133,NA,NA,NA,0,NA,NA,NA,NA,NA,0.04133,NA,NA,NA,4.47e-4,NA,NA,NA,NA,NA,NA,NA,NA,NA,NA,NA,46899,NA,53074,1701
swine,37157,MP,279,A,G,NA,0.473703,NA,NA,NA,0.254832,NA,NA,NA,NA,NA,0.473703,NA,NA,NA,0.254832,NA,NA,NA,NA,NA,NA,NA,NA,NA,NA,NA,212553,NA,419753,982
swine,37157,MP,368,C,A,NA,0,NA,NA,NA,0.021535,NA,NA,NA,NA,NA,0,NA,NA,NA,0.021535,NA,NA,NA,NA,NA,NA,NA,NA,NA,NA,NA,204155,NA,377400,982
swine,37157,MP,762,C,G,NA,0.020448,NA,NA,NA,0,NA,NA,NA,NA,NA,0.020448,NA,NA,NA,0,NA,NA,NA,NA,NA,NA,NA,NA,NA,NA,NA,147107,NA,280294,982
swine,37157,NA,226,A,G,NA,0.033005,NA,NA,NA,0,NA,NA,NA,NA,NA,0.033005,NA,NA,NA,4.58e-4,NA,NA,NA,NA,NA,NA,NA,NA,NA,NA,NA,50220,NA,185474,1410
swine,37157,NA,400,C,T,NA,0,NA,NA,NA,0.065045,NA,NA,NA,NA,NA,0,NA,NA,NA,0.065045,NA,NA,NA,NA,NA,NA,NA,NA,NA,NA,NA,49118,NA,171985,1410
swine,37157,NA,548,C,A,NA,0,NA,NA,NA,0.13847,NA,NA,NA,NA,NA,0,NA,NA,NA,0.13847,NA,NA,NA,NA,NA,NA,NA,NA,NA,NA,NA,48593,NA,160016,1410
swine,37157,NP,220,A,G,NA,0,NA,NA,NA,0.023233,NA,NA,NA,NA,NA,0,NA,NA,NA,0.023233,NA,NA,NA,NA,NA,NA,NA,NA,NA,NA,NA,93751,NA,164626,1497
swine,37157,NP,280,G,A,NA,0.030686,NA,NA,NA,0,NA,NA,NA,NA,NA,0.030686,NA,NA,NA,1.39e-4,NA,NA,NA,NA,NA,NA,NA,NA,NA,NA,NA,106266,NA,186816,1497
swine,37157,NP,483,C,T,NA,0.086495,NA,NA,NA,0,NA,NA,NA,NA,NA,0.086495,NA,NA,NA,3.55e-4,NA,NA,NA,NA,NA,NA,NA,NA,NA,NA,NA,75654,NA,156605,1497
swine,37157,NS,436,C,T,NA,0,NA,NA,NA,0.140799,NA,NA,NA,NA,NA,0,NA,NA,NA,0.140799,NA,NA,NA,NA,NA,NA,NA,NA,NA,NA,NA,94857,NA,234981,838
swine,37157,PA,730,G,A,NA,0.026165,NA,NA,NA,0,NA,NA,NA,NA,NA,0.026165,NA,NA,NA,2.56e-4,NA,NA,NA,NA,NA,NA,NA,NA,NA,NA,NA,35254,NA,42771,2151
swine,37157,PA,1026,A,G,NA,0.473386,NA,NA,NA,0.355685,NA,NA,NA,NA,NA,0.473386,NA,NA,NA,0.355685,NA,NA,NA,NA,NA,NA,NA,NA,NA,NA,NA,46081,NA,61631,2151
swine,37157,PB1,245,A,T,NA,0,NA,NA,NA,0.112746,NA,NA,NA,NA,NA,0.002577,NA,NA,NA,0.112746,NA,NA,NA,NA,NA,NA,NA,NA,NA,NA,NA,23566,NA,46024,2274
swine,37157,PB1,246,T,C,NA,0,NA,NA,NA,0.024699,NA,NA,NA,NA,NA,0,NA,NA,NA,0.024699,NA,NA,NA,NA,NA,NA,NA,NA,NA,NA,NA,21969,NA,46281,2274
swine,37157,PB1,248,C,A,NA,0,NA,NA,NA,0.11055,NA,NA,NA,NA,NA,0,NA,NA,NA,0.11055,NA,NA,NA,NA,NA,NA,NA,NA,NA,NA,NA,20733,NA,45966,2274
swine,37157,PB1,249,A,C,NA,0,NA,NA,NA,0.104876,NA,NA,NA,NA,NA,0.002255,NA,NA,NA,0.104876,NA,NA,NA,NA,NA,NA,NA,NA,NA,NA,NA,20419,NA,45887,2274
swine,37157,PB1,258,T,C,NA,0.49222900000000003,NA,NA,NA,0.51727,NA,NA,NA,NA,NA,0.49222900000000003,NA,NA,NA,0.51727,NA,NA,NA,NA,NA,NA,NA,NA,NA,NA,NA,17801,NA,44409,2274
swine,37157,PB1,279,T,C,NA,0.034092,NA,NA,NA,0,NA,NA,NA,NA,NA,0.034092,NA,NA,NA,0.001108,NA,NA,NA,NA,NA,NA,NA,NA,NA,NA,NA,13834,NA,37335,2274
swine,37157,PB1,504,A,G,NA,0.411432,NA,NA,NA,0.441848,NA,NA,NA,NA,NA,0.411432,NA,NA,NA,0.441848,NA,NA,NA,NA,NA,NA,NA,NA,NA,NA,NA,11499,NA,17650,2274
swine,37157,PB1,1244,T,C,NA,0,NA,NA,NA,0.071715,NA,NA,NA,NA,NA,3.57e-4,NA,NA,NA,0.071715,NA,NA,NA,NA,NA,NA,NA,NA,NA,NA,NA,14929,NA,24494,2274
swine,37157,PB1,1410,T,C,NA,0.042083,NA,NA,NA,0,NA,NA,NA,NA,NA,0.042083,NA,NA,NA,0.001346,NA,NA,NA,NA,NA,NA,NA,NA,NA,NA,NA,15021,NA,22498,2274
swine,37157,PB1,1413,A,G,NA,0.043669,NA,NA,NA,0,NA,NA,NA,NA,NA,0.043669,NA,NA,NA,0.001257,NA,NA,NA,NA,NA,NA,NA,NA,NA,NA,NA,15121,NA,22633,2274
swine,37157,PB1,1419,A,G,NA,0.047108,NA,NA,NA,0,NA,NA,NA,NA,NA,0.047108,NA,NA,NA,8.26e-4,NA,NA,NA,NA,NA,NA,NA,NA,NA,NA,NA,14386,NA,21400,2274
swine,37157,PB1,1422,G,A,NA,0.050487,NA,NA,NA,0,NA,NA,NA,NA,NA,0.050487,NA,NA,NA,0.001792,NA,NA,NA,NA,NA,NA,NA,NA,NA,NA,NA,14607,NA,21769,2274
swine,37157,PB1,1446,A,C,NA,0.06957,NA,NA,NA,0,NA,NA,NA,NA,NA,0.06957,NA,NA,NA,0.003165,NA,NA,NA,NA,NA,NA,NA,NA,NA,NA,NA,15774,NA,23897,2274
swine,37157,PB1,1461,T,A,NA,0.093944,NA,NA,NA,0,NA,NA,NA,NA,NA,0.093944,NA,NA,NA,0.001388,NA,NA,NA,NA,NA,NA,NA,NA,NA,NA,NA,15283,NA,24455,2274
swine,37157,PB1,1500,G,A,NA,0.114356,NA,NA,NA,0,NA,NA,NA,NA,NA,0.114356,NA,NA,NA,7.6e-5,NA,NA,NA,NA,NA,NA,NA,NA,NA,NA,NA,15392,NA,25812,2274
swine,37157,PB1,1506,A,G,NA,0.11727,NA,NA,NA,0,NA,NA,NA,NA,NA,0.11727,NA,NA,NA,7.74e-4,NA,NA,NA,NA,NA,NA,NA,NA,NA,NA,NA,15132,NA,25393,2274
swine,37157,PB1,1527,G,A,NA,0.126197,NA,NA,NA,0,NA,NA,NA,NA,NA,0.126197,NA,NA,NA,7.5e-5,NA,NA,NA,NA,NA,NA,NA,NA,NA,NA,NA,15466,NA,26218,2274
swine,37157,PB1,1549,A,G,NA,0.123105,NA,NA,NA,0,NA,NA,NA,NA,NA,0.123105,NA,NA,NA,4.9e-4,NA,NA,NA,NA,NA,NA,NA,NA,NA,NA,NA,16608,NA,28161,2274
swine,37157,PB1,1566,T,C,NA,0.128198,NA,NA,NA,0,NA,NA,NA,NA,NA,0.128198,NA,NA,NA,0,NA,NA,NA,NA,NA,NA,NA,NA,NA,NA,NA,15654,NA,27444,2274
swine,37157,PB1,1614,T,C,NA,0.130301,NA,NA,NA,0,NA,NA,NA,NA,NA,0.130301,NA,NA,NA,8.9e-5,NA,NA,NA,NA,NA,NA,NA,NA,NA,NA,NA,13037,NA,24747,2274
swine,37157,PB1,1629,A,G,NA,0.129293,NA,NA,NA,0,NA,NA,NA,NA,NA,0.129293,NA,NA,NA,4.39e-4,NA,NA,NA,NA,NA,NA,NA,NA,NA,NA,NA,13267,NA,25612,2274
swine,37157,PB1,1632,C,T,NA,0.128766,NA,NA,NA,0,NA,NA,NA,NA,NA,0.128766,NA,NA,NA,0.00255,NA,NA,NA,NA,NA,NA,NA,NA,NA,NA,NA,13722,NA,26521,2274
swine,37157,PB1,1641,C,T,NA,0.127245,NA,NA,NA,0,NA,NA,NA,NA,NA,0.127245,NA,NA,NA,0,NA,NA,NA,NA,NA,NA,NA,NA,NA,NA,NA,13805,NA,26610,2274
swine,37157,PB1,1680,A,G,NA,0.093763,NA,NA,NA,0,NA,NA,NA,NA,NA,0.093763,NA,NA,NA,1.65e-4,NA,NA,NA,NA,NA,NA,NA,NA,NA,NA,NA,14127,NA,27026,2274
swine,37157,PB1,1688,A,G,NA,0.080197,NA,NA,NA,0,NA,NA,NA,NA,NA,0.080197,NA,NA,NA,0.001655,NA,NA,NA,NA,NA,NA,NA,NA,NA,NA,NA,14079,NA,26761,2274
swine,37157,PB1,1689,A,G,NA,0.078465,NA,NA,NA,0,NA,NA,NA,NA,NA,0.078465,NA,NA,NA,4.98e-4,NA,NA,NA,NA,NA,NA,NA,NA,NA,NA,NA,14042,NA,26809,2274
swine,37157,PB1,1692,G,A,NA,0.075591,NA,NA,NA,0,NA,NA,NA,NA,NA,0.075591,NA,NA,NA,1.7e-4,NA,NA,NA,NA,NA,NA,NA,NA,NA,NA,NA,13724,NA,26163,2274
swine,37157,PB1,1710,A,G,NA,0.074322,NA,NA,NA,0,NA,NA,NA,NA,NA,0.074322,NA,NA,NA,0.001718,NA,NA,NA,NA,NA,NA,NA,NA,NA,NA,NA,13552,NA,25926,2274
swine,37157,PB1,1722,C,T,NA,0.070262,NA,NA,NA,0,NA,NA,NA,NA,NA,0.070262,NA,NA,NA,0,NA,NA,NA,NA,NA,NA,NA,NA,NA,NA,NA,12922,NA,24670,2274
swine,37157,PB1,1725,A,G,NA,0.070125,NA,NA,NA,0,NA,NA,NA,NA,NA,0.070125,NA,NA,NA,0.001603,NA,NA,NA,NA,NA,NA,NA,NA,NA,NA,NA,13082,NA,25102,2274
swine,37157,PB1,1726,C,T,NA,0.070092,NA,NA,NA,0,NA,NA,NA,NA,NA,0.070092,NA,NA,NA,0,NA,NA,NA,NA,NA,NA,NA,NA,NA,NA,NA,12918,NA,24894,2274
swine,37157,PB1,1728,A,G,NA,0.068107,NA,NA,NA,0,NA,NA,NA,NA,NA,0.068107,NA,NA,NA,0,NA,NA,NA,NA,NA,NA,NA,NA,NA,NA,NA,13131,NA,25238,2274
swine,37157,PB1,1733,G,A,NA,0.071146,NA,NA,NA,0,NA,NA,NA,NA,NA,0.071146,NA,NA,NA,0.001609,NA,NA,NA,NA,NA,NA,NA,NA,NA,NA,NA,13028,NA,25144,2274
swine,37157,PB1,1737,G,A,NA,0.073345,NA,NA,NA,0,NA,NA,NA,NA,NA,0.073345,NA,NA,NA,0,NA,NA,NA,NA,NA,NA,NA,NA,NA,NA,NA,12472,NA,24262,2274
swine,37157,PB1,1758,A,G,NA,0.07272,NA,NA,NA,0,NA,NA,NA,NA,NA,0.07272,NA,NA,NA,0.001645,NA,NA,NA,NA,NA,NA,NA,NA,NA,NA,NA,12773,NA,25297,2274
swine,37157,PB1,1760,C,T,NA,0.408953,NA,NA,NA,0.430037,NA,NA,NA,NA,NA,0.408953,NA,NA,NA,0.430037,NA,NA,NA,NA,NA,NA,NA,NA,NA,NA,NA,12740,NA,25167,2274
swine,37157,PB1,1764,A,G,NA,0.071354,NA,NA,NA,0,NA,NA,NA,NA,NA,0.071354,NA,NA,NA,0.001599,NA,NA,NA,NA,NA,NA,NA,NA,NA,NA,NA,13080,NA,26632,2274
swine,37157,PB1,1765,T,C,NA,0.071963,NA,NA,NA,0,NA,NA,NA,NA,NA,0.071963,NA,NA,NA,2.73e-4,NA,NA,NA,NA,NA,NA,NA,NA,NA,NA,NA,12753,NA,26030,2274
swine,37157,PB1,1776,T,A,NA,0.072134,NA,NA,NA,0,NA,NA,NA,NA,NA,0.072134,NA,NA,NA,0.001305,NA,NA,NA,NA,NA,NA,NA,NA,NA,NA,NA,13300,NA,27997,2274
swine,37157,PB1,1785,G,A,NA,0.075829,NA,NA,NA,0,NA,NA,NA,NA,NA,0.075829,NA,NA,NA,0.002285,NA,NA,NA,NA,NA,NA,NA,NA,NA,NA,NA,13180,NA,28177,2274
swine,37157,PB1,1791,T,C,NA,0.077464,NA,NA,NA,0,NA,NA,NA,NA,NA,0.077464,NA,NA,NA,4.15e-4,NA,NA,NA,NA,NA,NA,NA,NA,NA,NA,NA,13918,NA,30279,2274
swine,37157,PB1,1797,T,C,NA,0.080017,NA,NA,NA,0,NA,NA,NA,NA,NA,0.080017,NA,NA,NA,0.001913,NA,NA,NA,NA,NA,NA,NA,NA,NA,NA,NA,13870,NA,30491,2274
swine,37157,PB1,1800,T,C,NA,0.085359,NA,NA,NA,0,NA,NA,NA,NA,NA,0.085359,NA,NA,NA,4.37e-4,NA,NA,NA,NA,NA,NA,NA,NA,NA,NA,NA,13218,NA,29401,2274
swine,37157,PB1,1803,C,A,NA,0.088473,NA,NA,NA,0,NA,NA,NA,NA,NA,0.088473,NA,NA,NA,0.00262,NA,NA,NA,NA,NA,NA,NA,NA,NA,NA,NA,13213,NA,29799,2274
swine,37157,PB1,1842,C,G,NA,0.116487,NA,NA,NA,0,NA,NA,NA,NA,NA,0.116487,NA,NA,NA,0.002809,NA,NA,NA,NA,NA,NA,NA,NA,NA,NA,NA,11501,NA,30776,2274
swine,37157,PB1,1854,G,T,NA,0.115203,NA,NA,NA,0,NA,NA,NA,NA,NA,0.115203,NA,NA,NA,0.0032,NA,NA,NA,NA,NA,NA,NA,NA,NA,NA,NA,11879,NA,32589,2274
swine,37157,PB1,1887,C,T,NA,0.096286,NA,NA,NA,0,NA,NA,NA,NA,NA,0.096286,NA,NA,NA,0.002922,NA,NA,NA,NA,NA,NA,NA,NA,NA,NA,NA,12576,NA,43684,2274
swine,37157,PB1,1893,C,T,NA,0.096267,NA,NA,NA,0,NA,NA,NA,NA,NA,0.096267,NA,NA,NA,0.002803,NA,NA,NA,NA,NA,NA,NA,NA,NA,NA,NA,12289,NA,43652,2274
swine,37157,PB1,1896,C,G,NA,0.09464,NA,NA,NA,0,NA,NA,NA,NA,NA,0.09464,NA,NA,NA,4.68e-4,NA,NA,NA,NA,NA,NA,NA,NA,NA,NA,NA,12265,NA,43519,2274
swine,37157,PB1,1899,C,T,NA,0.089561,NA,NA,NA,0,NA,NA,NA,NA,NA,0.089561,NA,NA,NA,6.35e-4,NA,NA,NA,NA,NA,NA,NA,NA,NA,NA,NA,12946,NA,45559,2274
swine,37157,PB1,1905,A,G,NA,0.0886,NA,NA,NA,0,NA,NA,NA,NA,NA,0.0886,NA,NA,NA,6.3e-4,NA,NA,NA,NA,NA,NA,NA,NA,NA,NA,NA,13211,NA,45765,2274
swine,37157,PB1,1925,G,A,NA,0.07959,NA,NA,NA,0,NA,NA,NA,NA,NA,0.07959,NA,NA,NA,0.003116,NA,NA,NA,NA,NA,NA,NA,NA,NA,NA,NA,12796,NA,47555,2274
swine,37157,PB1,1941,C,A,NA,0.070588,NA,NA,NA,0,NA,NA,NA,NA,NA,0.070588,NA,NA,NA,0.003147,NA,NA,NA,NA,NA,NA,NA,NA,NA,NA,NA,12022,NA,47202,2274
swine,37157,PB1,1953,C,A,NA,0.065791,NA,NA,NA,0,NA,NA,NA,NA,NA,0.065791,NA,NA,NA,0.002869,NA,NA,NA,NA,NA,NA,NA,NA,NA,NA,NA,11935,NA,47377,2274
swine,37157,PB1,1955,C,A,NA,0,NA,NA,NA,0.021127,NA,NA,NA,NA,NA,0.001275,NA,NA,NA,0.021127,NA,NA,NA,NA,NA,NA,NA,NA,NA,NA,NA,12029,NA,47618,2274
swine,37157,PB1,1983,A,T,NA,0.052267,NA,NA,NA,0,NA,NA,NA,NA,NA,0.052267,NA,NA,NA,0.00132,NA,NA,NA,NA,NA,NA,NA,NA,NA,NA,NA,13315,NA,52936,2274
swine,37157,PB1,1992,C,T,NA,0.044194,NA,NA,NA,0,NA,NA,NA,NA,NA,0.044194,NA,NA,NA,9e-5,NA,NA,NA,NA,NA,NA,NA,NA,NA,NA,NA,14019,NA,60582,2274
swine,37157,PB1,1995,A,C,NA,0.046291,NA,NA,NA,0,NA,NA,NA,NA,NA,0.046291,NA,NA,NA,0.004564,NA,NA,NA,NA,NA,NA,NA,NA,NA,NA,NA,13782,NA,59590,2274
swine,37157,PB1,2007,G,C,NA,0.041574,NA,NA,NA,0,NA,NA,NA,NA,NA,0.041574,NA,NA,NA,2.74e-4,NA,NA,NA,NA,NA,NA,NA,NA,NA,NA,NA,13930,NA,63105,2274
swine,37157,PB1,2010,G,T,NA,0.078398,NA,NA,NA,0,NA,NA,NA,NA,NA,0.078398,NA,NA,NA,0.001086,NA,NA,NA,NA,NA,NA,NA,NA,NA,NA,NA,14062,NA,72762,2274
swine,37157,PB1,2011,A,C,NA,0.077222,NA,NA,NA,0,NA,NA,NA,NA,NA,0.077222,NA,NA,NA,9.1e-5,NA,NA,NA,NA,NA,NA,NA,NA,NA,NA,NA,13939,NA,73457,2274
swine,37157,PB2,699,T,C,NA,0.011002,NA,NA,NA,0.307219,NA,NA,NA,NA,NA,0.011002,NA,NA,NA,0.307219,NA,NA,NA,NA,NA,NA,NA,NA,NA,NA,NA,13140,NA,44510,2280
swine,37157,PB2,961,T,C,NA,0.021675,NA,NA,NA,0,NA,NA,NA,NA,NA,0.021675,NA,NA,NA,8.21e-4,NA,NA,NA,NA,NA,NA,NA,NA,NA,NA,NA,11598,NA,43736,2280
swine,37157,PB2,1184,C,T,NA,0,NA,NA,NA,0.358074,NA,NA,NA,NA,NA,2.12e-4,NA,NA,NA,0.358074,NA,NA,NA,NA,NA,NA,NA,NA,NA,NA,NA,10361,NA,38705,2280
swine,37157,PB2,1679,T,C,NA,0,NA,NA,NA,0.05514,NA,NA,NA,NA,NA,9.49e-4,NA,NA,NA,0.05514,NA,NA,NA,NA,NA,NA,NA,NA,NA,NA,NA,10317,NA,39162,2280
swine,37157,PB2,1993,C,A,NA,0.028783,NA,NA,NA,0,NA,NA,NA,NA,NA,0.028783,NA,NA,NA,0.003189,NA,NA,NA,NA,NA,NA,NA,NA,NA,NA,NA,16910,NA,62055,2280
swine,37157,PB2,1994,T,A,NA,0.030038,NA,NA,NA,0,NA,NA,NA,NA,NA,0.030038,NA,NA,NA,7.42e-4,NA,NA,NA,NA,NA,NA,NA,NA,NA,NA,NA,16849,NA,67810,2280
swine,37158,HA,515,G,A,NA,NA,NA,NA,0.169064,0.113351,0.080262,0.996983,NA,NA,NA,NA,NA,NA,0.169064,0.113351,0.080262,0.996983,NA,NA,NA,NA,NA,NA,NA,53394,63445,37065,35492,NA,1701
swine,37158,HA,691,A,T,NA,NA,NA,NA,0,0,0,0.036527,NA,NA,NA,NA,NA,NA,0.001138,0.001032,8.49e-4,0.036527,NA,NA,NA,NA,NA,NA,NA,61146,74500,43832,45571,NA,1701
swine,37158,HA,861,A,C,NA,NA,NA,NA,0,0,0,0.025133,NA,NA,NA,NA,NA,NA,3.84e-4,3.54e-4,3.28e-4,0.025133,NA,NA,NA,NA,NA,NA,NA,78130,92983,57788,60721,NA,1701
swine,37158,HA,1071,C,G,NA,NA,NA,NA,0.017184,0.011694,0.03713,0,NA,NA,NA,NA,NA,NA,0.017184,0.011694,0.03713,3.91e-4,NA,NA,NA,NA,NA,NA,NA,73059,86912,51657,54333,NA,1701
swine,37158,MP,576,G,A,NA,NA,NA,NA,0,0,0.034152,0,NA,NA,NA,NA,NA,NA,0,0,0.034152,4.9e-5,NA,NA,NA,NA,NA,NA,NA,173987,168720,150046,114188,NA,982
swine,37158,NA,669,A,G,NA,NA,NA,NA,0,0,0,0.021388,NA,NA,NA,NA,NA,NA,1.04e-4,6e-5,3.44e-4,0.021388,NA,NA,NA,NA,NA,NA,NA,57371,59728,40223,29346,NA,1410
swine,37158,NA,735,C,T,NA,NA,NA,NA,0.155239,0.091691,0.0753,0,NA,NA,NA,NA,NA,NA,0.155239,0.091691,0.0753,6.82e-4,NA,NA,NA,NA,NA,NA,NA,71391,74649,48867,35146,NA,1410
swine,37158,NP,448,A,G,NA,NA,NA,NA,0,0,0,0.02269,NA,NA,NA,NA,NA,NA,5.04e-4,3.52e-4,0.001285,0.02269,NA,NA,NA,NA,NA,NA,NA,87303,92226,62169,58476,NA,1497
swine,37158,NS,318,G,T,NA,NA,NA,NA,0.03778,0.01676,0.006744,0,NA,NA,NA,NA,NA,NA,0.03778,0.01676,0.006744,0,NA,NA,NA,NA,NA,NA,NA,168101,174900,152065,140517,NA,838
swine,37158,PA,389,A,G,NA,NA,NA,NA,0,0,0.042268,0,NA,NA,NA,NA,NA,NA,0.003133,0.005712,0.042268,2.05e-4,NA,NA,NA,NA,NA,NA,NA,36463,36219,32823,39992,NA,2154
swine,37158,PA,390,C,A,NA,NA,NA,NA,0,0.007494,0.039135,0,NA,NA,NA,NA,NA,NA,0.004945,0.007494,0.039135,0.001717,NA,NA,NA,NA,NA,NA,NA,35964,34654,32123,39507,NA,2154
swine,37158,PA,929,G,T,NA,NA,NA,NA,0,0,0,0.025286,NA,NA,NA,NA,NA,NA,0.002185,0.001528,0.002144,0.025286,NA,NA,NA,NA,NA,NA,NA,34590,29359,25138,33736,NA,2154
swine,37158,PA,1026,G,A,NA,NA,NA,NA,0.4957,0.435805,0.37216,0.997728,NA,NA,NA,NA,NA,NA,0.4957,0.435805,0.37216,0.997728,NA,NA,NA,NA,NA,NA,NA,44469,36984,32298,39595,NA,2154
swine,37158,PA,1233,C,T,NA,NA,NA,NA,0,0,0,0.021048,NA,NA,NA,NA,NA,NA,6.1e-5,3.28e-4,2.84e-4,0.021048,NA,NA,NA,NA,NA,NA,NA,38977,33116,29029,42207,NA,2154
swine,37158,PA,1681,A,G,NA,NA,NA,NA,0,0,0,0.024352,NA,NA,NA,NA,NA,NA,2.66e-4,2.09e-4,3.01e-4,0.024352,NA,NA,NA,NA,NA,NA,NA,32050,28450,23698,30954,NA,2154
swine,37158,PA,1932,T,A,NA,NA,NA,NA,0,0,0.031329,0,NA,NA,NA,NA,NA,NA,0.003906,0.004761,0.031329,0.001001,NA,NA,NA,NA,NA,NA,NA,26402,31265,32517,24605,NA,2154
swine,37158,PA,1933,G,T,NA,NA,NA,NA,0.010974,0.016106,0.096239,0,NA,NA,NA,NA,NA,NA,0.010974,0.016106,0.096239,0.001691,NA,NA,NA,NA,NA,NA,NA,27346,34289,33823,25345,NA,2154
swine,37158,PA,1934,T,C,NA,NA,NA,NA,0.009984,0.018994,0.101253,0,NA,NA,NA,NA,NA,NA,0.009984,0.018994,0.101253,4.56e-4,NA,NA,NA,NA,NA,NA,NA,27757,35054,34356,25634,NA,2154
swine,37158,PB1,259,T,C,NA,NA,NA,NA,0,0,0,0.036322,NA,NA,NA,NA,NA,NA,8.58e-4,3.23e-4,6.63e-4,0.036322,NA,NA,NA,NA,NA,NA,NA,19052,18791,21807,24870,NA,2278
swine,37158,PB1,298,C,T,NA,NA,NA,NA,0,0,0,0.031876,NA,NA,NA,NA,NA,NA,1.26e-4,3.14e-4,5.07e-4,0.031876,NA,NA,NA,NA,NA,NA,NA,18418,16983,16840,23737,NA,2278
swine,37158,PB1,504,A,G,NA,NA,NA,NA,0.471932,0.409058,0.322502,0.995485,NA,NA,NA,NA,NA,NA,0.471932,0.409058,0.322502,0.995485,NA,NA,NA,NA,NA,NA,NA,14197,9207,8177,19524,NA,2278
swine,37158,PB1,1056,A,C,NA,NA,NA,NA,0.231955,0.1589,0.193616,0,NA,NA,NA,NA,NA,NA,0.231955,0.1589,0.193616,5.09e-4,NA,NA,NA,NA,NA,NA,NA,17264,11162,8950,22660,NA,2278
swine,37158,PB1,1183,C,A,NA,NA,NA,NA,0,0.022234,0,0,NA,NA,NA,NA,NA,NA,0.003657,0.022234,0.003361,0.003742,NA,NA,NA,NA,NA,NA,NA,17183,11226,9494,22940,NA,2278
swine,37158,PB1,1760,C,T,NA,NA,NA,NA,0.155978,0.131481,0.095251,0.997345,NA,NA,NA,NA,NA,NA,0.155978,0.131481,0.095251,0.997345,NA,NA,NA,NA,NA,NA,NA,18685,12782,11938,21895,NA,2278
swine,37158,PB1,1984,A,G,NA,NA,NA,NA,0,0.020214,0,0.016453,NA,NA,NA,NA,NA,NA,0.001831,0.020214,0.004482,0.016453,NA,NA,NA,NA,NA,NA,NA,23334,21455,23347,19497,NA,2278
swine,37158,PB1,1985,C,A,NA,NA,NA,NA,0,0.022843,0,0.017837,NA,NA,NA,NA,NA,NA,0.003247,0.022843,0.004883,0.017837,NA,NA,NA,NA,NA,NA,NA,23210,21391,23430,19463,NA,2278
swine,37158,PB1,1988,C,T,NA,NA,NA,NA,0,0.020287,0,0,NA,NA,NA,NA,NA,NA,9.7e-5,0.020287,0.002409,0,NA,NA,NA,NA,NA,NA,NA,23226,21374,23331,19657,NA,2278
swine,37158,PB1,2028,T,C,NA,NA,NA,NA,0,0,0,0.99764,NA,NA,NA,NA,NA,NA,0.00185,0.006884,0.004569,0.99764,NA,NA,NA,NA,NA,NA,NA,24047,22642,30239,20410,NA,2278
swine,37158,PB2,324,A,T,NA,NA,NA,NA,0,0,0,0.044237,NA,NA,NA,NA,NA,NA,0.001501,0.001545,0.001355,0.044237,NA,NA,NA,NA,NA,NA,NA,24208,21877,19381,27531,NA,2280
swine,37158,PB2,414,A,G,NA,NA,NA,NA,0,0,0,0.022701,NA,NA,NA,NA,NA,NA,6.18e-4,9.64e-4,0.001291,0.022701,NA,NA,NA,NA,NA,NA,NA,26701,22840,18898,31512,NA,2280
swine,37158,PB2,618,G,A,NA,NA,NA,NA,0,0,0,0.025664,NA,NA,NA,NA,NA,NA,3.09e-4,1.32e-4,3.07e-4,0.025664,NA,NA,NA,NA,NA,NA,NA,27149,23471,18645,32246,NA,2280
swine,37158,PB2,671,C,T,NA,NA,NA,NA,0,0.027817,0.005323,0,NA,NA,NA,NA,NA,NA,0.004229,0.027817,0.005323,2.52e-4,NA,NA,NA,NA,NA,NA,NA,26975,23556,18504,32655,NA,2280
swine,37158,PB2,699,C,T,NA,NA,NA,NA,0.186568,0.164605,0.108031,0.996763,NA,NA,NA,NA,NA,NA,0.186568,0.164605,0.108031,0.996763,NA,NA,NA,NA,NA,NA,NA,30218,25679,20215,34685,NA,2280
swine,37158,PB2,980,G,A,NA,NA,NA,NA,0,0,0,0.020137,NA,NA,NA,NA,NA,NA,2.95e-4,1.51e-4,4.56e-4,0.020137,NA,NA,NA,NA,NA,NA,NA,24272,20844,16534,30397,NA,2280
swine,37158,PB2,2027,C,A,NA,NA,NA,NA,0,0.025114,0,0,NA,NA,NA,NA,NA,NA,0.00118,0.025114,0.002274,0.001187,NA,NA,NA,NA,NA,NA,NA,25680,29084,40541,35705,NA,2280
swine,37159,HA,204,C,T,NA,NA,NA,NA,0.026786,0,0,0,NA,NA,NA,NA,NA,NA,0.026786,0.001732,0.005643,6.3e-5,NA,NA,NA,NA,NA,NA,NA,64239,121925,74653,18536,NA,1701
swine,37159,HA,213,G,A,NA,NA,NA,NA,0.029748,0,0.006116,0,NA,NA,NA,NA,NA,NA,0.029748,2.36e-4,0.006116,6.7e-5,NA,NA,NA,NA,NA,NA,NA,59384,114373,69377,17432,NA,1701
swine,37159,HA,232,C,A,NA,NA,NA,NA,0.032332,0,0.007247,0,NA,NA,NA,NA,NA,NA,0.032332,0.001665,0.007247,0.002502,NA,NA,NA,NA,NA,NA,NA,58930,112688,68368,17708,NA,1701
swine,37159,HA,249,A,G,NA,NA,NA,NA,0.031919,0,0.006548,0,NA,NA,NA,NA,NA,NA,0.031919,5.7e-5,0.006548,0,NA,NA,NA,NA,NA,NA,NA,57178,111068,65146,17323,NA,1701
swine,37159,HA,254,G,A,NA,NA,NA,NA,0.032499,0,0.006479,0,NA,NA,NA,NA,NA,NA,0.032499,3.66e-4,0.006479,1.35e-4,NA,NA,NA,NA,NA,NA,NA,56770,110013,64557,17211,NA,1701
swine,37159,HA,258,C,A,NA,NA,NA,NA,0.037368,0,0.008077,0,NA,NA,NA,NA,NA,NA,0.037368,0.002329,0.008077,0.003745,NA,NA,NA,NA,NA,NA,NA,53169,104124,60664,16401,NA,1701
swine,37159,HA,272,A,G,NA,NA,NA,NA,0.037335,0,0.007703,0,NA,NA,NA,NA,NA,NA,0.037335,6.44e-4,0.007703,3.49e-4,NA,NA,NA,NA,NA,NA,NA,52620,102337,59639,16547,NA,1701
swine,37159,HA,302,A,G,NA,NA,NA,NA,0.039058,0,0.007696,0,NA,NA,NA,NA,NA,NA,0.039058,1.72e-4,0.007696,0,NA,NA,NA,NA,NA,NA,NA,50829,99266,58264,17255,NA,1701
swine,37159,HA,311,A,C,NA,NA,NA,NA,0,0,0,0.025551,NA,NA,NA,NA,NA,NA,0.015931,0.005693,0.006379,0.025551,NA,NA,NA,NA,NA,NA,NA,49170,95492,56835,16922,NA,1701
swine,37159,HA,315,G,A,NA,NA,NA,NA,0.042842,0,0.008887,0,NA,NA,NA,NA,NA,NA,0.042842,1.56e-4,0.008887,6.9e-5,NA,NA,NA,NA,NA,NA,NA,48393,93777,56028,16713,NA,1701
swine,37159,HA,340,A,G,NA,NA,NA,NA,0.046087,0,0.00913,0,NA,NA,NA,NA,NA,NA,0.046087,1.65e-4,0.00913,2.83e-4,NA,NA,NA,NA,NA,NA,NA,44649,85880,52844,16074,NA,1701
swine,37159,HA,348,A,G,NA,NA,NA,NA,0.04677,0,0.010413,0,NA,NA,NA,NA,NA,NA,0.04677,0.001687,0.010413,9.89e-4,NA,NA,NA,NA,NA,NA,NA,44822,86548,52514,16119,NA,1701
swine,37159,HA,363,G,A,NA,NA,NA,NA,0.04075,0,0.007927,0,NA,NA,NA,NA,NA,NA,0.04075,0.002011,0.007927,7e-5,NA,NA,NA,NA,NA,NA,NA,44228,87030,52732,16363,NA,1701
swine,37159,HA,390,A,G,NA,NA,NA,NA,0.040844,0,0.008015,0,NA,NA,NA,NA,NA,NA,0.040844,2.82e-4,0.008015,2.89e-4,NA,NA,NA,NA,NA,NA,NA,42042,85366,49416,15774,NA,1701
swine,37159,HA,398,T,C,NA,NA,NA,NA,0,0,0,0.025969,NA,NA,NA,NA,NA,NA,2.08e-4,1.01e-4,2.12e-4,0.025969,NA,NA,NA,NA,NA,NA,NA,42508,86101,49920,15984,NA,1701
swine,37159,HA,400,T,G,NA,NA,NA,NA,0,0,0,0.020575,NA,NA,NA,NA,NA,NA,0.016455,0.006737,0.008822,0.020575,NA,NA,NA,NA,NA,NA,NA,41904,84916,49424,15768,NA,1701
swine,37159,HA,405,A,C,NA,NA,NA,NA,0.041798,0,0.007231,0,NA,NA,NA,NA,NA,NA,0.041798,8.51e-4,0.007231,0.004428,NA,NA,NA,NA,NA,NA,NA,43012,87437,50553,16203,NA,1701
swine,37159,HA,433,A,T,NA,NA,NA,NA,0.03528,0,0.006596,0,NA,NA,NA,NA,NA,NA,0.03528,0.002077,0.006596,0.005566,NA,NA,NA,NA,NA,NA,NA,40432,84679,45840,15179,NA,1701
swine,37159,HA,440,G,A,NA,NA,NA,NA,0.032535,0,0.004934,0,NA,NA,NA,NA,NA,NA,0.032535,3.29e-4,0.004934,0,NA,NA,NA,NA,NA,NA,NA,40666,85052,46563,15288,NA,1701
swine,37159,HA,447,G,A,NA,NA,NA,NA,0.030407,0,0.004284,0,NA,NA,NA,NA,NA,NA,0.030407,2.19e-4,0.004284,7.6e-5,NA,NA,NA,NA,NA,NA,NA,40010,84314,46963,15086,NA,1701
swine,37159,HA,453,G,A,NA,NA,NA,NA,0.027987,0,0,0,NA,NA,NA,NA,NA,NA,0.027987,2.29e-4,0.004573,2.38e-4,NA,NA,NA,NA,NA,NA,NA,38847,81292,45297,14511,NA,1701
swine,37159,HA,471,G,A,NA,NA,NA,NA,0.028188,0,0.006607,0,NA,NA,NA,NA,NA,NA,0.028188,1.09e-4,0.006607,0,NA,NA,NA,NA,NA,NA,NA,40724,83958,48059,14960,NA,1701
swine,37159,HA,472,A,G,NA,NA,NA,NA,0.028762,0,0.006024,0,NA,NA,NA,NA,NA,NA,0.028762,4.09e-4,0.006024,0.001005,NA,NA,NA,NA,NA,NA,NA,40782,84047,48141,14968,NA,1701
swine,37159,HA,477,C,A,NA,NA,NA,NA,0.032708,0,0.006342,0,NA,NA,NA,NA,NA,NA,0.032708,0.002036,0.006342,0.00516,NA,NA,NA,NA,NA,NA,NA,40008,82263,47120,14602,NA,1701
swine,37159,HA,532,A,C,NA,NA,NA,NA,0.024027,0,0,0,NA,NA,NA,NA,NA,NA,0.024027,8.98e-4,0.004715,0.009579,NA,NA,NA,NA,NA,NA,NA,38571,76098,44697,14054,NA,1701
swine,37159,HA,536,A,G,NA,NA,NA,NA,0.021035,0,0,0,NA,NA,NA,NA,NA,NA,0.021035,6.91e-4,0.004504,0,NA,NA,NA,NA,NA,NA,NA,38527,75841,44670,14037,NA,1701
swine,37159,HA,560,A,G,NA,NA,NA,NA,0.034252,0,0,0,NA,NA,NA,NA,NA,NA,0.034252,5.43e-4,0.007605,0,NA,NA,NA,NA,NA,NA,NA,40221,75647,45018,14321,NA,1701
swine,37159,HA,564,G,A,NA,NA,NA,NA,0.036941,0,0,0,NA,NA,NA,NA,NA,NA,0.036941,2.79e-4,0.007395,1.69e-4,NA,NA,NA,NA,NA,NA,NA,39115,73011,43885,13907,NA,1701
swine,37159,HA,570,T,C,NA,NA,NA,NA,0.039641,0,0,0,NA,NA,NA,NA,NA,NA,0.039641,3.05e-4,0.007935,0,NA,NA,NA,NA,NA,NA,NA,39194,72828,44724,14136,NA,1701
swine,37159,HA,584,C,G,NA,NA,NA,NA,0.028046,0,0,0,NA,NA,NA,NA,NA,NA,0.028046,2.89e-4,0.005188,5.51e-4,NA,NA,NA,NA,NA,NA,NA,41189,76333,47247,15059,NA,1701
swine,37159,HA,603,C,T,NA,NA,NA,NA,0.031134,0,0.005727,0,NA,NA,NA,NA,NA,NA,0.031134,2.94e-4,0.005727,6.91e-4,NA,NA,NA,NA,NA,NA,NA,46733,84234,50888,17106,NA,1701
swine,37159,HA,609,C,T,NA,NA,NA,NA,0.029265,0,0,0,NA,NA,NA,NA,NA,NA,0.029265,9.27e-4,0.005207,2.06e-4,NA,NA,NA,NA,NA,NA,NA,46300,83635,50131,17305,NA,1701
swine,37159,HA,627,C,T,NA,NA,NA,NA,0.035769,0,0.006481,0,NA,NA,NA,NA,NA,NA,0.035769,3.36e-4,0.006481,6.5e-5,NA,NA,NA,NA,NA,NA,NA,49262,88799,52557,18320,NA,1701
swine,37159,HA,630,A,G,NA,NA,NA,NA,0.03616,0,0,0,NA,NA,NA,NA,NA,NA,0.03616,5.2e-5,0.006252,0,NA,NA,NA,NA,NA,NA,NA,48807,87956,52139,18170,NA,1701
swine,37159,HA,642,C,A,NA,NA,NA,NA,0.040012,0,0.008866,0,NA,NA,NA,NA,NA,NA,0.040012,0.003764,0.008866,0.006563,NA,NA,NA,NA,NA,NA,NA,48285,87182,51808,18027,NA,1701
swine,37159,HA,657,A,G,NA,NA,NA,NA,0.034039,0,0.006883,0,NA,NA,NA,NA,NA,NA,0.034039,3.59e-4,0.006883,6.46e-4,NA,NA,NA,NA,NA,NA,NA,48842,87813,52937,18307,NA,1701
swine,37159,HA,674,G,A,NA,NA,NA,NA,0.042327,0,0.008033,0,NA,NA,NA,NA,NA,NA,0.042327,1.97e-4,0.008033,1.85e-4,NA,NA,NA,NA,NA,NA,NA,50669,90350,54594,19130,NA,1701
swine,37159,HA,675,A,G,NA,NA,NA,NA,0.042781,0,0.008175,0,NA,NA,NA,NA,NA,NA,0.042781,2.22e-4,0.008175,1.85e-4,NA,NA,NA,NA,NA,NA,NA,50514,89997,54457,19043,NA,1701
swine,37159,HA,682,G,A,NA,NA,NA,NA,0.042405,0,0.010324,0,NA,NA,NA,NA,NA,NA,0.042405,0.003742,0.010324,0,NA,NA,NA,NA,NA,NA,NA,49219,87774,53442,18611,NA,1701
swine,37159,HA,687,A,G,NA,NA,NA,NA,0.041529,0,0.0084,0,NA,NA,NA,NA,NA,NA,0.041529,6.55e-4,0.0084,5.07e-4,NA,NA,NA,NA,NA,NA,NA,49147,87270,53238,18512,NA,1701
swine,37159,HA,705,C,A,NA,NA,NA,NA,0.02057,0,0,0,NA,NA,NA,NA,NA,NA,0.02057,0.001725,0.001465,0.003182,NA,NA,NA,NA,NA,NA,NA,50249,88105,54167,18776,NA,1701
swine,37159,HA,708,G,A,NA,NA,NA,NA,0.042606,0,0.008186,0,NA,NA,NA,NA,NA,NA,0.042606,2.43e-4,0.008186,0,NA,NA,NA,NA,NA,NA,NA,50659,88816,54847,18855,NA,1701
swine,37159,HA,717,C,T,NA,NA,NA,NA,0.039299,0,0.007672,0,NA,NA,NA,NA,NA,NA,0.039299,1.82e-4,0.007672,6e-5,NA,NA,NA,NA,NA,NA,NA,51075,91059,58194,19331,NA,1701
swine,37159,HA,722,C,A,NA,NA,NA,NA,0.042443,0,0.009317,0,NA,NA,NA,NA,NA,NA,0.042443,0.001584,0.009317,0.002463,NA,NA,NA,NA,NA,NA,NA,51281,91185,58610,19398,NA,1701
swine,37159,HA,748,C,A,NA,NA,NA,NA,0.022098,0,0,0,NA,NA,NA,NA,NA,NA,0.022098,0.00197,0.001944,0.00329,NA,NA,NA,NA,NA,NA,NA,52402,95213,60874,20298,NA,1701
swine,37159,HA,759,T,G,NA,NA,NA,NA,0.055907,0,0.01087,0,NA,NA,NA,NA,NA,NA,0.055907,5.66e-4,0.01087,0.004089,NA,NA,NA,NA,NA,NA,NA,50797,92638,58725,19616,NA,1701
swine,37159,HA,768,G,A,NA,NA,NA,NA,0.054477,0,0.010962,0,NA,NA,NA,NA,NA,NA,0.054477,4.41e-4,0.010962,0.001636,NA,NA,NA,NA,NA,NA,NA,54879,100936,63872,21022,NA,1701
swine,37159,HA,813,C,A,NA,NA,NA,NA,0.056542,0,0.011758,0,NA,NA,NA,NA,NA,NA,0.056542,0.002464,0.011758,0.005108,NA,NA,NA,NA,NA,NA,NA,55508,103727,65429,21468,NA,1701
swine,37159,HA,820,T,A,NA,NA,NA,NA,0.050549,0,0.010057,0,NA,NA,NA,NA,NA,NA,0.050549,0.001194,0.010057,0.004073,NA,NA,NA,NA,NA,NA,NA,54659,102712,64711,21296,NA,1701
swine,37159,HA,823,A,G,NA,NA,NA,NA,0.047337,0,0.009271,0,NA,NA,NA,NA,NA,NA,0.047337,1.96e-4,0.009271,0,NA,NA,NA,NA,NA,NA,NA,54306,102305,64454,21190,NA,1701
swine,37159,HA,832,T,G,NA,NA,NA,NA,0.046209,0,0.008799,0,NA,NA,NA,NA,NA,NA,0.046209,2.9e-4,0.008799,8.45e-4,NA,NA,NA,NA,NA,NA,NA,55192,104433,65432,21622,NA,1701
swine,37159,HA,864,T,A,NA,NA,NA,NA,0.050385,0,0.00883,0,NA,NA,NA,NA,NA,NA,0.050385,0.001709,0.00883,0.004474,NA,NA,NA,NA,NA,NA,NA,55256,106850,65375,22564,NA,1701
swine,37159,HA,876,T,C,NA,NA,NA,NA,0.043463,0,0.00843,0,NA,NA,NA,NA,NA,NA,0.043463,0.001031,0.00843,6.86e-4,NA,NA,NA,NA,NA,NA,NA,56501,109208,66612,23085,NA,1701
swine,37159,HA,877,G,A,NA,NA,NA,NA,0.042921,0,0.008167,0,NA,NA,NA,NA,NA,NA,0.042921,1.31e-4,0.008167,0,NA,NA,NA,NA,NA,NA,NA,56430,109134,66618,23039,NA,1701
swine,37159,HA,882,G,A,NA,NA,NA,NA,0.047474,0,0.008449,0,NA,NA,NA,NA,NA,NA,0.047474,2.46e-4,0.008449,4.9e-5,NA,NA,NA,NA,NA,NA,NA,55487,107750,66024,22905,NA,1701
swine,37159,HA,884,A,C,NA,NA,NA,NA,0.053952,0,0.010182,0,NA,NA,NA,NA,NA,NA,0.053952,0.002088,0.010182,0.010757,NA,NA,NA,NA,NA,NA,NA,54505,105632,65189,22454,NA,1701
swine,37159,HA,897,C,A,NA,NA,NA,NA,0.020878,0,0,0,NA,NA,NA,NA,NA,NA,0.020878,0.002244,0.001546,0.003636,NA,NA,NA,NA,NA,NA,NA,53670,103821,64752,22054,NA,1701
swine,37159,HA,900,T,G,NA,NA,NA,NA,0.041337,0,0.007127,0,NA,NA,NA,NA,NA,NA,0.041337,0.003796,0.007127,0.005982,NA,NA,NA,NA,NA,NA,NA,51135,99164,61223,20801,NA,1701
swine,37159,HA,930,A,G,NA,NA,NA,NA,0.034577,0,0,0,NA,NA,NA,NA,NA,NA,0.034577,8.5e-5,0.005127,2.26e-4,NA,NA,NA,NA,NA,NA,NA,47360,92900,58992,19965,NA,1701
swine,37159,HA,942,A,G,NA,NA,NA,NA,0.026765,0,0,0,NA,NA,NA,NA,NA,NA,0.026765,2.41e-4,0.004141,3.7e-4,NA,NA,NA,NA,NA,NA,NA,50035,98060,62241,21297,NA,1701
swine,37159,HA,943,G,A,NA,NA,NA,NA,0.026614,0,0,0,NA,NA,NA,NA,NA,NA,0.026614,1.2e-4,0.004569,5.8e-4,NA,NA,NA,NA,NA,NA,NA,50189,98581,62456,21369,NA,1701
swine,37159,HA,955,G,A,NA,NA,NA,NA,0.023287,0,0,0,NA,NA,NA,NA,NA,NA,0.023287,1.32e-4,0.003265,1.98e-4,NA,NA,NA,NA,NA,NA,NA,52129,104592,66561,22829,NA,1701
swine,37159,HA,960,C,T,NA,NA,NA,NA,0.024004,0,0,0,NA,NA,NA,NA,NA,NA,0.024004,2.91e-4,0.003882,3.64e-4,NA,NA,NA,NA,NA,NA,NA,50916,101228,65049,21789,NA,1701
swine,37159,HA,978,T,C,NA,NA,NA,NA,0.023595,0,0,0,NA,NA,NA,NA,NA,NA,0.023595,3.24e-4,0.003551,7.14e-4,NA,NA,NA,NA,NA,NA,NA,52223,103853,66303,22187,NA,1701
swine,37159,HA,981,T,A,NA,NA,NA,NA,0.025077,0,0,0,NA,NA,NA,NA,NA,NA,0.025077,0.001018,0.003949,0.003067,NA,NA,NA,NA,NA,NA,NA,52843,104769,66985,22492,NA,1701
swine,37159,HA,985,C,T,NA,NA,NA,NA,0.022883,0,0,0,NA,NA,NA,NA,NA,NA,0.022883,2.57e-4,0.003492,0,NA,NA,NA,NA,NA,NA,NA,54410,107902,69022,23092,NA,1701
swine,37159,HA,991,A,C,NA,NA,NA,NA,0.051786,0,0.018923,0.042773,NA,NA,NA,NA,NA,NA,0.051786,0.015121,0.018923,0.042773,NA,NA,NA,NA,NA,NA,NA,54529,107499,69848,23170,NA,1701
swine,37159,HA,1005,A,G,NA,NA,NA,NA,0.020997,0,0,0,NA,NA,NA,NA,NA,NA,0.020997,2.41e-4,0.003603,5.33e-4,NA,NA,NA,NA,NA,NA,NA,56026,110734,74302,23447,NA,1701
swine,37159,HA,1012,A,G,NA,NA,NA,NA,0.021115,0,0,0,NA,NA,NA,NA,NA,NA,0.021115,1.6e-4,0.003401,4.04e-4,NA,NA,NA,NA,NA,NA,NA,54472,108116,72333,22546,NA,1701
swine,37159,HA,1013,T,G,NA,NA,NA,NA,0,0,0,0.020756,NA,NA,NA,NA,NA,NA,0.014434,0.005773,0.005183,0.020756,NA,NA,NA,NA,NA,NA,NA,54359,107878,72033,22460,NA,1701
swine,37159,HA,1014,T,C,NA,NA,NA,NA,0.02152,0,0,0,NA,NA,NA,NA,NA,NA,0.02152,4.09e-4,0.003947,5.06e-4,NA,NA,NA,NA,NA,NA,NA,54453,108106,72142,22517,NA,1701
swine,37159,HA,1021,G,A,NA,NA,NA,NA,0.024767,0,0.004107,0,NA,NA,NA,NA,NA,NA,0.024767,1.67e-4,0.004107,0.001,NA,NA,NA,NA,NA,NA,NA,52285,104658,69324,21732,NA,1701
swine,37159,HA,1035,G,C,NA,NA,NA,NA,0.050566,0,0.008924,0,NA,NA,NA,NA,NA,NA,0.050566,1.28e-4,0.008924,2.57e-4,NA,NA,NA,NA,NA,NA,NA,55581,108557,70831,22261,NA,1701
swine,37159,HA,1038,G,A,NA,NA,NA,NA,0.050041,0,0.008978,0,NA,NA,NA,NA,NA,NA,0.050041,1.99e-4,0.008978,5.1e-5,NA,NA,NA,NA,NA,NA,NA,56104,109827,71592,22456,NA,1701
swine,37159,HA,1053,T,C,NA,NA,NA,NA,0.042675,0,0.009045,0,NA,NA,NA,NA,NA,NA,0.042675,7.02e-4,0.009045,3.29e-4,NA,NA,NA,NA,NA,NA,NA,53044,105018,66866,21010,NA,1701
swine,37159,HA,1056,C,T,NA,NA,NA,NA,0.042784,0,0.009034,0,NA,NA,NA,NA,NA,NA,0.042784,2.99e-4,0.009034,3.36e-4,NA,NA,NA,NA,NA,NA,NA,52078,103034,65365,20553,NA,1701
swine,37159,HA,1062,C,T,NA,NA,NA,NA,0.042694,0,0.008097,0,NA,NA,NA,NA,NA,NA,0.042694,6.25e-4,0.008097,1.69e-4,NA,NA,NA,NA,NA,NA,NA,51910,103003,64827,20448,NA,1701
swine,37159,HA,1071,C,G,NA,NA,NA,NA,0.039303,0.00439,0.007691,0,NA,NA,NA,NA,NA,NA,0.039303,0.00439,0.007691,0.001067,NA,NA,NA,NA,NA,NA,NA,53104,104255,65564,20548,NA,1701
swine,37159,HA,1080,A,G,NA,NA,NA,NA,0.040859,0,0.008017,0,NA,NA,NA,NA,NA,NA,0.040859,3.26e-4,0.008017,4.8e-4,NA,NA,NA,NA,NA,NA,NA,56343,109517,68295,21608,NA,1701
swine,37159,HA,1081,A,C,NA,NA,NA,NA,0,0,0,0.024279,NA,NA,NA,NA,NA,NA,0.012601,0.004344,0.004143,0.024279,NA,NA,NA,NA,NA,NA,NA,56522,109873,68516,21666,NA,1701
swine,37159,HA,1084,A,G,NA,NA,NA,NA,0.042786,0,0.008829,0,NA,NA,NA,NA,NA,NA,0.042786,2.97e-4,0.008829,2.21e-4,NA,NA,NA,NA,NA,NA,NA,54937,105984,66372,20905,NA,1701
swine,37159,HA,1104,C,T,NA,NA,NA,NA,0.053311,0,0.010769,0,NA,NA,NA,NA,NA,NA,0.053311,0.003009,0.010769,4.02e-4,NA,NA,NA,NA,NA,NA,NA,54105,103345,64762,20227,NA,1701
swine,37159,HA,1125,A,G,NA,NA,NA,NA,0.054109,0,0.010551,0,NA,NA,NA,NA,NA,NA,0.054109,2.07e-4,0.010551,4.49e-4,NA,NA,NA,NA,NA,NA,NA,54674,105426,64664,20758,NA,1701
swine,37159,HA,1172,G,A,NA,NA,NA,NA,0.054387,0,0.009675,0,NA,NA,NA,NA,NA,NA,0.054387,6.52e-4,0.009675,3.29e-4,NA,NA,NA,NA,NA,NA,NA,45303,86452,50022,17997,NA,1701
swine,37159,HA,1176,C,T,NA,NA,NA,NA,0.053718,0,0.009515,0,NA,NA,NA,NA,NA,NA,0.053718,7.84e-4,0.009515,4.57e-4,NA,NA,NA,NA,NA,NA,NA,45343,86666,50198,18125,NA,1701
swine,37159,HA,1185,G,A,NA,NA,NA,NA,0.046105,0,0.007599,0,NA,NA,NA,NA,NA,NA,0.046105,1.92e-4,0.007599,1.95e-4,NA,NA,NA,NA,NA,NA,NA,43127,86069,49615,18270,NA,1701
swine,37159,HA,1197,C,T,NA,NA,NA,NA,0.047535,0,0.007762,0,NA,NA,NA,NA,NA,NA,0.047535,1.66e-4,0.007762,4.48e-4,NA,NA,NA,NA,NA,NA,NA,42648,85193,48695,18465,NA,1701
swine,37159,HA,1212,C,A,NA,NA,NA,NA,0.021158,0,0,0,NA,NA,NA,NA,NA,NA,0.021158,0.001612,0.002265,0.002935,NA,NA,NA,NA,NA,NA,NA,43759,86596,49088,18852,NA,1701
swine,37159,HA,1212,C,T,NA,NA,NA,NA,0.046726,0,0.007911,0,NA,NA,NA,NA,NA,NA,0.046726,2.19e-4,0.007911,1.87e-4,NA,NA,NA,NA,NA,NA,NA,43759,86596,49088,18852,NA,1701
swine,37159,HA,1218,A,G,NA,NA,NA,NA,0.043627,0,0,0,NA,NA,NA,NA,NA,NA,0.043627,1.8e-4,0.007615,6.99e-4,NA,NA,NA,NA,NA,NA,NA,45731,91392,51549,20093,NA,1701
swine,37159,HA,1244,G,A,NA,NA,NA,NA,0.051659,0,0.009201,0,NA,NA,NA,NA,NA,NA,0.051659,3.78e-4,0.009201,0,NA,NA,NA,NA,NA,NA,NA,40394,80732,44310,18120,NA,1701
swine,37159,HA,1249,T,C,NA,NA,NA,NA,0.049155,0,0,0,NA,NA,NA,NA,NA,NA,0.049155,2.7e-4,0.008225,0,NA,NA,NA,NA,NA,NA,NA,39125,78905,42555,17743,NA,1701
swine,37159,HA,1256,G,A,NA,NA,NA,NA,0.050342,0,0.008464,0,NA,NA,NA,NA,NA,NA,0.050342,2.07e-4,0.008464,1.29e-4,NA,NA,NA,NA,NA,NA,NA,39719,80502,42807,17929,NA,1701
swine,37159,HA,1281,G,A,NA,NA,NA,NA,0.054936,0,0.011144,0,NA,NA,NA,NA,NA,NA,0.054936,2.56e-4,0.011144,7e-5,NA,NA,NA,NA,NA,NA,NA,35973,74723,38568,16431,NA,1701
swine,37159,HA,1296,T,C,NA,NA,NA,NA,0.087652,0,0.014778,0,NA,NA,NA,NA,NA,NA,0.087652,1.6e-4,0.014778,3.46e-4,NA,NA,NA,NA,NA,NA,NA,37479,75361,38107,16410,NA,1701
swine,37159,HA,1297,G,C,NA,NA,NA,NA,0.087807,0,0.01398,0,NA,NA,NA,NA,NA,NA,0.087807,2.25e-4,0.01398,2.77e-4,NA,NA,NA,NA,NA,NA,NA,37438,75321,37980,16391,NA,1701
swine,37159,HA,1299,A,G,NA,NA,NA,NA,0.089094,0,0.015378,0,NA,NA,NA,NA,NA,NA,0.089094,6.14e-4,0.015378,0,NA,NA,NA,NA,NA,NA,NA,37242,74910,37717,16295,NA,1701
swine,37159,HA,1302,T,C,NA,NA,NA,NA,0.087673,0,0.013896,0,NA,NA,NA,NA,NA,NA,0.087673,1.28e-4,0.013896,0,NA,NA,NA,NA,NA,NA,NA,37046,75552,37812,16429,NA,1701
swine,37159,HA,1341,G,A,NA,NA,NA,NA,0.070505,0,0.011298,0,NA,NA,NA,NA,NA,NA,0.070505,1.48e-4,0.011298,0,NA,NA,NA,NA,NA,NA,NA,38601,80611,40058,16482,NA,1701
swine,37159,HA,1359,T,C,NA,NA,NA,NA,0.067406,0,0.011139,0,NA,NA,NA,NA,NA,NA,0.067406,3.86e-4,0.011139,0,NA,NA,NA,NA,NA,NA,NA,37630,81165,39875,16196,NA,1701
swine,37159,HA,1368,C,T,NA,NA,NA,NA,0.079021,0,0.011569,0,NA,NA,NA,NA,NA,NA,0.079021,6e-5,0.011569,0,NA,NA,NA,NA,NA,NA,NA,37993,81912,39644,15922,NA,1701
swine,37159,HA,1380,A,G,NA,NA,NA,NA,0.08211,0,0.011863,0,NA,NA,NA,NA,NA,NA,0.08211,9.4e-5,0.011863,0,NA,NA,NA,NA,NA,NA,NA,37079,80991,38675,15426,NA,1701
swine,37159,HA,1382,T,A,NA,NA,NA,NA,0.087242,0,0.013177,0,NA,NA,NA,NA,NA,NA,0.087242,0.002029,0.013177,0.006002,NA,NA,NA,NA,NA,NA,NA,36217,79844,37596,15036,NA,1701
swine,37159,HA,1395,A,G,NA,NA,NA,NA,0.108609,0,0.016224,0,NA,NA,NA,NA,NA,NA,0.108609,4.16e-4,0.016224,0,NA,NA,NA,NA,NA,NA,NA,37453,81496,38114,14979,NA,1701
swine,37159,HA,1398,G,A,NA,NA,NA,NA,0.107969,0,0.015847,0,NA,NA,NA,NA,NA,NA,0.107969,0.002426,0.015847,2.27e-4,NA,NA,NA,NA,NA,NA,NA,37515,81769,38173,14930,NA,1701
swine,37159,HA,1437,T,C,NA,NA,NA,NA,0.087745,0,0.012423,0,NA,NA,NA,NA,NA,NA,0.087745,3.82e-4,0.012423,1.56e-4,NA,NA,NA,NA,NA,NA,NA,38047,82149,38956,14606,NA,1701
swine,37159,HA,1455,T,C,NA,NA,NA,NA,0.076349,0,0.011006,0,NA,NA,NA,NA,NA,NA,0.076349,0.001324,0.011006,0.001856,NA,NA,NA,NA,NA,NA,NA,34705,76771,36757,13540,NA,1701
swine,37159,HA,1464,T,C,NA,NA,NA,NA,0.075855,0,0.010878,0,NA,NA,NA,NA,NA,NA,0.075855,0.001063,0.010878,0,NA,NA,NA,NA,NA,NA,NA,36266,80717,38957,14258,NA,1701
swine,37159,HA,1473,A,G,NA,NA,NA,NA,0.082352,0,0.012427,0,NA,NA,NA,NA,NA,NA,0.082352,2.03e-4,0.012427,0,NA,NA,NA,NA,NA,NA,NA,34810,76810,37073,13564,NA,1701
swine,37159,HA,1485,C,T,NA,NA,NA,NA,0.080554,0,0.010925,0,NA,NA,NA,NA,NA,NA,0.080554,1.39e-4,0.010925,0,NA,NA,NA,NA,NA,NA,NA,35617,75621,36676,13220,NA,1701
swine,37159,HA,1497,A,G,NA,NA,NA,NA,0.07627,0,0.010552,0,NA,NA,NA,NA,NA,NA,0.07627,1.71e-4,0.010552,0,NA,NA,NA,NA,NA,NA,NA,36076,76798,37791,13409,NA,1701
swine,37159,MP,253,A,G,NA,NA,NA,NA,0,0.038241,0,0,NA,NA,NA,NA,NA,NA,3.14e-4,0.038241,0,5.41e-4,NA,NA,NA,NA,NA,NA,NA,108120,207295,187422,38322,NA,982
swine,37159,MP,260,A,C,NA,NA,NA,NA,0.019872,0,0,0.029093,NA,NA,NA,NA,NA,NA,0.019872,0.006423,0.006755,0.029093,NA,NA,NA,NA,NA,NA,NA,110916,211254,191573,39282,NA,982
swine,37159,MP,278,T,G,NA,NA,NA,NA,0,0,0,0.028382,NA,NA,NA,NA,NA,NA,0.014195,0.004965,0.005218,0.028382,NA,NA,NA,NA,NA,NA,NA,110238,208054,195818,39173,NA,982
swine,37159,MP,375,C,T,NA,NA,NA,NA,0,0,0,0.024868,NA,NA,NA,NA,NA,NA,3.36e-4,0,0,0.024868,NA,NA,NA,NA,NA,NA,NA,115062,212607,203898,41647,NA,982
swine,37159,MP,408,A,G,NA,NA,NA,NA,0,0.075542,0.035067,0,NA,NA,NA,NA,NA,NA,0.001439,0.075542,0.035067,7.61e-4,NA,NA,NA,NA,NA,NA,NA,128518,238007,233138,45775,NA,982
swine,37159,MP,409,A,C,NA,NA,NA,NA,0,0,0,0.02726,NA,NA,NA,NA,NA,NA,0.017144,0.006373,0.00682,0.02726,NA,NA,NA,NA,NA,NA,NA,128435,237843,232907,45735,NA,982
swine,37159,MP,646,A,C,NA,NA,NA,NA,0.016884,0,0,0.025592,NA,NA,NA,NA,NA,NA,0.016884,0.005409,0.006996,0.025592,NA,NA,NA,NA,NA,NA,NA,97891,182421,170988,40647,NA,982
swine,37159,MP,730,A,C,NA,NA,NA,NA,0,0,0,0.028376,NA,NA,NA,NA,NA,NA,0.016516,0.00618,0.007725,0.028376,NA,NA,NA,NA,NA,NA,NA,86356,174533,146968,39194,NA,982
swine,37159,MP,731,T,G,NA,NA,NA,NA,0,0,0,0.02199,NA,NA,NA,NA,NA,NA,0.012525,0.004809,0.005355,0.02199,NA,NA,NA,NA,NA,NA,NA,86481,175013,147342,39253,NA,982
swine,37159,NA,799,A,C,NA,NA,NA,NA,0.016081,0,0,0.021164,NA,NA,NA,NA,NA,NA,0.016081,0.005316,0.005496,0.021164,NA,NA,NA,NA,NA,NA,NA,45168,88129,55511,6254,NA,1410
swine,37159,NP,585,A,G,NA,NA,NA,NA,0,0.152099,0,0,NA,NA,NA,NA,NA,NA,5.74e-4,0.152099,0.002198,6.08e-4,NA,NA,NA,NA,NA,NA,NA,63013,112735,92664,26331,NA,1499
swine,37159,NP,732,A,C,NA,NA,NA,NA,0.014573,0,0,0.021291,NA,NA,NA,NA,NA,NA,0.014573,0.004588,0.005521,0.021291,NA,NA,NA,NA,NA,NA,NA,53175,97350,77011,20694,NA,1499
swine,37159,NP,749,A,C,NA,NA,NA,NA,0.022518,0,0,0.032417,NA,NA,NA,NA,NA,NA,0.022518,0.008302,0.01009,0.032417,NA,NA,NA,NA,NA,NA,NA,54465,99773,78513,20938,NA,1499
swine,37159,NP,1040,T,G,NA,NA,NA,NA,0.012544,0,0,0.020118,NA,NA,NA,NA,NA,NA,0.012544,0.00371,0.004595,0.020118,NA,NA,NA,NA,NA,NA,NA,54748,104475,76691,25034,NA,1499
swine,37159,NP,1183,A,C,NA,NA,NA,NA,0,0,0,0.022806,NA,NA,NA,NA,NA,NA,0.013762,0.005074,0.005593,0.022806,NA,NA,NA,NA,NA,NA,NA,40543,77187,54055,17918,NA,1499
swine,37159,NP,1295,A,C,NA,NA,NA,NA,0,0,0,0.023147,NA,NA,NA,NA,NA,NA,0.015731,0.005099,0.006348,0.023147,NA,NA,NA,NA,NA,NA,NA,36519,70609,48247,17509,NA,1499
swine,37159,NS,532,A,C,NA,NA,NA,NA,0.020393,0,0,0.031012,NA,NA,NA,NA,NA,NA,0.020393,0.006419,0.007459,0.031012,NA,NA,NA,NA,NA,NA,NA,82217,188343,142117,67789,NA,839
swine,37159,NS,533,T,G,NA,NA,NA,NA,0.015179,0,0,0.025181,NA,NA,NA,NA,NA,NA,0.015179,0.004379,0.005611,0.025181,NA,NA,NA,NA,NA,NA,NA,82190,188298,142258,67720,NA,839
swine,37159,NS,563,A,C,NA,NA,NA,NA,0.016133,0,0,0.02371,NA,NA,NA,NA,NA,NA,0.016133,0.004953,0.005441,0.02371,NA,NA,NA,NA,NA,NA,NA,78943,182989,135947,65492,NA,839
swine,37159,PA,257,T,G,NA,NA,NA,NA,0,0,0,0.025614,NA,NA,NA,NA,NA,NA,0.014304,0,0.005554,0.025614,NA,NA,NA,NA,NA,NA,NA,21083,40584,46202,10755,NA,2154
swine,37159,PA,591,C,T,NA,NA,NA,NA,0,0.085677,0.037131,0,NA,NA,NA,NA,NA,NA,3.15e-4,0.085677,0.037131,1.14e-4,NA,NA,NA,NA,NA,NA,NA,19505,31138,40944,9831,NA,2154
swine,37159,PA,696,T,A,NA,NA,NA,NA,0.032759,0,0,0,NA,NA,NA,NA,NA,NA,0.032759,9.63e-4,7.53e-4,0,NA,NA,NA,NA,NA,NA,NA,20416,32905,42440,10694,NA,2154
swine,37159,PA,778,T,G,NA,NA,NA,NA,0,0,0,0.021133,NA,NA,NA,NA,NA,NA,0.013837,0.005692,0.006305,0.021133,NA,NA,NA,NA,NA,NA,NA,24053,38484,47405,11748,NA,2154
swine,37159,PA,1483,A,C,NA,NA,NA,NA,0,0,0,0.021913,NA,NA,NA,NA,NA,NA,0.014059,0.004822,0.005115,0.021913,NA,NA,NA,NA,NA,NA,NA,29080,41619,57877,13045,NA,2154
swine,37159,PA,1538,A,C,NA,NA,NA,NA,0,0,0,0.02345,NA,NA,NA,NA,NA,NA,0.01639,0.006118,0.008943,0.02345,NA,NA,NA,NA,NA,NA,NA,25485,37049,51625,12334,NA,2154
swine,37159,PA,1561,G,A,NA,NA,NA,NA,0,0.029129,0,0,NA,NA,NA,NA,NA,NA,3.11e-4,0.029129,2.03e-4,9.9e-5,NA,NA,NA,NA,NA,NA,NA,23803,34668,48725,11351,NA,2154
swine,37159,PB1,559,A,T,NA,NA,NA,NA,0,0,0,0.032632,NA,NA,NA,NA,NA,NA,0.010159,0.004375,0.004094,0.032632,NA,NA,NA,NA,NA,NA,NA,7946,11360,12599,1516,NA,2275
swine,37159,PB1,636,G,A,NA,NA,NA,NA,0,0.12931,0,0,NA,NA,NA,NA,NA,NA,0,0.12931,5.76e-4,0,NA,NA,NA,NA,NA,NA,NA,7644,10509,12002,1457,NA,2275
swine,37159,PB1,669,A,G,NA,NA,NA,NA,0,0,0,0.023458,NA,NA,NA,NA,NA,NA,3.27e-4,0,3.37e-4,0.023458,NA,NA,NA,NA,NA,NA,NA,7678,10837,11946,1660,NA,2275
swine,37159,PB1,1230,C,A,NA,NA,NA,NA,0,0,0,0.792803,NA,NA,NA,NA,NA,NA,0.004935,0.002692,0.002138,0.792803,NA,NA,NA,NA,NA,NA,NA,12533,14520,16075,2019,NA,2275
swine,37159,PB1,1831,T,C,NA,NA,NA,NA,0,0,0,0.099929,NA,NA,NA,NA,NA,NA,8.93e-4,3.37e-4,0.003746,0.099929,NA,NA,NA,NA,NA,NA,NA,18140,22447,21359,3013,NA,2275
swine,37159,PB1,2048,T,C,NA,NA,NA,NA,0,0,0,0.046243,NA,NA,NA,NA,NA,NA,3.52e-4,3.99e-4,5.21e-4,0.046243,NA,NA,NA,NA,NA,NA,NA,16568,30728,28728,7994,NA,2275
swine,37159,PB1,2064,G,A,NA,NA,NA,NA,0,0,0,0.047031,NA,NA,NA,NA,NA,NA,0,0.009823,8.37e-4,0.047031,NA,NA,NA,NA,NA,NA,NA,16826,31568,31776,10041,NA,2275
swine,37159,PB2,207,G,A,NA,NA,NA,NA,0.029346,0,0,0,NA,NA,NA,NA,NA,NA,0.029346,9.8e-5,5.2e-5,0,NA,NA,NA,NA,NA,NA,NA,27463,47410,41623,10286,NA,2285
swine,37159,PB2,553,A,C,NA,NA,NA,NA,0.01936,0,0,0.030549,NA,NA,NA,NA,NA,NA,0.01936,0.008123,0.008965,0.030549,NA,NA,NA,NA,NA,NA,NA,20607,29897,30495,7289,NA,2285
swine,37159,PB2,559,A,C,NA,NA,NA,NA,0.024346,0,0,0.038356,NA,NA,NA,NA,NA,NA,0.024346,0.008249,0.009405,0.038356,NA,NA,NA,NA,NA,NA,NA,20933,30335,31031,7428,NA,2285
swine,37159,PB2,755,A,C,NA,NA,NA,NA,0.022058,0,0,0.033585,NA,NA,NA,NA,NA,NA,0.022058,0.007255,0.008906,0.033585,NA,NA,NA,NA,NA,NA,NA,25112,34228,33826,8009,NA,2285
swine,37159,PB2,1093,A,C,NA,NA,NA,NA,0.016625,0,0,0.029525,NA,NA,NA,NA,NA,NA,0.016625,0.005927,0.006736,0.029525,NA,NA,NA,NA,NA,NA,NA,17998,23988,22086,6688,NA,2285
swine,37159,PB2,1344,T,G,NA,NA,NA,NA,0,0,0,0.020316,NA,NA,NA,NA,NA,NA,0.010539,0.004015,0.005277,0.020316,NA,NA,NA,NA,NA,NA,NA,20466,27785,27634,7612,NA,2285
swine,37159,PB2,1378,A,C,NA,NA,NA,NA,0,0,0,0.024605,NA,NA,NA,NA,NA,NA,0.01272,0.005328,0.008044,0.024605,NA,NA,NA,NA,NA,NA,NA,18738,25203,25536,6991,NA,2285
swine,37159,PB2,1529,A,C,NA,NA,NA,NA,0,0,0,0.029507,NA,NA,NA,NA,NA,NA,0.018368,0.007128,0.007876,0.029507,NA,NA,NA,NA,NA,NA,NA,21831,28918,28293,8032,NA,2285
swine,37159,PB2,1728,A,C,NA,NA,NA,NA,0,0,0,0.021198,NA,NA,NA,NA,NA,NA,0.014034,0.004854,0.005432,0.021198,NA,NA,NA,NA,NA,NA,NA,20921,28876,27933,6645,NA,2285
swine,37159,PB2,1839,C,T,NA,NA,NA,NA,0.021468,0,0,0,NA,NA,NA,NA,NA,NA,0.021468,1.53e-4,1.33e-4,2.95e-4,NA,NA,NA,NA,NA,NA,NA,22920,35035,32185,7497,NA,2285
swine,37159,PB2,1936,A,G,NA,NA,NA,NA,0,0,0,0.062666,NA,NA,NA,NA,NA,NA,0.004046,0.002824,0.00317,0.062666,NA,NA,NA,NA,NA,NA,NA,18226,32105,29305,6225,NA,2285
swine,37159,PB2,1989,A,C,NA,NA,NA,NA,0,0,0,0.039872,NA,NA,NA,NA,NA,NA,0.014502,0.009764,0.006454,0.039872,NA,NA,NA,NA,NA,NA,NA,17082,37562,37611,5683,NA,2285
swine,37159,PB2,1995,T,G,NA,NA,NA,NA,0,0,0,0.020387,NA,NA,NA,NA,NA,NA,0.002625,0.0014,0.002933,0.020387,NA,NA,NA,NA,NA,NA,NA,16522,37625,39319,5466,NA,2285
swine,37159,PB2,2000,T,G,NA,NA,NA,NA,0,0,0,0.029056,NA,NA,NA,NA,NA,NA,0.007106,0.00231,0.005074,0.029056,NA,NA,NA,NA,NA,NA,NA,16267,37490,39209,5389,NA,2285
swine,37159,PB2,2001,T,A,NA,NA,NA,NA,0,0,0,0.025411,NA,NA,NA,NA,NA,NA,0.005452,0.002499,0.005106,0.025411,NA,NA,NA,NA,NA,NA,NA,16122,37254,39134,5355,NA,2285
swine,37159,PB2,2003,T,A,NA,NA,NA,NA,0,0,0,0.026518,NA,NA,NA,NA,NA,NA,0.00513,0.002691,0.004662,0.026518,NA,NA,NA,NA,NA,NA,NA,16245,37437,39593,5363,NA,2285
swine,37159,PB2,2004,T,A,NA,NA,NA,NA,0,0,0,0.023688,NA,NA,NA,NA,NA,NA,0.002675,0.001577,0.003457,0.023688,NA,NA,NA,NA,NA,NA,NA,16256,37506,39655,5374,NA,2285
swine,37159,PB2,2008,A,T,NA,NA,NA,NA,0,0,0,0.030685,NA,NA,NA,NA,NA,NA,0.002236,0.002414,0.007235,0.030685,NA,NA,NA,NA,NA,NA,NA,16229,38294,40140,5683,NA,2285
swine,37177,HA,264,A,G,NA,0,NA,NA,NA,NA,NA,0.042706,NA,NA,NA,6.26e-4,NA,NA,NA,NA,NA,0.042706,NA,NA,NA,NA,NA,NA,NA,NA,NA,NA,4302,13409,1701
swine,37177,HA,436,G,A,NA,0.123108,NA,NA,NA,NA,NA,0,NA,NA,NA,0.123108,NA,NA,NA,NA,NA,0,NA,NA,NA,NA,NA,NA,NA,NA,NA,NA,4113,12880,1701
swine,37177,HA,1085,T,C,NA,0.037228,NA,NA,NA,NA,NA,0,NA,NA,NA,0.037228,NA,NA,NA,NA,NA,8.89e-4,NA,NA,NA,NA,NA,NA,NA,NA,NA,NA,3799,14449,1701
swine,37177,HA,1331,T,C,NA,0,NA,NA,NA,NA,NA,0.045163,NA,NA,NA,2.47e-4,NA,NA,NA,NA,NA,0.045163,NA,NA,NA,NA,NA,NA,NA,NA,NA,NA,3378,17036,1701
swine,37177,MP,385,G,A,NA,0,NA,NA,NA,NA,NA,0.025985,NA,NA,NA,0,NA,NA,NA,NA,NA,0.025985,NA,NA,NA,NA,NA,NA,NA,NA,NA,NA,44109,220201,982
swine,37177,NA,736,G,T,NA,0.401125,NA,NA,NA,NA,NA,0,NA,NA,NA,0.401125,NA,NA,NA,NA,NA,0.003367,NA,NA,NA,NA,NA,NA,NA,NA,NA,NA,20967,120142,1410
swine,37177,NP,249,C,A,NA,0,NA,NA,NA,NA,NA,0.061617,NA,NA,NA,7.54e-4,NA,NA,NA,NA,NA,0.061617,NA,NA,NA,NA,NA,NA,NA,NA,NA,NA,20719,37657,1497
swine,37177,NP,465,T,C,NA,0,NA,NA,NA,NA,NA,0.066825,NA,NA,NA,6.31e-4,NA,NA,NA,NA,NA,0.066825,NA,NA,NA,NA,NA,NA,NA,NA,NA,NA,20684,43237,1497
swine,37177,NP,715,A,G,NA,0.101903,NA,NA,NA,NA,NA,0,NA,NA,NA,0.101903,NA,NA,NA,NA,NA,2.27e-4,NA,NA,NA,NA,NA,NA,NA,NA,NA,NA,20378,49486,1497
swine,37177,NP,1098,T,C,NA,0.05276,NA,NA,NA,NA,NA,0,NA,NA,NA,0.05276,NA,NA,NA,NA,NA,0.001214,NA,NA,NA,NA,NA,NA,NA,NA,NA,NA,18416,46757,1497
swine,37177,NS,496,C,T,NA,0,NA,NA,NA,NA,NA,0.04919,NA,NA,NA,0,NA,NA,NA,NA,NA,0.04919,NA,NA,NA,NA,NA,NA,NA,NA,NA,NA,63582,356489,838
swine,37177,NS,577,C,A,NA,0.031976,NA,NA,NA,NA,NA,0,NA,NA,NA,0.031976,NA,NA,NA,NA,NA,0.001099,NA,NA,NA,NA,NA,NA,NA,NA,NA,NA,57611,317809,838
swine,37177,PA,244,A,G,NA,0.027632,NA,NA,NA,NA,NA,0,NA,NA,NA,0.027632,NA,NA,NA,NA,NA,9.8e-4,NA,NA,NA,NA,NA,NA,NA,NA,NA,NA,7940,44755,2151
swine,37177,PA,556,G,A,NA,0.142388,NA,NA,NA,NA,NA,0,NA,NA,NA,0.142388,NA,NA,NA,NA,NA,2.91e-4,NA,NA,NA,NA,NA,NA,NA,NA,NA,NA,7717,48507,2151
swine,37177,PA,571,T,A,NA,0.044764,NA,NA,NA,NA,NA,0,NA,NA,NA,0.044764,NA,NA,NA,NA,NA,0.001319,NA,NA,NA,NA,NA,NA,NA,NA,NA,NA,7674,48830,2151
swine,37177,PA,896,G,A,NA,0,NA,NA,NA,NA,NA,0.036237,NA,NA,NA,9.2e-5,NA,NA,NA,NA,NA,0.036237,NA,NA,NA,NA,NA,NA,NA,NA,NA,NA,8305,50003,2151
swine,37177,PB1,353,G,A,NA,0,NA,NA,NA,NA,NA,0.032721,NA,NA,NA,8.51e-4,NA,NA,NA,NA,NA,0.032721,NA,NA,NA,NA,NA,NA,NA,NA,NA,NA,10741,67373,2274
swine,37177,PB1,1370,A,G,NA,0.020707,NA,NA,NA,NA,NA,0.030949,NA,NA,NA,0.020707,NA,NA,NA,NA,NA,0.030949,NA,NA,NA,NA,NA,NA,NA,NA,NA,NA,10092,67140,2274
swine,37177,PB2,390,C,T,NA,0.089408,NA,NA,NA,NA,NA,0,NA,NA,NA,0.089408,NA,NA,NA,NA,NA,2.15e-4,NA,NA,NA,NA,NA,NA,NA,NA,NA,NA,10609,60797,2280
swine,37177,PB2,664,G,A,NA,0,NA,NA,NA,NA,NA,0.023253,NA,NA,NA,9.4e-5,NA,NA,NA,NA,NA,0.023253,NA,NA,NA,NA,NA,NA,NA,NA,NA,NA,10808,59373,2280
swine,37177,PB2,861,A,C,NA,0,NA,NA,NA,NA,NA,0.088314,NA,NA,NA,2.65e-4,NA,NA,NA,NA,NA,0.088314,NA,NA,NA,NA,NA,NA,NA,NA,NA,NA,11017,60301,2280
swine,37177,PB2,922,G,T,NA,0,NA,NA,NA,NA,NA,0.082471,NA,NA,NA,7.49e-4,NA,NA,NA,NA,NA,0.082471,NA,NA,NA,NA,NA,NA,NA,NA,NA,NA,10966,59492,2280
swine,37177,PB2,1188,G,A,NA,0.402494,NA,NA,NA,NA,NA,0,NA,NA,NA,0.402494,NA,NA,NA,NA,NA,6.51e-4,NA,NA,NA,NA,NA,NA,NA,NA,NA,NA,10685,59914,2280
swine,37177,PB2,1229,T,C,NA,0.023064,NA,NA,NA,NA,NA,0,NA,NA,NA,0.023064,NA,NA,NA,NA,NA,1.1e-4,NA,NA,NA,NA,NA,NA,NA,NA,NA,NA,10543,58822,2280
swine,37177,PB2,1665,G,A,NA,0,NA,NA,NA,NA,NA,0.020064,NA,NA,NA,2.69e-4,NA,NA,NA,NA,NA,0.020064,NA,NA,NA,NA,NA,NA,NA,NA,NA,NA,10783,62456,2280
swine,37177,PB2,1959,T,C,NA,0.036346,NA,NA,NA,NA,NA,0,NA,NA,NA,0.036346,NA,NA,NA,NA,NA,0.001807,NA,NA,NA,NA,NA,NA,NA,NA,NA,NA,9771,59447,2280
swine,37182,HA,1058,T,C,NA,NA,NA,NA,NA,0,NA,0.020733,NA,NA,NA,NA,NA,NA,NA,1.68e-4,NA,0.020733,NA,NA,NA,NA,NA,NA,NA,NA,NA,57285,73385,NA,1701
swine,37182,HA,1152,C,T,NA,NA,NA,NA,NA,0.025766,NA,0,NA,NA,NA,NA,NA,NA,NA,0.025766,NA,3.84e-4,NA,NA,NA,NA,NA,NA,NA,NA,NA,51262,62549,NA,1701
swine,37182,NA,694,G,T,NA,NA,NA,NA,NA,0.056759,NA,0,NA,NA,NA,NA,NA,NA,NA,0.056759,NA,0.001694,NA,NA,NA,NA,NA,NA,NA,NA,NA,44417,48568,NA,1410
swine,37182,PA,599,C,T,NA,NA,NA,NA,NA,0,NA,0.022964,NA,NA,NA,NA,NA,NA,NA,9.3e-5,NA,0.022964,NA,NA,NA,NA,NA,NA,NA,NA,NA,40048,48900,NA,2151
swine,37182,PA,1481,G,A,NA,NA,NA,NA,NA,0,NA,0.020769,NA,NA,NA,NA,NA,NA,NA,1.91e-4,NA,0.020769,NA,NA,NA,NA,NA,NA,NA,NA,NA,51937,62649,NA,2151
swine,37182,PA,1544,C,T,NA,NA,NA,NA,NA,0.023825,NA,0,NA,NA,NA,NA,NA,NA,NA,0.023825,NA,1.44e-4,NA,NA,NA,NA,NA,NA,NA,NA,NA,46349,57072,NA,2151
swine,37182,PA,1773,G,A,NA,NA,NA,NA,NA,0,NA,0.026089,NA,NA,NA,NA,NA,NA,NA,1.47e-4,NA,0.026089,NA,NA,NA,NA,NA,NA,NA,NA,NA,34235,42704,NA,2151
swine,37182,PB1,232,G,A,NA,NA,NA,NA,NA,0,NA,0.037146,NA,NA,NA,NA,NA,NA,NA,3.59e-4,NA,0.037146,NA,NA,NA,NA,NA,NA,NA,NA,NA,31983,30705,NA,2275
swine,37182,PB1,303,G,A,NA,NA,NA,NA,NA,0.020993,NA,0,NA,NA,NA,NA,NA,NA,NA,0.020993,NA,8.6e-5,NA,NA,NA,NA,NA,NA,NA,NA,NA,28517,26097,NA,2275
swine,37182,PB1,839,C,T,NA,NA,NA,NA,NA,0,NA,0.03088,NA,NA,NA,NA,NA,NA,NA,1.27e-4,NA,0.03088,NA,NA,NA,NA,NA,NA,NA,NA,NA,28313,22403,NA,2275
swine,37182,PB1,872,C,T,NA,NA,NA,NA,NA,0.029763,NA,0,NA,NA,NA,NA,NA,NA,NA,0.029763,NA,5.3e-5,NA,NA,NA,NA,NA,NA,NA,NA,NA,28204,21810,NA,2275
swine,37182,PB1,1397,T,C,NA,NA,NA,NA,NA,0,NA,0.040938,NA,NA,NA,NA,NA,NA,NA,7.4e-5,NA,0.040938,NA,NA,NA,NA,NA,NA,NA,NA,NA,31407,21974,NA,2275
swine,37182,PB1,1962,C,T,NA,NA,NA,NA,NA,0,NA,0.033221,NA,NA,NA,NA,NA,NA,NA,4.1e-5,NA,0.033221,NA,NA,NA,NA,NA,NA,NA,NA,NA,27673,22387,NA,2275
swine,37182,PB1,2012,A,G,NA,NA,NA,NA,NA,0,NA,0.034069,NA,NA,NA,NA,NA,NA,NA,4.11e-4,NA,0.034069,NA,NA,NA,NA,NA,NA,NA,NA,NA,27564,22955,NA,2275
swine,37182,PB2,265,G,A,NA,NA,NA,NA,NA,0,NA,0.022063,NA,NA,NA,NA,NA,NA,NA,2.87e-4,NA,0.022063,NA,NA,NA,NA,NA,NA,NA,NA,NA,32662,40380,NA,2280
swine,37182,PB2,461,T,C,NA,NA,NA,NA,NA,0,NA,0.024401,NA,NA,NA,NA,NA,NA,NA,2.14e-4,NA,0.024401,NA,NA,NA,NA,NA,NA,NA,NA,NA,33185,40840,NA,2280
swine,37182,PB2,1009,T,C,NA,NA,NA,NA,NA,0.022898,NA,0,NA,NA,NA,NA,NA,NA,NA,0.022898,NA,1.46e-4,NA,NA,NA,NA,NA,NA,NA,NA,NA,33108,39908,NA,2280
swine,37182,PB2,1392,G,A,NA,NA,NA,NA,NA,0,NA,0.021756,NA,NA,NA,NA,NA,NA,NA,5.99e-4,NA,0.021756,NA,NA,NA,NA,NA,NA,NA,NA,NA,28198,34030,NA,2280
swine,37182,PB2,1406,C,A,NA,NA,NA,NA,NA,0,NA,0.029097,NA,NA,NA,NA,NA,NA,NA,0.001976,NA,0.029097,NA,NA,NA,NA,NA,NA,NA,NA,NA,28584,34825,NA,2280
swine,37182,PB2,1489,A,G,NA,NA,NA,NA,NA,0.026367,NA,0,NA,NA,NA,NA,NA,NA,NA,0.026367,NA,0.001102,NA,NA,NA,NA,NA,NA,NA,NA,NA,29865,35972,NA,2280
swine,37182,PB2,2053,G,A,NA,NA,NA,NA,NA,0,NA,0.023832,NA,NA,NA,NA,NA,NA,NA,1.76e-4,NA,0.023832,NA,NA,NA,NA,NA,NA,NA,NA,NA,26676,37606,NA,2280
swine,37182,PB2,2054,G,T,NA,NA,NA,NA,NA,0,NA,0.023747,NA,NA,NA,NA,NA,NA,NA,8.24e-4,NA,0.023747,NA,NA,NA,NA,NA,NA,NA,NA,NA,27147,38563,NA,2280
swine,37182,PB2,2056,G,A,NA,NA,NA,NA,NA,0,NA,0.026455,NA,NA,NA,NA,NA,NA,NA,1.74e-4,NA,0.026455,NA,NA,NA,NA,NA,NA,NA,NA,NA,27039,38863,NA,2280
swine,37188,HA,641,C,A,NA,NA,NA,NA,NA,0.034012,0,NA,NA,NA,NA,NA,NA,NA,NA,0.034012,0.001618,NA,NA,NA,NA,NA,NA,NA,NA,NA,34409,18794,NA,NA,1701
swine,37188,HA,1348,C,A,NA,NA,NA,NA,NA,0.037511,0,NA,NA,NA,NA,NA,NA,NA,NA,0.037511,0.001843,NA,NA,NA,NA,NA,NA,NA,NA,NA,22019,14146,NA,NA,1701
swine,37188,HA,1400,C,A,NA,NA,NA,NA,NA,0.031975,0,NA,NA,NA,NA,NA,NA,NA,NA,0.031975,0.002107,NA,NA,NA,NA,NA,NA,NA,NA,NA,26656,16825,NA,NA,1701
swine,37188,MP,389,T,C,NA,NA,NA,NA,NA,0,0.025638,NA,NA,NA,NA,NA,NA,NA,NA,0,0.025638,NA,NA,NA,NA,NA,NA,NA,NA,NA,257328,198824,NA,NA,982
swine,37188,MP,468,T,C,NA,NA,NA,NA,NA,0,0.035208,NA,NA,NA,NA,NA,NA,NA,NA,0,0.035208,NA,NA,NA,NA,NA,NA,NA,NA,NA,256679,210124,NA,NA,982
swine,37188,MP,469,T,C,NA,NA,NA,NA,NA,0,0.033599,NA,NA,NA,NA,NA,NA,NA,NA,0,0.033599,NA,NA,NA,NA,NA,NA,NA,NA,NA,257340,210906,NA,NA,982
swine,37188,MP,492,A,G,NA,NA,NA,NA,NA,0,0.033467,NA,NA,NA,NA,NA,NA,NA,NA,0,0.033467,NA,NA,NA,NA,NA,NA,NA,NA,NA,259129,210483,NA,NA,982
swine,37188,MP,528,G,A,NA,NA,NA,NA,NA,0,0.031384,NA,NA,NA,NA,NA,NA,NA,NA,0,0.031384,NA,NA,NA,NA,NA,NA,NA,NA,NA,264916,214878,NA,NA,982
swine,37188,MP,679,A,G,NA,NA,NA,NA,NA,0,0.029585,NA,NA,NA,NA,NA,NA,NA,NA,0,0.029585,NA,NA,NA,NA,NA,NA,NA,NA,NA,201690,172921,NA,NA,982
swine,37188,MP,711,A,G,NA,NA,NA,NA,NA,0,0.030999,NA,NA,NA,NA,NA,NA,NA,NA,0,0.030999,NA,NA,NA,NA,NA,NA,NA,NA,NA,183262,153660,NA,NA,982
swine,37188,MP,768,C,T,NA,NA,NA,NA,NA,0,0.030596,NA,NA,NA,NA,NA,NA,NA,NA,6.4e-4,0.030596,NA,NA,NA,NA,NA,NA,NA,NA,NA,188427,158531,NA,NA,982
swine,37188,NA,306,G,C,NA,NA,NA,NA,NA,0,0.117141,NA,NA,NA,NA,NA,NA,NA,NA,4.08e-4,0.117141,NA,NA,NA,NA,NA,NA,NA,NA,NA,79451,111158,NA,NA,1410
swine,37188,NA,336,G,A,NA,NA,NA,NA,NA,0,0.106334,NA,NA,NA,NA,NA,NA,NA,NA,0,0.106334,NA,NA,NA,NA,NA,NA,NA,NA,NA,86482,121322,NA,NA,1410
swine,37188,NA,736,T,G,NA,NA,NA,NA,NA,0.259284,0,NA,NA,NA,NA,NA,NA,NA,NA,0.259284,7.08e-4,NA,NA,NA,NA,NA,NA,NA,NA,NA,65390,90035,NA,NA,1410
swine,37188,NA,1072,A,G,NA,NA,NA,NA,NA,0,0.168518,NA,NA,NA,NA,NA,NA,NA,NA,1.64e-4,0.168518,NA,NA,NA,NA,NA,NA,NA,NA,NA,60751,76148,NA,NA,1410
swine,37188,NP,978,T,C,NA,NA,NA,NA,NA,0,0.021507,NA,NA,NA,NA,NA,NA,NA,NA,4.48e-4,0.021507,NA,NA,NA,NA,NA,NA,NA,NA,NA,58576,54610,NA,NA,1497
swine,37188,NS,204,T,C,NA,NA,NA,NA,NA,0,0.178961,NA,NA,NA,NA,NA,NA,NA,NA,1.17e-4,0.178961,NA,NA,NA,NA,NA,NA,NA,NA,NA,176536,208972,NA,NA,838
swine,37188,NS,207,A,G,NA,NA,NA,NA,NA,0,0.180666,NA,NA,NA,NA,NA,NA,NA,NA,0,0.180666,NA,NA,NA,NA,NA,NA,NA,NA,NA,176612,208697,NA,NA,838
swine,37188,NS,214,A,G,NA,NA,NA,NA,NA,0,0.188305,NA,NA,NA,NA,NA,NA,NA,NA,0,0.188305,NA,NA,NA,NA,NA,NA,NA,NA,NA,176736,205309,NA,NA,838
swine,37188,NS,233,A,G,NA,NA,NA,NA,NA,0,0.209049,NA,NA,NA,NA,NA,NA,NA,NA,0,0.209049,NA,NA,NA,NA,NA,NA,NA,NA,NA,180900,197992,NA,NA,838
swine,37188,NS,234,G,A,NA,NA,NA,NA,NA,0,0.208836,NA,NA,NA,NA,NA,NA,NA,NA,0,0.208836,NA,NA,NA,NA,NA,NA,NA,NA,NA,179968,196341,NA,NA,838
swine,37188,NS,240,C,A,NA,NA,NA,NA,NA,0,0.213544,NA,NA,NA,NA,NA,NA,NA,NA,0,0.213544,NA,NA,NA,NA,NA,NA,NA,NA,NA,178219,191302,NA,NA,838
swine,37188,NS,250,A,G,NA,NA,NA,NA,NA,0,0.192538,NA,NA,NA,NA,NA,NA,NA,NA,0,0.192538,NA,NA,NA,NA,NA,NA,NA,NA,NA,193064,207449,NA,NA,838
swine,37188,NS,258,C,T,NA,NA,NA,NA,NA,0,0.211166,NA,NA,NA,NA,NA,NA,NA,NA,0,0.211166,NA,NA,NA,NA,NA,NA,NA,NA,NA,183927,191710,NA,NA,838
swine,37188,NS,270,A,T,NA,NA,NA,NA,NA,0,0.208286,NA,NA,NA,NA,NA,NA,NA,NA,0,0.208286,NA,NA,NA,NA,NA,NA,NA,NA,NA,199299,202683,NA,NA,838
swine,37188,NS,271,G,T,NA,NA,NA,NA,NA,0,0.209427,NA,NA,NA,NA,NA,NA,NA,NA,0,0.209427,NA,NA,NA,NA,NA,NA,NA,NA,NA,199530,203185,NA,NA,838
swine,37188,NS,309,A,C,NA,NA,NA,NA,NA,0,0.193542,NA,NA,NA,NA,NA,NA,NA,NA,0,0.193542,NA,NA,NA,NA,NA,NA,NA,NA,NA,219999,229777,NA,NA,838
swine,37188,NS,315,T,C,NA,NA,NA,NA,NA,0,0.120906,NA,NA,NA,NA,NA,NA,NA,NA,0,0.120906,NA,NA,NA,NA,NA,NA,NA,NA,NA,221380,232436,NA,NA,838
swine,37188,NS,348,T,C,NA,NA,NA,NA,NA,0,0.159507,NA,NA,NA,NA,NA,NA,NA,NA,0,0.159507,NA,NA,NA,NA,NA,NA,NA,NA,NA,216376,229864,NA,NA,838
swine,37188,NS,351,T,G,NA,NA,NA,NA,NA,0,0.159982,NA,NA,NA,NA,NA,NA,NA,NA,0,0.159982,NA,NA,NA,NA,NA,NA,NA,NA,NA,214438,228092,NA,NA,838
swine,37188,NS,355,G,T,NA,NA,NA,NA,NA,0,0.182309,NA,NA,NA,NA,NA,NA,NA,NA,0,0.182309,NA,NA,NA,NA,NA,NA,NA,NA,NA,218548,229603,NA,NA,838
swine,37188,NS,357,A,G,NA,NA,NA,NA,NA,0,0.177027,NA,NA,NA,NA,NA,NA,NA,NA,0,0.177027,NA,NA,NA,NA,NA,NA,NA,NA,NA,223441,237301,NA,NA,838
swine,37188,NS,372,T,G,NA,NA,NA,NA,NA,0,0.164652,NA,NA,NA,NA,NA,NA,NA,NA,0,0.164652,NA,NA,NA,NA,NA,NA,NA,NA,NA,237126,259940,NA,NA,838
swine,37188,NS,384,C,A,NA,NA,NA,NA,NA,0,0.166111,NA,NA,NA,NA,NA,NA,NA,NA,0,0.166111,NA,NA,NA,NA,NA,NA,NA,NA,NA,235052,257489,NA,NA,838
swine,37188,NS,385,A,G,NA,NA,NA,NA,NA,0,0.165286,NA,NA,NA,NA,NA,NA,NA,NA,0,0.165286,NA,NA,NA,NA,NA,NA,NA,NA,NA,235858,258211,NA,NA,838
swine,37188,NS,408,G,A,NA,NA,NA,NA,NA,0,0.153649,NA,NA,NA,NA,NA,NA,NA,NA,0,0.153649,NA,NA,NA,NA,NA,NA,NA,NA,NA,204574,225279,NA,NA,838
swine,37188,NS,429,T,C,NA,NA,NA,NA,NA,0,0.143545,NA,NA,NA,NA,NA,NA,NA,NA,0,0.143545,NA,NA,NA,NA,NA,NA,NA,NA,NA,207747,234972,NA,NA,838
swine,37188,NS,441,G,A,NA,NA,NA,NA,NA,0,0.163612,NA,NA,NA,NA,NA,NA,NA,NA,0,0.163612,NA,NA,NA,NA,NA,NA,NA,NA,NA,218791,238867,NA,NA,838
swine,37188,NS,444,A,G,NA,NA,NA,NA,NA,0,0.16649,NA,NA,NA,NA,NA,NA,NA,NA,0,0.16649,NA,NA,NA,NA,NA,NA,NA,NA,NA,216788,235650,NA,NA,838
swine,37188,NS,468,C,A,NA,NA,NA,NA,NA,0,0.153863,NA,NA,NA,NA,NA,NA,NA,NA,0,0.153863,NA,NA,NA,NA,NA,NA,NA,NA,NA,189553,207734,NA,NA,838
swine,37188,NS,489,G,A,NA,NA,NA,NA,NA,0,0.16373,NA,NA,NA,NA,NA,NA,NA,NA,0,0.16373,NA,NA,NA,NA,NA,NA,NA,NA,NA,191771,206609,NA,NA,838
swine,37188,NS,511,A,T,NA,NA,NA,NA,NA,0,0.178476,NA,NA,NA,NA,NA,NA,NA,NA,0,0.178476,NA,NA,NA,NA,NA,NA,NA,NA,NA,202583,215188,NA,NA,838
swine,37188,NS,532,A,G,NA,NA,NA,NA,NA,0,0.175243,NA,NA,NA,NA,NA,NA,NA,NA,9.99e-4,0.175243,NA,NA,NA,NA,NA,NA,NA,NA,NA,173977,189490,NA,NA,838
swine,37188,NS,581,G,T,NA,NA,NA,NA,NA,0,0.188884,NA,NA,NA,NA,NA,NA,NA,NA,0,0.188884,NA,NA,NA,NA,NA,NA,NA,NA,NA,166220,173094,NA,NA,838
swine,37188,NS,592,C,A,NA,NA,NA,NA,NA,0,0.184521,NA,NA,NA,NA,NA,NA,NA,NA,0,0.184521,NA,NA,NA,NA,NA,NA,NA,NA,NA,157110,166501,NA,NA,838
swine,37188,NS,616,C,T,NA,NA,NA,NA,NA,0,0.181025,NA,NA,NA,NA,NA,NA,NA,NA,0,0.181025,NA,NA,NA,NA,NA,NA,NA,NA,NA,152520,162997,NA,NA,838
swine,37188,NS,619,A,G,NA,NA,NA,NA,NA,0,0.180228,NA,NA,NA,NA,NA,NA,NA,NA,1.05e-4,0.180228,NA,NA,NA,NA,NA,NA,NA,NA,NA,154377,165265,NA,NA,838
swine,37188,NS,625,G,A,NA,NA,NA,NA,NA,0,0.18023,NA,NA,NA,NA,NA,NA,NA,NA,0,0.18023,NA,NA,NA,NA,NA,NA,NA,NA,NA,154765,167039,NA,NA,838
swine,37188,PA,857,A,G,NA,NA,NA,NA,NA,0,0.042975,NA,NA,NA,NA,NA,NA,NA,NA,4.48e-4,0.042975,NA,NA,NA,NA,NA,NA,NA,NA,NA,13676,31465,NA,NA,2151
swine,37188,PA,960,T,A,NA,NA,NA,NA,NA,0.06228,0,NA,NA,NA,NA,NA,NA,NA,NA,0.06228,0.001623,NA,NA,NA,NA,NA,NA,NA,NA,NA,13627,30208,NA,NA,2151
swine,37188,PB1,220,C,T,NA,NA,NA,NA,NA,0,0.030473,NA,NA,NA,NA,NA,NA,NA,NA,2.51e-4,0.030473,NA,NA,NA,NA,NA,NA,NA,NA,NA,29969,33658,NA,NA,2274
swine,37188,PB1,222,T,C,NA,NA,NA,NA,NA,0,0.029164,NA,NA,NA,NA,NA,NA,NA,NA,5.14e-4,0.029164,NA,NA,NA,NA,NA,NA,NA,NA,NA,28909,32861,NA,NA,2274
swine,37188,PB1,1370,A,G,NA,NA,NA,NA,NA,0.077243,0.091774,NA,NA,NA,NA,NA,NA,NA,NA,0.077243,0.091774,NA,NA,NA,NA,NA,NA,NA,NA,NA,32843,24955,NA,NA,2274
swine,37188,PB1,1656,C,T,NA,NA,NA,NA,NA,0,0.049729,NA,NA,NA,NA,NA,NA,NA,NA,2.94e-4,0.049729,NA,NA,NA,NA,NA,NA,NA,NA,NA,67119,59805,NA,NA,2274
swine,37188,PB1,2048,T,C,NA,NA,NA,NA,NA,0,0.196533,NA,NA,NA,NA,NA,NA,NA,NA,2.11e-4,0.196533,NA,NA,NA,NA,NA,NA,NA,NA,NA,53918,57190,NA,NA,2274
swine,37188,PB2,813,A,G,NA,NA,NA,NA,NA,0,0.480526,NA,NA,NA,NA,NA,NA,NA,NA,2.99e-4,0.480526,NA,NA,NA,NA,NA,NA,NA,NA,NA,10877,33016,NA,NA,2283
swine,37188,PB2,1188,G,A,NA,NA,NA,NA,NA,0.798902,0.244183,NA,NA,NA,NA,NA,NA,NA,NA,0.798902,0.244183,NA,NA,NA,NA,NA,NA,NA,NA,NA,8475,25773,NA,NA,2283
swine,37188,PB2,1228,A,G,NA,NA,NA,NA,NA,0,0.072557,NA,NA,NA,NA,NA,NA,NA,NA,0.00146,0.072557,NA,NA,NA,NA,NA,NA,NA,NA,NA,8238,25866,NA,NA,2283
swine,37188,PB2,1320,G,A,NA,NA,NA,NA,NA,0,0.258898,NA,NA,NA,NA,NA,NA,NA,NA,8.1e-5,0.258898,NA,NA,NA,NA,NA,NA,NA,NA,NA,9429,30215,NA,NA,2283
swine,37188,PB2,1929,A,C,NA,NA,NA,NA,NA,0.020686,0,NA,NA,NA,NA,NA,NA,NA,NA,0.020686,0.001597,NA,NA,NA,NA,NA,NA,NA,NA,NA,8785,28613,NA,NA,2283
swine,37192,HA,370,C,G,NA,0,NA,NA,NA,NA,NA,0.033418,NA,NA,NA,2.19e-4,NA,NA,NA,NA,NA,0.033418,NA,NA,NA,NA,NA,NA,NA,NA,NA,NA,27846,19154,1701
swine,37192,HA,754,A,G,NA,0,NA,NA,NA,NA,NA,0.032561,NA,NA,NA,3.14e-4,NA,NA,NA,NA,NA,0.032561,NA,NA,NA,NA,NA,NA,NA,NA,NA,NA,27205,20665,1701
swine,37192,HA,1213,A,G,NA,0.079929,NA,NA,NA,NA,NA,0,NA,NA,NA,0.079929,NA,NA,NA,NA,NA,1.83e-4,NA,NA,NA,NA,NA,NA,NA,NA,NA,NA,19360,18420,1701
swine,37192,HA,1437,C,G,NA,0,NA,NA,NA,NA,NA,0.032374,NA,NA,NA,1.07e-4,NA,NA,NA,NA,NA,0.032374,NA,NA,NA,NA,NA,NA,NA,NA,NA,NA,22221,20173,1701
swine,37192,NA,943,A,G,NA,0,NA,NA,NA,NA,NA,0.037185,NA,NA,NA,5.18e-4,NA,NA,NA,NA,NA,0.037185,NA,NA,NA,NA,NA,NA,NA,NA,NA,NA,71561,91873,1410
swine,37192,NA,1203,T,C,NA,0.040183,NA,NA,NA,NA,NA,0,NA,NA,NA,0.040183,NA,NA,NA,NA,NA,3.97e-4,NA,NA,NA,NA,NA,NA,NA,NA,NA,NA,55248,86440,1410
swine,37192,NP,401,C,T,NA,0.022544,NA,NA,NA,NA,NA,0,NA,NA,NA,0.022544,NA,NA,NA,NA,NA,2.58e-4,NA,NA,NA,NA,NA,NA,NA,NA,NA,NA,57528,57753,1498
swine,37192,NP,717,G,A,NA,0.020738,NA,NA,NA,NA,NA,0,NA,NA,NA,0.020738,NA,NA,NA,NA,NA,2.05e-4,NA,NA,NA,NA,NA,NA,NA,NA,NA,NA,46555,51316,1498
swine,37192,NP,807,A,G,NA,0.020149,NA,NA,NA,NA,NA,0,NA,NA,NA,0.020149,NA,NA,NA,NA,NA,3.03e-4,NA,NA,NA,NA,NA,NA,NA,NA,NA,NA,47360,52933,1498
swine,37192,NP,1008,T,C,NA,0.077168,NA,NA,NA,NA,NA,0,NA,NA,NA,0.077168,NA,NA,NA,NA,NA,0.001143,NA,NA,NA,NA,NA,NA,NA,NA,NA,NA,43308,53311,1498
swine,37192,PA,649,C,T,NA,0.035652,NA,NA,NA,NA,NA,0,NA,NA,NA,0.035652,NA,NA,NA,NA,NA,2.01e-4,NA,NA,NA,NA,NA,NA,NA,NA,NA,NA,36130,28660,2153
swine,37192,PA,788,C,A,NA,0.041757,NA,NA,NA,NA,NA,0,NA,NA,NA,0.041757,NA,NA,NA,NA,NA,0.001382,NA,NA,NA,NA,NA,NA,NA,NA,NA,NA,41491,32374,2153
swine,37192,PA,850,C,A,NA,0.086053,NA,NA,NA,NA,NA,0,NA,NA,NA,0.086053,NA,NA,NA,NA,NA,0.001685,NA,NA,NA,NA,NA,NA,NA,NA,NA,NA,37967,29186,2153
swine,37192,PA,984,A,T,NA,0.027128,NA,NA,NA,NA,NA,0,NA,NA,NA,0.027128,NA,NA,NA,NA,NA,7.32e-4,NA,NA,NA,NA,NA,NA,NA,NA,NA,NA,40048,30116,2153
swine,37192,PA,1118,A,C,NA,0.042727,NA,NA,NA,NA,NA,0,NA,NA,NA,0.042727,NA,NA,NA,NA,NA,0.00232,NA,NA,NA,NA,NA,NA,NA,NA,NA,NA,37470,27650,2153
swine,37192,PA,1321,A,C,NA,0.0314,NA,NA,NA,NA,NA,0,NA,NA,NA,0.0314,NA,NA,NA,NA,NA,6.55e-4,NA,NA,NA,NA,NA,NA,NA,NA,NA,NA,43818,29727,2153
swine,37192,PA,1427,C,T,NA,0.030188,NA,NA,NA,NA,NA,0,NA,NA,NA,0.030188,NA,NA,NA,NA,NA,1.51e-4,NA,NA,NA,NA,NA,NA,NA,NA,NA,NA,48196,30091,2153
swine,37192,PB1,279,T,C,NA,0.020241,NA,NA,NA,NA,NA,0,NA,NA,NA,0.020241,NA,NA,NA,NA,NA,0.001017,NA,NA,NA,NA,NA,NA,NA,NA,NA,NA,53708,38056,2275
swine,37192,PB1,573,A,G,NA,0.022771,NA,NA,NA,NA,NA,0,NA,NA,NA,0.022771,NA,NA,NA,NA,NA,3.07e-4,NA,NA,NA,NA,NA,NA,NA,NA,NA,NA,50267,31551,2275
swine,37192,PB1,576,G,A,NA,0.033339,NA,NA,NA,NA,NA,0,NA,NA,NA,0.033339,NA,NA,NA,NA,NA,2.03e-4,NA,NA,NA,NA,NA,NA,NA,NA,NA,NA,50676,32009,2275
swine,37192,PB1,714,A,G,NA,0.273245,NA,NA,NA,NA,NA,0.107894,NA,NA,NA,0.273245,NA,NA,NA,NA,NA,0.107894,NA,NA,NA,NA,NA,NA,NA,NA,NA,NA,42638,30142,2275
swine,37192,PB1,1138,T,C,NA,0.04333,NA,NA,NA,NA,NA,0,NA,NA,NA,0.04333,NA,NA,NA,NA,NA,1.81e-4,NA,NA,NA,NA,NA,NA,NA,NA,NA,NA,49553,40437,2275
swine,37192,PB1,1370,A,G,NA,0.036756,NA,NA,NA,NA,NA,0.030668,NA,NA,NA,0.036756,NA,NA,NA,NA,NA,0.030668,NA,NA,NA,NA,NA,NA,NA,NA,NA,NA,47896,37162,2275
swine,37192,PB1,1699,C,A,NA,0.03301,NA,NA,NA,NA,NA,0,NA,NA,NA,0.03301,NA,NA,NA,NA,NA,7.44e-4,NA,NA,NA,NA,NA,NA,NA,NA,NA,NA,86967,69683,2275
swine,37192,PB1,1902,T,C,NA,0.046756,NA,NA,NA,NA,NA,0,NA,NA,NA,0.046756,NA,NA,NA,NA,NA,9.7e-5,NA,NA,NA,NA,NA,NA,NA,NA,NA,NA,86209,71684,2275
swine,37192,PB2,594,C,T,NA,0.058242,NA,NA,NA,NA,NA,0,NA,NA,NA,0.058242,NA,NA,NA,NA,NA,0.001468,NA,NA,NA,NA,NA,NA,NA,NA,NA,NA,41069,41805,2280
swine,37192,PB2,745,G,A,NA,0.021224,NA,NA,NA,NA,NA,0,NA,NA,NA,0.021224,NA,NA,NA,NA,NA,9.6e-5,NA,NA,NA,NA,NA,NA,NA,NA,NA,NA,39526,42318,2280
swine,37192,PB2,951,G,A,NA,0.054861,NA,NA,NA,NA,NA,0,NA,NA,NA,0.054861,NA,NA,NA,NA,NA,2.82e-4,NA,NA,NA,NA,NA,NA,NA,NA,NA,NA,36366,43762,2280
swine,37192,PB2,996,G,A,NA,0.063486,NA,NA,NA,NA,NA,0,NA,NA,NA,0.063486,NA,NA,NA,NA,NA,1.48e-4,NA,NA,NA,NA,NA,NA,NA,NA,NA,NA,34330,41245,2280
swine,37192,PB2,1707,G,A,NA,0.023177,NA,NA,NA,NA,NA,0,NA,NA,NA,0.023177,NA,NA,NA,NA,NA,3.41e-4,NA,NA,NA,NA,NA,NA,NA,NA,NA,NA,39647,46226,2280
swine,37192,PB2,1782,A,G,NA,0.076272,NA,NA,NA,NA,NA,0,NA,NA,NA,0.076272,NA,NA,NA,NA,NA,3.26e-4,NA,NA,NA,NA,NA,NA,NA,NA,NA,NA,40995,47219,2280
swine,37192,PB2,1877,C,G,NA,0.02101,NA,NA,NA,NA,NA,0,NA,NA,NA,0.02101,NA,NA,NA,NA,NA,1.61e-4,NA,NA,NA,NA,NA,NA,NA,NA,NA,NA,37746,40609,2280
swine,37193,HA,612,C,A,NA,0.068201,NA,NA,NA,NA,NA,0,NA,NA,NA,0.068201,NA,NA,NA,NA,NA,0.001432,NA,NA,NA,NA,NA,NA,NA,NA,NA,NA,29214,59837,1701
swine,37193,NA,736,G,T,NA,0.404663,NA,NA,NA,NA,NA,0.124311,NA,NA,NA,0.404663,NA,NA,NA,NA,NA,0.124311,NA,NA,NA,NA,NA,NA,NA,NA,NA,NA,83883,147520,1410
swine,37193,NS,572,C,A,NA,0.480873,NA,NA,NA,NA,NA,0.013401,NA,NA,NA,0.480873,NA,NA,NA,NA,NA,0.013401,NA,NA,NA,NA,NA,NA,NA,NA,NA,NA,103391,315791,838
swine,37193,PA,1618,T,C,NA,0.497302,NA,NA,NA,NA,NA,0.014429,NA,NA,NA,0.497302,NA,NA,NA,NA,NA,0.014429,NA,NA,NA,NA,NA,NA,NA,NA,NA,NA,34370,87491,2153
swine,37193,PB1,1370,A,G,NA,0.022199,NA,NA,NA,NA,NA,0.046656,NA,NA,NA,0.022199,NA,NA,NA,NA,NA,0.046656,NA,NA,NA,NA,NA,NA,NA,NA,NA,NA,32649,83106,2276
swine,37193,PB1,1921,A,G,NA,0,NA,NA,NA,NA,NA,0.020496,NA,NA,NA,0.003661,NA,NA,NA,NA,NA,0.020496,NA,NA,NA,NA,NA,NA,NA,NA,NA,NA,53292,129479,2276
swine,37193,PB1,1923,C,T,NA,0.007338,NA,NA,NA,NA,NA,0.023707,NA,NA,NA,0.007338,NA,NA,NA,NA,NA,0.023707,NA,NA,NA,NA,NA,NA,NA,NA,NA,NA,53847,130339,2276
swine,37193,PB2,783,C,T,NA,0.027665,NA,NA,NA,NA,NA,0,NA,NA,NA,0.027665,NA,NA,NA,NA,NA,5.38e-4,NA,NA,NA,NA,NA,NA,NA,NA,NA,NA,35721,87885,2281
swine,37193,PB2,1188,G,A,NA,0.344089,NA,NA,NA,NA,NA,0.115826,NA,NA,NA,0.344089,NA,NA,NA,NA,NA,0.115826,NA,NA,NA,NA,NA,NA,NA,NA,NA,NA,29666,73001,2281
swine,37199,HA,435,G,T,NA,0.04632,NA,NA,NA,NA,NA,0,NA,NA,NA,0.04632,NA,NA,NA,NA,NA,0.001967,NA,NA,NA,NA,NA,NA,NA,NA,NA,NA,17573,16441,1701
swine,37199,HA,1047,C,A,NA,0,NA,NA,NA,NA,NA,0.023477,NA,NA,NA,0.003406,NA,NA,NA,NA,NA,0.023477,NA,NA,NA,NA,NA,NA,NA,NA,NA,NA,16856,16193,1701
swine,37199,HA,1052,T,A,NA,0.004911,NA,NA,NA,NA,NA,0.034187,NA,NA,NA,0.004911,NA,NA,NA,NA,NA,0.034187,NA,NA,NA,NA,NA,NA,NA,NA,NA,NA,17485,16706,1701
swine,37199,HA,1053,C,A,NA,0.005775,NA,NA,NA,NA,NA,0.035648,NA,NA,NA,0.005775,NA,NA,NA,NA,NA,0.035648,NA,NA,NA,NA,NA,NA,NA,NA,NA,NA,17512,16730,1701
swine,37199,MP,295,C,A,NA,0,NA,NA,NA,NA,NA,0.060502,NA,NA,NA,0.001369,NA,NA,NA,NA,NA,0.060502,NA,NA,NA,NA,NA,NA,NA,NA,NA,NA,189536,117469,982
swine,37199,MP,374,C,T,NA,0,NA,NA,NA,NA,NA,0.040342,NA,NA,NA,4.32e-4,NA,NA,NA,NA,NA,0.040342,NA,NA,NA,NA,NA,NA,NA,NA,NA,NA,196715,122717,982
swine,37199,MP,679,A,G,NA,0,NA,NA,NA,NA,NA,0.079191,NA,NA,NA,1.47e-4,NA,NA,NA,NA,NA,0.079191,NA,NA,NA,NA,NA,NA,NA,NA,NA,NA,172443,111215,982
swine,37199,MP,737,T,C,NA,0,NA,NA,NA,NA,NA,0.024917,NA,NA,NA,5.29e-4,NA,NA,NA,NA,NA,0.024917,NA,NA,NA,NA,NA,NA,NA,NA,NA,NA,159337,105755,982
swine,37199,NA,295,C,A,NA,0,NA,NA,NA,NA,NA,0.045615,NA,NA,NA,0.001698,NA,NA,NA,NA,NA,0.045615,NA,NA,NA,NA,NA,NA,NA,NA,NA,NA,165037,62304,1410
swine,37199,NA,524,G,A,NA,0.049447,NA,NA,NA,NA,NA,0,NA,NA,NA,0.049447,NA,NA,NA,NA,NA,0,NA,NA,NA,NA,NA,NA,NA,NA,NA,NA,203551,75786,1410
swine,37199,NA,736,G,T,NA,0.2174,NA,NA,NA,NA,NA,0.10461,NA,NA,NA,0.2174,NA,NA,NA,NA,NA,0.10461,NA,NA,NA,NA,NA,NA,NA,NA,NA,NA,144607,50602,1410
swine,37199,NP,344,A,G,NA,0,NA,NA,NA,NA,NA,0.025145,NA,NA,NA,5.64e-4,NA,NA,NA,NA,NA,0.025145,NA,NA,NA,NA,NA,NA,NA,NA,NA,NA,57214,29513,1497
swine,37199,NP,778,G,A,NA,0,NA,NA,NA,NA,NA,0.034873,NA,NA,NA,4.04e-4,NA,NA,NA,NA,NA,0.034873,NA,NA,NA,NA,NA,NA,NA,NA,NA,NA,50993,28463,1497
swine,37199,NP,1236,C,T,NA,0,NA,NA,NA,NA,NA,0.131971,NA,NA,NA,4.5e-5,NA,NA,NA,NA,NA,0.131971,NA,NA,NA,NA,NA,NA,NA,NA,NA,NA,44766,23693,1497
swine,37199,NS,217,T,A,NA,0,NA,NA,NA,NA,NA,0.033006,NA,NA,NA,0.001327,NA,NA,NA,NA,NA,0.033006,NA,NA,NA,NA,NA,NA,NA,NA,NA,NA,284577,114554,838
swine,37199,NS,517,G,T,NA,0.028387,NA,NA,NA,NA,NA,0,NA,NA,NA,0.028387,NA,NA,NA,NA,NA,0,NA,NA,NA,NA,NA,NA,NA,NA,NA,NA,292780,123213,838
swine,37199,NS,538,G,A,NA,0.025471,NA,NA,NA,NA,NA,0,NA,NA,NA,0.025471,NA,NA,NA,NA,NA,0,NA,NA,NA,NA,NA,NA,NA,NA,NA,NA,267992,113463,838
swine,37199,NS,562,A,G,NA,0,NA,NA,NA,NA,NA,0.034166,NA,NA,NA,4.06e-4,NA,NA,NA,NA,NA,0.034166,NA,NA,NA,NA,NA,NA,NA,NA,NA,NA,257273,108240,838
swine,37199,PA,244,A,G,NA,0,NA,NA,NA,NA,NA,0.031511,NA,NA,NA,0,NA,NA,NA,NA,NA,0.031511,NA,NA,NA,NA,NA,NA,NA,NA,NA,NA,14468,26941,2151
swine,37199,PA,257,T,C,NA,0.102377,NA,NA,NA,NA,NA,0.096122,NA,NA,NA,0.102377,NA,NA,NA,NA,NA,0.096122,NA,NA,NA,NA,NA,NA,NA,NA,NA,NA,13297,24521,2151
swine,37199,PA,259,G,C,NA,0.087452,NA,NA,NA,NA,NA,0.083317,NA,NA,NA,0.087452,NA,NA,NA,NA,NA,0.083317,NA,NA,NA,NA,NA,NA,NA,NA,NA,NA,12177,22564,2151
swine,37199,PA,260,C,G,NA,0.020372,NA,NA,NA,NA,NA,0.016865,NA,NA,NA,0.020372,NA,NA,NA,NA,NA,0.016865,NA,NA,NA,NA,NA,NA,NA,NA,NA,NA,11081,20572,2151
swine,37199,PA,380,T,C,NA,0.033909,NA,NA,NA,NA,NA,0,NA,NA,NA,0.033909,NA,NA,NA,NA,NA,2.21e-4,NA,NA,NA,NA,NA,NA,NA,NA,NA,NA,10755,16134,2151
swine,37199,PA,591,C,A,NA,0.048269,NA,NA,NA,NA,NA,0,NA,NA,NA,0.048269,NA,NA,NA,NA,NA,0.002773,NA,NA,NA,NA,NA,NA,NA,NA,NA,NA,9111,12691,2151
swine,37199,PA,1301,C,T,NA,0.080308,NA,NA,NA,NA,NA,0,NA,NA,NA,0.080308,NA,NA,NA,NA,NA,3.91e-4,NA,NA,NA,NA,NA,NA,NA,NA,NA,NA,27443,15505,2151
swine,37199,PA,1313,T,C,NA,0.023631,NA,NA,NA,NA,NA,0,NA,NA,NA,0.023631,NA,NA,NA,NA,NA,0.001022,NA,NA,NA,NA,NA,NA,NA,NA,NA,NA,28103,15836,2151
swine,37199,PA,1347,A,G,NA,0,NA,NA,NA,NA,NA,0.309573,NA,NA,NA,2.38e-4,NA,NA,NA,NA,NA,0.309573,NA,NA,NA,NA,NA,NA,NA,NA,NA,NA,27154,14596,2151
swine,37199,PA,1815,A,G,NA,0.051751,NA,NA,NA,NA,NA,0,NA,NA,NA,0.051751,NA,NA,NA,NA,NA,8.65e-4,NA,NA,NA,NA,NA,NA,NA,NA,NA,NA,22686,16894,2151
swine,37199,PA,1915,A,T,NA,0.042746,NA,NA,NA,NA,NA,0,NA,NA,NA,0.042746,NA,NA,NA,NA,NA,9.16e-4,NA,NA,NA,NA,NA,NA,NA,NA,NA,NA,18410,20374,2151
swine,37199,PA,1944,C,G,NA,0.080648,NA,NA,NA,NA,NA,0.044774,NA,NA,NA,0.080648,NA,NA,NA,NA,NA,0.044774,NA,NA,NA,NA,NA,NA,NA,NA,NA,NA,20916,25280,2151
swine,37199,PA,1945,C,G,NA,0.113497,NA,NA,NA,NA,NA,0.063807,NA,NA,NA,0.113497,NA,NA,NA,NA,NA,0.063807,NA,NA,NA,NA,NA,NA,NA,NA,NA,NA,22224,27307,2151
swine,37199,PA,1946,T,A,NA,0.114801,NA,NA,NA,NA,NA,0.065254,NA,NA,NA,0.114801,NA,NA,NA,NA,NA,0.065254,NA,NA,NA,NA,NA,NA,NA,NA,NA,NA,22538,28045,2151
swine,37199,PA,1947,A,C,NA,0.112531,NA,NA,NA,NA,NA,0.067358,NA,NA,NA,0.112531,NA,NA,NA,NA,NA,0.067358,NA,NA,NA,NA,NA,NA,NA,NA,NA,NA,23597,29933,2151
swine,37199,PB1,394,A,G,NA,0.061868,NA,NA,NA,NA,NA,0,NA,NA,NA,0.061868,NA,NA,NA,NA,NA,9.1e-4,NA,NA,NA,NA,NA,NA,NA,NA,NA,NA,46448,23155,2274
swine,37199,PB1,519,A,G,NA,0,NA,NA,NA,NA,NA,0.098004,NA,NA,NA,2.25e-4,NA,NA,NA,NA,NA,0.098004,NA,NA,NA,NA,NA,NA,NA,NA,NA,NA,46465,20408,2274
swine,37199,PB1,1344,C,T,NA,0,NA,NA,NA,NA,NA,0.029913,NA,NA,NA,6.5e-5,NA,NA,NA,NA,NA,0.029913,NA,NA,NA,NA,NA,NA,NA,NA,NA,NA,49899,17459,2274
swine,37199,PB1,1370,A,G,NA,0.045271,NA,NA,NA,NA,NA,0.034448,NA,NA,NA,0.045271,NA,NA,NA,NA,NA,0.034448,NA,NA,NA,NA,NA,NA,NA,NA,NA,NA,47982,16339,2274
swine,37199,PB1,1631,C,T,NA,0.057597,NA,NA,NA,NA,NA,0,NA,NA,NA,0.057597,NA,NA,NA,NA,NA,2.56e-4,NA,NA,NA,NA,NA,NA,NA,NA,NA,NA,73520,33649,2274
swine,37199,PB1,2019,T,C,NA,0,NA,NA,NA,NA,NA,0.020427,NA,NA,NA,6.55e-4,NA,NA,NA,NA,NA,0.020427,NA,NA,NA,NA,NA,NA,NA,NA,NA,NA,67012,47066,2274
swine,37199,PB2,247,G,A,NA,0,NA,NA,NA,NA,NA,0.029852,NA,NA,NA,0.002287,NA,NA,NA,NA,NA,0.029852,NA,NA,NA,NA,NA,NA,NA,NA,NA,NA,43806,21589,2280
swine,37199,PB2,594,C,T,NA,0.110917,NA,NA,NA,NA,NA,0.096594,NA,NA,NA,0.110917,NA,NA,NA,NA,NA,0.096594,NA,NA,NA,NA,NA,NA,NA,NA,NA,NA,44579,16229,2280
swine,37199,PB2,1188,G,A,NA,0.112313,NA,NA,NA,NA,NA,0.089918,NA,NA,NA,0.112313,NA,NA,NA,NA,NA,0.089918,NA,NA,NA,NA,NA,NA,NA,NA,NA,NA,42051,13386,2280
swine,37199,PB2,1473,G,A,NA,0,NA,NA,NA,NA,NA,0.129639,NA,NA,NA,5.69e-4,NA,NA,NA,NA,NA,0.129639,NA,NA,NA,NA,NA,NA,NA,NA,NA,NA,50372,14295,2280
swine,37199,PB2,1804,C,A,NA,0,NA,NA,NA,NA,NA,0.112132,NA,NA,NA,0.001421,NA,NA,NA,NA,NA,0.112132,NA,NA,NA,NA,NA,NA,NA,NA,NA,NA,48201,15027,2280
swine,37199,PB2,1971,T,A,NA,0.038135,NA,NA,NA,NA,NA,0,NA,NA,NA,0.038135,NA,NA,NA,NA,NA,0.001101,NA,NA,NA,NA,NA,NA,NA,NA,NA,NA,38465,18807,2280
swine,37199,PB2,1972,T,C,NA,0.040285,NA,NA,NA,NA,NA,0,NA,NA,NA,0.040285,NA,NA,NA,NA,NA,3.62e-4,NA,NA,NA,NA,NA,NA,NA,NA,NA,NA,39045,19598,2280
swine,37201,HA,568,T,C,NA,0,NA,NA,NA,0.296052,NA,NA,NA,NA,NA,6.9e-5,NA,NA,NA,0.296052,NA,NA,NA,NA,NA,NA,NA,NA,NA,NA,NA,53008,NA,32335,1701
swine,37201,HA,615,G,A,NA,0.027383,NA,NA,NA,0,NA,NA,NA,NA,NA,0.027383,NA,NA,NA,3.74e-4,NA,NA,NA,NA,NA,NA,NA,NA,NA,NA,NA,63777,NA,39574,1701
swine,37201,NA,270,T,C,NA,0.022845,NA,NA,NA,0,NA,NA,NA,NA,NA,0.022845,NA,NA,NA,7.44e-4,NA,NA,NA,NA,NA,NA,NA,NA,NA,NA,NA,17906,NA,113859,1410
swine,37201,NA,736,G,T,NA,0.022375,NA,NA,NA,0.011257,NA,NA,NA,NA,NA,0.022375,NA,NA,NA,0.011257,NA,NA,NA,NA,NA,NA,NA,NA,NA,NA,NA,16422,NA,103655,1410
swine,37201,NP,230,T,A,NA,0.990622,NA,NA,NA,0.014109,NA,NA,NA,NA,NA,0.990622,NA,NA,NA,0.014109,NA,NA,NA,NA,NA,NA,NA,NA,NA,NA,NA,16310,NA,48199,1497
swine,37201,PA,611,A,G,NA,0.997405,NA,NA,NA,0.157568,NA,NA,NA,NA,NA,0.997405,NA,NA,NA,0.157568,NA,NA,NA,NA,NA,NA,NA,NA,NA,NA,NA,21515,NA,38842,2151
swine,37201,PA,1163,G,T,NA,0.363902,NA,NA,NA,0,NA,NA,NA,NA,NA,0.363902,NA,NA,NA,0.001859,NA,NA,NA,NA,NA,NA,NA,NA,NA,NA,NA,24586,NA,46772,2151
swine,37201,PA,1197,G,T,NA,0.027115,NA,NA,NA,0,NA,NA,NA,NA,NA,0.027115,NA,NA,NA,0.0019,NA,NA,NA,NA,NA,NA,NA,NA,NA,NA,NA,25811,NA,46577,2151
swine,37201,PA,1709,T,C,NA,0.997699,NA,NA,NA,0.151638,NA,NA,NA,NA,NA,0.997699,NA,NA,NA,0.151638,NA,NA,NA,NA,NA,NA,NA,NA,NA,NA,NA,23632,NA,40010,2151
swine,37201,PB2,341,T,C,NA,0,NA,NA,NA,0.020922,NA,NA,NA,NA,NA,1.86e-4,NA,NA,NA,0.020922,NA,NA,NA,NA,NA,NA,NA,NA,NA,NA,NA,40909,NA,63297,2281
swine,37201,PB2,594,C,T,NA,0.246547,NA,NA,NA,0,NA,NA,NA,NA,NA,0.246547,NA,NA,NA,0.002439,NA,NA,NA,NA,NA,NA,NA,NA,NA,NA,NA,42899,NA,64065,2281
swine,37201,PB2,1188,G,A,NA,0.057036,NA,NA,NA,0,NA,NA,NA,NA,NA,0.057036,NA,NA,NA,0.001043,NA,NA,NA,NA,NA,NA,NA,NA,NA,NA,NA,41429,NA,54032,2281
swine,37201,PB2,1569,A,G,NA,0,NA,NA,NA,0.030084,NA,NA,NA,NA,NA,3.6e-4,NA,NA,NA,0.030084,NA,NA,NA,NA,NA,NA,NA,NA,NA,NA,NA,50832,NA,66195,2281
swine,37201,PB2,1862,T,C,NA,0,NA,NA,NA,0.021677,NA,NA,NA,NA,NA,1.78e-4,NA,NA,NA,0.021677,NA,NA,NA,NA,NA,NA,NA,NA,NA,NA,NA,40523,NA,51889,2281
swine,37208,HA,1346,A,G,NA,0.313466,NA,NA,NA,0,NA,NA,NA,NA,NA,0.313466,NA,NA,NA,0,NA,NA,NA,NA,NA,NA,NA,NA,NA,NA,NA,4942,NA,20052,1701
swine,37208,MP,708,T,C,NA,0,NA,NA,NA,0.029757,NA,NA,NA,NA,NA,0,NA,NA,NA,0.029757,NA,NA,NA,NA,NA,NA,NA,NA,NA,NA,NA,48063,NA,222307,982
swine,37208,NA,484,G,A,NA,0.025492,NA,NA,NA,0,NA,NA,NA,NA,NA,0.025492,NA,NA,NA,2e-4,NA,NA,NA,NA,NA,NA,NA,NA,NA,NA,NA,56983,NA,150553,1411
swine,37208,NA,845,C,T,NA,0,NA,NA,NA,0.048825,NA,NA,NA,NA,NA,1.24e-4,NA,NA,NA,0.048825,NA,NA,NA,NA,NA,NA,NA,NA,NA,NA,NA,49148,NA,130940,1411
swine,37208,NA,1099,A,G,NA,0.022945,NA,NA,NA,0,NA,NA,NA,NA,NA,0.022945,NA,NA,NA,8.87e-4,NA,NA,NA,NA,NA,NA,NA,NA,NA,NA,NA,31851,NA,103827,1411
swine,37208,NP,505,G,A,NA,0.025761,NA,NA,NA,0,NA,NA,NA,NA,NA,0.025761,NA,NA,NA,2.36e-4,NA,NA,NA,NA,NA,NA,NA,NA,NA,NA,NA,19628,NA,74387,1497
swine,37208,NP,757,A,G,NA,0.020177,NA,NA,NA,0,NA,NA,NA,NA,NA,0.020177,NA,NA,NA,4.5e-4,NA,NA,NA,NA,NA,NA,NA,NA,NA,NA,NA,19006,NA,77783,1497
swine,37208,NP,999,C,A,NA,0,NA,NA,NA,0.066244,NA,NA,NA,NA,NA,0.002177,NA,NA,NA,0.066244,NA,NA,NA,NA,NA,NA,NA,NA,NA,NA,NA,18115,NA,71945,1497
swine,37208,NP,1093,A,G,NA,0,NA,NA,NA,0.060046,NA,NA,NA,NA,NA,1.06e-4,NA,NA,NA,0.060046,NA,NA,NA,NA,NA,NA,NA,NA,NA,NA,NA,18911,NA,75681,1497
swine,37208,NS,285,C,T,NA,0,NA,NA,NA,0.023603,NA,NA,NA,NA,NA,0,NA,NA,NA,0.023603,NA,NA,NA,NA,NA,NA,NA,NA,NA,NA,NA,68684,NA,321973,838
swine,37208,PA,301,G,T,NA,0.124767,NA,NA,NA,0,NA,NA,NA,NA,NA,0.124767,NA,NA,NA,0.001149,NA,NA,NA,NA,NA,NA,NA,NA,NA,NA,NA,15704,NA,55876,2151
swine,37208,PA,1552,G,A,NA,0,NA,NA,NA,0.081628,NA,NA,NA,NA,NA,2.41e-4,NA,NA,NA,0.081628,NA,NA,NA,NA,NA,NA,NA,NA,NA,NA,NA,16828,NA,59619,2151
swine,37208,PB1,767,A,G,NA,0.041363,NA,NA,NA,0,NA,NA,NA,NA,NA,0.041363,NA,NA,NA,7.63e-4,NA,NA,NA,NA,NA,NA,NA,NA,NA,NA,NA,11147,NA,47403,2274
swine,37208,PB1,1370,A,G,NA,0.044871,NA,NA,NA,0.020595,NA,NA,NA,NA,NA,0.044871,NA,NA,NA,0.020595,NA,NA,NA,NA,NA,NA,NA,NA,NA,NA,NA,11676,NA,58328,2274
swine,37208,PB1,1709,C,T,NA,0.154529,NA,NA,NA,0,NA,NA,NA,NA,NA,0.154529,NA,NA,NA,2.24e-4,NA,NA,NA,NA,NA,NA,NA,NA,NA,NA,NA,25006,NA,117845,2274
swine,37208,PB1,1833,A,G,NA,0.19742,NA,NA,NA,0,NA,NA,NA,NA,NA,0.19742,NA,NA,NA,0,NA,NA,NA,NA,NA,NA,NA,NA,NA,NA,NA,21109,NA,106182,2274
swine,37208,PB1,2000,T,C,NA,0.039161,NA,NA,NA,0,NA,NA,NA,NA,NA,0.039161,NA,NA,NA,4.32e-4,NA,NA,NA,NA,NA,NA,NA,NA,NA,NA,NA,18458,NA,81416,2274
swine,37208,PB2,356,T,C,NA,0.071783,NA,NA,NA,0,NA,NA,NA,NA,NA,0.071783,NA,NA,NA,2.38e-4,NA,NA,NA,NA,NA,NA,NA,NA,NA,NA,NA,19629,NA,44489,2280
swine,37208,PB2,750,G,T,NA,0.056443,NA,NA,NA,0,NA,NA,NA,NA,NA,0.056443,NA,NA,NA,0.001518,NA,NA,NA,NA,NA,NA,NA,NA,NA,NA,NA,18209,NA,47087,2280
swine,37208,PB2,986,C,A,NA,0.082742,NA,NA,NA,0,NA,NA,NA,NA,NA,0.082742,NA,NA,NA,0.002395,NA,NA,NA,NA,NA,NA,NA,NA,NA,NA,NA,14544,NA,42209,2280
swine,37208,PB2,1160,G,A,NA,0.045696,NA,NA,NA,0,NA,NA,NA,NA,NA,0.045696,NA,NA,NA,6.75e-4,NA,NA,NA,NA,NA,NA,NA,NA,NA,NA,NA,14748,NA,40944,2280
swine,37208,PB2,1518,T,A,NA,0.056545,NA,NA,NA,0,NA,NA,NA,NA,NA,0.056545,NA,NA,NA,7.64e-4,NA,NA,NA,NA,NA,NA,NA,NA,NA,NA,NA,18898,NA,50016,2280
swine,37208,PB2,1789,A,T,NA,0.102014,NA,NA,NA,0,NA,NA,NA,NA,NA,0.102014,NA,NA,NA,0.001391,NA,NA,NA,NA,NA,NA,NA,NA,NA,NA,NA,17961,NA,51699,2280
swine,37208,PB2,1790,G,A,NA,0.102128,NA,NA,NA,0,NA,NA,NA,NA,NA,0.102128,NA,NA,NA,3.97e-4,NA,NA,NA,NA,NA,NA,NA,NA,NA,NA,NA,17970,NA,51933,2280
swine,37208,PB2,1791,G,T,NA,0.101672,NA,NA,NA,0,NA,NA,NA,NA,NA,0.101672,NA,NA,NA,0.001841,NA,NA,NA,NA,NA,NA,NA,NA,NA,NA,NA,18121,NA,52635,2280
swine,37208,PB2,1794,A,G,NA,0.027694,NA,NA,NA,0,NA,NA,NA,NA,NA,0.027694,NA,NA,NA,3.35e-4,NA,NA,NA,NA,NA,NA,NA,NA,NA,NA,NA,17820,NA,54143,2280
swine,37208,PB2,1945,G,A,NA,0.042798,NA,NA,NA,0,NA,NA,NA,NA,NA,0.042798,NA,NA,NA,2.03e-4,NA,NA,NA,NA,NA,NA,NA,NA,NA,NA,NA,17182,NA,64089,2280
swine,37216,MP,599,C,T,NA,0.039819,NA,NA,NA,NA,NA,0,NA,NA,NA,0.039819,NA,NA,NA,NA,NA,0.002104,NA,NA,NA,NA,NA,NA,NA,NA,NA,NA,124452,226251,982
swine,37216,NP,564,A,C,NA,0.034925,NA,NA,NA,NA,NA,0,NA,NA,NA,0.034925,NA,NA,NA,NA,NA,5.25e-4,NA,NA,NA,NA,NA,NA,NA,NA,NA,NA,55571,106154,1497
swine,37216,PB1,1370,A,G,NA,0.069792,NA,NA,NA,NA,NA,0.026359,NA,NA,NA,0.069792,NA,NA,NA,NA,NA,0.026359,NA,NA,NA,NA,NA,NA,NA,NA,NA,NA,43058,51390,2275
swine,37216,PB1,1712,G,A,NA,0.048254,NA,NA,NA,NA,NA,0.073685,NA,NA,NA,0.048254,NA,NA,NA,NA,NA,0.073685,NA,NA,NA,NA,NA,NA,NA,NA,NA,NA,71050,91989,2275
swine,37216,PB1,1713,A,G,NA,0.048744,NA,NA,NA,NA,NA,0.073155,NA,NA,NA,0.048744,NA,NA,NA,NA,NA,0.073155,NA,NA,NA,NA,NA,NA,NA,NA,NA,NA,71824,93187,2275
swine,37216,PB1,1750,C,A,NA,0.025301,NA,NA,NA,NA,NA,0.021776,NA,NA,NA,0.025301,NA,NA,NA,NA,NA,0.021776,NA,NA,NA,NA,NA,NA,NA,NA,NA,NA,64843,85710,2275
swine,37227,HA,414,A,G,NA,0.031994,NA,NA,NA,NA,NA,0,NA,NA,NA,0.031994,NA,NA,NA,NA,NA,1.31e-4,NA,NA,NA,NA,NA,NA,NA,NA,NA,NA,25136,19138,1701
swine,37227,HA,577,T,A,NA,0.027061,NA,NA,NA,NA,NA,0,NA,NA,NA,0.027061,NA,NA,NA,NA,NA,0.002171,NA,NA,NA,NA,NA,NA,NA,NA,NA,NA,29367,24377,1701
swine,37227,HA,643,T,C,NA,0,NA,NA,NA,NA,NA,0.038128,NA,NA,NA,2.45e-4,NA,NA,NA,NA,NA,0.038128,NA,NA,NA,NA,NA,NA,NA,NA,NA,NA,32127,24601,1701
swine,37227,HA,686,T,A,NA,0,NA,NA,NA,NA,NA,0.026434,NA,NA,NA,8.24e-4,NA,NA,NA,NA,NA,0.026434,NA,NA,NA,NA,NA,NA,NA,NA,NA,NA,29350,23613,1701
swine,37227,HA,986,C,A,NA,0.03369,NA,NA,NA,NA,NA,0,NA,NA,NA,0.03369,NA,NA,NA,NA,NA,0.00168,NA,NA,NA,NA,NA,NA,NA,NA,NA,NA,21009,16851,1701
swine,37227,HA,1196,G,A,NA,0,NA,NA,NA,NA,NA,0.054346,NA,NA,NA,7.9e-5,NA,NA,NA,NA,NA,0.054346,NA,NA,NA,NA,NA,NA,NA,NA,NA,NA,20274,15019,1701
swine,37227,HA,1329,T,C,NA,0,NA,NA,NA,NA,NA,0.02138,NA,NA,NA,9.05e-4,NA,NA,NA,NA,NA,0.02138,NA,NA,NA,NA,NA,NA,NA,NA,NA,NA,19981,13880,1701
swine,37227,NA,736,G,T,NA,0.5668,NA,NA,NA,NA,NA,0,NA,NA,NA,0.5668,NA,NA,NA,NA,NA,0.002524,NA,NA,NA,NA,NA,NA,NA,NA,NA,NA,99969,84495,1411
swine,37227,NP,551,A,C,NA,0,NA,NA,NA,NA,NA,0.024973,NA,NA,NA,0.00168,NA,NA,NA,NA,NA,0.024973,NA,NA,NA,NA,NA,NA,NA,NA,NA,NA,54600,49933,1497
swine,37227,PA,835,C,A,NA,0,NA,NA,NA,NA,NA,0.023923,NA,NA,NA,0.002317,NA,NA,NA,NA,NA,0.023923,NA,NA,NA,NA,NA,NA,NA,NA,NA,NA,27707,14776,2153
swine,37227,PA,1062,C,T,NA,0,NA,NA,NA,NA,NA,0.023355,NA,NA,NA,9.8e-5,NA,NA,NA,NA,NA,0.023355,NA,NA,NA,NA,NA,NA,NA,NA,NA,NA,23929,13060,2153
swine,37227,PA,1289,A,G,NA,0.029331,NA,NA,NA,NA,NA,0,NA,NA,NA,0.029331,NA,NA,NA,NA,NA,4.9e-4,NA,NA,NA,NA,NA,NA,NA,NA,NA,NA,30854,16267,2153
swine,37227,PA,1722,G,A,NA,0,NA,NA,NA,NA,NA,0.021845,NA,NA,NA,2.54e-4,NA,NA,NA,NA,NA,0.021845,NA,NA,NA,NA,NA,NA,NA,NA,NA,NA,27739,14134,2153
swine,37227,PA,1902,G,A,NA,0,NA,NA,NA,NA,NA,0.020092,NA,NA,NA,4.73e-4,NA,NA,NA,NA,NA,0.020092,NA,NA,NA,NA,NA,NA,NA,NA,NA,NA,28005,19845,2153
swine,37227,PB1,1186,C,T,NA,0.054408,NA,NA,NA,NA,NA,0,NA,NA,NA,0.054408,NA,NA,NA,NA,NA,7.7e-5,NA,NA,NA,NA,NA,NA,NA,NA,NA,NA,48853,18166,2274
swine,37227,PB1,1376,T,G,NA,0.023888,NA,NA,NA,NA,NA,0.007607,NA,NA,NA,0.023888,NA,NA,NA,NA,NA,0.007607,NA,NA,NA,NA,NA,NA,NA,NA,NA,NA,45100,18726,2274
swine,37227,PB1,1378,C,A,NA,0.020412,NA,NA,NA,NA,NA,0.007711,NA,NA,NA,0.020412,NA,NA,NA,NA,NA,0.007711,NA,NA,NA,NA,NA,NA,NA,NA,NA,NA,44957,18633,2274
swine,37227,PB1,1525,C,A,NA,0.034585,NA,NA,NA,NA,NA,0,NA,NA,NA,0.034585,NA,NA,NA,NA,NA,0.002333,NA,NA,NA,NA,NA,NA,NA,NA,NA,NA,68757,29284,2274
swine,37227,PB2,1188,A,G,NA,0.348411,NA,NA,NA,NA,NA,0.453356,NA,NA,NA,0.348411,NA,NA,NA,NA,NA,0.453356,NA,NA,NA,NA,NA,NA,NA,NA,NA,NA,35290,23268,2281
swine,37227,PB2,1245,G,A,NA,0.604262,NA,NA,NA,NA,NA,0,NA,NA,NA,0.604262,NA,NA,NA,NA,NA,3.2e-4,NA,NA,NA,NA,NA,NA,NA,NA,NA,NA,37574,27528,2281
swine,37227,PB2,1716,C,T,NA,0,NA,NA,NA,NA,NA,0.020472,NA,NA,NA,0.001069,NA,NA,NA,NA,NA,0.020472,NA,NA,NA,NA,NA,NA,NA,NA,NA,NA,43124,29229,2281
swine,37228,HA,1135,C,T,NA,0.068859,NA,NA,NA,NA,NA,0,NA,NA,NA,0.068859,NA,NA,NA,NA,NA,8.7e-5,NA,NA,NA,NA,NA,NA,NA,NA,NA,NA,14308,1003,1701
swine,37228,MP,450,T,C,NA,0.023645,NA,NA,NA,NA,NA,0,NA,NA,NA,0.023645,NA,NA,NA,NA,NA,4.45e-4,NA,NA,NA,NA,NA,NA,NA,NA,NA,NA,113503,71254,982
swine,37228,MP,534,A,G,NA,0.053596,NA,NA,NA,NA,NA,0,NA,NA,NA,0.053596,NA,NA,NA,NA,NA,3.21e-4,NA,NA,NA,NA,NA,NA,NA,NA,NA,NA,124050,78049,982
swine,37228,NP,771,T,C,NA,0.123411,NA,NA,NA,NA,NA,0,NA,NA,NA,0.123411,NA,NA,NA,NA,NA,3.05e-4,NA,NA,NA,NA,NA,NA,NA,NA,NA,NA,34315,11661,1497
swine,37228,NP,863,G,A,NA,0.020847,NA,NA,NA,NA,NA,0,NA,NA,NA,0.020847,NA,NA,NA,NA,NA,7.9e-5,NA,NA,NA,NA,NA,NA,NA,NA,NA,NA,32638,10274,1497
swine,37228,PA,716,A,G,NA,0.284911,NA,NA,NA,NA,NA,0,NA,NA,NA,0.284911,NA,NA,NA,NA,NA,5.87e-4,NA,NA,NA,NA,NA,NA,NA,NA,NA,NA,23161,4496,2151
swine,37228,PA,879,A,G,NA,0.030643,NA,NA,NA,NA,NA,0,NA,NA,NA,0.030643,NA,NA,NA,NA,NA,0.001178,NA,NA,NA,NA,NA,NA,NA,NA,NA,NA,29412,4982,2151
swine,37228,PA,1005,A,G,NA,0.020292,NA,NA,NA,NA,NA,0,NA,NA,NA,0.020292,NA,NA,NA,NA,NA,3.46e-4,NA,NA,NA,NA,NA,NA,NA,NA,NA,NA,31385,5336,2151
swine,37228,PA,1701,C,A,NA,0.143356,NA,NA,NA,NA,NA,0,NA,NA,NA,0.143356,NA,NA,NA,NA,NA,0.001786,NA,NA,NA,NA,NA,NA,NA,NA,NA,NA,28704,7485,2151
swine,37228,PB1,234,A,G,NA,0.307912,NA,NA,NA,NA,NA,0.018804,NA,NA,NA,0.307912,NA,NA,NA,NA,NA,0.018804,NA,NA,NA,NA,NA,NA,NA,NA,NA,NA,32460,12096,2276
swine,37228,PB1,414,G,T,NA,0,NA,NA,NA,NA,NA,0.025327,NA,NA,NA,0.0019,NA,NA,NA,NA,NA,0.025327,NA,NA,NA,NA,NA,NA,NA,NA,NA,NA,25440,5152,2276
swine,37228,PB1,893,T,C,NA,0.029864,NA,NA,NA,NA,NA,0,NA,NA,NA,0.029864,NA,NA,NA,NA,NA,1.59e-4,NA,NA,NA,NA,NA,NA,NA,NA,NA,NA,24335,4761,2276
swine,37228,PB1,1370,A,G,NA,0.054731,NA,NA,NA,NA,NA,0.023003,NA,NA,NA,0.054731,NA,NA,NA,NA,NA,0.023003,NA,NA,NA,NA,NA,NA,NA,NA,NA,NA,31045,4712,2276
swine,37228,PB1,1439,A,G,NA,0.055612,NA,NA,NA,NA,NA,0.036804,NA,NA,NA,0.055612,NA,NA,NA,NA,NA,0.036804,NA,NA,NA,NA,NA,NA,NA,NA,NA,NA,42367,7585,2276
swine,37228,PB1,1647,G,A,NA,0,NA,NA,NA,NA,NA,0.079439,NA,NA,NA,4.12e-4,NA,NA,NA,NA,NA,0.079439,NA,NA,NA,NA,NA,NA,NA,NA,NA,NA,53810,10462,2276
swine,37228,PB2,2037,A,G,NA,0.067126,NA,NA,NA,NA,NA,0,NA,NA,NA,0.067126,NA,NA,NA,NA,NA,3.56e-4,NA,NA,NA,NA,NA,NA,NA,NA,NA,NA,31652,16612,2280
swine,37248,MP,528,G,A,NA,0,NA,NA,NA,0.032339,NA,NA,NA,NA,NA,0,NA,NA,NA,0.032339,NA,NA,NA,NA,NA,NA,NA,NA,NA,NA,NA,62757,NA,240444,982
swine,37248,NA,736,G,T,NA,0.102189,NA,NA,NA,0,NA,NA,NA,NA,NA,0.102189,NA,NA,NA,0.002523,NA,NA,NA,NA,NA,NA,NA,NA,NA,NA,NA,23549,NA,108761,1411
swine,37248,NA,850,T,C,NA,0,NA,NA,NA,0.047469,NA,NA,NA,NA,NA,4.14e-4,NA,NA,NA,0.047469,NA,NA,NA,NA,NA,NA,NA,NA,NA,NA,NA,24824,NA,114389,1411
swine,37248,NP,264,T,C,NA,0,NA,NA,NA,0.094902,NA,NA,NA,NA,NA,7.7e-5,NA,NA,NA,0.094902,NA,NA,NA,NA,NA,NA,NA,NA,NA,NA,NA,23285,NA,76698,1497
swine,37248,NS,543,C,A,NA,0,NA,NA,NA,0.068865,NA,NA,NA,NA,NA,0,NA,NA,NA,0.068865,NA,NA,NA,NA,NA,NA,NA,NA,NA,NA,NA,54232,NA,196798,838
swine,37248,NS,547,G,A,NA,0.023764,NA,NA,NA,0,NA,NA,NA,NA,NA,0.023764,NA,NA,NA,3.32e-4,NA,NA,NA,NA,NA,NA,NA,NA,NA,NA,NA,53110,NA,195235,838
swine,37248,PB1,1370,A,G,NA,0.096262,NA,NA,NA,0.022321,NA,NA,NA,NA,NA,0.096262,NA,NA,NA,0.022321,NA,NA,NA,NA,NA,NA,NA,NA,NA,NA,NA,3031,NA,33767,2274
swine,37248,PB2,235,A,G,NA,0,NA,NA,NA,0.022486,NA,NA,NA,NA,NA,0.001073,NA,NA,NA,0.022486,NA,NA,NA,NA,NA,NA,NA,NA,NA,NA,NA,2602,NA,50445,2280
swine,37248,PB2,547,C,A,NA,0.090114,NA,NA,NA,0,NA,NA,NA,NA,NA,0.090114,NA,NA,NA,9.41e-4,NA,NA,NA,NA,NA,NA,NA,NA,NA,NA,NA,2394,NA,37840,2280
swine,37248,PB2,874,A,G,NA,0.028686,NA,NA,NA,0,NA,NA,NA,NA,NA,0.028686,NA,NA,NA,0,NA,NA,NA,NA,NA,NA,NA,NA,NA,NA,NA,2639,NA,35307,2280
swine,37248,PB2,1188,G,A,NA,0.246306,NA,NA,NA,0,NA,NA,NA,NA,NA,0.246306,NA,NA,NA,0.003728,NA,NA,NA,NA,NA,NA,NA,NA,NA,NA,NA,2493,NA,33986,2280
swine,37250,HA,1470,C,T,NA,0.985227,NA,NA,NA,NA,NA,0,NA,NA,NA,0.985227,NA,NA,NA,NA,NA,0,NA,NA,NA,NA,NA,NA,NA,NA,NA,NA,3507,36188,1701
swine,37250,NA,430,C,T,NA,0,NA,NA,NA,NA,NA,0.026012,NA,NA,NA,0,NA,NA,NA,NA,NA,0.026012,NA,NA,NA,NA,NA,NA,NA,NA,NA,NA,104115,153493,1412
swine,37250,NA,1191,A,G,NA,0.029135,NA,NA,NA,NA,NA,0,NA,NA,NA,0.029135,NA,NA,NA,NA,NA,2.88e-4,NA,NA,NA,NA,NA,NA,NA,NA,NA,NA,64659,116225,1412
swine,37250,NP,999,C,T,NA,0,NA,NA,NA,NA,NA,0.038981,NA,NA,NA,2.68e-4,NA,NA,NA,NA,NA,0.038981,NA,NA,NA,NA,NA,NA,NA,NA,NA,NA,30544,90421,1497
swine,37250,NS,338,G,A,NA,0,NA,NA,NA,NA,NA,0.025075,NA,NA,NA,0,NA,NA,NA,NA,NA,0.025075,NA,NA,NA,NA,NA,NA,NA,NA,NA,NA,158623,322641,838
swine,37250,NS,492,T,G,NA,0,NA,NA,NA,NA,NA,0.030355,NA,NA,NA,0,NA,NA,NA,NA,NA,0.030355,NA,NA,NA,NA,NA,NA,NA,NA,NA,NA,147247,294320,838
swine,37250,NS,603,C,A,NA,0,NA,NA,NA,NA,NA,0.028583,NA,NA,NA,0,NA,NA,NA,NA,NA,0.028583,NA,NA,NA,NA,NA,NA,NA,NA,NA,NA,120151,241300,838
swine,37250,PA,1233,C,A,NA,0,NA,NA,NA,NA,NA,0.024143,NA,NA,NA,0.00229,NA,NA,NA,NA,NA,0.024143,NA,NA,NA,NA,NA,NA,NA,NA,NA,NA,19275,41510,2151
swine,37250,PA,1253,C,A,NA,0,NA,NA,NA,NA,NA,0.027886,NA,NA,NA,0.001826,NA,NA,NA,NA,NA,0.027886,NA,NA,NA,NA,NA,NA,NA,NA,NA,NA,23221,45755,2151
swine,37250,PA,1794,T,C,NA,0,NA,NA,NA,NA,NA,0.02274,NA,NA,NA,0.001676,NA,NA,NA,NA,NA,0.02274,NA,NA,NA,NA,NA,NA,NA,NA,NA,NA,24774,49746,2151
swine,37250,PB1,455,C,A,NA,0,NA,NA,NA,NA,NA,0.069346,NA,NA,NA,0.003327,NA,NA,NA,NA,NA,0.069346,NA,NA,NA,NA,NA,NA,NA,NA,NA,NA,32926,44122,2275
swine,37250,PB1,1370,A,G,NA,0.069356,NA,NA,NA,NA,NA,0.061076,NA,NA,NA,0.069356,NA,NA,NA,NA,NA,0.061076,NA,NA,NA,NA,NA,NA,NA,NA,NA,NA,27417,48778,2275
swine,37250,PB2,636,C,T,NA,0.982828,NA,NA,NA,NA,NA,0.04677,NA,NA,NA,0.982828,NA,NA,NA,NA,NA,0.04677,NA,NA,NA,NA,NA,NA,NA,NA,NA,NA,40501,54981,2280
swine,37250,PB2,1188,A,G,NA,0.986709,NA,NA,NA,NA,NA,0.048234,NA,NA,NA,0.986709,NA,NA,NA,NA,NA,0.048234,NA,NA,NA,NA,NA,NA,NA,NA,NA,NA,36376,51495,2280
swine,37250,PB2,1368,T,C,NA,0,NA,NA,NA,NA,NA,0.029093,NA,NA,NA,3.23e-4,NA,NA,NA,NA,NA,0.029093,NA,NA,NA,NA,NA,NA,NA,NA,NA,NA,42422,56219,2280
swine,37250,PB2,1495,G,A,NA,0,NA,NA,NA,NA,NA,0.029176,NA,NA,NA,1.56e-4,NA,NA,NA,NA,NA,0.029176,NA,NA,NA,NA,NA,NA,NA,NA,NA,NA,45159,60875,2280
swine,37260,NS,387,A,G,NA,0.00917,NA,NA,NA,NA,NA,0.103515,NA,NA,NA,0.00917,NA,NA,NA,NA,NA,0.103515,NA,NA,NA,NA,NA,NA,NA,NA,NA,NA,225859,227788,838
swine,37260,PB1,204,G,A,NA,0.032397,NA,NA,NA,NA,NA,0,NA,NA,NA,0.032397,NA,NA,NA,NA,NA,8.79e-4,NA,NA,NA,NA,NA,NA,NA,NA,NA,NA,74723,54106,2274
swine,37260,PB1,1370,A,G,NA,0.111522,NA,NA,NA,NA,NA,0.047166,NA,NA,NA,0.111522,NA,NA,NA,NA,NA,0.047166,NA,NA,NA,NA,NA,NA,NA,NA,NA,NA,31769,31045,2274
swine,37262,NP,897,C,T,NA,NA,NA,NA,NA,0.02797,NA,0,NA,NA,NA,NA,NA,NA,NA,0.02797,NA,5.16e-4,NA,NA,NA,NA,NA,NA,NA,NA,NA,64193,70040,NA,1497
swine,37262,PA,221,A,G,NA,NA,NA,NA,NA,0.039735,NA,0,NA,NA,NA,NA,NA,NA,NA,0.039735,NA,0,NA,NA,NA,NA,NA,NA,NA,NA,NA,17178,31067,NA,2153
swine,37262,PA,1026,A,G,NA,NA,NA,NA,NA,0,NA,0.45928,NA,NA,NA,NA,NA,NA,NA,1.83e-4,NA,0.45928,NA,NA,NA,NA,NA,NA,NA,NA,NA,26216,52335,NA,2153
swine,37262,PA,1166,A,G,NA,NA,NA,NA,NA,0.352147,NA,0,NA,NA,NA,NA,NA,NA,NA,0.352147,NA,3.32e-4,NA,NA,NA,NA,NA,NA,NA,NA,NA,23643,46262,NA,2153
swine,37262,PA,1934,T,C,NA,NA,NA,NA,NA,0,NA,0.023758,NA,NA,NA,NA,NA,NA,NA,1.56e-4,NA,0.023758,NA,NA,NA,NA,NA,NA,NA,NA,NA,16775,34303,NA,2153
swine,37262,PB1,504,G,A,NA,NA,NA,NA,NA,0,NA,0.160527,NA,NA,NA,NA,NA,NA,NA,6.75e-4,NA,0.160527,NA,NA,NA,NA,NA,NA,NA,NA,NA,18804,17053,NA,2276
swine,37262,PB1,1081,C,A,NA,NA,NA,NA,NA,0,NA,0.988136,NA,NA,NA,NA,NA,NA,NA,0.003407,NA,0.988136,NA,NA,NA,NA,NA,NA,NA,NA,NA,25801,20753,NA,2276
swine,37262,PB1,1202,C,T,NA,NA,NA,NA,NA,0.089885,NA,0,NA,NA,NA,NA,NA,NA,NA,0.089885,NA,4.11e-4,NA,NA,NA,NA,NA,NA,NA,NA,NA,23246,20002,NA,2276
swine,37262,PB1,1715,G,A,NA,NA,NA,NA,NA,0.022677,NA,0,NA,NA,NA,NA,NA,NA,NA,0.022677,NA,2.25e-4,NA,NA,NA,NA,NA,NA,NA,NA,NA,22135,25256,NA,2276
swine,37262,PB1,1760,C,T,NA,NA,NA,NA,NA,0,NA,0.357075,NA,NA,NA,NA,NA,NA,NA,2.09e-4,NA,0.357075,NA,NA,NA,NA,NA,NA,NA,NA,NA,21528,25099,NA,2276
swine,37262,PB2,647,G,A,NA,NA,NA,NA,NA,0,NA,0.109269,NA,NA,NA,NA,NA,NA,NA,3.66e-4,NA,0.109269,NA,NA,NA,NA,NA,NA,NA,NA,NA,19345,26323,NA,2280
swine,37262,PB2,674,G,A,NA,NA,NA,NA,NA,0.050244,NA,0,NA,NA,NA,NA,NA,NA,NA,0.050244,NA,3.14e-4,NA,NA,NA,NA,NA,NA,NA,NA,NA,20585,27389,NA,2280
swine,37262,PB2,1987,A,G,NA,NA,NA,NA,NA,0.312832,NA,0,NA,NA,NA,NA,NA,NA,NA,0.312832,NA,4.3e-5,NA,NA,NA,NA,NA,NA,NA,NA,NA,14949,28322,NA,2280
swine,37271,HA,544,A,G,NA,0.997738,NA,NA,NA,0,NA,NA,NA,NA,NA,0.997738,NA,NA,NA,0.005248,NA,NA,NA,NA,NA,NA,NA,NA,NA,NA,NA,6432,NA,20019,1701
swine,37271,HA,593,T,C,NA,0,NA,NA,NA,0.058653,NA,NA,NA,NA,NA,4.48e-4,NA,NA,NA,0.058653,NA,NA,NA,NA,NA,NA,NA,NA,NA,NA,NA,7442,NA,22957,1701
swine,37271,HA,1009,C,T,NA,0,NA,NA,NA,0.045476,NA,NA,NA,NA,NA,4.93e-4,NA,NA,NA,0.045476,NA,NA,NA,NA,NA,NA,NA,NA,NA,NA,NA,5133,NA,16966,1701
swine,37271,HA,1130,A,C,NA,0.998146,NA,NA,NA,0.251705,NA,NA,NA,NA,NA,0.998146,NA,NA,NA,0.251705,NA,NA,NA,NA,NA,NA,NA,NA,NA,NA,NA,15209,NA,14370,1701
swine,37271,NP,1218,C,T,NA,0,NA,NA,NA,0.498521,NA,NA,NA,NA,NA,3.12e-4,NA,NA,NA,0.498521,NA,NA,NA,NA,NA,NA,NA,NA,NA,NA,NA,36981,NA,46947,1497
swine,37271,PA,788,C,A,NA,0.030649,NA,NA,NA,0,NA,NA,NA,NA,NA,0.030649,NA,NA,NA,0.0014,NA,NA,NA,NA,NA,NA,NA,NA,NA,NA,NA,27935,NA,11905,2151
swine,37271,PA,1436,A,G,NA,0.004744,NA,NA,NA,0.028759,NA,NA,NA,NA,NA,0.004744,NA,NA,NA,0.028759,NA,NA,NA,NA,NA,NA,NA,NA,NA,NA,NA,33049,NA,12393,2151
swine,37271,PA,1935,A,C,NA,0.04037,NA,NA,NA,0,NA,NA,NA,NA,NA,0.04037,NA,NA,NA,0.001173,NA,NA,NA,NA,NA,NA,NA,NA,NA,NA,NA,22325,NA,15355,2151
swine,37271,PA,1935,A,T,NA,0.05985,NA,NA,NA,0,NA,NA,NA,NA,NA,0.05985,NA,NA,NA,0.001231,NA,NA,NA,NA,NA,NA,NA,NA,NA,NA,NA,22325,NA,15355,2151
swine,37271,PA,1937,T,G,NA,0.35415,NA,NA,NA,0,NA,NA,NA,NA,NA,0.35415,NA,NA,NA,4.23e-4,NA,NA,NA,NA,NA,NA,NA,NA,NA,NA,NA,21733,NA,21546,2151
swine,37271,PA,1938,C,T,NA,0.333644,NA,NA,NA,0,NA,NA,NA,NA,NA,0.333644,NA,NA,NA,3.61e-4,NA,NA,NA,NA,NA,NA,NA,NA,NA,NA,NA,21809,NA,23087,2151
swine,37271,PA,1939,A,T,NA,0.33196,NA,NA,NA,0,NA,NA,NA,NA,NA,0.33196,NA,NA,NA,0.001026,NA,NA,NA,NA,NA,NA,NA,NA,NA,NA,NA,21767,NA,23901,2151
swine,37271,PA,1940,A,T,NA,0.324352,NA,NA,NA,0,NA,NA,NA,NA,NA,0.324352,NA,NA,NA,0.001268,NA,NA,NA,NA,NA,NA,NA,NA,NA,NA,NA,21756,NA,28354,2151
swine,37271,PB1,474,T,C,NA,0.556224,NA,NA,NA,0,NA,NA,NA,NA,NA,0.556224,NA,NA,NA,1.1e-4,NA,NA,NA,NA,NA,NA,NA,NA,NA,NA,NA,32482,NA,16211,2275
swine,37271,PB1,1370,A,G,NA,0.136233,NA,NA,NA,0.032527,NA,NA,NA,NA,NA,0.136233,NA,NA,NA,0.032527,NA,NA,NA,NA,NA,NA,NA,NA,NA,NA,NA,36662,NA,15976,2275
swine,37271,PB1,1376,T,G,NA,0.021333,NA,NA,NA,0.009642,NA,NA,NA,NA,NA,0.021333,NA,NA,NA,0.009642,NA,NA,NA,NA,NA,NA,NA,NA,NA,NA,NA,36634,NA,17168,2275
swine,37271,PB1,1459,A,G,NA,0,NA,NA,NA,0.03076,NA,NA,NA,NA,NA,0.001588,NA,NA,NA,0.03076,NA,NA,NA,NA,NA,NA,NA,NA,NA,NA,NA,78259,NA,26528,2275
swine,37271,PB1,1525,C,T,NA,0,NA,NA,NA,0.024234,NA,NA,NA,NA,NA,4.2e-4,NA,NA,NA,0.024234,NA,NA,NA,NA,NA,NA,NA,NA,NA,NA,NA,81343,NA,25079,2275
swine,37271,PB1,1902,T,C,NA,0.074546,NA,NA,NA,0,NA,NA,NA,NA,NA,0.074546,NA,NA,NA,2.37e-4,NA,NA,NA,NA,NA,NA,NA,NA,NA,NA,NA,95953,NA,33104,2275
swine,37271,PB1,2032,A,G,NA,0,NA,NA,NA,0.058979,NA,NA,NA,NA,NA,8.79e-4,NA,NA,NA,0.058979,NA,NA,NA,NA,NA,NA,NA,NA,NA,NA,NA,77701,NA,27712,2275
swine,37271,PB2,1188,G,A,NA,0,NA,NA,NA,0.186199,NA,NA,NA,NA,NA,5.63e-4,NA,NA,NA,0.186199,NA,NA,NA,NA,NA,NA,NA,NA,NA,NA,NA,40907,NA,25831,2284
swine,37271,PB2,1782,A,G,NA,0,NA,NA,NA,0.029615,NA,NA,NA,NA,NA,1.12e-4,NA,NA,NA,0.029615,NA,NA,NA,NA,NA,NA,NA,NA,NA,NA,NA,48249,NA,30891,2284
swine,37279,HA,1262,G,A,NA,NA,0,NA,NA,NA,NA,0.121842,NA,NA,NA,NA,2.03e-4,NA,NA,NA,NA,0.121842,NA,NA,NA,NA,NA,23841,NA,NA,NA,NA,2363,NA,1701
swine,37279,MP,283,A,G,NA,NA,0,NA,NA,NA,NA,0.029206,NA,NA,NA,NA,0,NA,NA,NA,NA,0.029206,NA,NA,NA,NA,NA,174018,NA,NA,NA,NA,42630,NA,982
swine,37279,MP,293,A,G,NA,NA,0,NA,NA,NA,NA,0.03265,NA,NA,NA,NA,0,NA,NA,NA,NA,0.03265,NA,NA,NA,NA,NA,172277,NA,NA,NA,NA,42853,NA,982
swine,37279,MP,387,C,T,NA,NA,0,NA,NA,NA,NA,0.049111,NA,NA,NA,NA,0,NA,NA,NA,NA,0.049111,NA,NA,NA,NA,NA,195562,NA,NA,NA,NA,47906,NA,982
swine,37279,MP,726,G,A,NA,NA,0,NA,NA,NA,NA,0.026441,NA,NA,NA,NA,2.94e-4,NA,NA,NA,NA,0.026441,NA,NA,NA,NA,NA,149363,NA,NA,NA,NA,34391,NA,982
swine,37279,NA,978,C,T,NA,NA,0,NA,NA,NA,NA,0.090065,NA,NA,NA,NA,2.25e-4,NA,NA,NA,NA,0.090065,NA,NA,NA,NA,NA,95896,NA,NA,NA,NA,11170,NA,1412
swine,37279,NP,556,G,A,NA,NA,0,NA,NA,NA,NA,0.080733,NA,NA,NA,NA,1.58e-4,NA,NA,NA,NA,0.080733,NA,NA,NA,NA,NA,60184,NA,NA,NA,NA,10334,NA,1497
swine,37279,NP,891,A,G,NA,NA,0,NA,NA,NA,NA,0.061039,NA,NA,NA,NA,2.93e-4,NA,NA,NA,NA,0.061039,NA,NA,NA,NA,NA,55317,NA,NA,NA,NA,10800,NA,1497
swine,37279,NS,236,T,C,NA,NA,0,NA,NA,NA,NA,0.036531,NA,NA,NA,NA,0,NA,NA,NA,NA,0.036531,NA,NA,NA,NA,NA,160950,NA,NA,NA,NA,48810,NA,838
swine,37279,PA,294,A,G,NA,NA,0,NA,NA,NA,NA,0.041572,NA,NA,NA,NA,7.04e-4,NA,NA,NA,NA,0.041572,NA,NA,NA,NA,NA,32776,NA,NA,NA,NA,2155,NA,2153
swine,37279,PA,563,G,T,NA,NA,0,NA,NA,NA,NA,0.022075,NA,NA,NA,NA,9.46e-4,NA,NA,NA,NA,0.022075,NA,NA,NA,NA,NA,18048,NA,NA,NA,NA,1069,NA,2153
swine,37279,PA,632,T,A,NA,NA,0,NA,NA,NA,NA,0.020979,NA,NA,NA,NA,0.002548,NA,NA,NA,NA,0.020979,NA,NA,NA,NA,NA,17457,NA,NA,NA,NA,1045,NA,2153
swine,37279,PA,633,G,A,NA,NA,0,NA,NA,NA,NA,0.020833,NA,NA,NA,NA,0.001128,NA,NA,NA,NA,0.020833,NA,NA,NA,NA,NA,17527,NA,NA,NA,NA,1052,NA,2153
swine,37279,PA,634,C,A,NA,NA,0,NA,NA,NA,NA,0.020809,NA,NA,NA,NA,0.002681,NA,NA,NA,NA,0.020809,NA,NA,NA,NA,NA,17511,NA,NA,NA,NA,1053,NA,2153
swine,37279,PA,1181,A,G,NA,NA,0,NA,NA,NA,NA,0.07259,NA,NA,NA,NA,0.001101,NA,NA,NA,NA,0.07259,NA,NA,NA,NA,NA,18910,NA,NA,NA,NA,2007,NA,2153
swine,37279,PA,1798,T,C,NA,NA,0,NA,NA,NA,NA,0.047332,NA,NA,NA,NA,0.001863,NA,NA,NA,NA,0.047332,NA,NA,NA,NA,NA,24633,NA,NA,NA,NA,2884,NA,2153
swine,37279,PB1,266,T,C,NA,NA,0,NA,NA,NA,NA,0.021115,NA,NA,NA,NA,0.001107,NA,NA,NA,NA,0.021115,NA,NA,NA,NA,NA,25290,NA,NA,NA,NA,5576,NA,2274
swine,37279,PB1,1370,A,G,NA,NA,0.10449,NA,NA,NA,NA,0.101926,NA,NA,NA,NA,0.10449,NA,NA,NA,NA,0.101926,NA,NA,NA,NA,NA,22151,NA,NA,NA,NA,2919,NA,2274
swine,37279,PB1,1376,T,G,NA,NA,0.019917,NA,NA,NA,NA,0.028196,NA,NA,NA,NA,0.019917,NA,NA,NA,NA,0.028196,NA,NA,NA,NA,NA,23885,NA,NA,NA,NA,3061,NA,2274
swine,37279,PB1,1378,C,A,NA,NA,0.019023,NA,NA,NA,NA,0.02522,NA,NA,NA,NA,0.019023,NA,NA,NA,NA,0.02522,NA,NA,NA,NA,NA,23862,NA,NA,NA,NA,3091,NA,2274
swine,37279,PB1,1626,A,G,NA,NA,0,NA,NA,NA,NA,0.05211,NA,NA,NA,NA,6.38e-4,NA,NA,NA,NA,0.05211,NA,NA,NA,NA,NA,45481,NA,NA,NA,NA,11883,NA,2274
swine,37280,HA,215,A,G,NA,0.02579,NA,NA,NA,NA,NA,0,NA,NA,NA,0.02579,NA,NA,NA,NA,NA,4.77e-4,NA,NA,NA,NA,NA,NA,NA,NA,NA,NA,24230,21058,1701
swine,37280,HA,446,A,G,NA,0.029827,NA,NA,NA,NA,NA,0,NA,NA,NA,0.029827,NA,NA,NA,NA,NA,0.001624,NA,NA,NA,NA,NA,NA,NA,NA,NA,NA,23724,18631,1701
swine,37280,MP,425,C,T,NA,0.037488,NA,NA,NA,NA,NA,0,NA,NA,NA,0.037488,NA,NA,NA,NA,NA,0,NA,NA,NA,NA,NA,NA,NA,NA,NA,NA,171855,164426,982
swine,37280,NA,288,A,G,NA,0.031247,NA,NA,NA,NA,NA,0,NA,NA,NA,0.031247,NA,NA,NA,NA,NA,0,NA,NA,NA,NA,NA,NA,NA,NA,NA,NA,114186,128817,1410
swine,37280,NA,343,T,C,NA,0.048064,NA,NA,NA,NA,NA,0,NA,NA,NA,0.048064,NA,NA,NA,NA,NA,0,NA,NA,NA,NA,NA,NA,NA,NA,NA,NA,138041,157591,1410
swine,37280,NA,383,A,G,NA,0.074952,NA,NA,NA,NA,NA,0,NA,NA,NA,0.074952,NA,NA,NA,NA,NA,6.79e-4,NA,NA,NA,NA,NA,NA,NA,NA,NA,NA,123632,142188,1410
swine,37280,NA,667,C,A,NA,0.097865,NA,NA,NA,NA,NA,0,NA,NA,NA,0.097865,NA,NA,NA,NA,NA,0.002578,NA,NA,NA,NA,NA,NA,NA,NA,NA,NA,105719,121863,1410
swine,37280,NA,736,G,T,NA,0.146458,NA,NA,NA,NA,NA,0,NA,NA,NA,0.146458,NA,NA,NA,NA,NA,0.002044,NA,NA,NA,NA,NA,NA,NA,NA,NA,NA,88939,101439,1410
swine,37280,NP,789,A,C,NA,0.089437,NA,NA,NA,NA,NA,0,NA,NA,NA,0.089437,NA,NA,NA,NA,NA,4.09e-4,NA,NA,NA,NA,NA,NA,NA,NA,NA,NA,47620,89089,1497
swine,37280,NS,353,G,A,NA,0.055478,NA,NA,NA,NA,NA,0.008954,NA,NA,NA,0.055478,NA,NA,NA,NA,NA,0.008954,NA,NA,NA,NA,NA,NA,NA,NA,NA,NA,205051,216599,839
swine,37280,NS,447,T,C,NA,0.032911,NA,NA,NA,NA,NA,0,NA,NA,NA,0.032911,NA,NA,NA,NA,NA,0.002067,NA,NA,NA,NA,NA,NA,NA,NA,NA,NA,212092,217609,839
swine,37280,PA,256,A,G,NA,0.049869,NA,NA,NA,NA,NA,0,NA,NA,NA,0.049869,NA,NA,NA,NA,NA,4.4e-4,NA,NA,NA,NA,NA,NA,NA,NA,NA,NA,40883,35184,2153
swine,37280,PA,438,T,C,NA,0.05291,NA,NA,NA,NA,NA,0,NA,NA,NA,0.05291,NA,NA,NA,NA,NA,5.74e-4,NA,NA,NA,NA,NA,NA,NA,NA,NA,NA,35995,33516,2153
swine,37280,PA,582,C,A,NA,0,NA,NA,NA,NA,NA,0.026559,NA,NA,NA,0.002014,NA,NA,NA,NA,NA,0.026559,NA,NA,NA,NA,NA,NA,NA,NA,NA,NA,28992,25936,2153
swine,37280,PA,797,G,A,NA,0.034266,NA,NA,NA,NA,NA,0,NA,NA,NA,0.034266,NA,NA,NA,NA,NA,1.44e-4,NA,NA,NA,NA,NA,NA,NA,NA,NA,NA,32695,31172,2153
swine,37280,PB1,243,A,G,NA,0.020901,NA,NA,NA,NA,NA,0,NA,NA,NA,0.020901,NA,NA,NA,NA,NA,0.001597,NA,NA,NA,NA,NA,NA,NA,NA,NA,NA,43439,58613,2274
swine,37280,PB1,577,G,A,NA,0.021485,NA,NA,NA,NA,NA,0,NA,NA,NA,0.021485,NA,NA,NA,NA,NA,3.87e-4,NA,NA,NA,NA,NA,NA,NA,NA,NA,NA,38838,23442,2274
swine,37280,PB1,1281,A,G,NA,0.029847,NA,NA,NA,NA,NA,0,NA,NA,NA,0.029847,NA,NA,NA,NA,NA,0.001277,NA,NA,NA,NA,NA,NA,NA,NA,NA,NA,36575,32793,2274
swine,37280,PB1,1370,A,G,NA,0.071557,NA,NA,NA,NA,NA,0.016406,NA,NA,NA,0.071557,NA,NA,NA,NA,NA,0.016406,NA,NA,NA,NA,NA,NA,NA,NA,NA,NA,35203,29299,2274
swine,37280,PB1,1401,C,T,NA,0.059995,NA,NA,NA,NA,NA,0,NA,NA,NA,0.059995,NA,NA,NA,NA,NA,7.19e-4,NA,NA,NA,NA,NA,NA,NA,NA,NA,NA,42663,37097,2274
swine,37280,PB2,319,A,G,NA,0.041408,NA,NA,NA,NA,NA,0,NA,NA,NA,0.041408,NA,NA,NA,NA,NA,7.05e-4,NA,NA,NA,NA,NA,NA,NA,NA,NA,NA,29938,55302,2280
swine,37280,PB2,1188,G,A,NA,0.047492,NA,NA,NA,NA,NA,0,NA,NA,NA,0.047492,NA,NA,NA,NA,NA,2.09e-4,NA,NA,NA,NA,NA,NA,NA,NA,NA,NA,27237,55895,2280
swine,37280,PB2,1981,G,A,NA,0.098288,NA,NA,NA,NA,NA,0,NA,NA,NA,0.098288,NA,NA,NA,NA,NA,2.99e-4,NA,NA,NA,NA,NA,NA,NA,NA,NA,NA,25785,54450,2280
swine,37281,HA,418,A,G,NA,0,NA,NA,NA,NA,NA,0.15334,NA,NA,NA,0.001378,NA,NA,NA,NA,NA,0.15334,NA,NA,NA,NA,NA,NA,NA,NA,NA,NA,12266,22050,1701
swine,37281,HA,525,C,A,NA,0,NA,NA,NA,NA,NA,0.027012,NA,NA,NA,0.002236,NA,NA,NA,NA,NA,0.027012,NA,NA,NA,NA,NA,NA,NA,NA,NA,NA,14239,24810,1701
swine,37281,HA,544,G,A,NA,0.129973,NA,NA,NA,NA,NA,0,NA,NA,NA,0.129973,NA,NA,NA,NA,NA,1.61e-4,NA,NA,NA,NA,NA,NA,NA,NA,NA,NA,13955,26467,1701
swine,37281,HA,592,G,T,NA,0.126371,NA,NA,NA,NA,NA,0,NA,NA,NA,0.126371,NA,NA,NA,NA,NA,0.001049,NA,NA,NA,NA,NA,NA,NA,NA,NA,NA,16169,30200,1701
swine,37281,HA,1041,A,G,NA,0.12657,NA,NA,NA,NA,NA,0,NA,NA,NA,0.12657,NA,NA,NA,NA,NA,2.63e-4,NA,NA,NA,NA,NA,NA,NA,NA,NA,NA,9408,20546,1701
swine,37281,HA,1241,A,G,NA,0.077151,NA,NA,NA,NA,NA,0,NA,NA,NA,0.077151,NA,NA,NA,NA,NA,0,NA,NA,NA,NA,NA,NA,NA,NA,NA,NA,8840,20124,1701
swine,37281,HA,1347,C,T,NA,0,NA,NA,NA,NA,NA,0.026161,NA,NA,NA,2.68e-4,NA,NA,NA,NA,NA,0.026161,NA,NA,NA,NA,NA,NA,NA,NA,NA,NA,9225,20898,1701
swine,37281,HA,1492,A,G,NA,0.119638,NA,NA,NA,NA,NA,0,NA,NA,NA,0.119638,NA,NA,NA,NA,NA,1.5e-4,NA,NA,NA,NA,NA,NA,NA,NA,NA,NA,7938,19085,1701
swine,37281,MP,269,C,A,NA,0.02635,NA,NA,NA,NA,NA,0,NA,NA,NA,0.02635,NA,NA,NA,NA,NA,0.00136,NA,NA,NA,NA,NA,NA,NA,NA,NA,NA,112783,168674,982
swine,37281,MP,291,T,C,NA,0.053525,NA,NA,NA,NA,NA,0.110289,NA,NA,NA,0.053525,NA,NA,NA,NA,NA,0.110289,NA,NA,NA,NA,NA,NA,NA,NA,NA,NA,115872,168435,982
swine,37281,NA,205,A,G,NA,0,NA,NA,NA,NA,NA,0.039116,NA,NA,NA,0.001097,NA,NA,NA,NA,NA,0.039116,NA,NA,NA,NA,NA,NA,NA,NA,NA,NA,56563,87290,1410
swine,37281,NA,909,A,G,NA,0.035612,NA,NA,NA,NA,NA,0,NA,NA,NA,0.035612,NA,NA,NA,NA,NA,6.73e-4,NA,NA,NA,NA,NA,NA,NA,NA,NA,NA,62074,98138,1410
swine,37281,NA,1011,C,A,NA,0.030036,NA,NA,NA,NA,NA,0,NA,NA,NA,0.030036,NA,NA,NA,NA,NA,0.002358,NA,NA,NA,NA,NA,NA,NA,NA,NA,NA,54771,94956,1410
swine,37281,NA,1175,C,T,NA,0.027301,NA,NA,NA,NA,NA,0,NA,NA,NA,0.027301,NA,NA,NA,NA,NA,2.02e-4,NA,NA,NA,NA,NA,NA,NA,NA,NA,NA,39658,72904,1410
swine,37281,NP,221,G,A,NA,0,NA,NA,NA,NA,NA,0.035934,NA,NA,NA,2.41e-4,NA,NA,NA,NA,NA,0.035934,NA,NA,NA,NA,NA,NA,NA,NA,NA,NA,31749,61077,1497
swine,37281,NP,323,T,C,NA,0,NA,NA,NA,NA,NA,0.036275,NA,NA,NA,0.001266,NA,NA,NA,NA,NA,0.036275,NA,NA,NA,NA,NA,NA,NA,NA,NA,NA,39216,74222,1497
swine,37281,NP,646,A,G,NA,0,NA,NA,NA,NA,NA,0.024679,NA,NA,NA,0.001771,NA,NA,NA,NA,NA,0.024679,NA,NA,NA,NA,NA,NA,NA,NA,NA,NA,31964,67984,1497
swine,37281,NP,671,A,G,NA,0.04349,NA,NA,NA,NA,NA,0,NA,NA,NA,0.04349,NA,NA,NA,NA,NA,3.62e-4,NA,NA,NA,NA,NA,NA,NA,NA,NA,NA,30037,64365,1497
swine,37281,NP,790,C,T,NA,0,NA,NA,NA,NA,NA,0.07559,NA,NA,NA,2.37e-4,NA,NA,NA,NA,NA,0.07559,NA,NA,NA,NA,NA,NA,NA,NA,NA,NA,32618,71232,1497
swine,37281,NP,1023,A,G,NA,0.136718,NA,NA,NA,NA,NA,0,NA,NA,NA,0.136718,NA,NA,NA,NA,NA,2.32e-4,NA,NA,NA,NA,NA,NA,NA,NA,NA,NA,29878,75419,1497
swine,37281,NP,1193,A,G,NA,0.022523,NA,NA,NA,NA,NA,0,NA,NA,NA,0.022523,NA,NA,NA,NA,NA,2.2e-4,NA,NA,NA,NA,NA,NA,NA,NA,NA,NA,25558,56255,1497
swine,37281,NP,1244,A,G,NA,0,NA,NA,NA,NA,NA,0.036059,NA,NA,NA,4.56e-4,NA,NA,NA,NA,NA,0.036059,NA,NA,NA,NA,NA,NA,NA,NA,NA,NA,23746,53103,1497
swine,37281,NS,248,C,T,NA,0,NA,NA,NA,NA,NA,0.029576,NA,NA,NA,0,NA,NA,NA,NA,NA,0.029576,NA,NA,NA,NA,NA,NA,NA,NA,NA,NA,164303,203745,838
swine,37281,NS,382,A,C,NA,0,NA,NA,NA,NA,NA,0.021028,NA,NA,NA,0,NA,NA,NA,NA,NA,0.021028,NA,NA,NA,NA,NA,NA,NA,NA,NA,NA,215088,259159,838
swine,37281,PA,1238,A,G,NA,0,NA,NA,NA,NA,NA,0.067937,NA,NA,NA,3.57e-4,NA,NA,NA,NA,NA,0.067937,NA,NA,NA,NA,NA,NA,NA,NA,NA,NA,29033,54128,2151
swine,37281,PA,1585,G,A,NA,0,NA,NA,NA,NA,NA,0.036213,NA,NA,NA,1.11e-4,NA,NA,NA,NA,NA,0.036213,NA,NA,NA,NA,NA,NA,NA,NA,NA,NA,32126,54943,2151
swine,37281,PB1,501,A,G,NA,0.068282,NA,NA,NA,NA,NA,0.143139,NA,NA,NA,0.068282,NA,NA,NA,NA,NA,0.143139,NA,NA,NA,NA,NA,NA,NA,NA,NA,NA,35931,35733,2274
swine,37281,PB1,675,T,G,NA,0,NA,NA,NA,NA,NA,0.077244,NA,NA,NA,1.09e-4,NA,NA,NA,NA,NA,0.077244,NA,NA,NA,NA,NA,NA,NA,NA,NA,NA,31528,32812,2274
swine,37281,PB1,1370,A,G,NA,0.031772,NA,NA,NA,NA,NA,0.027193,NA,NA,NA,0.031772,NA,NA,NA,NA,NA,0.027193,NA,NA,NA,NA,NA,NA,NA,NA,NA,NA,31760,37743,2274
swine,37281,PB1,1491,T,C,NA,0.052906,NA,NA,NA,NA,NA,0.138648,NA,NA,NA,0.052906,NA,NA,NA,NA,NA,0.138648,NA,NA,NA,NA,NA,NA,NA,NA,NA,NA,46742,46809,2274
swine,37281,PB1,1997,G,A,NA,0.038845,NA,NA,NA,NA,NA,0,NA,NA,NA,0.038845,NA,NA,NA,NA,NA,2.38e-4,NA,NA,NA,NA,NA,NA,NA,NA,NA,NA,39789,45734,2274
swine,37281,PB1,2047,C,T,NA,0,NA,NA,NA,NA,NA,0.025537,NA,NA,NA,9.59e-4,NA,NA,NA,NA,NA,0.025537,NA,NA,NA,NA,NA,NA,NA,NA,NA,NA,37567,44422,2274
swine,37281,PB2,438,C,A,NA,0,NA,NA,NA,NA,NA,0.131162,NA,NA,NA,0.001022,NA,NA,NA,NA,NA,0.131162,NA,NA,NA,NA,NA,NA,NA,NA,NA,NA,29033,42354,2280
swine,37281,PB2,522,A,G,NA,0,NA,NA,NA,NA,NA,0.049722,NA,NA,NA,5.72e-4,NA,NA,NA,NA,NA,0.049722,NA,NA,NA,NA,NA,NA,NA,NA,NA,NA,23421,34810,2280
swine,37281,PB2,1584,C,T,NA,0,NA,NA,NA,NA,NA,0.050299,NA,NA,NA,3.32e-4,NA,NA,NA,NA,NA,0.050299,NA,NA,NA,NA,NA,NA,NA,NA,NA,NA,21321,46305,2280
swine,37284,MP,424,G,A,NA,0.023426,NA,NA,NA,NA,NA,0,NA,NA,NA,0.023426,NA,NA,NA,NA,NA,2.11e-4,NA,NA,NA,NA,NA,NA,NA,NA,NA,NA,97523,208017,982
swine,37284,PA,306,G,A,NA,0.019714,NA,NA,NA,NA,NA,0.027858,NA,NA,NA,0.019714,NA,NA,NA,NA,NA,0.027858,NA,NA,NA,NA,NA,NA,NA,NA,NA,NA,22827,30556,2152
swine,37284,PA,429,A,G,NA,0,NA,NA,NA,NA,NA,0.021473,NA,NA,NA,8.33e-4,NA,NA,NA,NA,NA,0.021473,NA,NA,NA,NA,NA,NA,NA,NA,NA,NA,17406,23204,2152
swine,37284,PA,546,G,T,NA,0.02156,NA,NA,NA,NA,NA,0.037246,NA,NA,NA,0.02156,NA,NA,NA,NA,NA,0.037246,NA,NA,NA,NA,NA,NA,NA,NA,NA,NA,12416,14011,2152
swine,37284,PA,788,C,A,NA,0.00625,NA,NA,NA,NA,NA,0.050016,NA,NA,NA,0.00625,NA,NA,NA,NA,NA,0.050016,NA,NA,NA,NA,NA,NA,NA,NA,NA,NA,15328,18012,2152
swine,37284,PA,1230,G,A,NA,0,NA,NA,NA,NA,NA,0.035135,NA,NA,NA,0.002989,NA,NA,NA,NA,NA,0.035135,NA,NA,NA,NA,NA,NA,NA,NA,NA,NA,14622,17361,2152
swine,37284,PA,1587,C,T,NA,0,NA,NA,NA,NA,NA,0.045043,NA,NA,NA,3.47e-4,NA,NA,NA,NA,NA,0.045043,NA,NA,NA,NA,NA,NA,NA,NA,NA,NA,16341,20473,2152
swine,37284,PB1,387,T,A,NA,0,NA,NA,NA,NA,NA,0.022551,NA,NA,NA,8.63e-4,NA,NA,NA,NA,NA,0.022551,NA,NA,NA,NA,NA,NA,NA,NA,NA,NA,18709,22374,2275
swine,37284,PB1,681,G,A,NA,0,NA,NA,NA,NA,NA,0.049399,NA,NA,NA,4.24e-4,NA,NA,NA,NA,NA,0.049399,NA,NA,NA,NA,NA,NA,NA,NA,NA,NA,13589,10838,2275
swine,37284,PB1,1370,A,G,NA,0.161663,NA,NA,NA,NA,NA,0.027664,NA,NA,NA,0.161663,NA,NA,NA,NA,NA,0.027664,NA,NA,NA,NA,NA,NA,NA,NA,NA,NA,14321,17149,2275
swine,37284,PB1,1376,T,G,NA,0.029008,NA,NA,NA,NA,NA,0.005246,NA,NA,NA,0.029008,NA,NA,NA,NA,NA,0.005246,NA,NA,NA,NA,NA,NA,NA,NA,NA,NA,14317,17773,2275
swine,37284,PB1,1378,C,A,NA,0.024272,NA,NA,NA,NA,NA,0,NA,NA,NA,0.024272,NA,NA,NA,NA,NA,0.004532,NA,NA,NA,NA,NA,NA,NA,NA,NA,NA,14243,17696,2275
swine,37284,PB1,1390,G,A,NA,0.009048,NA,NA,NA,NA,NA,0.054452,NA,NA,NA,0.009048,NA,NA,NA,NA,NA,0.054452,NA,NA,NA,NA,NA,NA,NA,NA,NA,NA,15266,20248,2275
swine,37284,PB1,1696,A,C,NA,0,NA,NA,NA,NA,NA,0.025634,NA,NA,NA,4.9e-4,NA,NA,NA,NA,NA,0.025634,NA,NA,NA,NA,NA,NA,NA,NA,NA,NA,22009,42784,2275
swine,37284,PB1,1976,C,G,NA,0,NA,NA,NA,NA,NA,0.029276,NA,NA,NA,4.09e-4,NA,NA,NA,NA,NA,0.029276,NA,NA,NA,NA,NA,NA,NA,NA,NA,NA,18930,45211,2275
swine,37284,PB2,551,C,A,NA,0.062281,NA,NA,NA,NA,NA,0,NA,NA,NA,0.062281,NA,NA,NA,NA,NA,0.002582,NA,NA,NA,NA,NA,NA,NA,NA,NA,NA,18411,22590,2284
swine,37284,PB2,1422,A,G,NA,0,NA,NA,NA,NA,NA,0.029182,NA,NA,NA,0.002081,NA,NA,NA,NA,NA,0.029182,NA,NA,NA,NA,NA,NA,NA,NA,NA,NA,15922,21686,2284
swine,37285,HA,316,C,G,NA,0,NA,NA,NA,NA,NA,0.029701,NA,NA,NA,0,NA,NA,NA,NA,NA,0.029701,NA,NA,NA,NA,NA,NA,NA,NA,NA,NA,34408,13510,1701
swine,37285,HA,356,C,T,NA,0,NA,NA,NA,NA,NA,0.035239,NA,NA,NA,2.71e-4,NA,NA,NA,NA,NA,0.035239,NA,NA,NA,NA,NA,NA,NA,NA,NA,NA,33207,12453,1701
swine,37285,HA,508,T,C,NA,0.050029,NA,NA,NA,NA,NA,0,NA,NA,NA,0.050029,NA,NA,NA,NA,NA,2.62e-4,NA,NA,NA,NA,NA,NA,NA,NA,NA,NA,38964,15653,1701
swine,37285,HA,610,G,A,NA,0.212042,NA,NA,NA,NA,NA,0.163561,NA,NA,NA,0.212042,NA,NA,NA,NA,NA,0.163561,NA,NA,NA,NA,NA,NA,NA,NA,NA,NA,43896,17600,1701
swine,37285,HA,1052,T,A,NA,0,NA,NA,NA,NA,NA,0.021841,NA,NA,NA,0.00102,NA,NA,NA,NA,NA,0.021841,NA,NA,NA,NA,NA,NA,NA,NA,NA,NA,30941,10705,1701
swine,37285,HA,1053,C,A,NA,0,NA,NA,NA,NA,NA,0.022634,NA,NA,NA,0.001135,NA,NA,NA,NA,NA,0.022634,NA,NA,NA,NA,NA,NA,NA,NA,NA,NA,30960,10687,1701
swine,37285,MP,766,C,T,NA,0.024011,NA,NA,NA,NA,NA,0,NA,NA,NA,0.024011,NA,NA,NA,NA,NA,0,NA,NA,NA,NA,NA,NA,NA,NA,NA,NA,250336,105111,982
swine,37285,NA,736,G,T,NA,0.185664,NA,NA,NA,NA,NA,0.019889,NA,NA,NA,0.185664,NA,NA,NA,NA,NA,0.019889,NA,NA,NA,NA,NA,NA,NA,NA,NA,NA,109800,63740,1410
swine,37285,NP,270,G,T,NA,0.029744,NA,NA,NA,NA,NA,0,NA,NA,NA,0.029744,NA,NA,NA,NA,NA,0.002141,NA,NA,NA,NA,NA,NA,NA,NA,NA,NA,103782,44439,1497
swine,37285,NP,791,T,C,NA,0.031664,NA,NA,NA,NA,NA,0,NA,NA,NA,0.031664,NA,NA,NA,NA,NA,0.001303,NA,NA,NA,NA,NA,NA,NA,NA,NA,NA,90615,34677,1497
swine,37285,NP,919,C,A,NA,0.037232,NA,NA,NA,NA,NA,0,NA,NA,NA,0.037232,NA,NA,NA,NA,NA,0.00103,NA,NA,NA,NA,NA,NA,NA,NA,NA,NA,86346,32511,1497
swine,37285,NS,441,G,A,NA,0.027903,NA,NA,NA,NA,NA,0,NA,NA,NA,0.027903,NA,NA,NA,NA,NA,0,NA,NA,NA,NA,NA,NA,NA,NA,NA,NA,319416,159513,839
swine,37285,PA,356,A,G,NA,0,NA,NA,NA,NA,NA,0.030877,NA,NA,NA,4.1e-5,NA,NA,NA,NA,NA,0.030877,NA,NA,NA,NA,NA,NA,NA,NA,NA,NA,39175,30745,2151
swine,37285,PA,788,C,A,NA,0.068669,NA,NA,NA,NA,NA,0.010151,NA,NA,NA,0.068669,NA,NA,NA,NA,NA,0.010151,NA,NA,NA,NA,NA,NA,NA,NA,NA,NA,32926,22577,2151
swine,37285,PA,812,C,T,NA,0.068441,NA,NA,NA,NA,NA,0,NA,NA,NA,0.068441,NA,NA,NA,NA,NA,1.22e-4,NA,NA,NA,NA,NA,NA,NA,NA,NA,NA,32054,21825,2151
swine,37285,PA,939,A,G,NA,0,NA,NA,NA,NA,NA,0.02126,NA,NA,NA,3.49e-4,NA,NA,NA,NA,NA,0.02126,NA,NA,NA,NA,NA,NA,NA,NA,NA,NA,30146,18861,2151
swine,37285,PA,1246,G,A,NA,0,NA,NA,NA,NA,NA,0.024377,NA,NA,NA,2.66e-4,NA,NA,NA,NA,NA,0.024377,NA,NA,NA,NA,NA,NA,NA,NA,NA,NA,35023,23221,2151
swine,37285,PA,1317,A,G,NA,0.061976,NA,NA,NA,NA,NA,0,NA,NA,NA,0.061976,NA,NA,NA,NA,NA,2.24e-4,NA,NA,NA,NA,NA,NA,NA,NA,NA,NA,33487,23162,2151
swine,37285,PA,1523,G,A,NA,0.065135,NA,NA,NA,NA,NA,0,NA,NA,NA,0.065135,NA,NA,NA,NA,NA,4.06e-4,NA,NA,NA,NA,NA,NA,NA,NA,NA,NA,37066,30931,2151
swine,37285,PA,1809,A,G,NA,0,NA,NA,NA,NA,NA,0.027937,NA,NA,NA,0,NA,NA,NA,NA,NA,0.027937,NA,NA,NA,NA,NA,NA,NA,NA,NA,NA,34916,30442,2151
swine,37285,PB1,786,T,C,NA,0.087899,NA,NA,NA,NA,NA,0,NA,NA,NA,0.087899,NA,NA,NA,NA,NA,1.38e-4,NA,NA,NA,NA,NA,NA,NA,NA,NA,NA,26152,19833,2276
swine,37285,PB1,1022,C,T,NA,0,NA,NA,NA,NA,NA,0.045695,NA,NA,NA,9.33e-4,NA,NA,NA,NA,NA,0.045695,NA,NA,NA,NA,NA,NA,NA,NA,NA,NA,26447,19431,2276
swine,37285,PB1,1093,C,T,NA,0,NA,NA,NA,NA,NA,0.020602,NA,NA,NA,1.11e-4,NA,NA,NA,NA,NA,0.020602,NA,NA,NA,NA,NA,NA,NA,NA,NA,NA,29758,22133,2276
swine,37285,PB1,1370,A,G,NA,0.055784,NA,NA,NA,NA,NA,0.082395,NA,NA,NA,0.055784,NA,NA,NA,NA,NA,0.082395,NA,NA,NA,NA,NA,NA,NA,NA,NA,NA,28895,20590,2276
swine,37285,PB1,1376,T,G,NA,0.014613,NA,NA,NA,NA,NA,0.022095,NA,NA,NA,0.014613,NA,NA,NA,NA,NA,0.022095,NA,NA,NA,NA,NA,NA,NA,NA,NA,NA,30138,20962,2276
swine,37285,PB1,1378,C,A,NA,0.013959,NA,NA,NA,NA,NA,0.021294,NA,NA,NA,0.013959,NA,NA,NA,NA,NA,0.021294,NA,NA,NA,NA,NA,NA,NA,NA,NA,NA,30150,20903,2276
swine,37285,PB1,1794,A,G,NA,0.043947,NA,NA,NA,NA,NA,0,NA,NA,NA,0.043947,NA,NA,NA,NA,NA,7.1e-5,NA,NA,NA,NA,NA,NA,NA,NA,NA,NA,78129,42278,2276
swine,37285,PB1,1958,A,G,NA,0.043173,NA,NA,NA,NA,NA,0,NA,NA,NA,0.043173,NA,NA,NA,NA,NA,3.69e-4,NA,NA,NA,NA,NA,NA,NA,NA,NA,NA,64311,34175,2276
swine,37285,PB2,342,A,G,NA,0,NA,NA,NA,NA,NA,0.021784,NA,NA,NA,2.33e-4,NA,NA,NA,NA,NA,0.021784,NA,NA,NA,NA,NA,NA,NA,NA,NA,NA,35925,31012,2281
swine,37285,PB2,650,T,C,NA,0,NA,NA,NA,NA,NA,0.022414,NA,NA,NA,3.55e-4,NA,NA,NA,NA,NA,0.022414,NA,NA,NA,NA,NA,NA,NA,NA,NA,NA,30795,27904,2281
swine,37285,PB2,1188,G,A,NA,0.241598,NA,NA,NA,NA,NA,0.244,NA,NA,NA,0.241598,NA,NA,NA,NA,NA,0.244,NA,NA,NA,NA,NA,NA,NA,NA,NA,NA,28368,28316,2281
swine,37285,PB2,1190,C,A,NA,0.027697,NA,NA,NA,NA,NA,0,NA,NA,NA,0.027697,NA,NA,NA,NA,NA,0.00202,NA,NA,NA,NA,NA,NA,NA,NA,NA,NA,28900,28799,2281
swine,37285,PB2,1728,A,G,NA,0.042415,NA,NA,NA,NA,NA,0,NA,NA,NA,0.042415,NA,NA,NA,NA,NA,3.68e-4,NA,NA,NA,NA,NA,NA,NA,NA,NA,NA,29603,30312,2281
swine,37301,HA,320,G,T,NA,0.079234,NA,NA,NA,0,NA,NA,NA,NA,NA,0.079234,NA,NA,NA,0.001418,NA,NA,NA,NA,NA,NA,NA,NA,NA,NA,NA,14365,NA,52558,1701
swine,37301,HA,432,C,A,NA,0.059371,NA,NA,NA,0,NA,NA,NA,NA,NA,0.059371,NA,NA,NA,0.002481,NA,NA,NA,NA,NA,NA,NA,NA,NA,NA,NA,12419,NA,41768,1701
swine,37301,HA,777,C,T,NA,0.260098,NA,NA,NA,0,NA,NA,NA,NA,NA,0.260098,NA,NA,NA,2.79e-4,NA,NA,NA,NA,NA,NA,NA,NA,NA,NA,NA,16525,NA,52110,1701
swine,37301,HA,991,A,C,NA,0.021817,NA,NA,NA,0,NA,NA,NA,NA,NA,0.021817,NA,NA,NA,0.01839,NA,NA,NA,NA,NA,NA,NA,NA,NA,NA,NA,17836,NA,51961,1701
swine,37301,MP,637,G,A,NA,0,NA,NA,NA,0.064857,NA,NA,NA,NA,NA,2.7e-4,NA,NA,NA,0.064857,NA,NA,NA,NA,NA,NA,NA,NA,NA,NA,NA,55942,NA,115943,982
swine,37301,NA,420,G,A,NA,0,NA,NA,NA,0.170073,NA,NA,NA,NA,NA,1.21e-4,NA,NA,NA,0.170073,NA,NA,NA,NA,NA,NA,NA,NA,NA,NA,NA,18368,NA,44405,1410
swine,37301,NA,951,A,G,NA,0.021729,NA,NA,NA,0,NA,NA,NA,NA,NA,0.021729,NA,NA,NA,0,NA,NA,NA,NA,NA,NA,NA,NA,NA,NA,NA,17771,NA,47206,1410
swine,37301,PA,1058,A,G,NA,0,NA,NA,NA,0.020142,NA,NA,NA,NA,NA,0.001072,NA,NA,NA,0.020142,NA,NA,NA,NA,NA,NA,NA,NA,NA,NA,NA,13976,NA,28820,2151
swine,37301,PA,1059,G,A,NA,0.044258,NA,NA,NA,0,NA,NA,NA,NA,NA,0.044258,NA,NA,NA,8.3e-5,NA,NA,NA,NA,NA,NA,NA,NA,NA,NA,NA,13981,NA,28817,2151
swine,37301,PA,1138,G,A,NA,0,NA,NA,NA,0.034907,NA,NA,NA,NA,NA,2.6e-4,NA,NA,NA,0.034907,NA,NA,NA,NA,NA,NA,NA,NA,NA,NA,NA,13028,NA,27465,2151
swine,37301,PA,1305,T,C,NA,0.085434,NA,NA,NA,0,NA,NA,NA,NA,NA,0.085434,NA,NA,NA,6.2e-5,NA,NA,NA,NA,NA,NA,NA,NA,NA,NA,NA,18557,NA,37763,2151
swine,37301,PA,1582,A,G,NA,0,NA,NA,NA,0.140653,NA,NA,NA,NA,NA,1.48e-4,NA,NA,NA,0.140653,NA,NA,NA,NA,NA,NA,NA,NA,NA,NA,NA,15433,NA,32208,2151
swine,37301,PB1,238,A,C,NA,0,NA,NA,NA,0.027587,NA,NA,NA,NA,NA,0.005139,NA,NA,NA,0.027587,NA,NA,NA,NA,NA,NA,NA,NA,NA,NA,NA,11591,NA,12981,2274
swine,37301,PB1,239,G,A,NA,0,NA,NA,NA,0.023533,NA,NA,NA,NA,NA,0,NA,NA,NA,0.023533,NA,NA,NA,NA,NA,NA,NA,NA,NA,NA,NA,11389,NA,13041,2274
swine,37301,PB1,240,T,C,NA,0,NA,NA,NA,0.021955,NA,NA,NA,NA,NA,2.82e-4,NA,NA,NA,0.021955,NA,NA,NA,NA,NA,NA,NA,NA,NA,NA,NA,11791,NA,13329,2274
swine,37301,PB1,363,A,T,NA,0.024439,NA,NA,NA,0,NA,NA,NA,NA,NA,0.024439,NA,NA,NA,0.002663,NA,NA,NA,NA,NA,NA,NA,NA,NA,NA,NA,9796,NA,7385,2274
swine,37301,PB1,1229,G,A,NA,0.078661,NA,NA,NA,0,NA,NA,NA,NA,NA,0.078661,NA,NA,NA,3.24e-4,NA,NA,NA,NA,NA,NA,NA,NA,NA,NA,NA,10562,NA,6767,2274
swine,37301,PB1,1333,G,A,NA,0.335916,NA,NA,NA,0,NA,NA,NA,NA,NA,0.335916,NA,NA,NA,2.56e-4,NA,NA,NA,NA,NA,NA,NA,NA,NA,NA,NA,13194,NA,8227,2274
swine,37301,PB1,1857,T,C,NA,0.051724,NA,NA,NA,0,NA,NA,NA,NA,NA,0.051724,NA,NA,NA,1.33e-4,NA,NA,NA,NA,NA,NA,NA,NA,NA,NA,NA,8311,NA,6085,2274
swine,37301,PB2,867,T,A,NA,0.052197,NA,NA,NA,0,NA,NA,NA,NA,NA,0.052197,NA,NA,NA,0.001429,NA,NA,NA,NA,NA,NA,NA,NA,NA,NA,NA,21511,NA,15258,2280
swine,37301,PB2,935,A,G,NA,0,NA,NA,NA,0.029223,NA,NA,NA,NA,NA,7.31e-4,NA,NA,NA,0.029223,NA,NA,NA,NA,NA,NA,NA,NA,NA,NA,NA,22191,NA,15047,2280
swine,37301,PB2,1329,A,G,NA,0.153566,NA,NA,NA,0,NA,NA,NA,NA,NA,0.153566,NA,NA,NA,1.77e-4,NA,NA,NA,NA,NA,NA,NA,NA,NA,NA,NA,20081,NA,13032,2280
swine,37301,PB2,1754,C,T,NA,0.045926,NA,NA,NA,0,NA,NA,NA,NA,NA,0.045926,NA,NA,NA,2.21e-4,NA,NA,NA,NA,NA,NA,NA,NA,NA,NA,NA,20674,NA,14319,2280
swine,37301,PB2,1992,G,A,NA,0.070818999999999993,NA,NA,NA,0,NA,NA,NA,NA,NA,0.070818999999999993,NA,NA,NA,1.42e-4,NA,NA,NA,NA,NA,NA,NA,NA,NA,NA,NA,15724,NA,18594,2280
swine,37302,HA,1047,C,A,NA,0,NA,NA,NA,NA,NA,0.021689,NA,NA,NA,0.00124,NA,NA,NA,NA,NA,0.021689,NA,NA,NA,NA,NA,NA,NA,NA,NA,NA,13787,18321,1701
swine,37302,HA,1052,T,A,NA,0,NA,NA,NA,NA,NA,0.036816,NA,NA,NA,8.06e-4,NA,NA,NA,NA,NA,0.036816,NA,NA,NA,NA,NA,NA,NA,NA,NA,NA,14320,18796,1701
swine,37302,HA,1053,C,A,NA,0,NA,NA,NA,NA,NA,0.037152,NA,NA,NA,9.78e-4,NA,NA,NA,NA,NA,0.037152,NA,NA,NA,NA,NA,NA,NA,NA,NA,NA,14339,18805,1701
swine,37302,NA,434,C,T,NA,0.04881,NA,NA,NA,NA,NA,0,NA,NA,NA,0.04881,NA,NA,NA,NA,NA,1.49e-4,NA,NA,NA,NA,NA,NA,NA,NA,NA,NA,103172,76985,1410
swine,37302,NA,964,G,A,NA,0.10305,NA,NA,NA,NA,NA,0,NA,NA,NA,0.10305,NA,NA,NA,NA,NA,1.04e-4,NA,NA,NA,NA,NA,NA,NA,NA,NA,NA,78030,60182,1410
swine,37302,NA,978,C,A,NA,0.037868,NA,NA,NA,NA,NA,0,NA,NA,NA,0.037868,NA,NA,NA,NA,NA,0.007409,NA,NA,NA,NA,NA,NA,NA,NA,NA,NA,78148,60363,1410
swine,37302,NP,1257,T,C,NA,0.041909,NA,NA,NA,NA,NA,0,NA,NA,NA,0.041909,NA,NA,NA,NA,NA,0.00107,NA,NA,NA,NA,NA,NA,NA,NA,NA,NA,31164,8415,1497
swine,37302,PA,666,C,A,NA,0,NA,NA,NA,NA,NA,0.063176,NA,NA,NA,0.00232,NA,NA,NA,NA,NA,0.063176,NA,NA,NA,NA,NA,NA,NA,NA,NA,NA,29833,20428,2151
swine,37302,PA,1865,G,A,NA,0,NA,NA,NA,NA,NA,0.033739,NA,NA,NA,1.82e-4,NA,NA,NA,NA,NA,0.033739,NA,NA,NA,NA,NA,NA,NA,NA,NA,NA,34978,18749,2151
swine,37302,PA,1886,A,G,NA,0.020642,NA,NA,NA,NA,NA,0,NA,NA,NA,0.020642,NA,NA,NA,NA,NA,4.44e-4,NA,NA,NA,NA,NA,NA,NA,NA,NA,NA,36689,18865,2151
swine,37302,PB1,343,C,T,NA,0,NA,NA,NA,NA,NA,0.021993,NA,NA,NA,9.8e-5,NA,NA,NA,NA,NA,0.021993,NA,NA,NA,NA,NA,NA,NA,NA,NA,NA,37835,31833,2274
swine,37302,PB1,593,A,G,NA,0,NA,NA,NA,NA,NA,0.045019000000000003,NA,NA,NA,4.28e-4,NA,NA,NA,NA,NA,0.045019000000000003,NA,NA,NA,NA,NA,NA,NA,NA,NA,NA,31148,20288,2274
swine,37302,PB1,1204,T,C,NA,0.024337,NA,NA,NA,NA,NA,0,NA,NA,NA,0.024337,NA,NA,NA,NA,NA,4.57e-4,NA,NA,NA,NA,NA,NA,NA,NA,NA,NA,31716,31864,2274
swine,37302,PB1,1370,A,G,NA,0.00942,NA,NA,NA,NA,NA,0.028766,NA,NA,NA,0.00942,NA,NA,NA,NA,NA,0.028766,NA,NA,NA,NA,NA,NA,NA,NA,NA,NA,32246,30584,2274
swine,37302,PB1,2023,C,T,NA,0,NA,NA,NA,NA,NA,0.094827,NA,NA,NA,6.3e-5,NA,NA,NA,NA,NA,0.094827,NA,NA,NA,NA,NA,NA,NA,NA,NA,NA,56374,34400,2274
swine,37302,PB2,661,G,C,NA,0,NA,NA,NA,NA,NA,0.036007,NA,NA,NA,5.9e-5,NA,NA,NA,NA,NA,0.036007,NA,NA,NA,NA,NA,NA,NA,NA,NA,NA,34805,18900,2280
swine,37302,PB2,1278,A,G,NA,0.998175,NA,NA,NA,NA,NA,0.185709,NA,NA,NA,0.998175,NA,NA,NA,NA,NA,0.185709,NA,NA,NA,NA,NA,NA,NA,NA,NA,NA,34467,20786,2280
swine,37302,PB2,1522,C,T,NA,0,NA,NA,NA,NA,NA,0.042018,NA,NA,NA,1.86e-4,NA,NA,NA,NA,NA,0.042018,NA,NA,NA,NA,NA,NA,NA,NA,NA,NA,38446,23947,2280
swine,37302,PB2,2073,G,A,NA,0,NA,NA,NA,NA,NA,0.043424,NA,NA,NA,0,NA,NA,NA,NA,NA,0.043424,NA,NA,NA,NA,NA,NA,NA,NA,NA,NA,40570,17416,2280
swine,37310,MP,208,A,G,NA,0.103397,NA,NA,NA,NA,NA,0,NA,NA,NA,0.103397,NA,NA,NA,NA,NA,0,NA,NA,NA,NA,NA,NA,NA,NA,NA,NA,205360,101129,982
swine,37310,NP,326,C,T,NA,0,NA,NA,NA,NA,NA,0.020577,NA,NA,NA,0.001886,NA,NA,NA,NA,NA,0.020577,NA,NA,NA,NA,NA,NA,NA,NA,NA,NA,75428,17318,1497
swine,37310,NP,424,A,G,NA,0.033974,NA,NA,NA,NA,NA,0,NA,NA,NA,0.033974,NA,NA,NA,NA,NA,3.9e-4,NA,NA,NA,NA,NA,NA,NA,NA,NA,NA,74504,16942,1497
swine,37310,NP,441,A,G,NA,0,NA,NA,NA,NA,NA,0.020013,NA,NA,NA,0.001407,NA,NA,NA,NA,NA,0.020013,NA,NA,NA,NA,NA,NA,NA,NA,NA,NA,71725,16051,1497
swine,37310,NP,1080,G,A,NA,0,NA,NA,NA,NA,NA,0.022421,NA,NA,NA,0.001851,NA,NA,NA,NA,NA,0.022421,NA,NA,NA,NA,NA,NA,NA,NA,NA,NA,64143,14437,1497
swine,37310,PA,1018,C,T,NA,0.235931,NA,NA,NA,NA,NA,0,NA,NA,NA,0.235931,NA,NA,NA,NA,NA,1.15e-4,NA,NA,NA,NA,NA,NA,NA,NA,NA,NA,40102,32643,2152
swine,37310,PA,1771,C,G,NA,0,NA,NA,NA,NA,NA,0.027921,NA,NA,NA,2.25e-4,NA,NA,NA,NA,NA,0.027921,NA,NA,NA,NA,NA,NA,NA,NA,NA,NA,35749,29937,2152
swine,37310,PA,1772,A,C,NA,0,NA,NA,NA,NA,NA,0.02959,NA,NA,NA,8.48e-4,NA,NA,NA,NA,NA,0.02959,NA,NA,NA,NA,NA,NA,NA,NA,NA,NA,34886,29129,2152
swine,37310,PA,1773,G,T,NA,0,NA,NA,NA,NA,NA,0.030656,NA,NA,NA,0.001492,NA,NA,NA,NA,NA,0.030656,NA,NA,NA,NA,NA,NA,NA,NA,NA,NA,35290,29358,2152
swine,37310,PB1,1590,A,G,NA,0.020012,NA,NA,NA,NA,NA,0,NA,NA,NA,0.020012,NA,NA,NA,NA,NA,1.94e-4,NA,NA,NA,NA,NA,NA,NA,NA,NA,NA,69646,5095,2274
swine,37310,PB2,537,A,G,NA,0.020141,NA,NA,NA,NA,NA,0,NA,NA,NA,0.020141,NA,NA,NA,NA,NA,5.61e-4,NA,NA,NA,NA,NA,NA,NA,NA,NA,NA,36944,24078,2280
swine,37310,PB2,611,C,A,NA,0.380475,NA,NA,NA,NA,NA,0,NA,NA,NA,0.380475,NA,NA,NA,NA,NA,0.001614,NA,NA,NA,NA,NA,NA,NA,NA,NA,NA,41601,29334,2280
swine,37310,PB2,1305,G,T,NA,0.378174,NA,NA,NA,NA,NA,0,NA,NA,NA,0.378174,NA,NA,NA,NA,NA,0.001125,NA,NA,NA,NA,NA,NA,NA,NA,NA,NA,37811,30008,2280
swine,37317,HA,435,G,A,NA,0.394809,NA,NA,NA,NA,0,NA,NA,NA,NA,0.394809,NA,NA,NA,NA,8.64e-4,NA,NA,NA,NA,NA,NA,NA,NA,NA,25972,NA,NA,21884,1701
swine,37317,MP,342,G,A,NA,0.063813,NA,NA,NA,NA,0,NA,NA,NA,NA,0.063813,NA,NA,NA,NA,0,NA,NA,NA,NA,NA,NA,NA,NA,NA,154359,NA,NA,158454,983
swine,37317,PA,1923,G,T,NA,0.023544,NA,NA,NA,NA,0,NA,NA,NA,NA,0.023544,NA,NA,NA,NA,0.001419,NA,NA,NA,NA,NA,NA,NA,NA,NA,21063,NA,NA,27454,2151
swine,37317,PA,1924,G,T,NA,0.02587,NA,NA,NA,NA,0,NA,NA,NA,NA,0.02587,NA,NA,NA,NA,0.004528,NA,NA,NA,NA,NA,NA,NA,NA,NA,20987,NA,NA,28185,2151
swine,37317,PB1,1370,A,G,NA,0.08024,NA,NA,NA,NA,0.084076,NA,NA,NA,NA,0.08024,NA,NA,NA,NA,0.084076,NA,NA,NA,NA,NA,NA,NA,NA,NA,26304,NA,NA,23944,2275
swine,37317,PB2,390,C,T,NA,0.138363,NA,NA,NA,NA,0,NA,NA,NA,NA,0.138363,NA,NA,NA,NA,4.17e-4,NA,NA,NA,NA,NA,NA,NA,NA,NA,32073,NA,NA,34725,2280
swine,37317,PB2,699,C,T,NA,0.023611,NA,NA,NA,NA,0,NA,NA,NA,NA,0.023611,NA,NA,NA,NA,3.18e-4,NA,NA,NA,NA,NA,NA,NA,NA,NA,31701,NA,NA,33295,2280
swine,37318,HA,435,G,A,NA,0.024006,NA,NA,NA,NA,NA,0.166871,NA,NA,NA,0.024006,NA,NA,NA,NA,NA,0.166871,NA,NA,NA,NA,NA,NA,NA,NA,NA,NA,47675,36109,1701
swine,37318,PA,589,G,A,NA,0.02266,NA,NA,NA,NA,NA,0.024184,NA,NA,NA,0.02266,NA,NA,NA,NA,NA,0.024184,NA,NA,NA,NA,NA,NA,NA,NA,NA,NA,61614,53535,2152
swine,37318,PA,1422,T,C,NA,0.183931,NA,NA,NA,NA,NA,0,NA,NA,NA,0.183931,NA,NA,NA,NA,NA,7.57e-4,NA,NA,NA,NA,NA,NA,NA,NA,NA,NA,84363,67756,2152
swine,37318,PA,1933,G,T,NA,0.004092,NA,NA,NA,NA,NA,0.020419,NA,NA,NA,0.004092,NA,NA,NA,NA,NA,0.020419,NA,NA,NA,NA,NA,NA,NA,NA,NA,NA,63740,54691,2152
swine,37318,PA,1934,T,C,NA,0.004917,NA,NA,NA,NA,NA,0.020398,NA,NA,NA,0.004917,NA,NA,NA,NA,NA,0.020398,NA,NA,NA,NA,NA,NA,NA,NA,NA,NA,64941,55434,2152
swine,37318,PB1,1370,A,G,NA,0.045769,NA,NA,NA,NA,NA,0.035268,NA,NA,NA,0.045769,NA,NA,NA,NA,NA,0.035268,NA,NA,NA,NA,NA,NA,NA,NA,NA,NA,77853,51641,2275
swine,37318,PB1,1406,C,T,NA,0.007102,NA,NA,NA,NA,NA,0.023898,NA,NA,NA,0.007102,NA,NA,NA,NA,NA,0.023898,NA,NA,NA,NA,NA,NA,NA,NA,NA,NA,92612,57098,2275
swine,37318,PB2,1173,C,T,NA,0.374635,NA,NA,NA,NA,NA,0,NA,NA,NA,0.374635,NA,NA,NA,NA,NA,3.37e-4,NA,NA,NA,NA,NA,NA,NA,NA,NA,NA,61282,68048,2280
swine,37319,HA,435,G,A,NA,0.147855,NA,NA,NA,NA,NA,0.228473,NA,NA,NA,0.147855,NA,NA,NA,NA,NA,0.228473,NA,NA,NA,NA,NA,NA,NA,NA,NA,NA,17213,33742,1701
swine,37319,HA,1402,A,G,NA,0.054268,NA,NA,NA,NA,NA,0,NA,NA,NA,0.054268,NA,NA,NA,NA,NA,6.18e-4,NA,NA,NA,NA,NA,NA,NA,NA,NA,NA,16768,43077,1701
swine,37319,MP,342,G,A,NA,0.023951,NA,NA,NA,NA,NA,0,NA,NA,NA,0.023951,NA,NA,NA,NA,NA,2.41e-4,NA,NA,NA,NA,NA,NA,NA,NA,NA,NA,109349,274238,982
swine,37319,NP,300,G,A,NA,0.026688,NA,NA,NA,NA,NA,0.140658,NA,NA,NA,0.026688,NA,NA,NA,NA,NA,0.140658,NA,NA,NA,NA,NA,NA,NA,NA,NA,NA,44299,109219,1500
swine,37319,NP,1101,A,G,NA,0.184337,NA,NA,NA,NA,NA,0.06214,NA,NA,NA,0.184337,NA,NA,NA,NA,NA,0.06214,NA,NA,NA,NA,NA,NA,NA,NA,NA,NA,33602,109080,1500
swine,37319,PB1,706,T,C,NA,0.021927,NA,NA,NA,NA,NA,0,NA,NA,NA,0.021927,NA,NA,NA,NA,NA,1.78e-4,NA,NA,NA,NA,NA,NA,NA,NA,NA,NA,21025,19775,2277
swine,37319,PB1,1370,A,G,NA,0.110631,NA,NA,NA,NA,NA,0.038484,NA,NA,NA,0.110631,NA,NA,NA,NA,NA,0.038484,NA,NA,NA,NA,NA,NA,NA,NA,NA,NA,26275,27097,2277
swine,37319,PB1,1376,T,G,NA,0.022895,NA,NA,NA,NA,NA,0.007925,NA,NA,NA,0.022895,NA,NA,NA,NA,NA,0.007925,NA,NA,NA,NA,NA,NA,NA,NA,NA,NA,26859,28253,2277
swine,37319,PB1,2052,G,A,NA,0,NA,NA,NA,NA,NA,0.030055,NA,NA,NA,0,NA,NA,NA,NA,NA,0.030055,NA,NA,NA,NA,NA,NA,NA,NA,NA,NA,35838,63444,2277
swine,37319,PB1,2065,T,C,NA,0.050152,NA,NA,NA,NA,NA,0,NA,NA,NA,0.050152,NA,NA,NA,NA,NA,0.001418,NA,NA,NA,NA,NA,NA,NA,NA,NA,NA,38298,74098,2277
swine,37319,PB2,218,A,G,NA,0.043803,NA,NA,NA,NA,NA,0.005381,NA,NA,NA,0.043803,NA,NA,NA,NA,NA,0.005381,NA,NA,NA,NA,NA,NA,NA,NA,NA,NA,36964,66649,2281
swine,37319,PB2,219,A,T,NA,0.037774,NA,NA,NA,NA,NA,0,NA,NA,NA,0.037774,NA,NA,NA,NA,NA,0.00479,NA,NA,NA,NA,NA,NA,NA,NA,NA,NA,36747,65433,2281
swine,37319,PB2,220,G,C,NA,0.034007,NA,NA,NA,NA,NA,0,NA,NA,NA,0.034007,NA,NA,NA,NA,NA,0.004016,NA,NA,NA,NA,NA,NA,NA,NA,NA,NA,36949,65077,2281
swine,37319,PB2,221,G,C,NA,0.03125,NA,NA,NA,NA,NA,0,NA,NA,NA,0.03125,NA,NA,NA,NA,NA,0.003491,NA,NA,NA,NA,NA,NA,NA,NA,NA,NA,36287,63020,2281
swine,37319,PB2,276,A,G,NA,0.012261,NA,NA,NA,NA,NA,0.050094,NA,NA,NA,0.012261,NA,NA,NA,NA,NA,0.050094,NA,NA,NA,NA,NA,NA,NA,NA,NA,NA,33502,49465,2281
swine,37319,PB2,390,C,T,NA,0.092655,NA,NA,NA,NA,NA,0.008516,NA,NA,NA,0.092655,NA,NA,NA,NA,NA,0.008516,NA,NA,NA,NA,NA,NA,NA,NA,NA,NA,31557,42115,2281
swine,37319,PB2,1905,A,T,NA,0.007065,NA,NA,NA,NA,NA,0.086668,NA,NA,NA,0.007065,NA,NA,NA,NA,NA,0.086668,NA,NA,NA,NA,NA,NA,NA,NA,NA,NA,28210,40924,2281
swine,37319,PB2,1974,C,G,NA,0.022346,NA,NA,NA,NA,NA,0,NA,NA,NA,0.022346,NA,NA,NA,NA,NA,2.71e-4,NA,NA,NA,NA,NA,NA,NA,NA,NA,NA,29921,53124,2281
swine,37319,PB2,1975,A,G,NA,0.024154,NA,NA,NA,NA,NA,0,NA,NA,NA,0.024154,NA,NA,NA,NA,NA,2.72e-4,NA,NA,NA,NA,NA,NA,NA,NA,NA,NA,29843,54073,2281
swine,37330,HA,745,T,C,NA,0.020089,NA,NA,NA,NA,0,NA,NA,NA,NA,0.020089,NA,NA,NA,NA,1.58e-4,NA,NA,NA,NA,NA,NA,NA,NA,NA,21816,NA,NA,16099,1701
swine,37330,HA,1027,C,T,NA,0,NA,NA,NA,NA,0.103867,NA,NA,NA,NA,1.86e-4,NA,NA,NA,NA,0.103867,NA,NA,NA,NA,NA,NA,NA,NA,NA,17560,NA,NA,12490,1701
swine,37330,HA,1052,T,A,NA,0,NA,NA,NA,NA,0.020829,NA,NA,NA,NA,0.001158,NA,NA,NA,NA,0.020829,NA,NA,NA,NA,NA,NA,NA,NA,NA,18112,NA,NA,12883,1701
swine,37330,HA,1053,C,A,NA,0,NA,NA,NA,NA,0.021648,NA,NA,NA,NA,0.001781,NA,NA,NA,NA,0.021648,NA,NA,NA,NA,NA,NA,NA,NA,NA,18125,NA,NA,12882,1701
swine,37330,HA,1211,C,T,NA,0,NA,NA,NA,NA,0.034286,NA,NA,NA,NA,5.06e-4,NA,NA,NA,NA,0.034286,NA,NA,NA,NA,NA,NA,NA,NA,NA,19774,NA,NA,11064,1701
swine,37330,NA,736,G,T,NA,0.165866,NA,NA,NA,NA,0.339341,NA,NA,NA,NA,0.165866,NA,NA,NA,NA,0.339341,NA,NA,NA,NA,NA,NA,NA,NA,NA,86143,NA,NA,75806,1410
swine,37330,NA,846,T,C,NA,0.086514,NA,NA,NA,NA,0,NA,NA,NA,NA,0.086514,NA,NA,NA,NA,4.17e-4,NA,NA,NA,NA,NA,NA,NA,NA,NA,91127,NA,NA,78072,1410
swine,37330,NA,1130,T,C,NA,0,NA,NA,NA,NA,0.044444,NA,NA,NA,NA,3.64e-4,NA,NA,NA,NA,0.044444,NA,NA,NA,NA,NA,NA,NA,NA,NA,71431,NA,NA,58220,1410
swine,37330,NA,1202,G,T,NA,0,NA,NA,NA,NA,0.050005,NA,NA,NA,NA,0.002106,NA,NA,NA,NA,0.050005,NA,NA,NA,NA,NA,NA,NA,NA,NA,63303,NA,NA,52807,1410
swine,37330,PA,396,A,T,NA,0.026559,NA,NA,NA,NA,0,NA,NA,NA,NA,0.026559,NA,NA,NA,NA,4.42e-4,NA,NA,NA,NA,NA,NA,NA,NA,NA,21320,NA,NA,27552,2154
swine,37330,PA,1338,T,C,NA,0.027622,NA,NA,NA,NA,0,NA,NA,NA,NA,0.027622,NA,NA,NA,NA,5.4e-5,NA,NA,NA,NA,NA,NA,NA,NA,NA,21838,NA,NA,15054,2154
swine,37330,PA,1468,A,G,NA,0,NA,NA,NA,NA,0.0228,NA,NA,NA,NA,0.001333,NA,NA,NA,NA,0.0228,NA,NA,NA,NA,NA,NA,NA,NA,NA,25283,NA,NA,17676,2154
swine,37330,PA,1919,T,C,NA,0.022853,NA,NA,NA,NA,0,NA,NA,NA,NA,0.022853,NA,NA,NA,NA,1.56e-4,NA,NA,NA,NA,NA,NA,NA,NA,NA,15966,NA,NA,38355,2154
swine,37330,PA,1932,T,G,NA,0.037115,NA,NA,NA,NA,0,NA,NA,NA,NA,0.037115,NA,NA,NA,NA,0.001429,NA,NA,NA,NA,NA,NA,NA,NA,NA,15825,NA,NA,46279,2154
swine,37330,PB1,625,A,G,NA,0.025098,NA,NA,NA,NA,0,NA,NA,NA,NA,0.025098,NA,NA,NA,NA,6.95e-4,NA,NA,NA,NA,NA,NA,NA,NA,NA,18836,NA,NA,23457,2274
swine,37330,PB1,893,T,C,NA,0,NA,NA,NA,NA,0.036705,NA,NA,NA,NA,5.52e-4,NA,NA,NA,NA,0.036705,NA,NA,NA,NA,NA,NA,NA,NA,NA,20578,NA,NA,23247,2274
swine,37330,PB1,963,G,A,NA,0,NA,NA,NA,NA,0.051683,NA,NA,NA,NA,2.72e-4,NA,NA,NA,NA,0.051683,NA,NA,NA,NA,NA,NA,NA,NA,NA,19870,NA,NA,21486,2274
swine,37330,PB1,975,C,T,NA,0,NA,NA,NA,NA,0.055695,NA,NA,NA,NA,2.22e-4,NA,NA,NA,NA,0.055695,NA,NA,NA,NA,NA,NA,NA,NA,NA,19837,NA,NA,20994,2274
swine,37330,PB1,1370,A,G,NA,0.056584,NA,NA,NA,NA,0.068565,NA,NA,NA,NA,0.056584,NA,NA,NA,NA,0.068565,NA,NA,NA,NA,NA,NA,NA,NA,NA,23201,NA,NA,25076,2274
swine,37330,PB1,1468,T,C,NA,0,NA,NA,NA,NA,0.030871,NA,NA,NA,NA,7.27e-4,NA,NA,NA,NA,0.030871,NA,NA,NA,NA,NA,NA,NA,NA,NA,44392,NA,NA,38061,2274
swine,37330,PB1,1500,G,A,NA,0.031981,NA,NA,NA,NA,0,NA,NA,NA,NA,0.031981,NA,NA,NA,NA,2.13e-4,NA,NA,NA,NA,NA,NA,NA,NA,NA,48207,NA,NA,40782,2274
swine,37330,PB1,1693,G,A,NA,0.036192,NA,NA,NA,NA,0,NA,NA,NA,NA,0.036192,NA,NA,NA,NA,1.16e-4,NA,NA,NA,NA,NA,NA,NA,NA,NA,57707,NA,NA,48040,2274
swine,37330,PB1,1726,C,T,NA,0,NA,NA,NA,NA,0.048311,NA,NA,NA,NA,9.8e-5,NA,NA,NA,NA,0.048311,NA,NA,NA,NA,NA,NA,NA,NA,NA,55792,NA,NA,46297,2274
swine,37330,PB1,1984,A,G,NA,0.020296,NA,NA,NA,NA,0,NA,NA,NA,NA,0.020296,NA,NA,NA,NA,7.6e-5,NA,NA,NA,NA,NA,NA,NA,NA,NA,44042,NA,NA,51769,2274
swine,37330,PB1,1985,C,A,NA,0.026465,NA,NA,NA,NA,0,NA,NA,NA,NA,0.026465,NA,NA,NA,NA,0.001247,NA,NA,NA,NA,NA,NA,NA,NA,NA,43999,NA,NA,52309,2274
swine,37330,PB2,1188,A,G,NA,0.118259,NA,NA,NA,NA,0,NA,NA,NA,NA,0.118259,NA,NA,NA,NA,0.00128,NA,NA,NA,NA,NA,NA,NA,NA,NA,19012,NA,NA,14967,2280
swine,37330,PB2,1363,G,A,NA,0.02221,NA,NA,NA,NA,0,NA,NA,NA,NA,0.02221,NA,NA,NA,NA,5.5e-5,NA,NA,NA,NA,NA,NA,NA,NA,NA,22034,NA,NA,17265,2280
swine,37330,PB2,1763,C,A,NA,0.027273,NA,NA,NA,NA,0,NA,NA,NA,NA,0.027273,NA,NA,NA,NA,9.72e-4,NA,NA,NA,NA,NA,NA,NA,NA,NA,22782,NA,NA,19268,2280
swine,37330,PB2,1984,A,G,NA,0.023165,NA,NA,NA,NA,0,NA,NA,NA,NA,0.023165,NA,NA,NA,NA,2.35e-4,NA,NA,NA,NA,NA,NA,NA,NA,NA,19936,NA,NA,29705,2280
swine,37330,PB2,1985,C,G,NA,0.026019,NA,NA,NA,NA,0,NA,NA,NA,NA,0.026019,NA,NA,NA,NA,5.8e-5,NA,NA,NA,NA,NA,NA,NA,NA,NA,20060,NA,NA,30168,2280
swine,37330,PB2,1986,C,A,NA,0.027846,NA,NA,NA,NA,0,NA,NA,NA,NA,0.027846,NA,NA,NA,NA,0.001345,NA,NA,NA,NA,NA,NA,NA,NA,NA,20024,NA,NA,30228,2280
swine,37331,HA,256,A,C,NA,0.382759,NA,NA,NA,NA,NA,0.436627,NA,NA,NA,0.382759,NA,NA,NA,NA,NA,0.436627,NA,NA,NA,NA,NA,NA,NA,NA,NA,NA,43246,17707,1701
swine,37331,HA,264,A,G,NA,0,NA,NA,NA,NA,NA,0.021329,NA,NA,NA,0.001806,NA,NA,NA,NA,NA,0.021329,NA,NA,NA,NA,NA,NA,NA,NA,NA,NA,39556,15712,1701
swine,37331,HA,365,C,T,NA,0.205667,NA,NA,NA,NA,NA,0,NA,NA,NA,0.205667,NA,NA,NA,NA,NA,2.13e-4,NA,NA,NA,NA,NA,NA,NA,NA,NA,NA,43109,16718,1701
swine,37331,HA,444,A,G,NA,0,NA,NA,NA,NA,NA,0.024232,NA,NA,NA,7.36e-4,NA,NA,NA,NA,NA,0.024232,NA,NA,NA,NA,NA,NA,NA,NA,NA,NA,38063,14128,1701
swine,37331,HA,968,A,G,NA,0.925854,NA,NA,NA,NA,NA,0.456779,NA,NA,NA,0.925854,NA,NA,NA,NA,NA,0.456779,NA,NA,NA,NA,NA,NA,NA,NA,NA,NA,40114,16113,1701
swine,37331,HA,1178,T,C,NA,0,NA,NA,NA,NA,NA,0.024855,NA,NA,NA,2.26e-4,NA,NA,NA,NA,NA,0.024855,NA,NA,NA,NA,NA,NA,NA,NA,NA,NA,47826,14206,1701
swine,37331,HA,1257,A,G,NA,0,NA,NA,NA,NA,NA,0.105935,NA,NA,NA,0.001647,NA,NA,NA,NA,NA,0.105935,NA,NA,NA,NA,NA,NA,NA,NA,NA,NA,46061,13010,1701
swine,37331,NA,270,T,C,NA,0.052399,NA,NA,NA,NA,NA,0,NA,NA,NA,0.052399,NA,NA,NA,NA,NA,0.001203,NA,NA,NA,NA,NA,NA,NA,NA,NA,NA,91803,86443,1410
swine,37331,NA,308,A,G,NA,0.04253,NA,NA,NA,NA,NA,0,NA,NA,NA,0.04253,NA,NA,NA,NA,NA,0,NA,NA,NA,NA,NA,NA,NA,NA,NA,NA,123718,113282,1410
swine,37331,NA,736,G,T,NA,0.255348,NA,NA,NA,NA,NA,0.233141,NA,NA,NA,0.255348,NA,NA,NA,NA,NA,0.233141,NA,NA,NA,NA,NA,NA,NA,NA,NA,NA,86680,74067,1410
swine,37331,NP,1076,C,T,NA,0.057527,NA,NA,NA,NA,NA,0,NA,NA,NA,0.057527,NA,NA,NA,NA,NA,2.61e-4,NA,NA,NA,NA,NA,NA,NA,NA,NA,NA,48444,63304,1497
swine,37331,PB1,480,A,G,NA,0,NA,NA,NA,NA,NA,0.041717,NA,NA,NA,9.13e-4,NA,NA,NA,NA,NA,0.041717,NA,NA,NA,NA,NA,NA,NA,NA,NA,NA,58750,19339,2274
swine,37331,PB1,553,T,A,NA,0.02189,NA,NA,NA,NA,NA,0,NA,NA,NA,0.02189,NA,NA,NA,NA,NA,0.001213,NA,NA,NA,NA,NA,NA,NA,NA,NA,NA,59430,13928,2274
swine,37331,PB1,591,G,A,NA,0.077691,NA,NA,NA,NA,NA,0,NA,NA,NA,0.077691,NA,NA,NA,NA,NA,2.44e-4,NA,NA,NA,NA,NA,NA,NA,NA,NA,NA,55547,12224,2274
swine,37331,PB1,790,G,A,NA,0.031923,NA,NA,NA,NA,NA,0,NA,NA,NA,0.031923,NA,NA,NA,NA,NA,2.46e-4,NA,NA,NA,NA,NA,NA,NA,NA,NA,NA,59546,15931,2274
swine,37331,PB1,1370,A,G,NA,0.059504,NA,NA,NA,NA,NA,0.005755,NA,NA,NA,0.059504,NA,NA,NA,NA,NA,0.005755,NA,NA,NA,NA,NA,NA,NA,NA,NA,NA,59301,17535,2274
swine,37331,PB2,287,T,C,NA,0.035722,NA,NA,NA,NA,NA,0,NA,NA,NA,0.035722,NA,NA,NA,NA,NA,6.18e-4,NA,NA,NA,NA,NA,NA,NA,NA,NA,NA,47265,42085,2280
swine,37331,PB2,1564,C,T,NA,0,NA,NA,NA,NA,NA,0.020523,NA,NA,NA,9.6e-5,NA,NA,NA,NA,NA,0.020523,NA,NA,NA,NA,NA,NA,NA,NA,NA,NA,27519,35239,2280
swine,37331,PB2,1565,A,T,NA,0,NA,NA,NA,NA,NA,0.023931,NA,NA,NA,0.00181,NA,NA,NA,NA,NA,0.023931,NA,NA,NA,NA,NA,NA,NA,NA,NA,NA,28368,34858,2280
swine,37331,PB2,2035,C,T,NA,0.059199,NA,NA,NA,NA,NA,0,NA,NA,NA,0.059199,NA,NA,NA,NA,NA,7.8e-5,NA,NA,NA,NA,NA,NA,NA,NA,NA,NA,44302,50914,2280
swine,37334,HA,1163,C,T,NA,0.138858,NA,NA,NA,NA,NA,0,NA,NA,NA,0.138858,NA,NA,NA,NA,NA,1.64e-4,NA,NA,NA,NA,NA,NA,NA,NA,NA,NA,21233,53683,1701
swine,37334,HA,1434,G,A,NA,0.066172,NA,NA,NA,NA,NA,0,NA,NA,NA,0.066172,NA,NA,NA,NA,NA,9.5e-5,NA,NA,NA,NA,NA,NA,NA,NA,NA,NA,24683,61585,1701
swine,37334,MP,284,G,A,NA,0.027394,NA,NA,NA,NA,NA,0,NA,NA,NA,0.027394,NA,NA,NA,NA,NA,0,NA,NA,NA,NA,NA,NA,NA,NA,NA,NA,146068,515705,983
swine,37334,NA,501,T,C,NA,0.035493,NA,NA,NA,NA,NA,0,NA,NA,NA,0.035493,NA,NA,NA,NA,NA,1.59e-4,NA,NA,NA,NA,NA,NA,NA,NA,NA,NA,112012,363286,1410
swine,37334,NA,1206,C,T,NA,0.041577,NA,NA,NA,NA,NA,0,NA,NA,NA,0.041577,NA,NA,NA,NA,NA,2.09e-4,NA,NA,NA,NA,NA,NA,NA,NA,NA,NA,57713,200340,1410
swine,37334,NP,282,A,G,NA,0.046346,NA,NA,NA,NA,NA,0.455647,NA,NA,NA,0.046346,NA,NA,NA,NA,NA,0.455647,NA,NA,NA,NA,NA,NA,NA,NA,NA,NA,60940,180578,1497
swine,37334,NP,389,C,A,NA,0.022247,NA,NA,NA,NA,NA,0.004225,NA,NA,NA,0.022247,NA,NA,NA,NA,NA,0.004225,NA,NA,NA,NA,NA,NA,NA,NA,NA,NA,59281,181467,1497
swine,37334,NP,546,G,A,NA,0.035845,NA,NA,NA,NA,NA,0.083793,NA,NA,NA,0.035845,NA,NA,NA,NA,NA,0.083793,NA,NA,NA,NA,NA,NA,NA,NA,NA,NA,55062,201230,1497
swine,37334,PA,1598,A,G,NA,0.023952,NA,NA,NA,NA,NA,0,NA,NA,NA,0.023952,NA,NA,NA,NA,NA,7.08e-4,NA,NA,NA,NA,NA,NA,NA,NA,NA,NA,39048,78299,2151
swine,37334,PB1,1370,A,G,NA,0.059877,NA,NA,NA,NA,NA,0.035316,NA,NA,NA,0.059877,NA,NA,NA,NA,NA,0.035316,NA,NA,NA,NA,NA,NA,NA,NA,NA,NA,39507,106181,2274
swine,37334,PB1,1451,T,C,NA,0.030297,NA,NA,NA,NA,NA,0,NA,NA,NA,0.030297,NA,NA,NA,NA,NA,0.002723,NA,NA,NA,NA,NA,NA,NA,NA,NA,NA,58103,191182,2274
swine,37334,PB1,1764,G,A,NA,0.080766,NA,NA,NA,NA,NA,0.459277,NA,NA,NA,0.080766,NA,NA,NA,NA,NA,0.459277,NA,NA,NA,NA,NA,NA,NA,NA,NA,NA,72415,237731,2274
swine,37334,PB2,240,A,G,NA,0.018643,NA,NA,NA,NA,NA,0.046282,NA,NA,NA,0.018643,NA,NA,NA,NA,NA,0.046282,NA,NA,NA,NA,NA,NA,NA,NA,NA,NA,54634,178560,2280
swine,37334,PB2,317,C,T,NA,0.031728,NA,NA,NA,NA,NA,0,NA,NA,NA,0.031728,NA,NA,NA,NA,NA,1.36e-4,NA,NA,NA,NA,NA,NA,NA,NA,NA,NA,43943,172500,2280
swine,37334,PB2,1023,A,T,NA,0.098939,NA,NA,NA,NA,NA,0.221821,NA,NA,NA,0.098939,NA,NA,NA,NA,NA,0.221821,NA,NA,NA,NA,NA,NA,NA,NA,NA,NA,41622,168596,2280
swine,37334,PB2,1226,G,T,NA,0.025249,NA,NA,NA,NA,NA,0,NA,NA,NA,0.025249,NA,NA,NA,NA,NA,0.001874,NA,NA,NA,NA,NA,NA,NA,NA,NA,NA,35294,152916,2280
swine,37334,PB2,1500,A,G,NA,0.047826,NA,NA,NA,NA,NA,0,NA,NA,NA,0.047826,NA,NA,NA,NA,NA,6.02e-4,NA,NA,NA,NA,NA,NA,NA,NA,NA,NA,42882,187217,2280
swine,37334,PB2,1918,G,A,NA,0.028705,NA,NA,NA,NA,NA,0,NA,NA,NA,0.028705,NA,NA,NA,NA,NA,4.81e-4,NA,NA,NA,NA,NA,NA,NA,NA,NA,NA,38671,163793,2280
swine,37334,PB2,2045,G,T,NA,0,NA,NA,NA,NA,NA,0.02256,NA,NA,NA,0,NA,NA,NA,NA,NA,0.02256,NA,NA,NA,NA,NA,NA,NA,NA,NA,NA,41149,158736,2280
swine,37334,PB2,2046,C,G,NA,0,NA,NA,NA,NA,NA,0.022838,NA,NA,NA,0,NA,NA,NA,NA,NA,0.022838,NA,NA,NA,NA,NA,NA,NA,NA,NA,NA,41233,158825,2280
swine,37334,PB2,2047,A,T,NA,0,NA,NA,NA,NA,NA,0.024895,NA,NA,NA,0,NA,NA,NA,NA,NA,0.024895,NA,NA,NA,NA,NA,NA,NA,NA,NA,NA,41071,156727,2280
swine,37334,PB2,2048,C,G,NA,0,NA,NA,NA,NA,NA,0.025456,NA,NA,NA,0,NA,NA,NA,NA,NA,0.025456,NA,NA,NA,NA,NA,NA,NA,NA,NA,NA,41188,155455,2280
swine,37337,MP,622,C,A,NA,0.037856,NA,NA,NA,NA,NA,0,NA,NA,NA,0.037856,NA,NA,NA,NA,NA,0.001112,NA,NA,NA,NA,NA,NA,NA,NA,NA,NA,86817,193134,982
swine,37337,NA,477,G,A,NA,0.028456,NA,NA,NA,NA,NA,0,NA,NA,NA,0.028456,NA,NA,NA,NA,NA,3.39e-4,NA,NA,NA,NA,NA,NA,NA,NA,NA,NA,72274,132735,1410
swine,37337,NA,1186,G,A,NA,0.049308,NA,NA,NA,NA,NA,0,NA,NA,NA,0.049308,NA,NA,NA,NA,NA,5.07e-4,NA,NA,NA,NA,NA,NA,NA,NA,NA,NA,44856,100562,1410
swine,37337,NP,742,C,A,NA,0.087415,NA,NA,NA,NA,NA,0,NA,NA,NA,0.087415,NA,NA,NA,NA,NA,0.002061,NA,NA,NA,NA,NA,NA,NA,NA,NA,NA,31829,26967,1497
swine,37337,NS,371,T,C,NA,0,NA,NA,NA,NA,NA,0.023811,NA,NA,NA,0,NA,NA,NA,NA,NA,0.023811,NA,NA,NA,NA,NA,NA,NA,NA,NA,NA,151645,260513,838
swine,37337,NS,577,C,A,NA,0.113544,NA,NA,NA,NA,NA,0,NA,NA,NA,0.113544,NA,NA,NA,NA,NA,0,NA,NA,NA,NA,NA,NA,NA,NA,NA,NA,105178,198195,838
swine,37337,PA,225,A,G,NA,0.945273,NA,NA,NA,NA,NA,0.344844,NA,NA,NA,0.945273,NA,NA,NA,NA,NA,0.344844,NA,NA,NA,NA,NA,NA,NA,NA,NA,NA,30396,31672,2154
swine,37337,PA,239,A,G,NA,0.116381,NA,NA,NA,NA,NA,0,NA,NA,NA,0.116381,NA,NA,NA,NA,NA,2.68e-4,NA,NA,NA,NA,NA,NA,NA,NA,NA,NA,31417,31570,2154
swine,37337,PA,555,G,A,NA,0.083354,NA,NA,NA,NA,NA,0,NA,NA,NA,0.083354,NA,NA,NA,NA,NA,1.1e-4,NA,NA,NA,NA,NA,NA,NA,NA,NA,NA,21688,22952,2154
swine,37337,PA,736,C,A,NA,0.145021,NA,NA,NA,NA,NA,0,NA,NA,NA,0.145021,NA,NA,NA,NA,NA,0.001607,NA,NA,NA,NA,NA,NA,NA,NA,NA,NA,21316,21488,2154
swine,37337,PA,1762,T,C,NA,0.021719,NA,NA,NA,NA,NA,0,NA,NA,NA,0.021719,NA,NA,NA,NA,NA,9.98e-4,NA,NA,NA,NA,NA,NA,NA,NA,NA,NA,27334,21859,2154
swine,37337,PA,1786,A,T,NA,0.054176,NA,NA,NA,NA,NA,0,NA,NA,NA,0.054176,NA,NA,NA,NA,NA,0.001793,NA,NA,NA,NA,NA,NA,NA,NA,NA,NA,29267,27301,2154
swine,37337,PA,1866,A,C,NA,0,NA,NA,NA,NA,NA,0.265994,NA,NA,NA,4.36e-4,NA,NA,NA,NA,NA,0.265994,NA,NA,NA,NA,NA,NA,NA,NA,NA,NA,30001,32041,2154
swine,37337,PB1,1074,G,A,NA,0.058709,NA,NA,NA,NA,NA,0,NA,NA,NA,0.058709,NA,NA,NA,NA,NA,0,NA,NA,NA,NA,NA,NA,NA,NA,NA,NA,20344,15805,2275
swine,37337,PB1,1365,T,C,NA,0.052983,NA,NA,NA,NA,NA,0,NA,NA,NA,0.052983,NA,NA,NA,NA,NA,2.18e-4,NA,NA,NA,NA,NA,NA,NA,NA,NA,NA,22019,15372,2275
swine,37337,PB1,1370,A,G,NA,0.019506,NA,NA,NA,NA,NA,0.049541,NA,NA,NA,0.019506,NA,NA,NA,NA,NA,0.049541,NA,NA,NA,NA,NA,NA,NA,NA,NA,NA,21451,14823,2275
swine,37337,PB1,2054,A,C,NA,0.121171,NA,NA,NA,NA,NA,0,NA,NA,NA,0.121171,NA,NA,NA,NA,NA,4.8e-5,NA,NA,NA,NA,NA,NA,NA,NA,NA,NA,52269,23654,2275
swine,37337,PB1,2055,T,C,NA,0.126705,NA,NA,NA,NA,NA,0,NA,NA,NA,0.126705,NA,NA,NA,NA,NA,1.21e-4,NA,NA,NA,NA,NA,NA,NA,NA,NA,NA,52172,23822,2275
swine,37337,PB1,2056,G,A,NA,0.133029,NA,NA,NA,NA,NA,0,NA,NA,NA,0.133029,NA,NA,NA,NA,NA,3.14e-4,NA,NA,NA,NA,NA,NA,NA,NA,NA,NA,52352,24030,2275
swine,37337,PB1,2057,A,T,NA,0.135243,NA,NA,NA,NA,NA,0,NA,NA,NA,0.135243,NA,NA,NA,NA,NA,0.001706,NA,NA,NA,NA,NA,NA,NA,NA,NA,NA,51883,23793,2275
swine,37337,PB1,2062,A,C,NA,0.289326,NA,NA,NA,NA,NA,0,NA,NA,NA,0.289326,NA,NA,NA,NA,NA,4.58e-4,NA,NA,NA,NA,NA,NA,NA,NA,NA,NA,55523,32196,2275
swine,37337,PB1,2063,T,C,NA,0.293884,NA,NA,NA,NA,NA,0,NA,NA,NA,0.293884,NA,NA,NA,NA,NA,2.06e-4,NA,NA,NA,NA,NA,NA,NA,NA,NA,NA,55454,32502,2275
swine,37337,PB1,2064,G,A,NA,0.287732,NA,NA,NA,NA,NA,0,NA,NA,NA,0.287732,NA,NA,NA,NA,NA,3.44e-4,NA,NA,NA,NA,NA,NA,NA,NA,NA,NA,55452,33687,2275
swine,37337,PB2,1428,A,G,NA,0.020867,NA,NA,NA,NA,NA,0,NA,NA,NA,0.020867,NA,NA,NA,NA,NA,0.001065,NA,NA,NA,NA,NA,NA,NA,NA,NA,NA,24209,40803,2280
swine,37337,PB2,1478,G,A,NA,0.021306,NA,NA,NA,NA,NA,0,NA,NA,NA,0.021306,NA,NA,NA,NA,NA,4.24e-4,NA,NA,NA,NA,NA,NA,NA,NA,NA,NA,26902,44857,2280
swine,37337,PB2,1571,C,A,NA,0.210669,NA,NA,NA,NA,NA,0,NA,NA,NA,0.210669,NA,NA,NA,NA,NA,0.001469,NA,NA,NA,NA,NA,NA,NA,NA,NA,NA,29895,49270,2280
swine,37337,PB2,1579,T,C,NA,0.185532,NA,NA,NA,NA,NA,0,NA,NA,NA,0.185532,NA,NA,NA,NA,NA,1.73e-4,NA,NA,NA,NA,NA,NA,NA,NA,NA,NA,29042,46428,2280
swine,37337,PB2,1917,T,C,NA,0.042792,NA,NA,NA,NA,NA,0,NA,NA,NA,0.042792,NA,NA,NA,NA,NA,1.26e-4,NA,NA,NA,NA,NA,NA,NA,NA,NA,NA,29421,50174,2280
swine,37337,PB2,2033,A,T,NA,0.020935,NA,NA,NA,NA,NA,0,NA,NA,NA,0.020935,NA,NA,NA,NA,NA,0.001376,NA,NA,NA,NA,NA,NA,NA,NA,NA,NA,35638,75672,2280
swine,37340,PB1,1370,A,G,NA,0.070204,NA,NA,NA,NA,NA,0.019168,NA,NA,NA,0.070204,NA,NA,NA,NA,NA,0.019168,NA,NA,NA,NA,NA,NA,NA,NA,NA,NA,108732,47757,2275
swine,37340,PB2,216,A,G,NA,0.021679,NA,NA,NA,NA,NA,0.119522,NA,NA,NA,0.021679,NA,NA,NA,NA,NA,0.119522,NA,NA,NA,NA,NA,NA,NA,NA,NA,NA,125791,70243,2280
swine,37340,PB2,1188,A,G,NA,0.911162,NA,NA,NA,NA,NA,0.482769,NA,NA,NA,0.911162,NA,NA,NA,NA,NA,0.482769,NA,NA,NA,NA,NA,NA,NA,NA,NA,NA,93040,53626,2280
swine,37341,HA,396,C,T,NA,0,NA,NA,NA,NA,NA,0.025423,NA,NA,NA,2.47e-4,NA,NA,NA,NA,NA,0.025423,NA,NA,NA,NA,NA,NA,NA,NA,NA,NA,33137,34779,1701
swine,37341,NA,560,A,G,NA,0.013045,NA,NA,NA,NA,NA,0.041851,NA,NA,NA,0.013045,NA,NA,NA,NA,NA,0.041851,NA,NA,NA,NA,NA,NA,NA,NA,NA,NA,115934,170867,1410
swine,37341,NA,987,C,T,NA,0,NA,NA,NA,NA,NA,0.021184,NA,NA,NA,1.31e-4,NA,NA,NA,NA,NA,0.021184,NA,NA,NA,NA,NA,NA,NA,NA,NA,NA,68819,112137,1410
swine,37341,NP,563,C,A,NA,0,NA,NA,NA,NA,NA,0.039663,NA,NA,NA,0.001904,NA,NA,NA,NA,NA,0.039663,NA,NA,NA,NA,NA,NA,NA,NA,NA,NA,53617,97352,1497
swine,37341,NP,708,A,G,NA,0,NA,NA,NA,NA,NA,0.024272,NA,NA,NA,0.002389,NA,NA,NA,NA,NA,0.024272,NA,NA,NA,NA,NA,NA,NA,NA,NA,NA,48222,91093,1497
swine,37341,NP,848,T,C,NA,0,NA,NA,NA,NA,NA,0.038124,NA,NA,NA,8.45e-4,NA,NA,NA,NA,NA,0.038124,NA,NA,NA,NA,NA,NA,NA,NA,NA,NA,44852,86071,1497
swine,37341,NP,1207,G,A,NA,0,NA,NA,NA,NA,NA,0.029446,NA,NA,NA,2.65e-4,NA,NA,NA,NA,NA,0.029446,NA,NA,NA,NA,NA,NA,NA,NA,NA,NA,37055,70817,1497
swine,37341,NP,1230,T,C,NA,0,NA,NA,NA,NA,NA,0.032612,NA,NA,NA,0.001045,NA,NA,NA,NA,NA,0.032612,NA,NA,NA,NA,NA,NA,NA,NA,NA,NA,38451,73572,1497
swine,37341,NS,460,G,A,NA,0.009698,NA,NA,NA,NA,NA,0.028387,NA,NA,NA,0.009698,NA,NA,NA,NA,NA,0.028387,NA,NA,NA,NA,NA,NA,NA,NA,NA,NA,230886,266475,838
swine,37341,PA,538,C,T,NA,0.013891,NA,NA,NA,NA,NA,0.035454,NA,NA,NA,0.013891,NA,NA,NA,NA,NA,0.035454,NA,NA,NA,NA,NA,NA,NA,NA,NA,NA,20933,30006,2152
swine,37341,PA,539,A,G,NA,0.009224,NA,NA,NA,NA,NA,0.025978,NA,NA,NA,0.009224,NA,NA,NA,NA,NA,0.025978,NA,NA,NA,NA,NA,NA,NA,NA,NA,NA,19538,28676,2152
swine,37341,PA,1345,G,A,NA,0,NA,NA,NA,NA,NA,0.050044,NA,NA,NA,1.17e-4,NA,NA,NA,NA,NA,0.050044,NA,NA,NA,NA,NA,NA,NA,NA,NA,NA,16224,29941,2152
swine,37341,PA,1710,C,T,NA,0.123221,NA,NA,NA,NA,NA,0,NA,NA,NA,0.123221,NA,NA,NA,NA,NA,2.8e-4,NA,NA,NA,NA,NA,NA,NA,NA,NA,NA,17675,33115,2152
swine,37341,PA,1788,T,A,NA,0.050013,NA,NA,NA,NA,NA,0.078246,NA,NA,NA,0.050013,NA,NA,NA,NA,NA,0.078246,NA,NA,NA,NA,NA,NA,NA,NA,NA,NA,24846,42903,2152
swine,37341,PA,1789,G,T,NA,0.051674,NA,NA,NA,NA,NA,0.079625,NA,NA,NA,0.051674,NA,NA,NA,NA,NA,0.079625,NA,NA,NA,NA,NA,NA,NA,NA,NA,NA,25854,43582,2152
swine,37341,PB1,1370,A,G,NA,0.062881,NA,NA,NA,NA,NA,0.017351,NA,NA,NA,0.062881,NA,NA,NA,NA,NA,0.017351,NA,NA,NA,NA,NA,NA,NA,NA,NA,NA,43944,36743,2274
swine,37341,PB1,1419,A,G,NA,0,NA,NA,NA,NA,NA,0.022596,NA,NA,NA,0.001176,NA,NA,NA,NA,NA,0.022596,NA,NA,NA,NA,NA,NA,NA,NA,NA,NA,44569,42801,2274
swine,37341,PB1,1596,C,T,NA,0,NA,NA,NA,NA,NA,0.02465,NA,NA,NA,4.24e-4,NA,NA,NA,NA,NA,0.02465,NA,NA,NA,NA,NA,NA,NA,NA,NA,NA,50515,52248,2274
swine,37341,PB1,1972,G,A,NA,0,NA,NA,NA,NA,NA,0.021006,NA,NA,NA,4.49e-4,NA,NA,NA,NA,NA,0.021006,NA,NA,NA,NA,NA,NA,NA,NA,NA,NA,62784,69684,2274
swine,37341,PB1,1980,A,G,NA,0,NA,NA,NA,NA,NA,0.029149,NA,NA,NA,2.91e-4,NA,NA,NA,NA,NA,0.029149,NA,NA,NA,NA,NA,NA,NA,NA,NA,NA,58760,65369,2274
swine,37341,PB2,972,C,T,NA,0,NA,NA,NA,NA,NA,0.027638,NA,NA,NA,7.8e-5,NA,NA,NA,NA,NA,0.027638,NA,NA,NA,NA,NA,NA,NA,NA,NA,NA,33728,44477,2280
swine,37355,HA,231,A,G,NA,NA,NA,NA,0,NA,NA,0.022944,NA,NA,NA,NA,NA,NA,2.04e-4,NA,NA,0.022944,NA,NA,NA,NA,NA,NA,NA,11098,NA,NA,14268,NA,1701
swine,37355,HA,656,C,T,NA,NA,NA,NA,0,NA,NA,0.02471,NA,NA,NA,NA,NA,NA,3.46e-4,NA,NA,0.02471,NA,NA,NA,NA,NA,NA,NA,16151,NA,NA,18417,NA,1701
swine,37355,HA,772,A,G,NA,NA,NA,NA,0,NA,NA,0.026543,NA,NA,NA,NA,NA,NA,4.08e-4,NA,NA,0.026543,NA,NA,NA,NA,NA,NA,NA,13940,NA,NA,15545,NA,1701
swine,37355,HA,918,C,T,NA,NA,NA,NA,0,NA,NA,0.028448,NA,NA,NA,NA,NA,NA,0,NA,NA,0.028448,NA,NA,NA,NA,NA,NA,NA,11754,NA,NA,12961,NA,1701
swine,37355,HA,990,G,T,NA,NA,NA,NA,0,NA,NA,0.033774,NA,NA,NA,NA,NA,NA,8.4e-4,NA,NA,0.033774,NA,NA,NA,NA,NA,NA,NA,11272,NA,NA,12703,NA,1701
swine,37355,HA,1216,G,A,NA,NA,NA,NA,0.035912,NA,NA,0,NA,NA,NA,NA,NA,NA,0.035912,NA,NA,9.3e-5,NA,NA,NA,NA,NA,NA,NA,11270,NA,NA,12174,NA,1701
swine,37355,NA,727,G,A,NA,NA,NA,NA,0.034016,NA,NA,0,NA,NA,NA,NA,NA,NA,0.034016,NA,NA,9.6e-5,NA,NA,NA,NA,NA,NA,NA,66434,NA,NA,86643,NA,1410
swine,37355,NA,960,A,G,NA,NA,NA,NA,0.050118,NA,NA,0,NA,NA,NA,NA,NA,NA,0.050118,NA,NA,4.72e-4,NA,NA,NA,NA,NA,NA,NA,59352,NA,NA,75035,NA,1410
swine,37355,NS,267,C,T,NA,NA,NA,NA,0,NA,NA,0.024729,NA,NA,NA,NA,NA,NA,0,NA,NA,0.024729,NA,NA,NA,NA,NA,NA,NA,214365,NA,NA,182626,NA,838
swine,37355,NS,313,C,A,NA,NA,NA,NA,0.027963,NA,NA,0,NA,NA,NA,NA,NA,NA,0.027963,NA,NA,0.003258,NA,NA,NA,NA,NA,NA,NA,255512,NA,NA,219346,NA,838
swine,37355,NS,397,A,G,NA,NA,NA,NA,0.026267,NA,NA,0,NA,NA,NA,NA,NA,NA,0.026267,NA,NA,0,NA,NA,NA,NA,NA,NA,NA,248137,NA,NA,214228,NA,838
swine,37355,PA,564,G,A,NA,NA,NA,NA,0.030475,NA,NA,0,NA,NA,NA,NA,NA,NA,0.030475,NA,NA,4.13e-4,NA,NA,NA,NA,NA,NA,NA,11073,NA,NA,17272,NA,2151
swine,37355,PA,709,G,A,NA,NA,NA,NA,0,NA,NA,0.037848,NA,NA,NA,NA,NA,NA,9.8e-5,NA,NA,0.037848,NA,NA,NA,NA,NA,NA,NA,11885,NA,NA,15350,NA,2151
swine,37355,PA,1499,T,C,NA,NA,NA,NA,0.035908,NA,NA,0,NA,NA,NA,NA,NA,NA,0.035908,NA,NA,6.77e-4,NA,NA,NA,NA,NA,NA,NA,20033,NA,NA,28356,NA,2151
swine,37355,PB1,516,A,G,NA,NA,NA,NA,0.022228,NA,NA,0,NA,NA,NA,NA,NA,NA,0.022228,NA,NA,0.006556,NA,NA,NA,NA,NA,NA,NA,17625,NA,NA,23818,NA,2274
swine,37355,PB1,799,G,A,NA,NA,NA,NA,0.156777,NA,NA,0,NA,NA,NA,NA,NA,NA,0.156777,NA,NA,4.76e-4,NA,NA,NA,NA,NA,NA,NA,18272,NA,NA,20704,NA,2274
swine,37355,PB1,1098,A,G,NA,NA,NA,NA,0.027551,NA,NA,0,NA,NA,NA,NA,NA,NA,0.027551,NA,NA,1.04e-4,NA,NA,NA,NA,NA,NA,NA,20426,NA,NA,23377,NA,2274
swine,37355,PB1,1182,C,A,NA,NA,NA,NA,0.112269,NA,NA,0,NA,NA,NA,NA,NA,NA,0.112269,NA,NA,0.00254,NA,NA,NA,NA,NA,NA,NA,18575,NA,NA,21548,NA,2274
swine,37355,PB1,1370,A,G,NA,NA,NA,NA,0.024771,NA,NA,0.088325,NA,NA,NA,NA,NA,NA,0.024771,NA,NA,0.088325,NA,NA,NA,NA,NA,NA,NA,18826,NA,NA,21950,NA,2274
swine,37355,PB1,1376,T,G,NA,NA,NA,NA,0.007151,NA,NA,0.022023,NA,NA,NA,NA,NA,NA,0.007151,NA,NA,0.022023,NA,NA,NA,NA,NA,NA,NA,18677,NA,NA,23245,NA,2274
swine,37355,PB2,577,C,T,NA,NA,NA,NA,0.021717,NA,NA,0,NA,NA,NA,NA,NA,NA,0.021717,NA,NA,1.92e-4,NA,NA,NA,NA,NA,NA,NA,21186,NA,NA,25249,NA,2282
swine,37355,PB2,930,A,G,NA,NA,NA,NA,0,NA,NA,0.027216,NA,NA,NA,NA,NA,NA,4.04e-4,NA,NA,0.027216,NA,NA,NA,NA,NA,NA,NA,23287,NA,NA,24353,NA,2282
swine,37355,PB2,1297,C,A,NA,NA,NA,NA,0.072317,NA,NA,0,NA,NA,NA,NA,NA,NA,0.072317,NA,NA,0.00264,NA,NA,NA,NA,NA,NA,NA,23539,NA,NA,24918,NA,2282
swine,37356,PB1,1370,A,G,NA,0.057442,NA,NA,NA,0.043185,NA,NA,NA,NA,NA,0.057442,NA,NA,NA,0.043185,NA,NA,NA,NA,NA,NA,NA,NA,NA,NA,NA,47770,NA,43437,2274
swine,37356,PB2,1056,G,T,NA,0,NA,NA,NA,0.032966,NA,NA,NA,NA,NA,0.002117,NA,NA,NA,0.032966,NA,NA,NA,NA,NA,NA,NA,NA,NA,NA,NA,40951,NA,40857,2281
swine,37356,PB2,1589,C,T,NA,0.021708,NA,NA,NA,0,NA,NA,NA,NA,NA,0.021708,NA,NA,NA,2.41e-4,NA,NA,NA,NA,NA,NA,NA,NA,NA,NA,NA,51475,NA,51107,2281
swine,37364,HA,256,C,A,NA,NA,NA,NA,0,NA,NA,0.160094,NA,NA,NA,NA,NA,NA,0.001975,NA,NA,0.160094,NA,NA,NA,NA,NA,NA,NA,28169,NA,NA,19243,NA,1701
swine,37364,HA,809,C,T,NA,NA,NA,NA,0,NA,NA,0.056587,NA,NA,NA,NA,NA,NA,1.18e-4,NA,NA,0.056587,NA,NA,NA,NA,NA,NA,NA,30099,NA,NA,17848,NA,1701
swine,37364,HA,1052,T,A,NA,NA,NA,NA,0,NA,NA,0.023608,NA,NA,NA,NA,NA,NA,0.009569,NA,NA,0.023608,NA,NA,NA,NA,NA,NA,NA,25867,NA,NA,14733,NA,1701
swine,37364,HA,1053,C,A,NA,NA,NA,NA,0.009792,NA,NA,0.024892,NA,NA,NA,NA,NA,NA,0.009792,NA,NA,0.024892,NA,NA,NA,NA,NA,NA,NA,25891,NA,NA,14740,NA,1701
swine,37364,HA,1269,G,A,NA,NA,NA,NA,0,NA,NA,0.058356,NA,NA,NA,NA,NA,NA,9.5e-5,NA,NA,0.058356,NA,NA,NA,NA,NA,NA,NA,24006,NA,NA,14854,NA,1701
swine,37364,MP,270,A,G,NA,NA,NA,NA,0.146472,NA,NA,0,NA,NA,NA,NA,NA,NA,0.146472,NA,NA,0,NA,NA,NA,NA,NA,NA,NA,155557,NA,NA,145206,NA,982
swine,37364,MP,492,A,G,NA,NA,NA,NA,0.164653,NA,NA,0,NA,NA,NA,NA,NA,NA,0.164653,NA,NA,1.78e-4,NA,NA,NA,NA,NA,NA,NA,181242,NA,NA,165893,NA,982
swine,37364,MP,528,G,A,NA,NA,NA,NA,0.158072,NA,NA,0,NA,NA,NA,NA,NA,NA,0.158072,NA,NA,0,NA,NA,NA,NA,NA,NA,NA,184685,NA,NA,170210,NA,982
swine,37364,MP,679,A,G,NA,NA,NA,NA,0.153186,NA,NA,0,NA,NA,NA,NA,NA,NA,0.153186,NA,NA,0,NA,NA,NA,NA,NA,NA,NA,145545,NA,NA,136181,NA,982
swine,37364,MP,711,A,G,NA,NA,NA,NA,0.156093,NA,NA,0,NA,NA,NA,NA,NA,NA,0.156093,NA,NA,0.001438,NA,NA,NA,NA,NA,NA,NA,134237,NA,NA,124031,NA,982
swine,37364,MP,768,C,T,NA,NA,NA,NA,0.1549,NA,NA,0,NA,NA,NA,NA,NA,NA,0.1549,NA,NA,0.001455,NA,NA,NA,NA,NA,NA,NA,138598,NA,NA,127399,NA,982
swine,37364,NA,502,C,T,NA,NA,NA,NA,0.04412,NA,NA,0,NA,NA,NA,NA,NA,NA,0.04412,NA,NA,1.43e-4,NA,NA,NA,NA,NA,NA,NA,109966,NA,NA,98699,NA,1410
swine,37364,NA,736,T,G,NA,NA,NA,NA,0.139958,NA,NA,0.268729,NA,NA,NA,NA,NA,NA,0.139958,NA,NA,0.268729,NA,NA,NA,NA,NA,NA,NA,81379,NA,NA,76130,NA,1410
swine,37364,NA,1040,A,C,NA,NA,NA,NA,0,NA,NA,0.023296,NA,NA,NA,NA,NA,NA,9.77e-4,NA,NA,0.023296,NA,NA,NA,NA,NA,NA,NA,82224,NA,NA,70290,NA,1410
swine,37364,NA,1137,C,T,NA,NA,NA,NA,0.038162,NA,NA,0,NA,NA,NA,NA,NA,NA,0.038162,NA,NA,1.64e-4,NA,NA,NA,NA,NA,NA,NA,68268,NA,NA,57050,NA,1410
swine,37364,NA,1164,C,T,NA,NA,NA,NA,0,NA,NA,0.021109,NA,NA,NA,NA,NA,NA,1.28e-4,NA,NA,0.021109,NA,NA,NA,NA,NA,NA,NA,63261,NA,NA,53545,NA,1410
swine,37364,NP,792,C,A,NA,NA,NA,NA,0,NA,NA,0.024569,NA,NA,NA,NA,NA,NA,0.001035,NA,NA,0.024569,NA,NA,NA,NA,NA,NA,NA,57146,NA,NA,50807,NA,1497
swine,37364,NP,867,T,G,NA,NA,NA,NA,0,NA,NA,0.022603,NA,NA,NA,NA,NA,NA,0.001075,NA,NA,0.022603,NA,NA,NA,NA,NA,NA,NA,52538,NA,NA,45738,NA,1497
swine,37364,NP,876,A,G,NA,NA,NA,NA,0,NA,NA,0.02723,NA,NA,NA,NA,NA,NA,4.45e-4,NA,NA,0.02723,NA,NA,NA,NA,NA,NA,NA,52422,NA,NA,45615,NA,1497
swine,37364,NP,897,C,T,NA,NA,NA,NA,0,NA,NA,0.027923,NA,NA,NA,NA,NA,NA,2.89e-4,NA,NA,0.027923,NA,NA,NA,NA,NA,NA,NA,55186,NA,NA,48243,NA,1497
swine,37364,NP,961,A,G,NA,NA,NA,NA,0,NA,NA,0.025204,NA,NA,NA,NA,NA,NA,7.64e-4,NA,NA,0.025204,NA,NA,NA,NA,NA,NA,NA,52250,NA,NA,45411,NA,1497
swine,37364,NP,1164,A,G,NA,NA,NA,NA,0,NA,NA,0.024343,NA,NA,NA,NA,NA,NA,7.68e-4,NA,NA,0.024343,NA,NA,NA,NA,NA,NA,NA,47983,NA,NA,41981,NA,1497
swine,37364,NS,341,C,T,NA,NA,NA,NA,0.035017,NA,NA,0,NA,NA,NA,NA,NA,NA,0.035017,NA,NA,0,NA,NA,NA,NA,NA,NA,NA,223830,NA,NA,185930,NA,838
swine,37364,PA,272,T,C,NA,NA,NA,NA,0.029324,NA,NA,0,NA,NA,NA,NA,NA,NA,0.029324,NA,NA,0,NA,NA,NA,NA,NA,NA,NA,23982,NA,NA,27665,NA,2151
swine,37364,PA,415,A,T,NA,NA,NA,NA,0,NA,NA,0.026284,NA,NA,NA,NA,NA,NA,0.001079,NA,NA,0.026284,NA,NA,NA,NA,NA,NA,NA,14290,NA,NA,16935,NA,2151
swine,37364,PA,416,A,G,NA,NA,NA,NA,0,NA,NA,0.02334,NA,NA,NA,NA,NA,NA,0,NA,NA,0.02334,NA,NA,NA,NA,NA,NA,NA,14251,NA,NA,16856,NA,2151
swine,37364,PA,441,T,G,NA,NA,NA,NA,0.064302,NA,NA,0.009725,NA,NA,NA,NA,NA,NA,0.064302,NA,NA,0.009725,NA,NA,NA,NA,NA,NA,NA,10932,NA,NA,14036,NA,2151
swine,37364,PA,443,T,G,NA,NA,NA,NA,0.03146,NA,NA,0,NA,NA,NA,NA,NA,NA,0.03146,NA,NA,0.005088,NA,NA,NA,NA,NA,NA,NA,10404,NA,NA,13914,NA,2151
swine,37364,PA,444,T,A,NA,NA,NA,NA,0.021091,NA,NA,0,NA,NA,NA,NA,NA,NA,0.021091,NA,NA,0.003292,NA,NA,NA,NA,NA,NA,NA,10217,NA,NA,13813,NA,2151
swine,37364,PA,565,G,A,NA,NA,NA,NA,0.020117,NA,NA,0,NA,NA,NA,NA,NA,NA,0.020117,NA,NA,1.13e-4,NA,NA,NA,NA,NA,NA,NA,4965,NA,NA,10825,NA,2151
swine,37364,PA,1781,G,A,NA,NA,NA,NA,0,NA,NA,0.022748,NA,NA,NA,NA,NA,NA,0.002244,NA,NA,0.022748,NA,NA,NA,NA,NA,NA,NA,17998,NA,NA,15437,NA,2151
swine,37364,PA,1792,G,T,NA,NA,NA,NA,0.042668,NA,NA,0,NA,NA,NA,NA,NA,NA,0.042668,NA,NA,0.002898,NA,NA,NA,NA,NA,NA,NA,19383,NA,NA,16942,NA,2151
swine,37364,PA,1793,C,A,NA,NA,NA,NA,0.040994,NA,NA,0,NA,NA,NA,NA,NA,NA,0.040994,NA,NA,0.003853,NA,NA,NA,NA,NA,NA,NA,19523,NA,NA,16970,NA,2151
swine,37364,PB1,534,A,G,NA,NA,NA,NA,0.090284,NA,NA,0,NA,NA,NA,NA,NA,NA,0.090284,NA,NA,9.82e-4,NA,NA,NA,NA,NA,NA,NA,8787,NA,NA,14587,NA,2277
swine,37364,PB1,537,A,G,NA,NA,NA,NA,0,NA,NA,0.046568,NA,NA,NA,NA,NA,NA,5.49e-4,NA,NA,0.046568,NA,NA,NA,NA,NA,NA,NA,8794,NA,NA,14662,NA,2277
swine,37364,PB1,760,T,C,NA,NA,NA,NA,0,NA,NA,0.04939,NA,NA,NA,NA,NA,NA,4.98e-4,NA,NA,0.04939,NA,NA,NA,NA,NA,NA,NA,7599,NA,NA,11970,NA,2277
swine,37364,PB1,939,A,G,NA,NA,NA,NA,0,NA,NA,0.051183,NA,NA,NA,NA,NA,NA,0,NA,NA,0.051183,NA,NA,NA,NA,NA,NA,NA,7811,NA,NA,12082,NA,2277
swine,37364,PB1,1370,A,G,NA,NA,NA,NA,0.104314,NA,NA,0.094078,NA,NA,NA,NA,NA,NA,0.104314,NA,NA,0.094078,NA,NA,NA,NA,NA,NA,NA,7323,NA,NA,15060,NA,2277
swine,37364,PB1,1376,T,G,NA,NA,NA,NA,0.033354,NA,NA,0.01986,NA,NA,NA,NA,NA,NA,0.033354,NA,NA,0.01986,NA,NA,NA,NA,NA,NA,NA,7664,NA,NA,15731,NA,2277
swine,37364,PB1,1378,C,A,NA,NA,NA,NA,0.040969,NA,NA,0.019408,NA,NA,NA,NA,NA,NA,0.040969,NA,NA,0.019408,NA,NA,NA,NA,NA,NA,NA,7905,NA,NA,15719,NA,2277
swine,37364,PB2,285,C,A,NA,NA,NA,NA,0,NA,NA,0.048832,NA,NA,NA,NA,NA,NA,0.006714,NA,NA,0.048832,NA,NA,NA,NA,NA,NA,NA,15989,NA,NA,15085,NA,2282
swine,37364,PB2,506,C,T,NA,NA,NA,NA,0,NA,NA,0.043111,NA,NA,NA,NA,NA,NA,0,NA,NA,0.043111,NA,NA,NA,NA,NA,NA,NA,11832,NA,NA,11526,NA,2282
swine,37364,PB2,599,C,T,NA,NA,NA,NA,0,NA,NA,0.038815,NA,NA,NA,NA,NA,NA,1.03e-4,NA,NA,0.038815,NA,NA,NA,NA,NA,NA,NA,11440,NA,NA,13596,NA,2282
swine,37364,PB2,814,G,A,NA,NA,NA,NA,0.086099,NA,NA,0,NA,NA,NA,NA,NA,NA,0.086099,NA,NA,0,NA,NA,NA,NA,NA,NA,NA,13438,NA,NA,15322,NA,2282
swine,37364,PB2,1188,A,G,NA,NA,NA,NA,0.227924,NA,NA,0.399105,NA,NA,NA,NA,NA,NA,0.227924,NA,NA,0.399105,NA,NA,NA,NA,NA,NA,NA,10385,NA,NA,12150,NA,2282
swine,37364,PB2,1227,C,A,NA,NA,NA,NA,0.222261,NA,NA,0,NA,NA,NA,NA,NA,NA,0.222261,NA,NA,8.52e-4,NA,NA,NA,NA,NA,NA,NA,10318,NA,NA,11574,NA,2282
swine,37364,PB2,1278,G,A,NA,NA,NA,NA,0,NA,NA,0.045821,NA,NA,NA,NA,NA,NA,2.18e-4,NA,NA,0.045821,NA,NA,NA,NA,NA,NA,NA,10913,NA,NA,12870,NA,2282
swine,37364,PB2,1509,A,G,NA,NA,NA,NA,0.038614,NA,NA,0,NA,NA,NA,NA,NA,NA,0.038614,NA,NA,0,NA,NA,NA,NA,NA,NA,NA,13100,NA,NA,15447,NA,2282
swine,37364,PB2,1697,A,G,NA,NA,NA,NA,0,NA,NA,0.039355,NA,NA,NA,NA,NA,NA,0,NA,NA,0.039355,NA,NA,NA,NA,NA,NA,NA,11145,NA,NA,15587,NA,2282
swine,37364,PB2,1973,A,G,NA,NA,NA,NA,0,NA,NA,0.033481,NA,NA,NA,NA,NA,NA,2.33e-4,NA,NA,0.033481,NA,NA,NA,NA,NA,NA,NA,15623,NA,NA,19868,NA,2282
swine,37364,PB2,1974,C,A,NA,NA,NA,NA,0,NA,NA,0.042399,NA,NA,NA,NA,NA,NA,0.001341,NA,NA,0.042399,NA,NA,NA,NA,NA,NA,NA,17579,NA,NA,20096,NA,2282
swine,37364,PB2,1977,C,T,NA,NA,NA,NA,0,NA,NA,0.050356,NA,NA,NA,NA,NA,NA,2.13e-4,NA,NA,0.050356,NA,NA,NA,NA,NA,NA,NA,17990,NA,NA,21471,NA,2282
swine,37365,HA,330,C,A,NA,0.033478,NA,NA,NA,NA,0,NA,NA,NA,NA,0.033478,NA,NA,NA,NA,0.00107,NA,NA,NA,NA,NA,NA,NA,NA,NA,31362,NA,NA,19380,1701
swine,37365,HA,494,G,A,NA,0.025259,NA,NA,NA,NA,0,NA,NA,NA,NA,0.025259,NA,NA,NA,NA,2.78e-4,NA,NA,NA,NA,NA,NA,NA,NA,NA,33094,NA,NA,19521,1701
swine,37365,HA,614,A,G,NA,0.024346,NA,NA,NA,NA,0,NA,NA,NA,NA,0.024346,NA,NA,NA,NA,0.001081,NA,NA,NA,NA,NA,NA,NA,NA,NA,41771,NA,NA,24237,1701
swine,37365,HA,752,C,T,NA,0.031938,NA,NA,NA,NA,0,NA,NA,NA,NA,0.031938,NA,NA,NA,NA,9.6e-5,NA,NA,NA,NA,NA,NA,NA,NA,NA,37146,NA,NA,22566,1701
swine,37365,HA,791,C,T,NA,0.023781,NA,NA,NA,NA,0.008385,NA,NA,NA,NA,0.023781,NA,NA,NA,NA,0.008385,NA,NA,NA,NA,NA,NA,NA,NA,NA,32010,NA,NA,19398,1701
swine,37365,NA,736,G,T,NA,0.177298,NA,NA,NA,NA,0.190429,NA,NA,NA,NA,0.177298,NA,NA,NA,NA,0.190429,NA,NA,NA,NA,NA,NA,NA,NA,NA,111615,NA,NA,80871,1411
swine,37365,NA,906,A,C,NA,0.134034,NA,NA,NA,NA,0.034491,NA,NA,NA,NA,0.134034,NA,NA,NA,NA,0.034491,NA,NA,NA,NA,NA,NA,NA,NA,NA,115269,NA,NA,85422,1411
swine,37365,PB1,289,G,A,NA,0.023078,NA,NA,NA,NA,0,NA,NA,NA,NA,0.023078,NA,NA,NA,NA,8.8e-5,NA,NA,NA,NA,NA,NA,NA,NA,NA,27218,NA,NA,45765,2276
swine,37365,PB1,1218,G,A,NA,0.023361,NA,NA,NA,NA,0,NA,NA,NA,NA,0.023361,NA,NA,NA,NA,4.09e-4,NA,NA,NA,NA,NA,NA,NA,NA,NA,20881,NA,NA,30462,2276
swine,37365,PB1,1230,C,T,NA,0.032222,NA,NA,NA,NA,0,NA,NA,NA,NA,0.032222,NA,NA,NA,NA,2.38e-4,NA,NA,NA,NA,NA,NA,NA,NA,NA,20380,NA,NA,29791,2276
swine,37365,PB1,1370,A,G,NA,0.038147,NA,NA,NA,NA,0.130466,NA,NA,NA,NA,0.038147,NA,NA,NA,NA,0.130466,NA,NA,NA,NA,NA,NA,NA,NA,NA,22027,NA,NA,31439,2276
swine,37365,PB1,1376,T,G,NA,0.009173,NA,NA,NA,NA,0.026943,NA,NA,NA,NA,0.009173,NA,NA,NA,NA,0.026943,NA,NA,NA,NA,NA,NA,NA,NA,NA,23796,NA,NA,32059,2276
swine,37365,PB1,1378,C,A,NA,0.008288,NA,NA,NA,NA,0.026454,NA,NA,NA,NA,0.008288,NA,NA,NA,NA,0.026454,NA,NA,NA,NA,NA,NA,NA,NA,NA,23770,NA,NA,31786,2276
swine,37365,PB1,1995,C,A,NA,0,NA,NA,NA,NA,0.021837,NA,NA,NA,NA,0.001377,NA,NA,NA,NA,0.021837,NA,NA,NA,NA,NA,NA,NA,NA,NA,53729,NA,NA,55543,2276
swine,37365,PB2,732,C,T,NA,0.024131,NA,NA,NA,NA,0,NA,NA,NA,NA,0.024131,NA,NA,NA,NA,2.04e-4,NA,NA,NA,NA,NA,NA,NA,NA,NA,18839,NA,NA,27585,2286
swine,37365,PB2,843,G,A,NA,0,NA,NA,NA,NA,0.036039,NA,NA,NA,NA,2.33e-4,NA,NA,NA,NA,0.036039,NA,NA,NA,NA,NA,NA,NA,NA,NA,18263,NA,NA,27299,2286
swine,37365,PB2,1188,G,A,NA,0.179033,NA,NA,NA,NA,0.224528,NA,NA,NA,NA,0.179033,NA,NA,NA,NA,0.224528,NA,NA,NA,NA,NA,NA,NA,NA,NA,16346,NA,NA,24943,2286
swine,37365,PB2,1971,T,A,NA,0.022788,NA,NA,NA,NA,0,NA,NA,NA,NA,0.022788,NA,NA,NA,NA,0.005581,NA,NA,NA,NA,NA,NA,NA,NA,NA,23363,NA,NA,37254,2286
swine,37365,PB2,1974,C,A,NA,0.06395,NA,NA,NA,NA,0,NA,NA,NA,NA,0.06395,NA,NA,NA,NA,0.003205,NA,NA,NA,NA,NA,NA,NA,NA,NA,23923,NA,NA,41179,2286
swine,37365,PB2,1977,C,T,NA,0.06977,NA,NA,NA,NA,0,NA,NA,NA,NA,0.06977,NA,NA,NA,NA,0.005271,NA,NA,NA,NA,NA,NA,NA,NA,NA,24172,NA,NA,44205,2286
