mccrone_50001	A_HA_H3	data/IRMA/mccrone_50001_2014-12-25_SRR6121469/reads/A_HA_H3	2533148
mccrone_50001	A_MP	data/IRMA/mccrone_50001_2014-12-25_SRR6121469/reads/A_MP	2043060
mccrone_50001	A_NA_N2	data/IRMA/mccrone_50001_2014-12-25_SRR6121469/reads/A_NA_N2	1454548
mccrone_50001	A_NP	data/IRMA/mccrone_50001_2014-12-25_SRR6121469/reads/A_NP	2098248
mccrone_50001	A_NS	data/IRMA/mccrone_50001_2014-12-25_SRR6121469/reads/A_NS	546108
mccrone_50001	A_PA	data/IRMA/mccrone_50001_2014-12-25_SRR6121469/reads/A_PA	2119868
mccrone_50001	A_PB1	data/IRMA/mccrone_50001_2014-12-25_SRR6121469/reads/A_PB1	1595452
mccrone_50001	A_PB2	data/IRMA/mccrone_50001_2014-12-25_SRR6121469/reads/A_PB2	1973316
mccrone_50001	A_HA_H3	data/IRMA/mccrone_50001_2014-12-31_SRR6121460/reads/A_HA_H3	301248
mccrone_50001	A_MP	data/IRMA/mccrone_50001_2014-12-31_SRR6121460/reads/A_MP	436784
mccrone_50001	A_NA_N2	data/IRMA/mccrone_50001_2014-12-31_SRR6121460/reads/A_NA_N2	219748
mccrone_50001	A_NP	data/IRMA/mccrone_50001_2014-12-31_SRR6121460/reads/A_NP	230876
mccrone_50001	A_NS	data/IRMA/mccrone_50001_2014-12-31_SRR6121460/reads/A_NS	139312
mccrone_50001	A_PA	data/IRMA/mccrone_50001_2014-12-31_SRR6121460/reads/A_PA	181712
mccrone_50001	A_PB1	data/IRMA/mccrone_50001_2014-12-31_SRR6121460/reads/A_PB1	130684
mccrone_50001	A_PB2	data/IRMA/mccrone_50001_2014-12-31_SRR6121460/reads/A_PB2	135120
mccrone_50001	A_HA_H3	data/IRMA/mccrone_50001_2014-12-31_SRR6121465/reads/A_HA_H3	366760
mccrone_50001	A_MP	data/IRMA/mccrone_50001_2014-12-31_SRR6121465/reads/A_MP	626120
mccrone_50001	A_NA_N2	data/IRMA/mccrone_50001_2014-12-31_SRR6121465/reads/A_NA_N2	359660
mccrone_50001	A_NP	data/IRMA/mccrone_50001_2014-12-31_SRR6121465/reads/A_NP	409808
mccrone_50001	A_NS	data/IRMA/mccrone_50001_2014-12-31_SRR6121465/reads/A_NS	214444
mccrone_50001	A_PA	data/IRMA/mccrone_50001_2014-12-31_SRR6121465/reads/A_PA	247728
mccrone_50001	A_PB1	data/IRMA/mccrone_50001_2014-12-31_SRR6121465/reads/A_PB1	196612
mccrone_50001	A_PB2	data/IRMA/mccrone_50001_2014-12-31_SRR6121465/reads/A_PB2	213916
mccrone_50003	A_HA_H3	data/IRMA/mccrone_50003_2014-12-25_SRR6121611/reads/A_HA_H3	1365964
mccrone_50003	A_MP	data/IRMA/mccrone_50003_2014-12-25_SRR6121611/reads/A_MP	1192708
mccrone_50003	A_NA_N2	data/IRMA/mccrone_50003_2014-12-25_SRR6121611/reads/A_NA_N2	888616
mccrone_50003	A_NP	data/IRMA/mccrone_50003_2014-12-25_SRR6121611/reads/A_NP	1120268
mccrone_50003	A_NS	data/IRMA/mccrone_50003_2014-12-25_SRR6121611/reads/A_NS	323888
mccrone_50003	A_PA	data/IRMA/mccrone_50003_2014-12-25_SRR6121611/reads/A_PA	933320
mccrone_50003	A_PB1	data/IRMA/mccrone_50003_2014-12-25_SRR6121611/reads/A_PB1	742408
mccrone_50003	A_PB2	data/IRMA/mccrone_50003_2014-12-25_SRR6121611/reads/A_PB2	871856
mccrone_50003	A_HA_H3	data/IRMA/mccrone_50003_2014-12-25_SRR6121612/reads/A_HA_H3	1047096
mccrone_50003	A_MP	data/IRMA/mccrone_50003_2014-12-25_SRR6121612/reads/A_MP	932360
mccrone_50003	A_NA_N2	data/IRMA/mccrone_50003_2014-12-25_SRR6121612/reads/A_NA_N2	659708
mccrone_50003	A_NP	data/IRMA/mccrone_50003_2014-12-25_SRR6121612/reads/A_NP	886788
mccrone_50003	A_NS	data/IRMA/mccrone_50003_2014-12-25_SRR6121612/reads/A_NS	240700
mccrone_50003	A_PA	data/IRMA/mccrone_50003_2014-12-25_SRR6121612/reads/A_PA	698564
mccrone_50003	A_PB1	data/IRMA/mccrone_50003_2014-12-25_SRR6121612/reads/A_PB1	586572
mccrone_50003	A_PB2	data/IRMA/mccrone_50003_2014-12-25_SRR6121612/reads/A_PB2	702476
mccrone_50003	A_HA_H3	data/IRMA/mccrone_50003_2014-12-31_SRR6121463/reads/A_HA_H3	195348
mccrone_50003	A_MP	data/IRMA/mccrone_50003_2014-12-31_SRR6121463/reads/A_MP	274944
mccrone_50003	A_NA_N2	data/IRMA/mccrone_50003_2014-12-31_SRR6121463/reads/A_NA_N2	162404
mccrone_50003	A_NP	data/IRMA/mccrone_50003_2014-12-31_SRR6121463/reads/A_NP	190184
mccrone_50003	A_NS	data/IRMA/mccrone_50003_2014-12-31_SRR6121463/reads/A_NS	59740
mccrone_50003	A_PA	data/IRMA/mccrone_50003_2014-12-31_SRR6121463/reads/A_PA	150236
mccrone_50003	A_PB1	data/IRMA/mccrone_50003_2014-12-31_SRR6121463/reads/A_PB1	143364
mccrone_50003	A_PB2	data/IRMA/mccrone_50003_2014-12-31_SRR6121463/reads/A_PB2	149516
mccrone_50003	A_HA_H3	data/IRMA/mccrone_50003_2014-12-31_SRR6121466/reads/A_HA_H3	185128
mccrone_50003	A_MP	data/IRMA/mccrone_50003_2014-12-31_SRR6121466/reads/A_MP	235108
mccrone_50003	A_NA_N2	data/IRMA/mccrone_50003_2014-12-31_SRR6121466/reads/A_NA_N2	129200
mccrone_50003	A_NP	data/IRMA/mccrone_50003_2014-12-31_SRR6121466/reads/A_NP	154556
mccrone_50003	A_NS	data/IRMA/mccrone_50003_2014-12-31_SRR6121466/reads/A_NS	43452
mccrone_50003	A_PA	data/IRMA/mccrone_50003_2014-12-31_SRR6121466/reads/A_PA	126084
mccrone_50003	A_PB1	data/IRMA/mccrone_50003_2014-12-31_SRR6121466/reads/A_PB1	90596
mccrone_50003	A_PB2	data/IRMA/mccrone_50003_2014-12-31_SRR6121466/reads/A_PB2	112812
mccrone_50006	A_HA_H3	data/IRMA/mccrone_50006_2014-12-07_SRR6121455/reads/A_HA_H3	1734480
mccrone_50006	A_MP	data/IRMA/mccrone_50006_2014-12-07_SRR6121455/reads/A_MP	1383660
mccrone_50006	A_NA_N2	data/IRMA/mccrone_50006_2014-12-07_SRR6121455/reads/A_NA_N2	1117616
mccrone_50006	A_NP	data/IRMA/mccrone_50006_2014-12-07_SRR6121455/reads/A_NP	1335564
mccrone_50006	A_NS	data/IRMA/mccrone_50006_2014-12-07_SRR6121455/reads/A_NS	330356
mccrone_50006	A_PA	data/IRMA/mccrone_50006_2014-12-07_SRR6121455/reads/A_PA	1151500
mccrone_50006	A_PB1	data/IRMA/mccrone_50006_2014-12-07_SRR6121455/reads/A_PB1	1213468
mccrone_50006	A_PB2	data/IRMA/mccrone_50006_2014-12-07_SRR6121455/reads/A_PB2	1112240
mccrone_50006	A_HA_H3	data/IRMA/mccrone_50006_2014-12-08_SRR6121498/reads/A_HA_H3	2190016
mccrone_50006	A_MP	data/IRMA/mccrone_50006_2014-12-08_SRR6121498/reads/A_MP	1882684
mccrone_50006	A_NA_N2	data/IRMA/mccrone_50006_2014-12-08_SRR6121498/reads/A_NA_N2	1393896
mccrone_50006	A_NP	data/IRMA/mccrone_50006_2014-12-08_SRR6121498/reads/A_NP	1925348
mccrone_50006	A_NS	data/IRMA/mccrone_50006_2014-12-08_SRR6121498/reads/A_NS	509608
mccrone_50006	A_PA	data/IRMA/mccrone_50006_2014-12-08_SRR6121498/reads/A_PA	2054304
mccrone_50006	A_PB1	data/IRMA/mccrone_50006_2014-12-08_SRR6121498/reads/A_PB1	1456056
mccrone_50006	A_PB2	data/IRMA/mccrone_50006_2014-12-08_SRR6121498/reads/A_PB2	1970076
mccrone_50120	A_HA_H3	data/IRMA/mccrone_50120_2014-12-16_SRR6121426/reads/A_HA_H3	1783764
mccrone_50120	A_MP	data/IRMA/mccrone_50120_2014-12-16_SRR6121426/reads/A_MP	1748224
mccrone_50120	A_NA_N2	data/IRMA/mccrone_50120_2014-12-16_SRR6121426/reads/A_NA_N2	1167168
mccrone_50120	A_NP	data/IRMA/mccrone_50120_2014-12-16_SRR6121426/reads/A_NP	1777824
mccrone_50120	A_NS	data/IRMA/mccrone_50120_2014-12-16_SRR6121426/reads/A_NS	500188
mccrone_50120	A_PA	data/IRMA/mccrone_50120_2014-12-16_SRR6121426/reads/A_PA	1563572
mccrone_50120	A_PB1	data/IRMA/mccrone_50120_2014-12-16_SRR6121426/reads/A_PB1	1057876
mccrone_50120	A_PB2	data/IRMA/mccrone_50120_2014-12-16_SRR6121426/reads/A_PB2	1609684
mccrone_50120	A_HA_H3	data/IRMA/mccrone_50120_2014-12-16_SRR6121568/reads/A_HA_H3	1818464
mccrone_50120	A_MP	data/IRMA/mccrone_50120_2014-12-16_SRR6121568/reads/A_MP	1404624
mccrone_50120	A_NA_N2	data/IRMA/mccrone_50120_2014-12-16_SRR6121568/reads/A_NA_N2	1089236
mccrone_50120	A_NP	data/IRMA/mccrone_50120_2014-12-16_SRR6121568/reads/A_NP	1445000
mccrone_50120	A_NS	data/IRMA/mccrone_50120_2014-12-16_SRR6121568/reads/A_NS	524588
mccrone_50120	A_PA	data/IRMA/mccrone_50120_2014-12-16_SRR6121568/reads/A_PA	1456452
mccrone_50120	A_PB1	data/IRMA/mccrone_50120_2014-12-16_SRR6121568/reads/A_PB1	1138988
mccrone_50120	A_PB2	data/IRMA/mccrone_50120_2014-12-16_SRR6121568/reads/A_PB2	1390092
mccrone_50120	A_HA_H3	data/IRMA/mccrone_50120_2014-12-16_SRR6121571/reads/A_HA_H3	2108140
mccrone_50120	A_MP	data/IRMA/mccrone_50120_2014-12-16_SRR6121571/reads/A_MP	1777744
mccrone_50120	A_NA_N2	data/IRMA/mccrone_50120_2014-12-16_SRR6121571/reads/A_NA_N2	1323132
mccrone_50120	A_NP	data/IRMA/mccrone_50120_2014-12-16_SRR6121571/reads/A_NP	1764868
mccrone_50120	A_NS	data/IRMA/mccrone_50120_2014-12-16_SRR6121571/reads/A_NS	587692
mccrone_50120	A_PA	data/IRMA/mccrone_50120_2014-12-16_SRR6121571/reads/A_PA	1692744
mccrone_50120	A_PB1	data/IRMA/mccrone_50120_2014-12-16_SRR6121571/reads/A_PB1	1277736
mccrone_50120	A_PB2	data/IRMA/mccrone_50120_2014-12-16_SRR6121571/reads/A_PB2	1644544
mccrone_50141	A_HA_H3	data/IRMA/mccrone_50141_2014-12-04_SRR6121563/reads/A_HA_H3	1711408
mccrone_50141	A_MP	data/IRMA/mccrone_50141_2014-12-04_SRR6121563/reads/A_MP	1276308
mccrone_50141	A_NA_N2	data/IRMA/mccrone_50141_2014-12-04_SRR6121563/reads/A_NA_N2	895884
mccrone_50141	A_NP	data/IRMA/mccrone_50141_2014-12-04_SRR6121563/reads/A_NP	1352300
mccrone_50141	A_NS	data/IRMA/mccrone_50141_2014-12-04_SRR6121563/reads/A_NS	258336
mccrone_50141	A_PA	data/IRMA/mccrone_50141_2014-12-04_SRR6121563/reads/A_PA	1299788
mccrone_50141	A_PB1	data/IRMA/mccrone_50141_2014-12-04_SRR6121563/reads/A_PB1	1238764
mccrone_50141	A_PB2	data/IRMA/mccrone_50141_2014-12-04_SRR6121563/reads/A_PB2	1423228
mccrone_50141	A_HA_H3	data/IRMA/mccrone_50141_2014-12-05_SRR6121485/reads/A_HA_H3	1876864
mccrone_50141	A_MP	data/IRMA/mccrone_50141_2014-12-05_SRR6121485/reads/A_MP	1317256
mccrone_50141	A_NA_N2	data/IRMA/mccrone_50141_2014-12-05_SRR6121485/reads/A_NA_N2	1109280
mccrone_50141	A_NP	data/IRMA/mccrone_50141_2014-12-05_SRR6121485/reads/A_NP	1604300
mccrone_50141	A_NS	data/IRMA/mccrone_50141_2014-12-05_SRR6121485/reads/A_NS	615564
mccrone_50141	A_PA	data/IRMA/mccrone_50141_2014-12-05_SRR6121485/reads/A_PA	1405156
mccrone_50141	A_PB1	data/IRMA/mccrone_50141_2014-12-05_SRR6121485/reads/A_PB1	924708
mccrone_50141	A_PB2	data/IRMA/mccrone_50141_2014-12-05_SRR6121485/reads/A_PB2	1013336
mccrone_50141	A_HA_H3	data/IRMA/mccrone_50141_2014-12-05_SRR6121613/reads/A_HA_H3	2624604
mccrone_50141	A_MP	data/IRMA/mccrone_50141_2014-12-05_SRR6121613/reads/A_MP	2406868
mccrone_50141	A_NA_N2	data/IRMA/mccrone_50141_2014-12-05_SRR6121613/reads/A_NA_N2	1545472
mccrone_50141	A_NP	data/IRMA/mccrone_50141_2014-12-05_SRR6121613/reads/A_NP	2239308
mccrone_50141	A_NS	data/IRMA/mccrone_50141_2014-12-05_SRR6121613/reads/A_NS	831364
mccrone_50141	A_PA	data/IRMA/mccrone_50141_2014-12-05_SRR6121613/reads/A_PA	1871976
mccrone_50141	A_PB1	data/IRMA/mccrone_50141_2014-12-05_SRR6121613/reads/A_PB1	1244652
mccrone_50141	A_PB2	data/IRMA/mccrone_50141_2014-12-05_SRR6121613/reads/A_PB2	1335580
mccrone_50143	A_HA_H3	data/IRMA/mccrone_50143_2015-01-12_SRR6121359/reads/A_HA_H3	1758188
mccrone_50143	A_MP	data/IRMA/mccrone_50143_2015-01-12_SRR6121359/reads/A_MP	1702688
mccrone_50143	A_NA_N2	data/IRMA/mccrone_50143_2015-01-12_SRR6121359/reads/A_NA_N2	1039980
mccrone_50143	A_NP	data/IRMA/mccrone_50143_2015-01-12_SRR6121359/reads/A_NP	1575352
mccrone_50143	A_NS	data/IRMA/mccrone_50143_2015-01-12_SRR6121359/reads/A_NS	507468
mccrone_50143	A_PA	data/IRMA/mccrone_50143_2015-01-12_SRR6121359/reads/A_PA	1567696
mccrone_50143	A_PB1	data/IRMA/mccrone_50143_2015-01-12_SRR6121359/reads/A_PB1	1140100
mccrone_50143	A_PB2	data/IRMA/mccrone_50143_2015-01-12_SRR6121359/reads/A_PB2	1506140
mccrone_50143	A_HA_H3	data/IRMA/mccrone_50143_2015-01-13_SRR6121392/reads/A_HA_H3	1701572
mccrone_50143	A_MP	data/IRMA/mccrone_50143_2015-01-13_SRR6121392/reads/A_MP	2061296
mccrone_50143	A_NA_N2	data/IRMA/mccrone_50143_2015-01-13_SRR6121392/reads/A_NA_N2	919160
mccrone_50143	A_NP	data/IRMA/mccrone_50143_2015-01-13_SRR6121392/reads/A_NP	1760660
mccrone_50143	A_NS	data/IRMA/mccrone_50143_2015-01-13_SRR6121392/reads/A_NS	548608
mccrone_50143	A_PA	data/IRMA/mccrone_50143_2015-01-13_SRR6121392/reads/A_PA	1918416
mccrone_50143	A_PB1	data/IRMA/mccrone_50143_2015-01-13_SRR6121392/reads/A_PB1	1695684
mccrone_50143	A_PB2	data/IRMA/mccrone_50143_2015-01-13_SRR6121392/reads/A_PB2	1744700
mccrone_50143	A_HA_H3	data/IRMA/mccrone_50143_2015-01-13_SRR6121407/reads/A_HA_H3	1967796
mccrone_50143	A_MP	data/IRMA/mccrone_50143_2015-01-13_SRR6121407/reads/A_MP	2097332
mccrone_50143	A_NA_N2	data/IRMA/mccrone_50143_2015-01-13_SRR6121407/reads/A_NA_N2	1086516
mccrone_50143	A_NP	data/IRMA/mccrone_50143_2015-01-13_SRR6121407/reads/A_NP	2083428
mccrone_50143	A_NS	data/IRMA/mccrone_50143_2015-01-13_SRR6121407/reads/A_NS	673480
mccrone_50143	A_PA	data/IRMA/mccrone_50143_2015-01-13_SRR6121407/reads/A_PA	2159048
mccrone_50143	A_PB1	data/IRMA/mccrone_50143_2015-01-13_SRR6121407/reads/A_PB1	1814760
mccrone_50143	A_PB2	data/IRMA/mccrone_50143_2015-01-13_SRR6121407/reads/A_PB2	1803876
mccrone_50167	A_HA_H3	data/IRMA/mccrone_50167_2014-12-28_SRR6121615/reads/A_HA_H3	737740
mccrone_50167	A_MP	data/IRMA/mccrone_50167_2014-12-28_SRR6121615/reads/A_MP	723036
mccrone_50167	A_NA_N2	data/IRMA/mccrone_50167_2014-12-28_SRR6121615/reads/A_NA_N2	434604
mccrone_50167	A_NP	data/IRMA/mccrone_50167_2014-12-28_SRR6121615/reads/A_NP	537816
mccrone_50167	A_NS	data/IRMA/mccrone_50167_2014-12-28_SRR6121615/reads/A_NS	175056
mccrone_50167	A_PA	data/IRMA/mccrone_50167_2014-12-28_SRR6121615/reads/A_PA	586368
mccrone_50167	A_PB1	data/IRMA/mccrone_50167_2014-12-28_SRR6121615/reads/A_PB1	431516
mccrone_50167	A_PB2	data/IRMA/mccrone_50167_2014-12-28_SRR6121615/reads/A_PB2	554348
mccrone_50167	A_HA_H3	data/IRMA/mccrone_50167_2014-12-28_SRR6121616/reads/A_HA_H3	925680
mccrone_50167	A_MP	data/IRMA/mccrone_50167_2014-12-28_SRR6121616/reads/A_MP	752508
mccrone_50167	A_NA_N2	data/IRMA/mccrone_50167_2014-12-28_SRR6121616/reads/A_NA_N2	477208
mccrone_50167	A_NP	data/IRMA/mccrone_50167_2014-12-28_SRR6121616/reads/A_NP	711076
mccrone_50167	A_NS	data/IRMA/mccrone_50167_2014-12-28_SRR6121616/reads/A_NS	224004
mccrone_50167	A_PA	data/IRMA/mccrone_50167_2014-12-28_SRR6121616/reads/A_PA	746100
mccrone_50167	A_PB1	data/IRMA/mccrone_50167_2014-12-28_SRR6121616/reads/A_PB1	640960
mccrone_50167	A_PB2	data/IRMA/mccrone_50167_2014-12-28_SRR6121616/reads/A_PB2	737832
mccrone_50167	A_HA_H3	data/IRMA/mccrone_50167_2014-12-31_SRR6121468/reads/A_HA_H3	2263520
mccrone_50167	A_MP	data/IRMA/mccrone_50167_2014-12-31_SRR6121468/reads/A_MP	1912536
mccrone_50167	A_NA_N2	data/IRMA/mccrone_50167_2014-12-31_SRR6121468/reads/A_NA_N2	1296324
mccrone_50167	A_NP	data/IRMA/mccrone_50167_2014-12-31_SRR6121468/reads/A_NP	1752152
mccrone_50167	A_NS	data/IRMA/mccrone_50167_2014-12-31_SRR6121468/reads/A_NS	509376
mccrone_50167	A_PA	data/IRMA/mccrone_50167_2014-12-31_SRR6121468/reads/A_PA	1755668
mccrone_50167	A_PB1	data/IRMA/mccrone_50167_2014-12-31_SRR6121468/reads/A_PB1	1419136
mccrone_50167	A_PB2	data/IRMA/mccrone_50167_2014-12-31_SRR6121468/reads/A_PB2	1699568
mccrone_50167	A_HA_H3	data/IRMA/mccrone_50167_2014-12-31_SRR6121585/reads/A_HA_H3	1581100
mccrone_50167	A_MP	data/IRMA/mccrone_50167_2014-12-31_SRR6121585/reads/A_MP	1517756
mccrone_50167	A_NA_N2	data/IRMA/mccrone_50167_2014-12-31_SRR6121585/reads/A_NA_N2	918676
mccrone_50167	A_NP	data/IRMA/mccrone_50167_2014-12-31_SRR6121585/reads/A_NP	1281152
mccrone_50167	A_NS	data/IRMA/mccrone_50167_2014-12-31_SRR6121585/reads/A_NS	355688
mccrone_50167	A_PA	data/IRMA/mccrone_50167_2014-12-31_SRR6121585/reads/A_PA	1138388
mccrone_50167	A_PB1	data/IRMA/mccrone_50167_2014-12-31_SRR6121585/reads/A_PB1	937476
mccrone_50167	A_PB2	data/IRMA/mccrone_50167_2014-12-31_SRR6121585/reads/A_PB2	1169144
mccrone_50207	A_HA_H3	data/IRMA/mccrone_50207_2014-11-30_SRR6121626/reads/A_HA_H3	1941860
mccrone_50207	A_MP	data/IRMA/mccrone_50207_2014-11-30_SRR6121626/reads/A_MP	1423096
mccrone_50207	A_NA_N2	data/IRMA/mccrone_50207_2014-11-30_SRR6121626/reads/A_NA_N2	1013960
mccrone_50207	A_NP	data/IRMA/mccrone_50207_2014-11-30_SRR6121626/reads/A_NP	1477636
mccrone_50207	A_NS	data/IRMA/mccrone_50207_2014-11-30_SRR6121626/reads/A_NS	279072
mccrone_50207	A_PA	data/IRMA/mccrone_50207_2014-11-30_SRR6121626/reads/A_PA	1326504
mccrone_50207	A_PB1	data/IRMA/mccrone_50207_2014-11-30_SRR6121626/reads/A_PB1	1451928
mccrone_50207	A_PB2	data/IRMA/mccrone_50207_2014-11-30_SRR6121626/reads/A_PB2	1563456
mccrone_50207	A_HA_H3	data/IRMA/mccrone_50207_2014-12-01_SRR6121620/reads/A_HA_H3	2696376
mccrone_50207	A_MP	data/IRMA/mccrone_50207_2014-12-01_SRR6121620/reads/A_MP	2978516
mccrone_50207	A_NA_N2	data/IRMA/mccrone_50207_2014-12-01_SRR6121620/reads/A_NA_N2	2139952
mccrone_50207	A_NP	data/IRMA/mccrone_50207_2014-12-01_SRR6121620/reads/A_NP	2574792
mccrone_50207	A_NS	data/IRMA/mccrone_50207_2014-12-01_SRR6121620/reads/A_NS	951324
mccrone_50207	A_PA	data/IRMA/mccrone_50207_2014-12-01_SRR6121620/reads/A_PA	2137572
mccrone_50207	A_PB1	data/IRMA/mccrone_50207_2014-12-01_SRR6121620/reads/A_PB1	1690116
mccrone_50207	A_PB2	data/IRMA/mccrone_50207_2014-12-01_SRR6121620/reads/A_PB2	2021776
mccrone_50232	A_HA_H3	data/IRMA/mccrone_50232_2014-12-13_SRR6121414/reads/A_HA_H3	1786804
mccrone_50232	A_MP	data/IRMA/mccrone_50232_2014-12-13_SRR6121414/reads/A_MP	1757740
mccrone_50232	A_NA_N2	data/IRMA/mccrone_50232_2014-12-13_SRR6121414/reads/A_NA_N2	1162924
mccrone_50232	A_NP	data/IRMA/mccrone_50232_2014-12-13_SRR6121414/reads/A_NP	1817424
mccrone_50232	A_NS	data/IRMA/mccrone_50232_2014-12-13_SRR6121414/reads/A_NS	576368
mccrone_50232	A_PA	data/IRMA/mccrone_50232_2014-12-13_SRR6121414/reads/A_PA	1431396
mccrone_50232	A_PB1	data/IRMA/mccrone_50232_2014-12-13_SRR6121414/reads/A_PB1	1079776
mccrone_50232	A_PB2	data/IRMA/mccrone_50232_2014-12-13_SRR6121414/reads/A_PB2	1259324
mccrone_50232	A_HA_H3	data/IRMA/mccrone_50232_2014-12-13_SRR6121415/reads/A_HA_H3	1614044
mccrone_50232	A_MP	data/IRMA/mccrone_50232_2014-12-13_SRR6121415/reads/A_MP	1716404
mccrone_50232	A_NA_N2	data/IRMA/mccrone_50232_2014-12-13_SRR6121415/reads/A_NA_N2	1080948
mccrone_50232	A_NP	data/IRMA/mccrone_50232_2014-12-13_SRR6121415/reads/A_NP	1696268
mccrone_50232	A_NS	data/IRMA/mccrone_50232_2014-12-13_SRR6121415/reads/A_NS	608884
mccrone_50232	A_PA	data/IRMA/mccrone_50232_2014-12-13_SRR6121415/reads/A_PA	1249060
mccrone_50232	A_PB1	data/IRMA/mccrone_50232_2014-12-13_SRR6121415/reads/A_PB1	935800
mccrone_50232	A_PB2	data/IRMA/mccrone_50232_2014-12-13_SRR6121415/reads/A_PB2	1058180
mccrone_50232	A_HA_H3	data/IRMA/mccrone_50232_2014-12-15_SRR6121528/reads/A_HA_H3	2378256
mccrone_50232	A_MP	data/IRMA/mccrone_50232_2014-12-15_SRR6121528/reads/A_MP	2595164
mccrone_50232	A_NA_N2	data/IRMA/mccrone_50232_2014-12-15_SRR6121528/reads/A_NA_N2	1555460
mccrone_50232	A_NP	data/IRMA/mccrone_50232_2014-12-15_SRR6121528/reads/A_NP	2114992
mccrone_50232	A_NS	data/IRMA/mccrone_50232_2014-12-15_SRR6121528/reads/A_NS	807868
mccrone_50232	A_PA	data/IRMA/mccrone_50232_2014-12-15_SRR6121528/reads/A_PA	1740700
mccrone_50232	A_PB1	data/IRMA/mccrone_50232_2014-12-15_SRR6121528/reads/A_PB1	1164784
mccrone_50232	A_PB2	data/IRMA/mccrone_50232_2014-12-15_SRR6121528/reads/A_PB2	1591940
mccrone_50232	A_HA_H3	data/IRMA/mccrone_50232_2014-12-15_SRR6121529/reads/A_HA_H3	2184380
mccrone_50232	A_MP	data/IRMA/mccrone_50232_2014-12-15_SRR6121529/reads/A_MP	2325572
mccrone_50232	A_NA_N2	data/IRMA/mccrone_50232_2014-12-15_SRR6121529/reads/A_NA_N2	1340028
mccrone_50232	A_NP	data/IRMA/mccrone_50232_2014-12-15_SRR6121529/reads/A_NP	2353300
mccrone_50232	A_NS	data/IRMA/mccrone_50232_2014-12-15_SRR6121529/reads/A_NS	896872
mccrone_50232	A_PA	data/IRMA/mccrone_50232_2014-12-15_SRR6121529/reads/A_PA	2170304
mccrone_50232	A_PB1	data/IRMA/mccrone_50232_2014-12-15_SRR6121529/reads/A_PB1	1284068
mccrone_50232	A_PB2	data/IRMA/mccrone_50232_2014-12-15_SRR6121529/reads/A_PB2	1745012
mccrone_50246	A_HA_H3	data/IRMA/mccrone_50246_2015-01-01_SRR6121307/reads/A_HA_H3	1460192
mccrone_50246	A_MP	data/IRMA/mccrone_50246_2015-01-01_SRR6121307/reads/A_MP	1177040
mccrone_50246	A_NA_N2	data/IRMA/mccrone_50246_2015-01-01_SRR6121307/reads/A_NA_N2	874832
mccrone_50246	A_NP	data/IRMA/mccrone_50246_2015-01-01_SRR6121307/reads/A_NP	1286512
mccrone_50246	A_NS	data/IRMA/mccrone_50246_2015-01-01_SRR6121307/reads/A_NS	387524
mccrone_50246	A_PA	data/IRMA/mccrone_50246_2015-01-01_SRR6121307/reads/A_PA	1096016
mccrone_50246	A_PB1	data/IRMA/mccrone_50246_2015-01-01_SRR6121307/reads/A_PB1	925712
mccrone_50246	A_PB2	data/IRMA/mccrone_50246_2015-01-01_SRR6121307/reads/A_PB2	1293304
mccrone_50246	A_HA_H3	data/IRMA/mccrone_50246_2015-01-01_SRR6121308/reads/A_HA_H3	2429224
mccrone_50246	A_MP	data/IRMA/mccrone_50246_2015-01-01_SRR6121308/reads/A_MP	2258888
mccrone_50246	A_NA_N2	data/IRMA/mccrone_50246_2015-01-01_SRR6121308/reads/A_NA_N2	1515488
mccrone_50246	A_NP	data/IRMA/mccrone_50246_2015-01-01_SRR6121308/reads/A_NP	2353368
mccrone_50246	A_NS	data/IRMA/mccrone_50246_2015-01-01_SRR6121308/reads/A_NS	580856
mccrone_50246	A_PA	data/IRMA/mccrone_50246_2015-01-01_SRR6121308/reads/A_PA	2040348
mccrone_50246	A_PB1	data/IRMA/mccrone_50246_2015-01-01_SRR6121308/reads/A_PB1	1550344
mccrone_50246	A_PB2	data/IRMA/mccrone_50246_2015-01-01_SRR6121308/reads/A_PB2	2154672
mccrone_50246	A_HA_H3	data/IRMA/mccrone_50246_2015-01-05_SRR6121587/reads/A_HA_H3	1793388
mccrone_50246	A_MP	data/IRMA/mccrone_50246_2015-01-05_SRR6121587/reads/A_MP	1253264
mccrone_50246	A_NA_N2	data/IRMA/mccrone_50246_2015-01-05_SRR6121587/reads/A_NA_N2	921556
mccrone_50246	A_NP	data/IRMA/mccrone_50246_2015-01-05_SRR6121587/reads/A_NP	1325924
mccrone_50246	A_NS	data/IRMA/mccrone_50246_2015-01-05_SRR6121587/reads/A_NS	606916
mccrone_50246	A_PA	data/IRMA/mccrone_50246_2015-01-05_SRR6121587/reads/A_PA	1097792
mccrone_50246	A_PB1	data/IRMA/mccrone_50246_2015-01-05_SRR6121587/reads/A_PB1	902452
mccrone_50246	A_PB2	data/IRMA/mccrone_50246_2015-01-05_SRR6121587/reads/A_PB2	1407100
mccrone_50261	A_HA_H3	data/IRMA/mccrone_50261_2014-12-07_SRR6121454/reads/A_HA_H3	1581156
mccrone_50261	A_MP	data/IRMA/mccrone_50261_2014-12-07_SRR6121454/reads/A_MP	1278524
mccrone_50261	A_NA_N2	data/IRMA/mccrone_50261_2014-12-07_SRR6121454/reads/A_NA_N2	941820
mccrone_50261	A_NP	data/IRMA/mccrone_50261_2014-12-07_SRR6121454/reads/A_NP	1144924
mccrone_50261	A_NS	data/IRMA/mccrone_50261_2014-12-07_SRR6121454/reads/A_NS	327552
mccrone_50261	A_PA	data/IRMA/mccrone_50261_2014-12-07_SRR6121454/reads/A_PA	960104
mccrone_50261	A_PB1	data/IRMA/mccrone_50261_2014-12-07_SRR6121454/reads/A_PB1	982124
mccrone_50261	A_PB2	data/IRMA/mccrone_50261_2014-12-07_SRR6121454/reads/A_PB2	936828
mccrone_50261	A_HA_H3	data/IRMA/mccrone_50261_2014-12-08_SRR6121493/reads/A_HA_H3	1703060
mccrone_50261	A_MP	data/IRMA/mccrone_50261_2014-12-08_SRR6121493/reads/A_MP	1917988
mccrone_50261	A_NA_N2	data/IRMA/mccrone_50261_2014-12-08_SRR6121493/reads/A_NA_N2	1278028
mccrone_50261	A_NP	data/IRMA/mccrone_50261_2014-12-08_SRR6121493/reads/A_NP	1561128
mccrone_50261	A_NS	data/IRMA/mccrone_50261_2014-12-08_SRR6121493/reads/A_NS	665476
mccrone_50261	A_PA	data/IRMA/mccrone_50261_2014-12-08_SRR6121493/reads/A_PA	1657920
mccrone_50261	A_PB1	data/IRMA/mccrone_50261_2014-12-08_SRR6121493/reads/A_PB1	1092812
mccrone_50261	A_PB2	data/IRMA/mccrone_50261_2014-12-08_SRR6121493/reads/A_PB2	1390840
mccrone_50261	A_HA_H3	data/IRMA/mccrone_50261_2014-12-08_SRR6121494/reads/A_HA_H3	1321760
mccrone_50261	A_MP	data/IRMA/mccrone_50261_2014-12-08_SRR6121494/reads/A_MP	1304744
mccrone_50261	A_NA_N2	data/IRMA/mccrone_50261_2014-12-08_SRR6121494/reads/A_NA_N2	1038772
mccrone_50261	A_NP	data/IRMA/mccrone_50261_2014-12-08_SRR6121494/reads/A_NP	1193884
mccrone_50261	A_NS	data/IRMA/mccrone_50261_2014-12-08_SRR6121494/reads/A_NS	485128
mccrone_50261	A_PA	data/IRMA/mccrone_50261_2014-12-08_SRR6121494/reads/A_PA	1174168
mccrone_50261	A_PB1	data/IRMA/mccrone_50261_2014-12-08_SRR6121494/reads/A_PB1	909968
mccrone_50261	A_PB2	data/IRMA/mccrone_50261_2014-12-08_SRR6121494/reads/A_PB2	1073872
mccrone_50305	A_HA_H3	data/IRMA/mccrone_50305_2014-12-07_SRR6121293/reads/A_HA_H3	2212772
mccrone_50305	A_MP	data/IRMA/mccrone_50305_2014-12-07_SRR6121293/reads/A_MP	1944076
mccrone_50305	A_NA_N2	data/IRMA/mccrone_50305_2014-12-07_SRR6121293/reads/A_NA_N2	1243904
mccrone_50305	A_NP	data/IRMA/mccrone_50305_2014-12-07_SRR6121293/reads/A_NP	1911096
mccrone_50305	A_NS	data/IRMA/mccrone_50305_2014-12-07_SRR6121293/reads/A_NS	643128
mccrone_50305	A_PA	data/IRMA/mccrone_50305_2014-12-07_SRR6121293/reads/A_PA	1966804
mccrone_50305	A_PB1	data/IRMA/mccrone_50305_2014-12-07_SRR6121293/reads/A_PB1	1608284
mccrone_50305	A_PB2	data/IRMA/mccrone_50305_2014-12-07_SRR6121293/reads/A_PB2	1789056
mccrone_50305	A_HA_H3	data/IRMA/mccrone_50305_2014-12-07_SRR6121294/reads/A_HA_H3	1824864
mccrone_50305	A_MP	data/IRMA/mccrone_50305_2014-12-07_SRR6121294/reads/A_MP	1424076
mccrone_50305	A_NA_N2	data/IRMA/mccrone_50305_2014-12-07_SRR6121294/reads/A_NA_N2	1059024
mccrone_50305	A_NP	data/IRMA/mccrone_50305_2014-12-07_SRR6121294/reads/A_NP	1650488
mccrone_50305	A_NS	data/IRMA/mccrone_50305_2014-12-07_SRR6121294/reads/A_NS	466700
mccrone_50305	A_PA	data/IRMA/mccrone_50305_2014-12-07_SRR6121294/reads/A_PA	1786552
mccrone_50305	A_PB1	data/IRMA/mccrone_50305_2014-12-07_SRR6121294/reads/A_PB1	1409820
mccrone_50305	A_PB2	data/IRMA/mccrone_50305_2014-12-07_SRR6121294/reads/A_PB2	1651640
mccrone_50305	A_HA_H3	data/IRMA/mccrone_50305_2014-12-10_SRR6121223/reads/A_HA_H3	1740908
mccrone_50305	A_MP	data/IRMA/mccrone_50305_2014-12-10_SRR6121223/reads/A_MP	1744436
mccrone_50305	A_NA_N2	data/IRMA/mccrone_50305_2014-12-10_SRR6121223/reads/A_NA_N2	1035084
mccrone_50305	A_NP	data/IRMA/mccrone_50305_2014-12-10_SRR6121223/reads/A_NP	1481268
mccrone_50305	A_NS	data/IRMA/mccrone_50305_2014-12-10_SRR6121223/reads/A_NS	553236
mccrone_50305	A_PA	data/IRMA/mccrone_50305_2014-12-10_SRR6121223/reads/A_PA	1575312
mccrone_50305	A_PB1	data/IRMA/mccrone_50305_2014-12-10_SRR6121223/reads/A_PB1	894860
mccrone_50305	A_PB2	data/IRMA/mccrone_50305_2014-12-10_SRR6121223/reads/A_PB2	1473980
mccrone_50305	A_HA_H3	data/IRMA/mccrone_50305_2014-12-10_SRR6121224/reads/A_HA_H3	1850064
mccrone_50305	A_MP	data/IRMA/mccrone_50305_2014-12-10_SRR6121224/reads/A_MP	1804276
mccrone_50305	A_NA_N2	data/IRMA/mccrone_50305_2014-12-10_SRR6121224/reads/A_NA_N2	1073436
mccrone_50305	A_NP	data/IRMA/mccrone_50305_2014-12-10_SRR6121224/reads/A_NP	1514680
mccrone_50305	A_NS	data/IRMA/mccrone_50305_2014-12-10_SRR6121224/reads/A_NS	504788
mccrone_50305	A_PA	data/IRMA/mccrone_50305_2014-12-10_SRR6121224/reads/A_PA	1530928
mccrone_50305	A_PB1	data/IRMA/mccrone_50305_2014-12-10_SRR6121224/reads/A_PB1	941800
mccrone_50305	A_PB2	data/IRMA/mccrone_50305_2014-12-10_SRR6121224/reads/A_PB2	1507884
mccrone_50318	A_HA_H3	data/IRMA/mccrone_50318_2014-11-23_SRR6121623/reads/A_HA_H3	2265208
mccrone_50318	A_MP	data/IRMA/mccrone_50318_2014-11-23_SRR6121623/reads/A_MP	1764060
mccrone_50318	A_NA_N2	data/IRMA/mccrone_50318_2014-11-23_SRR6121623/reads/A_NA_N2	1225104
mccrone_50318	A_NP	data/IRMA/mccrone_50318_2014-11-23_SRR6121623/reads/A_NP	1664032
mccrone_50318	A_NS	data/IRMA/mccrone_50318_2014-11-23_SRR6121623/reads/A_NS	408860
mccrone_50318	A_PA	data/IRMA/mccrone_50318_2014-11-23_SRR6121623/reads/A_PA	1342892
mccrone_50318	A_PB1	data/IRMA/mccrone_50318_2014-11-23_SRR6121623/reads/A_PB1	1330448
mccrone_50318	A_PB2	data/IRMA/mccrone_50318_2014-11-23_SRR6121623/reads/A_PB2	1504112
mccrone_50318	A_HA_H3	data/IRMA/mccrone_50318_2014-11-26_SRR6121321/reads/A_HA_H3	2833004
mccrone_50318	A_MP	data/IRMA/mccrone_50318_2014-11-26_SRR6121321/reads/A_MP	2634252
mccrone_50318	A_NA_N2	data/IRMA/mccrone_50318_2014-11-26_SRR6121321/reads/A_NA_N2	1720380
mccrone_50318	A_NP	data/IRMA/mccrone_50318_2014-11-26_SRR6121321/reads/A_NP	2402736
mccrone_50318	A_NS	data/IRMA/mccrone_50318_2014-11-26_SRR6121321/reads/A_NS	959368
mccrone_50318	A_PA	data/IRMA/mccrone_50318_2014-11-26_SRR6121321/reads/A_PA	2130180
mccrone_50318	A_PB1	data/IRMA/mccrone_50318_2014-11-26_SRR6121321/reads/A_PB1	1555008
mccrone_50318	A_PB2	data/IRMA/mccrone_50318_2014-11-26_SRR6121321/reads/A_PB2	2038128
mccrone_50318	A_HA_H3	data/IRMA/mccrone_50318_2014-11-26_SRR6121618/reads/A_HA_H3	2069868
mccrone_50318	A_MP	data/IRMA/mccrone_50318_2014-11-26_SRR6121618/reads/A_MP	1646388
mccrone_50318	A_NA_N2	data/IRMA/mccrone_50318_2014-11-26_SRR6121618/reads/A_NA_N2	1287328
mccrone_50318	A_NP	data/IRMA/mccrone_50318_2014-11-26_SRR6121618/reads/A_NP	1614020
mccrone_50318	A_NS	data/IRMA/mccrone_50318_2014-11-26_SRR6121618/reads/A_NS	635916
mccrone_50318	A_PA	data/IRMA/mccrone_50318_2014-11-26_SRR6121618/reads/A_PA	1478380
mccrone_50318	A_PB1	data/IRMA/mccrone_50318_2014-11-26_SRR6121618/reads/A_PB1	1095388
mccrone_50318	A_PB2	data/IRMA/mccrone_50318_2014-11-26_SRR6121618/reads/A_PB2	1494304
mccrone_50319	A_HA_H3	data/IRMA/mccrone_50319_2014-11-25_SRR6121624/reads/A_HA_H3	2973740
mccrone_50319	A_MP	data/IRMA/mccrone_50319_2014-11-25_SRR6121624/reads/A_MP	1962084
mccrone_50319	A_NA_N2	data/IRMA/mccrone_50319_2014-11-25_SRR6121624/reads/A_NA_N2	1517872
mccrone_50319	A_NP	data/IRMA/mccrone_50319_2014-11-25_SRR6121624/reads/A_NP	2013036
mccrone_50319	A_NS	data/IRMA/mccrone_50319_2014-11-25_SRR6121624/reads/A_NS	551084
mccrone_50319	A_PA	data/IRMA/mccrone_50319_2014-11-25_SRR6121624/reads/A_PA	1721664
mccrone_50319	A_PB1	data/IRMA/mccrone_50319_2014-11-25_SRR6121624/reads/A_PB1	1643996
mccrone_50319	A_PB2	data/IRMA/mccrone_50319_2014-11-25_SRR6121624/reads/A_PB2	1993312
mccrone_50319	A_HA_H3	data/IRMA/mccrone_50319_2014-11-26_SRR6121486/reads/A_HA_H3	2422736
mccrone_50319	A_MP	data/IRMA/mccrone_50319_2014-11-26_SRR6121486/reads/A_MP	2331216
mccrone_50319	A_NA_N2	data/IRMA/mccrone_50319_2014-11-26_SRR6121486/reads/A_NA_N2	1564880
mccrone_50319	A_NP	data/IRMA/mccrone_50319_2014-11-26_SRR6121486/reads/A_NP	2035908
mccrone_50319	A_NS	data/IRMA/mccrone_50319_2014-11-26_SRR6121486/reads/A_NS	997812
mccrone_50319	A_PA	data/IRMA/mccrone_50319_2014-11-26_SRR6121486/reads/A_PA	1905708
mccrone_50319	A_PB1	data/IRMA/mccrone_50319_2014-11-26_SRR6121486/reads/A_PB1	1305768
mccrone_50319	A_PB2	data/IRMA/mccrone_50319_2014-11-26_SRR6121486/reads/A_PB2	1934680
mccrone_50331	A_HA_H3	data/IRMA/mccrone_50331_2014-12-09_SRR6121295/reads/A_HA_H3	1737180
mccrone_50331	A_MP	data/IRMA/mccrone_50331_2014-12-09_SRR6121295/reads/A_MP	1737744
mccrone_50331	A_NA_N2	data/IRMA/mccrone_50331_2014-12-09_SRR6121295/reads/A_NA_N2	958992
mccrone_50331	A_NP	data/IRMA/mccrone_50331_2014-12-09_SRR6121295/reads/A_NP	1605288
mccrone_50331	A_NS	data/IRMA/mccrone_50331_2014-12-09_SRR6121295/reads/A_NS	496864
mccrone_50331	A_PA	data/IRMA/mccrone_50331_2014-12-09_SRR6121295/reads/A_PA	1635016
mccrone_50331	A_PB1	data/IRMA/mccrone_50331_2014-12-09_SRR6121295/reads/A_PB1	1352460
mccrone_50331	A_PB2	data/IRMA/mccrone_50331_2014-12-09_SRR6121295/reads/A_PB2	1597212
mccrone_50331	A_HA_H3	data/IRMA/mccrone_50331_2014-12-09_SRR6121296/reads/A_HA_H3	1141972
mccrone_50331	A_MP	data/IRMA/mccrone_50331_2014-12-09_SRR6121296/reads/A_MP	1007976
mccrone_50331	A_NA_N2	data/IRMA/mccrone_50331_2014-12-09_SRR6121296/reads/A_NA_N2	629444
mccrone_50331	A_NP	data/IRMA/mccrone_50331_2014-12-09_SRR6121296/reads/A_NP	1086432
mccrone_50331	A_NS	data/IRMA/mccrone_50331_2014-12-09_SRR6121296/reads/A_NS	254488
mccrone_50331	A_PA	data/IRMA/mccrone_50331_2014-12-09_SRR6121296/reads/A_PA	1080652
mccrone_50331	A_PB1	data/IRMA/mccrone_50331_2014-12-09_SRR6121296/reads/A_PB1	881972
mccrone_50331	A_PB2	data/IRMA/mccrone_50331_2014-12-09_SRR6121296/reads/A_PB2	1036200
mccrone_50331	A_HA_H3	data/IRMA/mccrone_50331_2014-12-10_SRR6121225/reads/A_HA_H3	2634820
mccrone_50331	A_MP	data/IRMA/mccrone_50331_2014-12-10_SRR6121225/reads/A_MP	2493096
mccrone_50331	A_NA_N2	data/IRMA/mccrone_50331_2014-12-10_SRR6121225/reads/A_NA_N2	1656936
mccrone_50331	A_NP	data/IRMA/mccrone_50331_2014-12-10_SRR6121225/reads/A_NP	2394560
mccrone_50331	A_NS	data/IRMA/mccrone_50331_2014-12-10_SRR6121225/reads/A_NS	801676
mccrone_50331	A_PA	data/IRMA/mccrone_50331_2014-12-10_SRR6121225/reads/A_PA	2315248
mccrone_50331	A_PB1	data/IRMA/mccrone_50331_2014-12-10_SRR6121225/reads/A_PB1	1388916
mccrone_50331	A_PB2	data/IRMA/mccrone_50331_2014-12-10_SRR6121225/reads/A_PB2	2223728
mccrone_50331	A_HA_H3	data/IRMA/mccrone_50331_2014-12-10_SRR6121230/reads/A_HA_H3	1508072
mccrone_50331	A_MP	data/IRMA/mccrone_50331_2014-12-10_SRR6121230/reads/A_MP	1416396
mccrone_50331	A_NA_N2	data/IRMA/mccrone_50331_2014-12-10_SRR6121230/reads/A_NA_N2	1000048
mccrone_50331	A_NP	data/IRMA/mccrone_50331_2014-12-10_SRR6121230/reads/A_NP	1478084
mccrone_50331	A_NS	data/IRMA/mccrone_50331_2014-12-10_SRR6121230/reads/A_NS	473560
mccrone_50331	A_PA	data/IRMA/mccrone_50331_2014-12-10_SRR6121230/reads/A_PA	1386196
mccrone_50331	A_PB1	data/IRMA/mccrone_50331_2014-12-10_SRR6121230/reads/A_PB1	777524
mccrone_50331	A_PB2	data/IRMA/mccrone_50331_2014-12-10_SRR6121230/reads/A_PB2	1351976
mccrone_50418	A_HA_H3	data/IRMA/mccrone_50418_2014-12-28_SRR6121492/reads/A_HA_H3	2082832
mccrone_50418	A_MP	data/IRMA/mccrone_50418_2014-12-28_SRR6121492/reads/A_MP	1647724
mccrone_50418	A_NA_N2	data/IRMA/mccrone_50418_2014-12-28_SRR6121492/reads/A_NA_N2	973224
mccrone_50418	A_NP	data/IRMA/mccrone_50418_2014-12-28_SRR6121492/reads/A_NP	1726728
mccrone_50418	A_NS	data/IRMA/mccrone_50418_2014-12-28_SRR6121492/reads/A_NS	457404
mccrone_50418	A_PA	data/IRMA/mccrone_50418_2014-12-28_SRR6121492/reads/A_PA	1521856
mccrone_50418	A_PB1	data/IRMA/mccrone_50418_2014-12-28_SRR6121492/reads/A_PB1	1266612
mccrone_50418	A_PB2	data/IRMA/mccrone_50418_2014-12-28_SRR6121492/reads/A_PB2	1513660
mccrone_50418	A_HA_H3	data/IRMA/mccrone_50418_2014-12-28_SRR6121621/reads/A_HA_H3	1327556
mccrone_50418	A_MP	data/IRMA/mccrone_50418_2014-12-28_SRR6121621/reads/A_MP	985964
mccrone_50418	A_NA_N2	data/IRMA/mccrone_50418_2014-12-28_SRR6121621/reads/A_NA_N2	628128
mccrone_50418	A_NP	data/IRMA/mccrone_50418_2014-12-28_SRR6121621/reads/A_NP	1087160
mccrone_50418	A_NS	data/IRMA/mccrone_50418_2014-12-28_SRR6121621/reads/A_NS	296340
mccrone_50418	A_PA	data/IRMA/mccrone_50418_2014-12-28_SRR6121621/reads/A_PA	957576
mccrone_50418	A_PB1	data/IRMA/mccrone_50418_2014-12-28_SRR6121621/reads/A_PB1	839288
mccrone_50418	A_PB2	data/IRMA/mccrone_50418_2014-12-28_SRR6121621/reads/A_PB2	987824
mccrone_50418	A_HA_H3	data/IRMA/mccrone_50418_2014-12-29_SRR6121459/reads/A_HA_H3	2499976
mccrone_50418	A_MP	data/IRMA/mccrone_50418_2014-12-29_SRR6121459/reads/A_MP	1830480
mccrone_50418	A_NA_N2	data/IRMA/mccrone_50418_2014-12-29_SRR6121459/reads/A_NA_N2	1263744
mccrone_50418	A_NP	data/IRMA/mccrone_50418_2014-12-29_SRR6121459/reads/A_NP	2217308
mccrone_50418	A_NS	data/IRMA/mccrone_50418_2014-12-29_SRR6121459/reads/A_NS	586120
mccrone_50418	A_PA	data/IRMA/mccrone_50418_2014-12-29_SRR6121459/reads/A_PA	2006216
mccrone_50418	A_PB1	data/IRMA/mccrone_50418_2014-12-29_SRR6121459/reads/A_PB1	1766308
mccrone_50418	A_PB2	data/IRMA/mccrone_50418_2014-12-29_SRR6121459/reads/A_PB2	2109404
mccrone_50468	A_HA_H3	data/IRMA/mccrone_50468_2014-12-21_SRR6121269/reads/A_HA_H3	1036552
mccrone_50468	A_MP	data/IRMA/mccrone_50468_2014-12-21_SRR6121269/reads/A_MP	831588
mccrone_50468	A_NA_N2	data/IRMA/mccrone_50468_2014-12-21_SRR6121269/reads/A_NA_N2	646052
mccrone_50468	A_NP	data/IRMA/mccrone_50468_2014-12-21_SRR6121269/reads/A_NP	849984
mccrone_50468	A_NS	data/IRMA/mccrone_50468_2014-12-21_SRR6121269/reads/A_NS	581192
mccrone_50468	A_PA	data/IRMA/mccrone_50468_2014-12-21_SRR6121269/reads/A_PA	822736
mccrone_50468	A_PB1	data/IRMA/mccrone_50468_2014-12-21_SRR6121269/reads/A_PB1	716068
mccrone_50468	A_PB2	data/IRMA/mccrone_50468_2014-12-21_SRR6121269/reads/A_PB2	749728
mccrone_50468	A_HA_H3	data/IRMA/mccrone_50468_2014-12-21_SRR6121382/reads/A_HA_H3	1844508
mccrone_50468	A_MP	data/IRMA/mccrone_50468_2014-12-21_SRR6121382/reads/A_MP	1376564
mccrone_50468	A_NA_N2	data/IRMA/mccrone_50468_2014-12-21_SRR6121382/reads/A_NA_N2	1127728
mccrone_50468	A_NP	data/IRMA/mccrone_50468_2014-12-21_SRR6121382/reads/A_NP	1474160
mccrone_50468	A_NS	data/IRMA/mccrone_50468_2014-12-21_SRR6121382/reads/A_NS	1166668
mccrone_50468	A_PA	data/IRMA/mccrone_50468_2014-12-21_SRR6121382/reads/A_PA	1295640
mccrone_50468	A_PB1	data/IRMA/mccrone_50468_2014-12-21_SRR6121382/reads/A_PB1	1158436
mccrone_50468	A_PB2	data/IRMA/mccrone_50468_2014-12-21_SRR6121382/reads/A_PB2	1222004
mccrone_50468	A_HA_H3	data/IRMA/mccrone_50468_2014-12-23_SRR6121365/reads/A_HA_H3	1562204
mccrone_50468	A_MP	data/IRMA/mccrone_50468_2014-12-23_SRR6121365/reads/A_MP	1555200
mccrone_50468	A_NA_N2	data/IRMA/mccrone_50468_2014-12-23_SRR6121365/reads/A_NA_N2	1148532
mccrone_50468	A_NP	data/IRMA/mccrone_50468_2014-12-23_SRR6121365/reads/A_NP	1462124
mccrone_50468	A_NS	data/IRMA/mccrone_50468_2014-12-23_SRR6121365/reads/A_NS	1059468
mccrone_50468	A_PA	data/IRMA/mccrone_50468_2014-12-23_SRR6121365/reads/A_PA	1249272
mccrone_50468	A_PB1	data/IRMA/mccrone_50468_2014-12-23_SRR6121365/reads/A_PB1	835428
mccrone_50468	A_PB2	data/IRMA/mccrone_50468_2014-12-23_SRR6121365/reads/A_PB2	1227748
mccrone_50468	A_HA_H3	data/IRMA/mccrone_50468_2014-12-23_SRR6121366/reads/A_HA_H3	1667304
mccrone_50468	A_MP	data/IRMA/mccrone_50468_2014-12-23_SRR6121366/reads/A_MP	1451636
mccrone_50468	A_NA_N2	data/IRMA/mccrone_50468_2014-12-23_SRR6121366/reads/A_NA_N2	1054532
mccrone_50468	A_NP	data/IRMA/mccrone_50468_2014-12-23_SRR6121366/reads/A_NP	1410740
mccrone_50468	A_NS	data/IRMA/mccrone_50468_2014-12-23_SRR6121366/reads/A_NS	1011556
mccrone_50468	A_PA	data/IRMA/mccrone_50468_2014-12-23_SRR6121366/reads/A_PA	1352444
mccrone_50468	A_PB1	data/IRMA/mccrone_50468_2014-12-23_SRR6121366/reads/A_PB1	970500
mccrone_50468	A_PB2	data/IRMA/mccrone_50468_2014-12-23_SRR6121366/reads/A_PB2	1281764
mccrone_50482	A_HA_H3	data/IRMA/mccrone_50482_2014-11-20_SRR6121279/reads/A_HA_H3	3287824
mccrone_50482	A_MP	data/IRMA/mccrone_50482_2014-11-20_SRR6121279/reads/A_MP	2209916
mccrone_50482	A_NA_N2	data/IRMA/mccrone_50482_2014-11-20_SRR6121279/reads/A_NA_N2	1546512
mccrone_50482	A_NP	data/IRMA/mccrone_50482_2014-11-20_SRR6121279/reads/A_NP	2524508
mccrone_50482	A_NS	data/IRMA/mccrone_50482_2014-11-20_SRR6121279/reads/A_NS	565624
mccrone_50482	A_PA	data/IRMA/mccrone_50482_2014-11-20_SRR6121279/reads/A_PA	2467256
mccrone_50482	A_PB1	data/IRMA/mccrone_50482_2014-11-20_SRR6121279/reads/A_PB1	2378204
mccrone_50482	A_PB2	data/IRMA/mccrone_50482_2014-11-20_SRR6121279/reads/A_PB2	2569420
mccrone_50482	A_HA_H3	data/IRMA/mccrone_50482_2014-11-20_SRR6121330/reads/A_HA_H3	1171692
mccrone_50482	A_MP	data/IRMA/mccrone_50482_2014-11-20_SRR6121330/reads/A_MP	1261772
mccrone_50482	A_NA_N2	data/IRMA/mccrone_50482_2014-11-20_SRR6121330/reads/A_NA_N2	862464
mccrone_50482	A_NP	data/IRMA/mccrone_50482_2014-11-20_SRR6121330/reads/A_NP	1173208
mccrone_50482	A_NS	data/IRMA/mccrone_50482_2014-11-20_SRR6121330/reads/A_NS	406840
mccrone_50482	A_PA	data/IRMA/mccrone_50482_2014-11-20_SRR6121330/reads/A_PA	1178936
mccrone_50482	A_PB1	data/IRMA/mccrone_50482_2014-11-20_SRR6121330/reads/A_PB1	803880
mccrone_50482	A_PB2	data/IRMA/mccrone_50482_2014-11-20_SRR6121330/reads/A_PB2	1127320
mccrone_50538	A_HA_H3	data/IRMA/mccrone_50538_2014-12-06_SRR6121297/reads/A_HA_H3	3012896
mccrone_50538	A_MP	data/IRMA/mccrone_50538_2014-12-06_SRR6121297/reads/A_MP	2172316
mccrone_50538	A_NA_N2	data/IRMA/mccrone_50538_2014-12-06_SRR6121297/reads/A_NA_N2	1798724
mccrone_50538	A_NP	data/IRMA/mccrone_50538_2014-12-06_SRR6121297/reads/A_NP	2324660
mccrone_50538	A_NS	data/IRMA/mccrone_50538_2014-12-06_SRR6121297/reads/A_NS	499052
mccrone_50538	A_PA	data/IRMA/mccrone_50538_2014-12-06_SRR6121297/reads/A_PA	1883088
mccrone_50538	A_PB1	data/IRMA/mccrone_50538_2014-12-06_SRR6121297/reads/A_PB1	1912352
mccrone_50538	A_PB2	data/IRMA/mccrone_50538_2014-12-06_SRR6121297/reads/A_PB2	2011660
mccrone_50538	A_HA_H3	data/IRMA/mccrone_50538_2014-12-09_SRR6121226/reads/A_HA_H3	2293140
mccrone_50538	A_MP	data/IRMA/mccrone_50538_2014-12-09_SRR6121226/reads/A_MP	1734212
mccrone_50538	A_NA_N2	data/IRMA/mccrone_50538_2014-12-09_SRR6121226/reads/A_NA_N2	1422476
mccrone_50538	A_NP	data/IRMA/mccrone_50538_2014-12-09_SRR6121226/reads/A_NP	2085888
mccrone_50538	A_NS	data/IRMA/mccrone_50538_2014-12-09_SRR6121226/reads/A_NS	655308
mccrone_50538	A_PA	data/IRMA/mccrone_50538_2014-12-09_SRR6121226/reads/A_PA	1846500
mccrone_50538	A_PB1	data/IRMA/mccrone_50538_2014-12-09_SRR6121226/reads/A_PB1	1315600
mccrone_50538	A_PB2	data/IRMA/mccrone_50538_2014-12-09_SRR6121226/reads/A_PB2	1645368
mccrone_50538	A_HA_H3	data/IRMA/mccrone_50538_2014-12-09_SRR6121356/reads/A_HA_H3	1945640
mccrone_50538	A_MP	data/IRMA/mccrone_50538_2014-12-09_SRR6121356/reads/A_MP	1717804
mccrone_50538	A_NA_N2	data/IRMA/mccrone_50538_2014-12-09_SRR6121356/reads/A_NA_N2	1297004
mccrone_50538	A_NP	data/IRMA/mccrone_50538_2014-12-09_SRR6121356/reads/A_NP	1786904
mccrone_50538	A_NS	data/IRMA/mccrone_50538_2014-12-09_SRR6121356/reads/A_NS	541000
mccrone_50538	A_PA	data/IRMA/mccrone_50538_2014-12-09_SRR6121356/reads/A_PA	1547636
mccrone_50538	A_PB1	data/IRMA/mccrone_50538_2014-12-09_SRR6121356/reads/A_PB1	1004496
mccrone_50538	A_PB2	data/IRMA/mccrone_50538_2014-12-09_SRR6121356/reads/A_PB2	1379864
mccrone_50540	A_HA_H3	data/IRMA/mccrone_50540_2014-12-06_SRR6121298/reads/A_HA_H3	1729564
mccrone_50540	A_MP	data/IRMA/mccrone_50540_2014-12-06_SRR6121298/reads/A_MP	1367108
mccrone_50540	A_NA_N2	data/IRMA/mccrone_50540_2014-12-06_SRR6121298/reads/A_NA_N2	957036
mccrone_50540	A_NP	data/IRMA/mccrone_50540_2014-12-06_SRR6121298/reads/A_NP	1345924
mccrone_50540	A_NS	data/IRMA/mccrone_50540_2014-12-06_SRR6121298/reads/A_NS	289700
mccrone_50540	A_PA	data/IRMA/mccrone_50540_2014-12-06_SRR6121298/reads/A_PA	983632
mccrone_50540	A_PB1	data/IRMA/mccrone_50540_2014-12-06_SRR6121298/reads/A_PB1	1030476
mccrone_50540	A_PB2	data/IRMA/mccrone_50540_2014-12-06_SRR6121298/reads/A_PB2	1000500
mccrone_50540	A_HA_H3	data/IRMA/mccrone_50540_2014-12-06_SRR6121299/reads/A_HA_H3	2290548
mccrone_50540	A_MP	data/IRMA/mccrone_50540_2014-12-06_SRR6121299/reads/A_MP	1539872
mccrone_50540	A_NA_N2	data/IRMA/mccrone_50540_2014-12-06_SRR6121299/reads/A_NA_N2	1278924
mccrone_50540	A_NP	data/IRMA/mccrone_50540_2014-12-06_SRR6121299/reads/A_NP	1836764
mccrone_50540	A_NS	data/IRMA/mccrone_50540_2014-12-06_SRR6121299/reads/A_NS	394408
mccrone_50540	A_PA	data/IRMA/mccrone_50540_2014-12-06_SRR6121299/reads/A_PA	1384356
mccrone_50540	A_PB1	data/IRMA/mccrone_50540_2014-12-06_SRR6121299/reads/A_PB1	1387608
mccrone_50540	A_PB2	data/IRMA/mccrone_50540_2014-12-06_SRR6121299/reads/A_PB2	1440684
mccrone_50540	A_HA_H3	data/IRMA/mccrone_50540_2014-12-09_SRR6121222/reads/A_HA_H3	1360024
mccrone_50540	A_MP	data/IRMA/mccrone_50540_2014-12-09_SRR6121222/reads/A_MP	1524824
mccrone_50540	A_NA_N2	data/IRMA/mccrone_50540_2014-12-09_SRR6121222/reads/A_NA_N2	918948
mccrone_50540	A_NP	data/IRMA/mccrone_50540_2014-12-09_SRR6121222/reads/A_NP	1407980
mccrone_50540	A_NS	data/IRMA/mccrone_50540_2014-12-09_SRR6121222/reads/A_NS	550988
mccrone_50540	A_PA	data/IRMA/mccrone_50540_2014-12-09_SRR6121222/reads/A_PA	1144968
mccrone_50540	A_PB1	data/IRMA/mccrone_50540_2014-12-09_SRR6121222/reads/A_PB1	823284
mccrone_50540	A_PB2	data/IRMA/mccrone_50540_2014-12-09_SRR6121222/reads/A_PB2	1164868
mccrone_50540	A_HA_H3	data/IRMA/mccrone_50540_2014-12-09_SRR6121229/reads/A_HA_H3	1421316
mccrone_50540	A_MP	data/IRMA/mccrone_50540_2014-12-09_SRR6121229/reads/A_MP	1700428
mccrone_50540	A_NA_N2	data/IRMA/mccrone_50540_2014-12-09_SRR6121229/reads/A_NA_N2	879844
mccrone_50540	A_NP	data/IRMA/mccrone_50540_2014-12-09_SRR6121229/reads/A_NP	1352952
mccrone_50540	A_NS	data/IRMA/mccrone_50540_2014-12-09_SRR6121229/reads/A_NS	424048
mccrone_50540	A_PA	data/IRMA/mccrone_50540_2014-12-09_SRR6121229/reads/A_PA	1028592
mccrone_50540	A_PB1	data/IRMA/mccrone_50540_2014-12-09_SRR6121229/reads/A_PB1	812540
mccrone_50540	A_PB2	data/IRMA/mccrone_50540_2014-12-09_SRR6121229/reads/A_PB2	1001324
mccrone_50553	A_HA_H3	data/IRMA/mccrone_50553_2014-11-16_SRR6121284/reads/A_HA_H3	3227096
mccrone_50553	A_MP	data/IRMA/mccrone_50553_2014-11-16_SRR6121284/reads/A_MP	2766928
mccrone_50553	A_NA_N2	data/IRMA/mccrone_50553_2014-11-16_SRR6121284/reads/A_NA_N2	1721168
mccrone_50553	A_NP	data/IRMA/mccrone_50553_2014-11-16_SRR6121284/reads/A_NP	2609128
mccrone_50553	A_NS	data/IRMA/mccrone_50553_2014-11-16_SRR6121284/reads/A_NS	671384
mccrone_50553	A_PA	data/IRMA/mccrone_50553_2014-11-16_SRR6121284/reads/A_PA	2401968
mccrone_50553	A_PB1	data/IRMA/mccrone_50553_2014-11-16_SRR6121284/reads/A_PB1	2103796
mccrone_50553	A_PB2	data/IRMA/mccrone_50553_2014-11-16_SRR6121284/reads/A_PB2	2357816
mccrone_50553	A_HA_H3	data/IRMA/mccrone_50553_2014-11-17_SRR6121631/reads/A_HA_H3	962868
mccrone_50553	A_MP	data/IRMA/mccrone_50553_2014-11-17_SRR6121631/reads/A_MP	893400
mccrone_50553	A_NA_N2	data/IRMA/mccrone_50553_2014-11-17_SRR6121631/reads/A_NA_N2	599748
mccrone_50553	A_NP	data/IRMA/mccrone_50553_2014-11-17_SRR6121631/reads/A_NP	888280
mccrone_50553	A_NS	data/IRMA/mccrone_50553_2014-11-17_SRR6121631/reads/A_NS	326844
mccrone_50553	A_PA	data/IRMA/mccrone_50553_2014-11-17_SRR6121631/reads/A_PA	833804
mccrone_50553	A_PB1	data/IRMA/mccrone_50553_2014-11-17_SRR6121631/reads/A_PB1	605200
mccrone_50553	A_PB2	data/IRMA/mccrone_50553_2014-11-17_SRR6121631/reads/A_PB2	710696
mccrone_50553	A_HA_H3	data/IRMA/mccrone_50553_2014-11-17_SRR6121632/reads/A_HA_H3	1445440
mccrone_50553	A_MP	data/IRMA/mccrone_50553_2014-11-17_SRR6121632/reads/A_MP	1278008
mccrone_50553	A_NA_N2	data/IRMA/mccrone_50553_2014-11-17_SRR6121632/reads/A_NA_N2	941096
mccrone_50553	A_NP	data/IRMA/mccrone_50553_2014-11-17_SRR6121632/reads/A_NP	1425912
mccrone_50553	A_NS	data/IRMA/mccrone_50553_2014-11-17_SRR6121632/reads/A_NS	498188
mccrone_50553	A_PA	data/IRMA/mccrone_50553_2014-11-17_SRR6121632/reads/A_PA	1397676
mccrone_50553	A_PB1	data/IRMA/mccrone_50553_2014-11-17_SRR6121632/reads/A_PB1	1020572
mccrone_50553	A_PB2	data/IRMA/mccrone_50553_2014-11-17_SRR6121632/reads/A_PB2	1199272
mccrone_50618	A_HA_H3	data/IRMA/mccrone_50618_2014-11-25_SRR6121331/reads/A_HA_H3	2630232
mccrone_50618	A_MP	data/IRMA/mccrone_50618_2014-11-25_SRR6121331/reads/A_MP	2344672
mccrone_50618	A_NA_N2	data/IRMA/mccrone_50618_2014-11-25_SRR6121331/reads/A_NA_N2	1721024
mccrone_50618	A_NP	data/IRMA/mccrone_50618_2014-11-25_SRR6121331/reads/A_NP	2304980
mccrone_50618	A_NS	data/IRMA/mccrone_50618_2014-11-25_SRR6121331/reads/A_NS	775908
mccrone_50618	A_PA	data/IRMA/mccrone_50618_2014-11-25_SRR6121331/reads/A_PA	2049040
mccrone_50618	A_PB1	data/IRMA/mccrone_50618_2014-11-25_SRR6121331/reads/A_PB1	1576684
mccrone_50618	A_PB2	data/IRMA/mccrone_50618_2014-11-25_SRR6121331/reads/A_PB2	1940984
mccrone_50618	A_HA_H3	data/IRMA/mccrone_50618_2014-11-25_SRR6121332/reads/A_HA_H3	2710968
mccrone_50618	A_MP	data/IRMA/mccrone_50618_2014-11-25_SRR6121332/reads/A_MP	2496224
mccrone_50618	A_NA_N2	data/IRMA/mccrone_50618_2014-11-25_SRR6121332/reads/A_NA_N2	1715476
mccrone_50618	A_NP	data/IRMA/mccrone_50618_2014-11-25_SRR6121332/reads/A_NP	2315380
mccrone_50618	A_NS	data/IRMA/mccrone_50618_2014-11-25_SRR6121332/reads/A_NS	776952
mccrone_50618	A_PA	data/IRMA/mccrone_50618_2014-11-25_SRR6121332/reads/A_PA	2218956
mccrone_50618	A_PB1	data/IRMA/mccrone_50618_2014-11-25_SRR6121332/reads/A_PB1	1596156
mccrone_50618	A_PB2	data/IRMA/mccrone_50618_2014-11-25_SRR6121332/reads/A_PB2	2034404
mccrone_50618	A_HA_H3	data/IRMA/mccrone_50618_2014-11-25_SRR6121629/reads/A_HA_H3	1860560
mccrone_50618	A_MP	data/IRMA/mccrone_50618_2014-11-25_SRR6121629/reads/A_MP	1282844
mccrone_50618	A_NA_N2	data/IRMA/mccrone_50618_2014-11-25_SRR6121629/reads/A_NA_N2	927412
mccrone_50618	A_NP	data/IRMA/mccrone_50618_2014-11-25_SRR6121629/reads/A_NP	1384156
mccrone_50618	A_NS	data/IRMA/mccrone_50618_2014-11-25_SRR6121629/reads/A_NS	311624
mccrone_50618	A_PA	data/IRMA/mccrone_50618_2014-11-25_SRR6121629/reads/A_PA	1347836
mccrone_50618	A_PB1	data/IRMA/mccrone_50618_2014-11-25_SRR6121629/reads/A_PB1	1305432
mccrone_50618	A_PB2	data/IRMA/mccrone_50618_2014-11-25_SRR6121629/reads/A_PB2	1482032
mccrone_50619	A_HA_H3	data/IRMA/mccrone_50619_2014-11-25_SRR6121322/reads/A_HA_H3	2842936
mccrone_50619	A_MP	data/IRMA/mccrone_50619_2014-11-25_SRR6121322/reads/A_MP	2343652
mccrone_50619	A_NA_N2	data/IRMA/mccrone_50619_2014-11-25_SRR6121322/reads/A_NA_N2	1843592
mccrone_50619	A_NP	data/IRMA/mccrone_50619_2014-11-25_SRR6121322/reads/A_NP	2302404
mccrone_50619	A_NS	data/IRMA/mccrone_50619_2014-11-25_SRR6121322/reads/A_NS	765772
mccrone_50619	A_PA	data/IRMA/mccrone_50619_2014-11-25_SRR6121322/reads/A_PA	2082244
mccrone_50619	A_PB1	data/IRMA/mccrone_50619_2014-11-25_SRR6121322/reads/A_PB1	1691256
mccrone_50619	A_PB2	data/IRMA/mccrone_50619_2014-11-25_SRR6121322/reads/A_PB2	2104820
mccrone_50619	A_HA_H3	data/IRMA/mccrone_50619_2014-11-25_SRR6121630/reads/A_HA_H3	1648344
mccrone_50619	A_MP	data/IRMA/mccrone_50619_2014-11-25_SRR6121630/reads/A_MP	1158824
mccrone_50619	A_NA_N2	data/IRMA/mccrone_50619_2014-11-25_SRR6121630/reads/A_NA_N2	892000
mccrone_50619	A_NP	data/IRMA/mccrone_50619_2014-11-25_SRR6121630/reads/A_NP	1295828
mccrone_50619	A_NS	data/IRMA/mccrone_50619_2014-11-25_SRR6121630/reads/A_NS	304904
mccrone_50619	A_PA	data/IRMA/mccrone_50619_2014-11-25_SRR6121630/reads/A_PA	1318936
mccrone_50619	A_PB1	data/IRMA/mccrone_50619_2014-11-25_SRR6121630/reads/A_PB1	1257924
mccrone_50619	A_PB2	data/IRMA/mccrone_50619_2014-11-25_SRR6121630/reads/A_PB2	1486900
mccrone_50620	A_HA_H3	data/IRMA/mccrone_50620_2014-11-22_SRR6121524/reads/A_HA_H3	1673380
mccrone_50620	A_MP	data/IRMA/mccrone_50620_2014-11-22_SRR6121524/reads/A_MP	1429304
mccrone_50620	A_NA_N2	data/IRMA/mccrone_50620_2014-11-22_SRR6121524/reads/A_NA_N2	1058856
mccrone_50620	A_NP	data/IRMA/mccrone_50620_2014-11-22_SRR6121524/reads/A_NP	1405508
mccrone_50620	A_NS	data/IRMA/mccrone_50620_2014-11-22_SRR6121524/reads/A_NS	333180
mccrone_50620	A_PA	data/IRMA/mccrone_50620_2014-11-22_SRR6121524/reads/A_PA	1508936
mccrone_50620	A_PB1	data/IRMA/mccrone_50620_2014-11-22_SRR6121524/reads/A_PB1	1267828
mccrone_50620	A_PB2	data/IRMA/mccrone_50620_2014-11-22_SRR6121524/reads/A_PB2	1679852
mccrone_50620	A_HA_H3	data/IRMA/mccrone_50620_2014-11-24_SRR6121333/reads/A_HA_H3	1197404
mccrone_50620	A_MP	data/IRMA/mccrone_50620_2014-11-24_SRR6121333/reads/A_MP	1313088
mccrone_50620	A_NA_N2	data/IRMA/mccrone_50620_2014-11-24_SRR6121333/reads/A_NA_N2	843732
mccrone_50620	A_NP	data/IRMA/mccrone_50620_2014-11-24_SRR6121333/reads/A_NP	1275012
mccrone_50620	A_NS	data/IRMA/mccrone_50620_2014-11-24_SRR6121333/reads/A_NS	449060
mccrone_50620	A_PA	data/IRMA/mccrone_50620_2014-11-24_SRR6121333/reads/A_PA	1280128
mccrone_50620	A_PB1	data/IRMA/mccrone_50620_2014-11-24_SRR6121333/reads/A_PB1	789032
mccrone_50620	A_PB2	data/IRMA/mccrone_50620_2014-11-24_SRR6121333/reads/A_PB2	931728
mccrone_50620	A_HA_H3	data/IRMA/mccrone_50620_2014-11-24_SRR6121334/reads/A_HA_H3	1134608
mccrone_50620	A_MP	data/IRMA/mccrone_50620_2014-11-24_SRR6121334/reads/A_MP	1180412
mccrone_50620	A_NA_N2	data/IRMA/mccrone_50620_2014-11-24_SRR6121334/reads/A_NA_N2	776096
mccrone_50620	A_NP	data/IRMA/mccrone_50620_2014-11-24_SRR6121334/reads/A_NP	1000188
mccrone_50620	A_NS	data/IRMA/mccrone_50620_2014-11-24_SRR6121334/reads/A_NS	340028
mccrone_50620	A_PA	data/IRMA/mccrone_50620_2014-11-24_SRR6121334/reads/A_PA	890468
mccrone_50620	A_PB1	data/IRMA/mccrone_50620_2014-11-24_SRR6121334/reads/A_PB1	479464
mccrone_50620	A_PB2	data/IRMA/mccrone_50620_2014-11-24_SRR6121334/reads/A_PB2	663772
mccrone_50632	A_HA_H3	data/IRMA/mccrone_50632_2014-11-13_SRR6121282/reads/A_HA_H3	2964940
mccrone_50632	A_MP	data/IRMA/mccrone_50632_2014-11-13_SRR6121282/reads/A_MP	2226752
mccrone_50632	A_NA_N2	data/IRMA/mccrone_50632_2014-11-13_SRR6121282/reads/A_NA_N2	1653708
mccrone_50632	A_NP	data/IRMA/mccrone_50632_2014-11-13_SRR6121282/reads/A_NP	1690676
mccrone_50632	A_NS	data/IRMA/mccrone_50632_2014-11-13_SRR6121282/reads/A_NS	620824
mccrone_50632	A_PA	data/IRMA/mccrone_50632_2014-11-13_SRR6121282/reads/A_PA	2139076
mccrone_50632	A_PB1	data/IRMA/mccrone_50632_2014-11-13_SRR6121282/reads/A_PB1	2255616
mccrone_50632	A_PB2	data/IRMA/mccrone_50632_2014-11-13_SRR6121282/reads/A_PB2	2194128
mccrone_50632	A_HA_H3	data/IRMA/mccrone_50632_2014-11-14_SRR6121205/reads/A_HA_H3	871340
mccrone_50632	A_MP	data/IRMA/mccrone_50632_2014-11-14_SRR6121205/reads/A_MP	1023416
mccrone_50632	A_NA_N2	data/IRMA/mccrone_50632_2014-11-14_SRR6121205/reads/A_NA_N2	643164
mccrone_50632	A_NP	data/IRMA/mccrone_50632_2014-11-14_SRR6121205/reads/A_NP	766716
mccrone_50632	A_NS	data/IRMA/mccrone_50632_2014-11-14_SRR6121205/reads/A_NS	300064
mccrone_50632	A_PA	data/IRMA/mccrone_50632_2014-11-14_SRR6121205/reads/A_PA	824920
mccrone_50632	A_PB1	data/IRMA/mccrone_50632_2014-11-14_SRR6121205/reads/A_PB1	668408
mccrone_50632	A_PB2	data/IRMA/mccrone_50632_2014-11-14_SRR6121205/reads/A_PB2	789708
mccrone_50632	A_HA_H3	data/IRMA/mccrone_50632_2014-11-14_SRR6121206/reads/A_HA_H3	1232692
mccrone_50632	A_MP	data/IRMA/mccrone_50632_2014-11-14_SRR6121206/reads/A_MP	1205796
mccrone_50632	A_NA_N2	data/IRMA/mccrone_50632_2014-11-14_SRR6121206/reads/A_NA_N2	840772
mccrone_50632	A_NP	data/IRMA/mccrone_50632_2014-11-14_SRR6121206/reads/A_NP	1055736
mccrone_50632	A_NS	data/IRMA/mccrone_50632_2014-11-14_SRR6121206/reads/A_NS	410296
mccrone_50632	A_PA	data/IRMA/mccrone_50632_2014-11-14_SRR6121206/reads/A_PA	1098260
mccrone_50632	A_PB1	data/IRMA/mccrone_50632_2014-11-14_SRR6121206/reads/A_PB1	928736
mccrone_50632	A_PB2	data/IRMA/mccrone_50632_2014-11-14_SRR6121206/reads/A_PB2	1006924
mccrone_50678	A_HA_H3	data/IRMA/mccrone_50678_2014-12-05_SRR6121558/reads/A_HA_H3	1702568
mccrone_50678	A_MP	data/IRMA/mccrone_50678_2014-12-05_SRR6121558/reads/A_MP	4567476
mccrone_50678	A_NA_N2	data/IRMA/mccrone_50678_2014-12-05_SRR6121558/reads/A_NA_N2	1508072
mccrone_50678	A_NP	data/IRMA/mccrone_50678_2014-12-05_SRR6121558/reads/A_NP	1578148
mccrone_50678	A_NS	data/IRMA/mccrone_50678_2014-12-05_SRR6121558/reads/A_NS	2330200
mccrone_50678	A_PA	data/IRMA/mccrone_50678_2014-12-05_SRR6121558/reads/A_PA	695696
mccrone_50678	A_PB1	data/IRMA/mccrone_50678_2014-12-05_SRR6121558/reads/A_PB1	491096
mccrone_50678	A_PB2	data/IRMA/mccrone_50678_2014-12-05_SRR6121558/reads/A_PB2	330124
mccrone_50678	A_HA_H3	data/IRMA/mccrone_50678_2014-12-08_SRR6121501/reads/A_HA_H3	254076
mccrone_50678	A_MP	data/IRMA/mccrone_50678_2014-12-08_SRR6121501/reads/A_MP	393912
mccrone_50678	A_NA_N2	data/IRMA/mccrone_50678_2014-12-08_SRR6121501/reads/A_NA_N2	163388
mccrone_50678	A_NP	data/IRMA/mccrone_50678_2014-12-08_SRR6121501/reads/A_NP	231440
mccrone_50678	A_NS	data/IRMA/mccrone_50678_2014-12-08_SRR6121501/reads/A_NS	68484
mccrone_50678	A_PA	data/IRMA/mccrone_50678_2014-12-08_SRR6121501/reads/A_PA	170440
mccrone_50678	A_PB1	data/IRMA/mccrone_50678_2014-12-08_SRR6121501/reads/A_PB1	199436
mccrone_50678	A_PB2	data/IRMA/mccrone_50678_2014-12-08_SRR6121501/reads/A_PB2	172284
mccrone_50678	A_HA_H3	data/IRMA/mccrone_50678_2014-12-08_SRR6121609/reads/A_HA_H3	380120
mccrone_50678	A_MP	data/IRMA/mccrone_50678_2014-12-08_SRR6121609/reads/A_MP	522604
mccrone_50678	A_NA_N2	data/IRMA/mccrone_50678_2014-12-08_SRR6121609/reads/A_NA_N2	260548
mccrone_50678	A_NP	data/IRMA/mccrone_50678_2014-12-08_SRR6121609/reads/A_NP	337504
mccrone_50678	A_NS	data/IRMA/mccrone_50678_2014-12-08_SRR6121609/reads/A_NS	141668
mccrone_50678	A_PA	data/IRMA/mccrone_50678_2014-12-08_SRR6121609/reads/A_PA	249296
mccrone_50678	A_PB1	data/IRMA/mccrone_50678_2014-12-08_SRR6121609/reads/A_PB1	304076
mccrone_50678	A_PB2	data/IRMA/mccrone_50678_2014-12-08_SRR6121609/reads/A_PB2	340044
mccrone_50727	A_HA_H3	data/IRMA/mccrone_50727_2015-01-08_SRR6121309/reads/A_HA_H3	1798708
mccrone_50727	A_MP	data/IRMA/mccrone_50727_2015-01-08_SRR6121309/reads/A_MP	1349216
mccrone_50727	A_NA_N2	data/IRMA/mccrone_50727_2015-01-08_SRR6121309/reads/A_NA_N2	867400
mccrone_50727	A_NP	data/IRMA/mccrone_50727_2015-01-08_SRR6121309/reads/A_NP	1291856
mccrone_50727	A_NS	data/IRMA/mccrone_50727_2015-01-08_SRR6121309/reads/A_NS	326456
mccrone_50727	A_PA	data/IRMA/mccrone_50727_2015-01-08_SRR6121309/reads/A_PA	1323692
mccrone_50727	A_PB1	data/IRMA/mccrone_50727_2015-01-08_SRR6121309/reads/A_PB1	1054124
mccrone_50727	A_PB2	data/IRMA/mccrone_50727_2015-01-08_SRR6121309/reads/A_PB2	1356060
mccrone_50727	A_HA_H3	data/IRMA/mccrone_50727_2015-01-09_SRR6121586/reads/A_HA_H3	1816656
mccrone_50727	A_MP	data/IRMA/mccrone_50727_2015-01-09_SRR6121586/reads/A_MP	1519560
mccrone_50727	A_NA_N2	data/IRMA/mccrone_50727_2015-01-09_SRR6121586/reads/A_NA_N2	1219728
mccrone_50727	A_NP	data/IRMA/mccrone_50727_2015-01-09_SRR6121586/reads/A_NP	1595088
mccrone_50727	A_NS	data/IRMA/mccrone_50727_2015-01-09_SRR6121586/reads/A_NS	514924
mccrone_50727	A_PA	data/IRMA/mccrone_50727_2015-01-09_SRR6121586/reads/A_PA	1554672
mccrone_50727	A_PB1	data/IRMA/mccrone_50727_2015-01-09_SRR6121586/reads/A_PB1	1011232
mccrone_50727	A_PB2	data/IRMA/mccrone_50727_2015-01-09_SRR6121586/reads/A_PB2	1302760
mccrone_50727	A_HA_H3	data/IRMA/mccrone_50727_2015-01-09_SRR6121589/reads/A_HA_H3	1862468
mccrone_50727	A_MP	data/IRMA/mccrone_50727_2015-01-09_SRR6121589/reads/A_MP	1601428
mccrone_50727	A_NA_N2	data/IRMA/mccrone_50727_2015-01-09_SRR6121589/reads/A_NA_N2	1153060
mccrone_50727	A_NP	data/IRMA/mccrone_50727_2015-01-09_SRR6121589/reads/A_NP	1622780
mccrone_50727	A_NS	data/IRMA/mccrone_50727_2015-01-09_SRR6121589/reads/A_NS	498928
mccrone_50727	A_PA	data/IRMA/mccrone_50727_2015-01-09_SRR6121589/reads/A_PA	1639900
mccrone_50727	A_PB1	data/IRMA/mccrone_50727_2015-01-09_SRR6121589/reads/A_PB1	1019596
mccrone_50727	A_PB2	data/IRMA/mccrone_50727_2015-01-09_SRR6121589/reads/A_PB2	1234984
mccrone_50784	A_HA_H3	data/IRMA/mccrone_50784_2014-12-15_SRR6121566/reads/A_HA_H3	1328336
mccrone_50784	A_MP	data/IRMA/mccrone_50784_2014-12-15_SRR6121566/reads/A_MP	1172656
mccrone_50784	A_NA_N2	data/IRMA/mccrone_50784_2014-12-15_SRR6121566/reads/A_NA_N2	780072
mccrone_50784	A_NP	data/IRMA/mccrone_50784_2014-12-15_SRR6121566/reads/A_NP	1187072
mccrone_50784	A_NS	data/IRMA/mccrone_50784_2014-12-15_SRR6121566/reads/A_NS	362064
mccrone_50784	A_PA	data/IRMA/mccrone_50784_2014-12-15_SRR6121566/reads/A_PA	1103496
mccrone_50784	A_PB1	data/IRMA/mccrone_50784_2014-12-15_SRR6121566/reads/A_PB1	896760
mccrone_50784	A_PB2	data/IRMA/mccrone_50784_2014-12-15_SRR6121566/reads/A_PB2	1067456
mccrone_50784	A_HA_H3	data/IRMA/mccrone_50784_2014-12-15_SRR6121567/reads/A_HA_H3	2160584
mccrone_50784	A_MP	data/IRMA/mccrone_50784_2014-12-15_SRR6121567/reads/A_MP	1732776
mccrone_50784	A_NA_N2	data/IRMA/mccrone_50784_2014-12-15_SRR6121567/reads/A_NA_N2	1199104
mccrone_50784	A_NP	data/IRMA/mccrone_50784_2014-12-15_SRR6121567/reads/A_NP	1888712
mccrone_50784	A_NS	data/IRMA/mccrone_50784_2014-12-15_SRR6121567/reads/A_NS	553828
mccrone_50784	A_PA	data/IRMA/mccrone_50784_2014-12-15_SRR6121567/reads/A_PA	1885448
mccrone_50784	A_PB1	data/IRMA/mccrone_50784_2014-12-15_SRR6121567/reads/A_PB1	1551088
mccrone_50784	A_PB2	data/IRMA/mccrone_50784_2014-12-15_SRR6121567/reads/A_PB2	1760784
mccrone_50784	A_HA_H3	data/IRMA/mccrone_50784_2014-12-16_SRR6121422/reads/A_HA_H3	1896156
mccrone_50784	A_MP	data/IRMA/mccrone_50784_2014-12-16_SRR6121422/reads/A_MP	1486212
mccrone_50784	A_NA_N2	data/IRMA/mccrone_50784_2014-12-16_SRR6121422/reads/A_NA_N2	1043556
mccrone_50784	A_NP	data/IRMA/mccrone_50784_2014-12-16_SRR6121422/reads/A_NP	1601220
mccrone_50784	A_NS	data/IRMA/mccrone_50784_2014-12-16_SRR6121422/reads/A_NS	586448
mccrone_50784	A_PA	data/IRMA/mccrone_50784_2014-12-16_SRR6121422/reads/A_PA	1526176
mccrone_50784	A_PB1	data/IRMA/mccrone_50784_2014-12-16_SRR6121422/reads/A_PB1	1209396
mccrone_50784	A_PB2	data/IRMA/mccrone_50784_2014-12-16_SRR6121422/reads/A_PB2	1488188
mccrone_50784	A_HA_H3	data/IRMA/mccrone_50784_2014-12-16_SRR6121423/reads/A_HA_H3	1749032
mccrone_50784	A_MP	data/IRMA/mccrone_50784_2014-12-16_SRR6121423/reads/A_MP	1593356
mccrone_50784	A_NA_N2	data/IRMA/mccrone_50784_2014-12-16_SRR6121423/reads/A_NA_N2	1001732
mccrone_50784	A_NP	data/IRMA/mccrone_50784_2014-12-16_SRR6121423/reads/A_NP	1636320
mccrone_50784	A_NS	data/IRMA/mccrone_50784_2014-12-16_SRR6121423/reads/A_NS	463824
mccrone_50784	A_PA	data/IRMA/mccrone_50784_2014-12-16_SRR6121423/reads/A_PA	1377364
mccrone_50784	A_PB1	data/IRMA/mccrone_50784_2014-12-16_SRR6121423/reads/A_PB1	1117084
mccrone_50784	A_PB2	data/IRMA/mccrone_50784_2014-12-16_SRR6121423/reads/A_PB2	1335624
mccrone_50785	A_HA_H3	data/IRMA/mccrone_50785_2014-12-15_SRR6121569/reads/A_HA_H3	1397256
mccrone_50785	A_MP	data/IRMA/mccrone_50785_2014-12-15_SRR6121569/reads/A_MP	1141064
mccrone_50785	A_NA_N2	data/IRMA/mccrone_50785_2014-12-15_SRR6121569/reads/A_NA_N2	761596
mccrone_50785	A_NP	data/IRMA/mccrone_50785_2014-12-15_SRR6121569/reads/A_NP	1169652
mccrone_50785	A_NS	data/IRMA/mccrone_50785_2014-12-15_SRR6121569/reads/A_NS	336120
mccrone_50785	A_PA	data/IRMA/mccrone_50785_2014-12-15_SRR6121569/reads/A_PA	1119880
mccrone_50785	A_PB1	data/IRMA/mccrone_50785_2014-12-15_SRR6121569/reads/A_PB1	898500
mccrone_50785	A_PB2	data/IRMA/mccrone_50785_2014-12-15_SRR6121569/reads/A_PB2	1085200
mccrone_50785	A_HA_H3	data/IRMA/mccrone_50785_2014-12-16_SRR6121420/reads/A_HA_H3	1531776
mccrone_50785	A_MP	data/IRMA/mccrone_50785_2014-12-16_SRR6121420/reads/A_MP	1707312
mccrone_50785	A_NA_N2	data/IRMA/mccrone_50785_2014-12-16_SRR6121420/reads/A_NA_N2	948548
mccrone_50785	A_NP	data/IRMA/mccrone_50785_2014-12-16_SRR6121420/reads/A_NP	1485696
mccrone_50785	A_NS	data/IRMA/mccrone_50785_2014-12-16_SRR6121420/reads/A_NS	616972
mccrone_50785	A_PA	data/IRMA/mccrone_50785_2014-12-16_SRR6121420/reads/A_PA	1223584
mccrone_50785	A_PB1	data/IRMA/mccrone_50785_2014-12-16_SRR6121420/reads/A_PB1	743008
mccrone_50785	A_PB2	data/IRMA/mccrone_50785_2014-12-16_SRR6121420/reads/A_PB2	1065524
mccrone_50785	A_HA_H3	data/IRMA/mccrone_50785_2014-12-16_SRR6121421/reads/A_HA_H3	1136040
mccrone_50785	A_MP	data/IRMA/mccrone_50785_2014-12-16_SRR6121421/reads/A_MP	1498756
mccrone_50785	A_NA_N2	data/IRMA/mccrone_50785_2014-12-16_SRR6121421/reads/A_NA_N2	652916
mccrone_50785	A_NP	data/IRMA/mccrone_50785_2014-12-16_SRR6121421/reads/A_NP	1121084
mccrone_50785	A_NS	data/IRMA/mccrone_50785_2014-12-16_SRR6121421/reads/A_NS	507292
mccrone_50785	A_PA	data/IRMA/mccrone_50785_2014-12-16_SRR6121421/reads/A_PA	943124
mccrone_50785	A_PB1	data/IRMA/mccrone_50785_2014-12-16_SRR6121421/reads/A_PB1	654808
mccrone_50785	A_PB2	data/IRMA/mccrone_50785_2014-12-16_SRR6121421/reads/A_PB2	824088
mccrone_50809	A_HA_H3	data/IRMA/mccrone_50809_2014-12-15_SRR6121570/reads/A_HA_H3	1343324
mccrone_50809	A_MP	data/IRMA/mccrone_50809_2014-12-15_SRR6121570/reads/A_MP	1048804
mccrone_50809	A_NA_N2	data/IRMA/mccrone_50809_2014-12-15_SRR6121570/reads/A_NA_N2	617492
mccrone_50809	A_NP	data/IRMA/mccrone_50809_2014-12-15_SRR6121570/reads/A_NP	1061108
mccrone_50809	A_NS	data/IRMA/mccrone_50809_2014-12-15_SRR6121570/reads/A_NS	274024
mccrone_50809	A_PA	data/IRMA/mccrone_50809_2014-12-15_SRR6121570/reads/A_PA	1070144
mccrone_50809	A_PB1	data/IRMA/mccrone_50809_2014-12-15_SRR6121570/reads/A_PB1	817652
mccrone_50809	A_PB2	data/IRMA/mccrone_50809_2014-12-15_SRR6121570/reads/A_PB2	966244
mccrone_50809	A_HA_H3	data/IRMA/mccrone_50809_2014-12-16_SRR6121419/reads/A_HA_H3	2018416
mccrone_50809	A_MP	data/IRMA/mccrone_50809_2014-12-16_SRR6121419/reads/A_MP	1987776
mccrone_50809	A_NA_N2	data/IRMA/mccrone_50809_2014-12-16_SRR6121419/reads/A_NA_N2	997912
mccrone_50809	A_NP	data/IRMA/mccrone_50809_2014-12-16_SRR6121419/reads/A_NP	1869316
mccrone_50809	A_NS	data/IRMA/mccrone_50809_2014-12-16_SRR6121419/reads/A_NS	423988
mccrone_50809	A_PA	data/IRMA/mccrone_50809_2014-12-16_SRR6121419/reads/A_PA	1820056
mccrone_50809	A_PB1	data/IRMA/mccrone_50809_2014-12-16_SRR6121419/reads/A_PB1	1088124
mccrone_50809	A_PB2	data/IRMA/mccrone_50809_2014-12-16_SRR6121419/reads/A_PB2	1558772
mccrone_50809	A_HA_H3	data/IRMA/mccrone_50809_2014-12-16_SRR6121428/reads/A_HA_H3	2226740
mccrone_50809	A_MP	data/IRMA/mccrone_50809_2014-12-16_SRR6121428/reads/A_MP	1736620
mccrone_50809	A_NA_N2	data/IRMA/mccrone_50809_2014-12-16_SRR6121428/reads/A_NA_N2	998580
mccrone_50809	A_NP	data/IRMA/mccrone_50809_2014-12-16_SRR6121428/reads/A_NP	1809360
mccrone_50809	A_NS	data/IRMA/mccrone_50809_2014-12-16_SRR6121428/reads/A_NS	541488
mccrone_50809	A_PA	data/IRMA/mccrone_50809_2014-12-16_SRR6121428/reads/A_PA	2095488
mccrone_50809	A_PB1	data/IRMA/mccrone_50809_2014-12-16_SRR6121428/reads/A_PB1	1336292
mccrone_50809	A_PB2	data/IRMA/mccrone_50809_2014-12-16_SRR6121428/reads/A_PB2	1972960
mccrone_50812	A_HA_H3	data/IRMA/mccrone_50812_2014-12-10_SRR6121409/reads/A_HA_H3	2329212
mccrone_50812	A_MP	data/IRMA/mccrone_50812_2014-12-10_SRR6121409/reads/A_MP	1746620
mccrone_50812	A_NA_N2	data/IRMA/mccrone_50812_2014-12-10_SRR6121409/reads/A_NA_N2	1024760
mccrone_50812	A_NP	data/IRMA/mccrone_50812_2014-12-10_SRR6121409/reads/A_NP	1806788
mccrone_50812	A_NS	data/IRMA/mccrone_50812_2014-12-10_SRR6121409/reads/A_NS	559336
mccrone_50812	A_PA	data/IRMA/mccrone_50812_2014-12-10_SRR6121409/reads/A_PA	2129408
mccrone_50812	A_PB1	data/IRMA/mccrone_50812_2014-12-10_SRR6121409/reads/A_PB1	1497956
mccrone_50812	A_PB2	data/IRMA/mccrone_50812_2014-12-10_SRR6121409/reads/A_PB2	1835020
mccrone_50812	A_HA_H3	data/IRMA/mccrone_50812_2014-12-10_SRR6121410/reads/A_HA_H3	1912884
mccrone_50812	A_MP	data/IRMA/mccrone_50812_2014-12-10_SRR6121410/reads/A_MP	1606676
mccrone_50812	A_NA_N2	data/IRMA/mccrone_50812_2014-12-10_SRR6121410/reads/A_NA_N2	853084
mccrone_50812	A_NP	data/IRMA/mccrone_50812_2014-12-10_SRR6121410/reads/A_NP	1540092
mccrone_50812	A_NS	data/IRMA/mccrone_50812_2014-12-10_SRR6121410/reads/A_NS	531824
mccrone_50812	A_PA	data/IRMA/mccrone_50812_2014-12-10_SRR6121410/reads/A_PA	1652108
mccrone_50812	A_PB1	data/IRMA/mccrone_50812_2014-12-10_SRR6121410/reads/A_PB1	1097848
mccrone_50812	A_PB2	data/IRMA/mccrone_50812_2014-12-10_SRR6121410/reads/A_PB2	1331596
mccrone_50812	A_HA_H3	data/IRMA/mccrone_50812_2014-12-11_SRR6121234/reads/A_HA_H3	1226080
mccrone_50812	A_MP	data/IRMA/mccrone_50812_2014-12-11_SRR6121234/reads/A_MP	1331144
mccrone_50812	A_NA_N2	data/IRMA/mccrone_50812_2014-12-11_SRR6121234/reads/A_NA_N2	748232
mccrone_50812	A_NP	data/IRMA/mccrone_50812_2014-12-11_SRR6121234/reads/A_NP	1151820
mccrone_50812	A_NS	data/IRMA/mccrone_50812_2014-12-11_SRR6121234/reads/A_NS	388144
mccrone_50812	A_PA	data/IRMA/mccrone_50812_2014-12-11_SRR6121234/reads/A_PA	1319952
mccrone_50812	A_PB1	data/IRMA/mccrone_50812_2014-12-11_SRR6121234/reads/A_PB1	954244
mccrone_50812	A_PB2	data/IRMA/mccrone_50812_2014-12-11_SRR6121234/reads/A_PB2	993728
mccrone_50812	A_HA_H3	data/IRMA/mccrone_50812_2014-12-11_SRR6121235/reads/A_HA_H3	1609064
mccrone_50812	A_MP	data/IRMA/mccrone_50812_2014-12-11_SRR6121235/reads/A_MP	1531232
mccrone_50812	A_NA_N2	data/IRMA/mccrone_50812_2014-12-11_SRR6121235/reads/A_NA_N2	757844
mccrone_50812	A_NP	data/IRMA/mccrone_50812_2014-12-11_SRR6121235/reads/A_NP	1290588
mccrone_50812	A_NS	data/IRMA/mccrone_50812_2014-12-11_SRR6121235/reads/A_NS	446072
mccrone_50812	A_PA	data/IRMA/mccrone_50812_2014-12-11_SRR6121235/reads/A_PA	1530708
mccrone_50812	A_PB1	data/IRMA/mccrone_50812_2014-12-11_SRR6121235/reads/A_PB1	1190780
mccrone_50812	A_PB2	data/IRMA/mccrone_50812_2014-12-11_SRR6121235/reads/A_PB2	1150896
mccrone_50842	A_HA_H3	data/IRMA/mccrone_50842_2014-12-22_SRR6121383/reads/A_HA_H3	1439004
mccrone_50842	A_MP	data/IRMA/mccrone_50842_2014-12-22_SRR6121383/reads/A_MP	1147784
mccrone_50842	A_NA_N2	data/IRMA/mccrone_50842_2014-12-22_SRR6121383/reads/A_NA_N2	864204
mccrone_50842	A_NP	data/IRMA/mccrone_50842_2014-12-22_SRR6121383/reads/A_NP	1218456
mccrone_50842	A_NS	data/IRMA/mccrone_50842_2014-12-22_SRR6121383/reads/A_NS	154828
mccrone_50842	A_PA	data/IRMA/mccrone_50842_2014-12-22_SRR6121383/reads/A_PA	1220888
mccrone_50842	A_PB1	data/IRMA/mccrone_50842_2014-12-22_SRR6121383/reads/A_PB1	987892
mccrone_50842	A_PB2	data/IRMA/mccrone_50842_2014-12-22_SRR6121383/reads/A_PB2	1236468
mccrone_50842	A_HA_H3	data/IRMA/mccrone_50842_2014-12-23_SRR6121363/reads/A_HA_H3	2266188
mccrone_50842	A_MP	data/IRMA/mccrone_50842_2014-12-23_SRR6121363/reads/A_MP	2281596
mccrone_50842	A_NA_N2	data/IRMA/mccrone_50842_2014-12-23_SRR6121363/reads/A_NA_N2	1347076
mccrone_50842	A_NP	data/IRMA/mccrone_50842_2014-12-23_SRR6121363/reads/A_NP	2079600
mccrone_50842	A_NS	data/IRMA/mccrone_50842_2014-12-23_SRR6121363/reads/A_NS	381652
mccrone_50842	A_PA	data/IRMA/mccrone_50842_2014-12-23_SRR6121363/reads/A_PA	1926772
mccrone_50842	A_PB1	data/IRMA/mccrone_50842_2014-12-23_SRR6121363/reads/A_PB1	1333484
mccrone_50842	A_PB2	data/IRMA/mccrone_50842_2014-12-23_SRR6121363/reads/A_PB2	1879800
mccrone_50851	A_HA_H3	data/IRMA/mccrone_50851_2014-12-20_SRR6121273/reads/A_HA_H3	1361736
mccrone_50851	A_MP	data/IRMA/mccrone_50851_2014-12-20_SRR6121273/reads/A_MP	1134392
mccrone_50851	A_NA_N2	data/IRMA/mccrone_50851_2014-12-20_SRR6121273/reads/A_NA_N2	720856
mccrone_50851	A_NP	data/IRMA/mccrone_50851_2014-12-20_SRR6121273/reads/A_NP	1154348
mccrone_50851	A_NS	data/IRMA/mccrone_50851_2014-12-20_SRR6121273/reads/A_NS	295856
mccrone_50851	A_PA	data/IRMA/mccrone_50851_2014-12-20_SRR6121273/reads/A_PA	1201148
mccrone_50851	A_PB1	data/IRMA/mccrone_50851_2014-12-20_SRR6121273/reads/A_PB1	948940
mccrone_50851	A_PB2	data/IRMA/mccrone_50851_2014-12-20_SRR6121273/reads/A_PB2	1227672
mccrone_50851	A_HA_H3	data/IRMA/mccrone_50851_2014-12-22_SRR6121477/reads/A_HA_H3	2275760
mccrone_50851	A_MP	data/IRMA/mccrone_50851_2014-12-22_SRR6121477/reads/A_MP	1827800
mccrone_50851	A_NA_N2	data/IRMA/mccrone_50851_2014-12-22_SRR6121477/reads/A_NA_N2	1191856
mccrone_50851	A_NP	data/IRMA/mccrone_50851_2014-12-22_SRR6121477/reads/A_NP	1961160
mccrone_50851	A_NS	data/IRMA/mccrone_50851_2014-12-22_SRR6121477/reads/A_NS	461584
mccrone_50851	A_PA	data/IRMA/mccrone_50851_2014-12-22_SRR6121477/reads/A_PA	1932248
mccrone_50851	A_PB1	data/IRMA/mccrone_50851_2014-12-22_SRR6121477/reads/A_PB1	1646808
mccrone_50851	A_PB2	data/IRMA/mccrone_50851_2014-12-22_SRR6121477/reads/A_PB2	1969196
mccrone_50851	A_HA_H3	data/IRMA/mccrone_50851_2014-12-22_SRR6121478/reads/A_HA_H3	1569172
mccrone_50851	A_MP	data/IRMA/mccrone_50851_2014-12-22_SRR6121478/reads/A_MP	1403928
mccrone_50851	A_NA_N2	data/IRMA/mccrone_50851_2014-12-22_SRR6121478/reads/A_NA_N2	875112
mccrone_50851	A_NP	data/IRMA/mccrone_50851_2014-12-22_SRR6121478/reads/A_NP	1417244
mccrone_50851	A_NS	data/IRMA/mccrone_50851_2014-12-22_SRR6121478/reads/A_NS	311672
mccrone_50851	A_PA	data/IRMA/mccrone_50851_2014-12-22_SRR6121478/reads/A_PA	1377796
mccrone_50851	A_PB1	data/IRMA/mccrone_50851_2014-12-22_SRR6121478/reads/A_PB1	1096484
mccrone_50851	A_PB2	data/IRMA/mccrone_50851_2014-12-22_SRR6121478/reads/A_PB2	1401836
mccrone_50874	A_HA_H3	data/IRMA/mccrone_50874_2014-12-05_SRR6121559/reads/A_HA_H3	2276228
mccrone_50874	A_MP	data/IRMA/mccrone_50874_2014-12-05_SRR6121559/reads/A_MP	1839540
mccrone_50874	A_NA_N2	data/IRMA/mccrone_50874_2014-12-05_SRR6121559/reads/A_NA_N2	1261440
mccrone_50874	A_NP	data/IRMA/mccrone_50874_2014-12-05_SRR6121559/reads/A_NP	1819640
mccrone_50874	A_NS	data/IRMA/mccrone_50874_2014-12-05_SRR6121559/reads/A_NS	471556
mccrone_50874	A_PA	data/IRMA/mccrone_50874_2014-12-05_SRR6121559/reads/A_PA	1600168
mccrone_50874	A_PB1	data/IRMA/mccrone_50874_2014-12-05_SRR6121559/reads/A_PB1	1898984
mccrone_50874	A_PB2	data/IRMA/mccrone_50874_2014-12-05_SRR6121559/reads/A_PB2	1518724
mccrone_50874	A_HA_H3	data/IRMA/mccrone_50874_2014-12-05_SRR6121560/reads/A_HA_H3	2969840
mccrone_50874	A_MP	data/IRMA/mccrone_50874_2014-12-05_SRR6121560/reads/A_MP	2606260
mccrone_50874	A_NA_N2	data/IRMA/mccrone_50874_2014-12-05_SRR6121560/reads/A_NA_N2	1596528
mccrone_50874	A_NP	data/IRMA/mccrone_50874_2014-12-05_SRR6121560/reads/A_NP	2194044
mccrone_50874	A_NS	data/IRMA/mccrone_50874_2014-12-05_SRR6121560/reads/A_NS	576052
mccrone_50874	A_PA	data/IRMA/mccrone_50874_2014-12-05_SRR6121560/reads/A_PA	2321496
mccrone_50874	A_PB1	data/IRMA/mccrone_50874_2014-12-05_SRR6121560/reads/A_PB1	2182872
mccrone_50874	A_PB2	data/IRMA/mccrone_50874_2014-12-05_SRR6121560/reads/A_PB2	1950760
mccrone_50874	A_HA_H3	data/IRMA/mccrone_50874_2014-12-06_SRR6121499/reads/A_HA_H3	2125332
mccrone_50874	A_MP	data/IRMA/mccrone_50874_2014-12-06_SRR6121499/reads/A_MP	1888040
mccrone_50874	A_NA_N2	data/IRMA/mccrone_50874_2014-12-06_SRR6121499/reads/A_NA_N2	1294996
mccrone_50874	A_NP	data/IRMA/mccrone_50874_2014-12-06_SRR6121499/reads/A_NP	1889192
mccrone_50874	A_NS	data/IRMA/mccrone_50874_2014-12-06_SRR6121499/reads/A_NS	707096
mccrone_50874	A_PA	data/IRMA/mccrone_50874_2014-12-06_SRR6121499/reads/A_PA	1893420
mccrone_50874	A_PB1	data/IRMA/mccrone_50874_2014-12-06_SRR6121499/reads/A_PB1	1297420
mccrone_50874	A_PB2	data/IRMA/mccrone_50874_2014-12-06_SRR6121499/reads/A_PB2	1763844
mccrone_50874	A_HA_H3	data/IRMA/mccrone_50874_2014-12-06_SRR6121502/reads/A_HA_H3	2495116
mccrone_50874	A_MP	data/IRMA/mccrone_50874_2014-12-06_SRR6121502/reads/A_MP	2478464
mccrone_50874	A_NA_N2	data/IRMA/mccrone_50874_2014-12-06_SRR6121502/reads/A_NA_N2	1569424
mccrone_50874	A_NP	data/IRMA/mccrone_50874_2014-12-06_SRR6121502/reads/A_NP	2237392
mccrone_50874	A_NS	data/IRMA/mccrone_50874_2014-12-06_SRR6121502/reads/A_NS	740208
mccrone_50874	A_PA	data/IRMA/mccrone_50874_2014-12-06_SRR6121502/reads/A_PA	2164300
mccrone_50874	A_PB1	data/IRMA/mccrone_50874_2014-12-06_SRR6121502/reads/A_PB1	1527632
mccrone_50874	A_PB2	data/IRMA/mccrone_50874_2014-12-06_SRR6121502/reads/A_PB2	2038044
mccrone_50879	A_HA_H3	data/IRMA/mccrone_50879_2014-12-28_SRR6121606/reads/A_HA_H3	1956144
mccrone_50879	A_MP	data/IRMA/mccrone_50879_2014-12-28_SRR6121606/reads/A_MP	1388744
mccrone_50879	A_NA_N2	data/IRMA/mccrone_50879_2014-12-28_SRR6121606/reads/A_NA_N2	914840
mccrone_50879	A_NP	data/IRMA/mccrone_50879_2014-12-28_SRR6121606/reads/A_NP	1495496
mccrone_50879	A_NS	data/IRMA/mccrone_50879_2014-12-28_SRR6121606/reads/A_NS	421400
mccrone_50879	A_PA	data/IRMA/mccrone_50879_2014-12-28_SRR6121606/reads/A_PA	1391500
mccrone_50879	A_PB1	data/IRMA/mccrone_50879_2014-12-28_SRR6121606/reads/A_PB1	1231108
mccrone_50879	A_PB2	data/IRMA/mccrone_50879_2014-12-28_SRR6121606/reads/A_PB2	1455480
mccrone_50879	A_HA_H3	data/IRMA/mccrone_50879_2014-12-31_SRR6121584/reads/A_HA_H3	2574060
mccrone_50879	A_MP	data/IRMA/mccrone_50879_2014-12-31_SRR6121584/reads/A_MP	1963264
mccrone_50879	A_NA_N2	data/IRMA/mccrone_50879_2014-12-31_SRR6121584/reads/A_NA_N2	1397460
mccrone_50879	A_NP	data/IRMA/mccrone_50879_2014-12-31_SRR6121584/reads/A_NP	2150112
mccrone_50879	A_NS	data/IRMA/mccrone_50879_2014-12-31_SRR6121584/reads/A_NS	608880
mccrone_50879	A_PA	data/IRMA/mccrone_50879_2014-12-31_SRR6121584/reads/A_PA	2075960
mccrone_50879	A_PB1	data/IRMA/mccrone_50879_2014-12-31_SRR6121584/reads/A_PB1	1731440
mccrone_50879	A_PB2	data/IRMA/mccrone_50879_2014-12-31_SRR6121584/reads/A_PB2	2218144
mccrone_50935	A_HA_H3	data/IRMA/mccrone_50935_2014-12-05_SRR6121453/reads/A_HA_H3	3441576
mccrone_50935	A_MP	data/IRMA/mccrone_50935_2014-12-05_SRR6121453/reads/A_MP	2550340
mccrone_50935	A_NA_N2	data/IRMA/mccrone_50935_2014-12-05_SRR6121453/reads/A_NA_N2	2078104
mccrone_50935	A_NP	data/IRMA/mccrone_50935_2014-12-05_SRR6121453/reads/A_NP	2176348
mccrone_50935	A_NS	data/IRMA/mccrone_50935_2014-12-05_SRR6121453/reads/A_NS	607776
mccrone_50935	A_PA	data/IRMA/mccrone_50935_2014-12-05_SRR6121453/reads/A_PA	1832504
mccrone_50935	A_PB1	data/IRMA/mccrone_50935_2014-12-05_SRR6121453/reads/A_PB1	2274132
mccrone_50935	A_PB2	data/IRMA/mccrone_50935_2014-12-05_SRR6121453/reads/A_PB2	1997908
mccrone_50935	A_HA_H3	data/IRMA/mccrone_50935_2014-12-08_SRR6121348/reads/A_HA_H3	1639528
mccrone_50935	A_MP	data/IRMA/mccrone_50935_2014-12-08_SRR6121348/reads/A_MP	1124124
mccrone_50935	A_NA_N2	data/IRMA/mccrone_50935_2014-12-08_SRR6121348/reads/A_NA_N2	1053064
mccrone_50935	A_NP	data/IRMA/mccrone_50935_2014-12-08_SRR6121348/reads/A_NP	1249628
mccrone_50935	A_NS	data/IRMA/mccrone_50935_2014-12-08_SRR6121348/reads/A_NS	476448
mccrone_50935	A_PA	data/IRMA/mccrone_50935_2014-12-08_SRR6121348/reads/A_PA	1268784
mccrone_50935	A_PB1	data/IRMA/mccrone_50935_2014-12-08_SRR6121348/reads/A_PB1	1112456
mccrone_50935	A_PB2	data/IRMA/mccrone_50935_2014-12-08_SRR6121348/reads/A_PB2	1225616
mccrone_50935	A_HA_H3	data/IRMA/mccrone_50935_2014-12-08_SRR6121349/reads/A_HA_H3	615048
mccrone_50935	A_MP	data/IRMA/mccrone_50935_2014-12-08_SRR6121349/reads/A_MP	590028
mccrone_50935	A_NA_N2	data/IRMA/mccrone_50935_2014-12-08_SRR6121349/reads/A_NA_N2	409588
mccrone_50935	A_NP	data/IRMA/mccrone_50935_2014-12-08_SRR6121349/reads/A_NP	474252
mccrone_50935	A_NS	data/IRMA/mccrone_50935_2014-12-08_SRR6121349/reads/A_NS	156888
mccrone_50935	A_PA	data/IRMA/mccrone_50935_2014-12-08_SRR6121349/reads/A_PA	479660
mccrone_50935	A_PB1	data/IRMA/mccrone_50935_2014-12-08_SRR6121349/reads/A_PB1	407624
mccrone_50935	A_PB2	data/IRMA/mccrone_50935_2014-12-08_SRR6121349/reads/A_PB2	453796
mccrone_50968	A_HA_H3	data/IRMA/mccrone_50968_2014-12-07_SRR6121456/reads/A_HA_H3	2650120
mccrone_50968	A_MP	data/IRMA/mccrone_50968_2014-12-07_SRR6121456/reads/A_MP	1830592
mccrone_50968	A_NA_N2	data/IRMA/mccrone_50968_2014-12-07_SRR6121456/reads/A_NA_N2	1113032
mccrone_50968	A_NP	data/IRMA/mccrone_50968_2014-12-07_SRR6121456/reads/A_NP	2052460
mccrone_50968	A_NS	data/IRMA/mccrone_50968_2014-12-07_SRR6121456/reads/A_NS	425888
mccrone_50968	A_PA	data/IRMA/mccrone_50968_2014-12-07_SRR6121456/reads/A_PA	1621324
mccrone_50968	A_PB1	data/IRMA/mccrone_50968_2014-12-07_SRR6121456/reads/A_PB1	1715076
mccrone_50968	A_PB2	data/IRMA/mccrone_50968_2014-12-07_SRR6121456/reads/A_PB2	1709512
mccrone_50968	A_HA_H3	data/IRMA/mccrone_50968_2014-12-07_SRR6121457/reads/A_HA_H3	2687508
mccrone_50968	A_MP	data/IRMA/mccrone_50968_2014-12-07_SRR6121457/reads/A_MP	2057364
mccrone_50968	A_NA_N2	data/IRMA/mccrone_50968_2014-12-07_SRR6121457/reads/A_NA_N2	1220700
mccrone_50968	A_NP	data/IRMA/mccrone_50968_2014-12-07_SRR6121457/reads/A_NP	2256456
mccrone_50968	A_NS	data/IRMA/mccrone_50968_2014-12-07_SRR6121457/reads/A_NS	487600
mccrone_50968	A_PA	data/IRMA/mccrone_50968_2014-12-07_SRR6121457/reads/A_PA	1788468
mccrone_50968	A_PB1	data/IRMA/mccrone_50968_2014-12-07_SRR6121457/reads/A_PB1	1799932
mccrone_50968	A_PB2	data/IRMA/mccrone_50968_2014-12-07_SRR6121457/reads/A_PB2	1893580
mccrone_50968	A_HA_H3	data/IRMA/mccrone_50968_2014-12-08_SRR6121353/reads/A_HA_H3	1847056
mccrone_50968	A_MP	data/IRMA/mccrone_50968_2014-12-08_SRR6121353/reads/A_MP	1709428
mccrone_50968	A_NA_N2	data/IRMA/mccrone_50968_2014-12-08_SRR6121353/reads/A_NA_N2	881080
mccrone_50968	A_NP	data/IRMA/mccrone_50968_2014-12-08_SRR6121353/reads/A_NP	1672504
mccrone_50968	A_NS	data/IRMA/mccrone_50968_2014-12-08_SRR6121353/reads/A_NS	611992
mccrone_50968	A_PA	data/IRMA/mccrone_50968_2014-12-08_SRR6121353/reads/A_PA	1642364
mccrone_50968	A_PB1	data/IRMA/mccrone_50968_2014-12-08_SRR6121353/reads/A_PB1	1211352
mccrone_50968	A_PB2	data/IRMA/mccrone_50968_2014-12-08_SRR6121353/reads/A_PB2	1471028
mccrone_50968	A_HA_H3	data/IRMA/mccrone_50968_2014-12-08_SRR6121354/reads/A_HA_H3	1894508
mccrone_50968	A_MP	data/IRMA/mccrone_50968_2014-12-08_SRR6121354/reads/A_MP	1870460
mccrone_50968	A_NA_N2	data/IRMA/mccrone_50968_2014-12-08_SRR6121354/reads/A_NA_N2	982008
mccrone_50968	A_NP	data/IRMA/mccrone_50968_2014-12-08_SRR6121354/reads/A_NP	1761672
mccrone_50968	A_NS	data/IRMA/mccrone_50968_2014-12-08_SRR6121354/reads/A_NS	610324
mccrone_50968	A_PA	data/IRMA/mccrone_50968_2014-12-08_SRR6121354/reads/A_PA	1684852
mccrone_50968	A_PB1	data/IRMA/mccrone_50968_2014-12-08_SRR6121354/reads/A_PB1	1178900
mccrone_50968	A_PB2	data/IRMA/mccrone_50968_2014-12-08_SRR6121354/reads/A_PB2	1710884
mccrone_50969	A_HA_H3	data/IRMA/mccrone_50969_2014-12-01_SRR6121509/reads/A_HA_H3	1629484
mccrone_50969	A_MP	data/IRMA/mccrone_50969_2014-12-01_SRR6121509/reads/A_MP	943980
mccrone_50969	A_NA_N2	data/IRMA/mccrone_50969_2014-12-01_SRR6121509/reads/A_NA_N2	592736
mccrone_50969	A_NP	data/IRMA/mccrone_50969_2014-12-01_SRR6121509/reads/A_NP	1141556
mccrone_50969	A_NS	data/IRMA/mccrone_50969_2014-12-01_SRR6121509/reads/A_NS	191360
mccrone_50969	A_PA	data/IRMA/mccrone_50969_2014-12-01_SRR6121509/reads/A_PA	944296
mccrone_50969	A_PB1	data/IRMA/mccrone_50969_2014-12-01_SRR6121509/reads/A_PB1	1027644
mccrone_50969	A_PB2	data/IRMA/mccrone_50969_2014-12-01_SRR6121509/reads/A_PB2	1197060
mccrone_50969	A_HA_H3	data/IRMA/mccrone_50969_2014-12-02_SRR6121503/reads/A_HA_H3	2953228
mccrone_50969	A_MP	data/IRMA/mccrone_50969_2014-12-02_SRR6121503/reads/A_MP	3171540
mccrone_50969	A_NA_N2	data/IRMA/mccrone_50969_2014-12-02_SRR6121503/reads/A_NA_N2	1633836
mccrone_50969	A_NP	data/IRMA/mccrone_50969_2014-12-02_SRR6121503/reads/A_NP	2828472
mccrone_50969	A_NS	data/IRMA/mccrone_50969_2014-12-02_SRR6121503/reads/A_NS	842272
mccrone_50969	A_PA	data/IRMA/mccrone_50969_2014-12-02_SRR6121503/reads/A_PA	2152052
mccrone_50969	A_PB1	data/IRMA/mccrone_50969_2014-12-02_SRR6121503/reads/A_PB1	1636872
mccrone_50969	A_PB2	data/IRMA/mccrone_50969_2014-12-02_SRR6121503/reads/A_PB2	2031792
mccrone_50969	A_HA_H3	data/IRMA/mccrone_50969_2014-12-02_SRR6121614/reads/A_HA_H3	1626720
mccrone_50969	A_MP	data/IRMA/mccrone_50969_2014-12-02_SRR6121614/reads/A_MP	1743336
mccrone_50969	A_NA_N2	data/IRMA/mccrone_50969_2014-12-02_SRR6121614/reads/A_NA_N2	971380
mccrone_50969	A_NP	data/IRMA/mccrone_50969_2014-12-02_SRR6121614/reads/A_NP	1631628
mccrone_50969	A_NS	data/IRMA/mccrone_50969_2014-12-02_SRR6121614/reads/A_NS	467168
mccrone_50969	A_PA	data/IRMA/mccrone_50969_2014-12-02_SRR6121614/reads/A_PA	1183488
mccrone_50969	A_PB1	data/IRMA/mccrone_50969_2014-12-02_SRR6121614/reads/A_PB1	855820
mccrone_50969	A_PB2	data/IRMA/mccrone_50969_2014-12-02_SRR6121614/reads/A_PB2	1175356
mccrone_50993	A_HA_H3	data/IRMA/mccrone_50993_2015-01-06_SRR6121310/reads/A_HA_H3	1698388
mccrone_50993	A_MP	data/IRMA/mccrone_50993_2015-01-06_SRR6121310/reads/A_MP	1273800
mccrone_50993	A_NA_N2	data/IRMA/mccrone_50993_2015-01-06_SRR6121310/reads/A_NA_N2	1026552
mccrone_50993	A_NP	data/IRMA/mccrone_50993_2015-01-06_SRR6121310/reads/A_NP	1294012
mccrone_50993	A_NS	data/IRMA/mccrone_50993_2015-01-06_SRR6121310/reads/A_NS	293176
mccrone_50993	A_PA	data/IRMA/mccrone_50993_2015-01-06_SRR6121310/reads/A_PA	1299928
mccrone_50993	A_PB1	data/IRMA/mccrone_50993_2015-01-06_SRR6121310/reads/A_PB1	1038788
mccrone_50993	A_PB2	data/IRMA/mccrone_50993_2015-01-06_SRR6121310/reads/A_PB2	1386308
mccrone_50993	A_HA_H3	data/IRMA/mccrone_50993_2015-01-09_SRR6121590/reads/A_HA_H3	1909760
mccrone_50993	A_MP	data/IRMA/mccrone_50993_2015-01-09_SRR6121590/reads/A_MP	1771124
mccrone_50993	A_NA_N2	data/IRMA/mccrone_50993_2015-01-09_SRR6121590/reads/A_NA_N2	1389820
mccrone_50993	A_NP	data/IRMA/mccrone_50993_2015-01-09_SRR6121590/reads/A_NP	1707148
mccrone_50993	A_NS	data/IRMA/mccrone_50993_2015-01-09_SRR6121590/reads/A_NS	627760
mccrone_50993	A_PA	data/IRMA/mccrone_50993_2015-01-09_SRR6121590/reads/A_PA	1561932
mccrone_50993	A_PB1	data/IRMA/mccrone_50993_2015-01-09_SRR6121590/reads/A_PB1	1323808
mccrone_50993	A_PB2	data/IRMA/mccrone_50993_2015-01-09_SRR6121590/reads/A_PB2	1636572
mccrone_50993	A_HA_H3	data/IRMA/mccrone_50993_2015-01-09_SRR6121593/reads/A_HA_H3	1799660
mccrone_50993	A_MP	data/IRMA/mccrone_50993_2015-01-09_SRR6121593/reads/A_MP	1573336
mccrone_50993	A_NA_N2	data/IRMA/mccrone_50993_2015-01-09_SRR6121593/reads/A_NA_N2	1224116
mccrone_50993	A_NP	data/IRMA/mccrone_50993_2015-01-09_SRR6121593/reads/A_NP	1549904
mccrone_50993	A_NS	data/IRMA/mccrone_50993_2015-01-09_SRR6121593/reads/A_NS	524800
mccrone_50993	A_PA	data/IRMA/mccrone_50993_2015-01-09_SRR6121593/reads/A_PA	1425984
mccrone_50993	A_PB1	data/IRMA/mccrone_50993_2015-01-09_SRR6121593/reads/A_PB1	1200876
mccrone_50993	A_PB2	data/IRMA/mccrone_50993_2015-01-09_SRR6121593/reads/A_PB2	1506660
mccrone_51000	A_HA_H3	data/IRMA/mccrone_51000_2014-12-16_SRR6121277/reads/A_HA_H3	2173320
mccrone_51000	A_MP	data/IRMA/mccrone_51000_2014-12-16_SRR6121277/reads/A_MP	1640912
mccrone_51000	A_NA_N2	data/IRMA/mccrone_51000_2014-12-16_SRR6121277/reads/A_NA_N2	1233608
mccrone_51000	A_NP	data/IRMA/mccrone_51000_2014-12-16_SRR6121277/reads/A_NP	1901400
mccrone_51000	A_NS	data/IRMA/mccrone_51000_2014-12-16_SRR6121277/reads/A_NS	561896
mccrone_51000	A_PA	data/IRMA/mccrone_51000_2014-12-16_SRR6121277/reads/A_PA	1847580
mccrone_51000	A_PB1	data/IRMA/mccrone_51000_2014-12-16_SRR6121277/reads/A_PB1	1387512
mccrone_51000	A_PB2	data/IRMA/mccrone_51000_2014-12-16_SRR6121277/reads/A_PB2	1666548
mccrone_51000	A_HA_H3	data/IRMA/mccrone_51000_2014-12-16_SRR6121278/reads/A_HA_H3	1477924
mccrone_51000	A_MP	data/IRMA/mccrone_51000_2014-12-16_SRR6121278/reads/A_MP	1103200
mccrone_51000	A_NA_N2	data/IRMA/mccrone_51000_2014-12-16_SRR6121278/reads/A_NA_N2	892628
mccrone_51000	A_NP	data/IRMA/mccrone_51000_2014-12-16_SRR6121278/reads/A_NP	1284560
mccrone_51000	A_NS	data/IRMA/mccrone_51000_2014-12-16_SRR6121278/reads/A_NS	379424
mccrone_51000	A_PA	data/IRMA/mccrone_51000_2014-12-16_SRR6121278/reads/A_PA	1166508
mccrone_51000	A_PB1	data/IRMA/mccrone_51000_2014-12-16_SRR6121278/reads/A_PB1	882208
mccrone_51000	A_PB2	data/IRMA/mccrone_51000_2014-12-16_SRR6121278/reads/A_PB2	1030864
mccrone_51000	A_HA_H3	data/IRMA/mccrone_51000_2014-12-18_SRR6121316/reads/A_HA_H3	1241256
mccrone_51000	A_MP	data/IRMA/mccrone_51000_2014-12-18_SRR6121316/reads/A_MP	1101172
mccrone_51000	A_NA_N2	data/IRMA/mccrone_51000_2014-12-18_SRR6121316/reads/A_NA_N2	754340
mccrone_51000	A_NP	data/IRMA/mccrone_51000_2014-12-18_SRR6121316/reads/A_NP	1193104
mccrone_51000	A_NS	data/IRMA/mccrone_51000_2014-12-18_SRR6121316/reads/A_NS	328784
mccrone_51000	A_PA	data/IRMA/mccrone_51000_2014-12-18_SRR6121316/reads/A_PA	1089704
mccrone_51000	A_PB1	data/IRMA/mccrone_51000_2014-12-18_SRR6121316/reads/A_PB1	682560
mccrone_51000	A_PB2	data/IRMA/mccrone_51000_2014-12-18_SRR6121316/reads/A_PB2	1088024
mccrone_51000	A_HA_H3	data/IRMA/mccrone_51000_2014-12-18_SRR6121317/reads/A_HA_H3	2153692
mccrone_51000	A_MP	data/IRMA/mccrone_51000_2014-12-18_SRR6121317/reads/A_MP	1692928
mccrone_51000	A_NA_N2	data/IRMA/mccrone_51000_2014-12-18_SRR6121317/reads/A_NA_N2	1290292
mccrone_51000	A_NP	data/IRMA/mccrone_51000_2014-12-18_SRR6121317/reads/A_NP	1929804
mccrone_51000	A_NS	data/IRMA/mccrone_51000_2014-12-18_SRR6121317/reads/A_NS	511580
mccrone_51000	A_PA	data/IRMA/mccrone_51000_2014-12-18_SRR6121317/reads/A_PA	1887896
mccrone_51000	A_PB1	data/IRMA/mccrone_51000_2014-12-18_SRR6121317/reads/A_PB1	1274532
mccrone_51000	A_PB2	data/IRMA/mccrone_51000_2014-12-18_SRR6121317/reads/A_PB2	1785092
mccrone_51046	A_HA_H3	data/IRMA/mccrone_51046_2014-12-09_SRR6121301/reads/A_HA_H3	1576432
mccrone_51046	A_MP	data/IRMA/mccrone_51046_2014-12-09_SRR6121301/reads/A_MP	1741572
mccrone_51046	A_NA_N2	data/IRMA/mccrone_51046_2014-12-09_SRR6121301/reads/A_NA_N2	1041092
mccrone_51046	A_NP	data/IRMA/mccrone_51046_2014-12-09_SRR6121301/reads/A_NP	1452800
mccrone_51046	A_NS	data/IRMA/mccrone_51046_2014-12-09_SRR6121301/reads/A_NS	481812
mccrone_51046	A_PA	data/IRMA/mccrone_51046_2014-12-09_SRR6121301/reads/A_PA	1531536
mccrone_51046	A_PB1	data/IRMA/mccrone_51046_2014-12-09_SRR6121301/reads/A_PB1	1133608
mccrone_51046	A_PB2	data/IRMA/mccrone_51046_2014-12-09_SRR6121301/reads/A_PB2	1270992
mccrone_51046	A_HA_H3	data/IRMA/mccrone_51046_2014-12-09_SRR6121302/reads/A_HA_H3	1619832
mccrone_51046	A_MP	data/IRMA/mccrone_51046_2014-12-09_SRR6121302/reads/A_MP	1445088
mccrone_51046	A_NA_N2	data/IRMA/mccrone_51046_2014-12-09_SRR6121302/reads/A_NA_N2	830644
mccrone_51046	A_NP	data/IRMA/mccrone_51046_2014-12-09_SRR6121302/reads/A_NP	1443032
mccrone_51046	A_NS	data/IRMA/mccrone_51046_2014-12-09_SRR6121302/reads/A_NS	295508
mccrone_51046	A_PA	data/IRMA/mccrone_51046_2014-12-09_SRR6121302/reads/A_PA	1274824
mccrone_51046	A_PB1	data/IRMA/mccrone_51046_2014-12-09_SRR6121302/reads/A_PB1	1138448
mccrone_51046	A_PB2	data/IRMA/mccrone_51046_2014-12-09_SRR6121302/reads/A_PB2	1286944
mccrone_51046	A_HA_H3	data/IRMA/mccrone_51046_2014-12-10_SRR6121232/reads/A_HA_H3	677076
mccrone_51046	A_MP	data/IRMA/mccrone_51046_2014-12-10_SRR6121232/reads/A_MP	654048
mccrone_51046	A_NA_N2	data/IRMA/mccrone_51046_2014-12-10_SRR6121232/reads/A_NA_N2	498680
mccrone_51046	A_NP	data/IRMA/mccrone_51046_2014-12-10_SRR6121232/reads/A_NP	692796
mccrone_51046	A_NS	data/IRMA/mccrone_51046_2014-12-10_SRR6121232/reads/A_NS	210228
mccrone_51046	A_PA	data/IRMA/mccrone_51046_2014-12-10_SRR6121232/reads/A_PA	701020
mccrone_51046	A_PB1	data/IRMA/mccrone_51046_2014-12-10_SRR6121232/reads/A_PB1	506584
mccrone_51046	A_PB2	data/IRMA/mccrone_51046_2014-12-10_SRR6121232/reads/A_PB2	604364
mccrone_51046	A_HA_H3	data/IRMA/mccrone_51046_2014-12-10_SRR6121233/reads/A_HA_H3	800432
mccrone_51046	A_MP	data/IRMA/mccrone_51046_2014-12-10_SRR6121233/reads/A_MP	974268
mccrone_51046	A_NA_N2	data/IRMA/mccrone_51046_2014-12-10_SRR6121233/reads/A_NA_N2	564492
mccrone_51046	A_NP	data/IRMA/mccrone_51046_2014-12-10_SRR6121233/reads/A_NP	778952
mccrone_51046	A_NS	data/IRMA/mccrone_51046_2014-12-10_SRR6121233/reads/A_NS	230076
mccrone_51046	A_PA	data/IRMA/mccrone_51046_2014-12-10_SRR6121233/reads/A_PA	763676
mccrone_51046	A_PB1	data/IRMA/mccrone_51046_2014-12-10_SRR6121233/reads/A_PB1	517636
mccrone_51046	A_PB2	data/IRMA/mccrone_51046_2014-12-10_SRR6121233/reads/A_PB2	650664
mccrone_51055	A_HA_H3	data/IRMA/mccrone_51055_2014-12-15_SRR6121583/reads/A_HA_H3	1666092
mccrone_51055	A_MP	data/IRMA/mccrone_51055_2014-12-15_SRR6121583/reads/A_MP	1872856
mccrone_51055	A_NA_N2	data/IRMA/mccrone_51055_2014-12-15_SRR6121583/reads/A_NA_N2	1108300
mccrone_51055	A_NP	data/IRMA/mccrone_51055_2014-12-15_SRR6121583/reads/A_NP	1658480
mccrone_51055	A_NS	data/IRMA/mccrone_51055_2014-12-15_SRR6121583/reads/A_NS	491132
mccrone_51055	A_PA	data/IRMA/mccrone_51055_2014-12-15_SRR6121583/reads/A_PA	1201492
mccrone_51055	A_PB1	data/IRMA/mccrone_51055_2014-12-15_SRR6121583/reads/A_PB1	713604
mccrone_51055	A_PB2	data/IRMA/mccrone_51055_2014-12-15_SRR6121583/reads/A_PB2	1005620
mccrone_51055	A_HA_H3	data/IRMA/mccrone_51055_2014-12-17_SRR6121314/reads/A_HA_H3	819028
mccrone_51055	A_MP	data/IRMA/mccrone_51055_2014-12-17_SRR6121314/reads/A_MP	788296
mccrone_51055	A_NA_N2	data/IRMA/mccrone_51055_2014-12-17_SRR6121314/reads/A_NA_N2	517012
mccrone_51055	A_NP	data/IRMA/mccrone_51055_2014-12-17_SRR6121314/reads/A_NP	757000
mccrone_51055	A_NS	data/IRMA/mccrone_51055_2014-12-17_SRR6121314/reads/A_NS	213200
mccrone_51055	A_PA	data/IRMA/mccrone_51055_2014-12-17_SRR6121314/reads/A_PA	669940
mccrone_51055	A_PB1	data/IRMA/mccrone_51055_2014-12-17_SRR6121314/reads/A_PB1	396932
mccrone_51055	A_PB2	data/IRMA/mccrone_51055_2014-12-17_SRR6121314/reads/A_PB2	716488
mccrone_51055	A_HA_H3	data/IRMA/mccrone_51055_2014-12-17_SRR6121315/reads/A_HA_H3	2038856
mccrone_51055	A_MP	data/IRMA/mccrone_51055_2014-12-17_SRR6121315/reads/A_MP	1694792
mccrone_51055	A_NA_N2	data/IRMA/mccrone_51055_2014-12-17_SRR6121315/reads/A_NA_N2	1248880
mccrone_51055	A_NP	data/IRMA/mccrone_51055_2014-12-17_SRR6121315/reads/A_NP	1805840
mccrone_51055	A_NS	data/IRMA/mccrone_51055_2014-12-17_SRR6121315/reads/A_NS	619564
mccrone_51055	A_PA	data/IRMA/mccrone_51055_2014-12-17_SRR6121315/reads/A_PA	1830152
mccrone_51055	A_PB1	data/IRMA/mccrone_51055_2014-12-17_SRR6121315/reads/A_PB1	1160396
mccrone_51055	A_PB2	data/IRMA/mccrone_51055_2014-12-17_SRR6121315/reads/A_PB2	1699612
mccrone_51059	A_HA_H3	data/IRMA/mccrone_51059_2014-12-22_SRR6121388/reads/A_HA_H3	1796392
mccrone_51059	A_MP	data/IRMA/mccrone_51059_2014-12-22_SRR6121388/reads/A_MP	1506520
mccrone_51059	A_NA_N2	data/IRMA/mccrone_51059_2014-12-22_SRR6121388/reads/A_NA_N2	1091296
mccrone_51059	A_NP	data/IRMA/mccrone_51059_2014-12-22_SRR6121388/reads/A_NP	1311636
mccrone_51059	A_NS	data/IRMA/mccrone_51059_2014-12-22_SRR6121388/reads/A_NS	533460
mccrone_51059	A_PA	data/IRMA/mccrone_51059_2014-12-22_SRR6121388/reads/A_PA	1507600
mccrone_51059	A_PB1	data/IRMA/mccrone_51059_2014-12-22_SRR6121388/reads/A_PB1	1112504
mccrone_51059	A_PB2	data/IRMA/mccrone_51059_2014-12-22_SRR6121388/reads/A_PB2	1562396
mccrone_51059	A_HA_H3	data/IRMA/mccrone_51059_2014-12-23_SRR6121364/reads/A_HA_H3	1032020
mccrone_51059	A_MP	data/IRMA/mccrone_51059_2014-12-23_SRR6121364/reads/A_MP	1125364
mccrone_51059	A_NA_N2	data/IRMA/mccrone_51059_2014-12-23_SRR6121364/reads/A_NA_N2	758464
mccrone_51059	A_NP	data/IRMA/mccrone_51059_2014-12-23_SRR6121364/reads/A_NP	975020
mccrone_51059	A_NS	data/IRMA/mccrone_51059_2014-12-23_SRR6121364/reads/A_NS	360164
mccrone_51059	A_PA	data/IRMA/mccrone_51059_2014-12-23_SRR6121364/reads/A_PA	897580
mccrone_51059	A_PB1	data/IRMA/mccrone_51059_2014-12-23_SRR6121364/reads/A_PB1	603748
mccrone_51059	A_PB2	data/IRMA/mccrone_51059_2014-12-23_SRR6121364/reads/A_PB2	927916
mccrone_51073	A_HA_H3	data/IRMA/mccrone_51073_2014-12-20_SRR6121271/reads/A_HA_H3	1567536
mccrone_51073	A_MP	data/IRMA/mccrone_51073_2014-12-20_SRR6121271/reads/A_MP	1356552
mccrone_51073	A_NA_N2	data/IRMA/mccrone_51073_2014-12-20_SRR6121271/reads/A_NA_N2	939188
mccrone_51073	A_NP	data/IRMA/mccrone_51073_2014-12-20_SRR6121271/reads/A_NP	1165792
mccrone_51073	A_NS	data/IRMA/mccrone_51073_2014-12-20_SRR6121271/reads/A_NS	420176
mccrone_51073	A_PA	data/IRMA/mccrone_51073_2014-12-20_SRR6121271/reads/A_PA	1330596
mccrone_51073	A_PB1	data/IRMA/mccrone_51073_2014-12-20_SRR6121271/reads/A_PB1	1024340
mccrone_51073	A_PB2	data/IRMA/mccrone_51073_2014-12-20_SRR6121271/reads/A_PB2	1357544
mccrone_51073	A_HA_H3	data/IRMA/mccrone_51073_2014-12-22_SRR6121471/reads/A_HA_H3	1656184
mccrone_51073	A_MP	data/IRMA/mccrone_51073_2014-12-22_SRR6121471/reads/A_MP	1501752
mccrone_51073	A_NA_N2	data/IRMA/mccrone_51073_2014-12-22_SRR6121471/reads/A_NA_N2	1220000
mccrone_51073	A_NP	data/IRMA/mccrone_51073_2014-12-22_SRR6121471/reads/A_NP	1479320
mccrone_51073	A_NS	data/IRMA/mccrone_51073_2014-12-22_SRR6121471/reads/A_NS	551140
mccrone_51073	A_PA	data/IRMA/mccrone_51073_2014-12-22_SRR6121471/reads/A_PA	1462284
mccrone_51073	A_PB1	data/IRMA/mccrone_51073_2014-12-22_SRR6121471/reads/A_PB1	1151628
mccrone_51073	A_PB2	data/IRMA/mccrone_51073_2014-12-22_SRR6121471/reads/A_PB2	1532056
mccrone_51073	A_HA_H3	data/IRMA/mccrone_51073_2014-12-22_SRR6121472/reads/A_HA_H3	951612
mccrone_51073	A_MP	data/IRMA/mccrone_51073_2014-12-22_SRR6121472/reads/A_MP	846652
mccrone_51073	A_NA_N2	data/IRMA/mccrone_51073_2014-12-22_SRR6121472/reads/A_NA_N2	670076
mccrone_51073	A_NP	data/IRMA/mccrone_51073_2014-12-22_SRR6121472/reads/A_NP	785792
mccrone_51073	A_NS	data/IRMA/mccrone_51073_2014-12-22_SRR6121472/reads/A_NS	260104
mccrone_51073	A_PA	data/IRMA/mccrone_51073_2014-12-22_SRR6121472/reads/A_PA	780116
mccrone_51073	A_PB1	data/IRMA/mccrone_51073_2014-12-22_SRR6121472/reads/A_PB1	589100
mccrone_51073	A_PB2	data/IRMA/mccrone_51073_2014-12-22_SRR6121472/reads/A_PB2	820572
mccrone_51097	A_HA_H3	data/IRMA/mccrone_51097_2014-12-19_SRR6121272/reads/A_HA_H3	1313568
mccrone_51097	A_MP	data/IRMA/mccrone_51097_2014-12-19_SRR6121272/reads/A_MP	1187920
mccrone_51097	A_NA_N2	data/IRMA/mccrone_51097_2014-12-19_SRR6121272/reads/A_NA_N2	781192
mccrone_51097	A_NP	data/IRMA/mccrone_51097_2014-12-19_SRR6121272/reads/A_NP	1150596
mccrone_51097	A_NS	data/IRMA/mccrone_51097_2014-12-19_SRR6121272/reads/A_NS	335192
mccrone_51097	A_PA	data/IRMA/mccrone_51097_2014-12-19_SRR6121272/reads/A_PA	1103600
mccrone_51097	A_PB1	data/IRMA/mccrone_51097_2014-12-19_SRR6121272/reads/A_PB1	888692
mccrone_51097	A_PB2	data/IRMA/mccrone_51097_2014-12-19_SRR6121272/reads/A_PB2	1082776
mccrone_51097	A_HA_H3	data/IRMA/mccrone_51097_2014-12-19_SRR6121304/reads/A_HA_H3	1221156
mccrone_51097	A_MP	data/IRMA/mccrone_51097_2014-12-19_SRR6121304/reads/A_MP	1040916
mccrone_51097	A_NA_N2	data/IRMA/mccrone_51097_2014-12-19_SRR6121304/reads/A_NA_N2	813652
mccrone_51097	A_NP	data/IRMA/mccrone_51097_2014-12-19_SRR6121304/reads/A_NP	1070180
mccrone_51097	A_NS	data/IRMA/mccrone_51097_2014-12-19_SRR6121304/reads/A_NS	307224
mccrone_51097	A_PA	data/IRMA/mccrone_51097_2014-12-19_SRR6121304/reads/A_PA	1076928
mccrone_51097	A_PB1	data/IRMA/mccrone_51097_2014-12-19_SRR6121304/reads/A_PB1	838476
mccrone_51097	A_PB2	data/IRMA/mccrone_51097_2014-12-19_SRR6121304/reads/A_PB2	1149860
mccrone_51101	A_HA_H3	data/IRMA/mccrone_51101_2014-12-22_SRR6121270/reads/A_HA_H3	1506016
mccrone_51101	A_MP	data/IRMA/mccrone_51101_2014-12-22_SRR6121270/reads/A_MP	1283700
mccrone_51101	A_NA_N2	data/IRMA/mccrone_51101_2014-12-22_SRR6121270/reads/A_NA_N2	920712
mccrone_51101	A_NP	data/IRMA/mccrone_51101_2014-12-22_SRR6121270/reads/A_NP	1135324
mccrone_51101	A_NS	data/IRMA/mccrone_51101_2014-12-22_SRR6121270/reads/A_NS	473760
mccrone_51101	A_PA	data/IRMA/mccrone_51101_2014-12-22_SRR6121270/reads/A_PA	1375360
mccrone_51101	A_PB1	data/IRMA/mccrone_51101_2014-12-22_SRR6121270/reads/A_PB1	917092
mccrone_51101	A_PB2	data/IRMA/mccrone_51101_2014-12-22_SRR6121270/reads/A_PB2	1353876
mccrone_51101	A_HA_H3	data/IRMA/mccrone_51101_2014-12-22_SRR6121368/reads/A_HA_H3	1389852
mccrone_51101	A_MP	data/IRMA/mccrone_51101_2014-12-22_SRR6121368/reads/A_MP	1451360
mccrone_51101	A_NA_N2	data/IRMA/mccrone_51101_2014-12-22_SRR6121368/reads/A_NA_N2	944904
mccrone_51101	A_NP	data/IRMA/mccrone_51101_2014-12-22_SRR6121368/reads/A_NP	1178676
mccrone_51101	A_NS	data/IRMA/mccrone_51101_2014-12-22_SRR6121368/reads/A_NS	586820
mccrone_51101	A_PA	data/IRMA/mccrone_51101_2014-12-22_SRR6121368/reads/A_PA	1395264
mccrone_51101	A_PB1	data/IRMA/mccrone_51101_2014-12-22_SRR6121368/reads/A_PB1	779320
mccrone_51101	A_PB2	data/IRMA/mccrone_51101_2014-12-22_SRR6121368/reads/A_PB2	1220640
mccrone_51106	A_HA_H3	data/IRMA/mccrone_51106_2014-12-08_SRR6121450/reads/A_HA_H3	3265552
mccrone_51106	A_MP	data/IRMA/mccrone_51106_2014-12-08_SRR6121450/reads/A_MP	2884812
mccrone_51106	A_NA_N2	data/IRMA/mccrone_51106_2014-12-08_SRR6121450/reads/A_NA_N2	2110628
mccrone_51106	A_NP	data/IRMA/mccrone_51106_2014-12-08_SRR6121450/reads/A_NP	2507332
mccrone_51106	A_NS	data/IRMA/mccrone_51106_2014-12-08_SRR6121450/reads/A_NS	604144
mccrone_51106	A_PA	data/IRMA/mccrone_51106_2014-12-08_SRR6121450/reads/A_PA	1884208
mccrone_51106	A_PB1	data/IRMA/mccrone_51106_2014-12-08_SRR6121450/reads/A_PB1	1842104
mccrone_51106	A_PB2	data/IRMA/mccrone_51106_2014-12-08_SRR6121450/reads/A_PB2	1925476
mccrone_51106	A_HA_H3	data/IRMA/mccrone_51106_2014-12-09_SRR6121352/reads/A_HA_H3	2419472
mccrone_51106	A_MP	data/IRMA/mccrone_51106_2014-12-09_SRR6121352/reads/A_MP	2218360
mccrone_51106	A_NA_N2	data/IRMA/mccrone_51106_2014-12-09_SRR6121352/reads/A_NA_N2	1651168
mccrone_51106	A_NP	data/IRMA/mccrone_51106_2014-12-09_SRR6121352/reads/A_NP	2164904
mccrone_51106	A_NS	data/IRMA/mccrone_51106_2014-12-09_SRR6121352/reads/A_NS	536816
mccrone_51106	A_PA	data/IRMA/mccrone_51106_2014-12-09_SRR6121352/reads/A_PA	1995304
mccrone_51106	A_PB1	data/IRMA/mccrone_51106_2014-12-09_SRR6121352/reads/A_PB1	1236384
mccrone_51106	A_PB2	data/IRMA/mccrone_51106_2014-12-09_SRR6121352/reads/A_PB2	2029880
mccrone_51106	A_HA_H3	data/IRMA/mccrone_51106_2014-12-09_SRR6121357/reads/A_HA_H3	2068408
mccrone_51106	A_MP	data/IRMA/mccrone_51106_2014-12-09_SRR6121357/reads/A_MP	1595340
mccrone_51106	A_NA_N2	data/IRMA/mccrone_51106_2014-12-09_SRR6121357/reads/A_NA_N2	1301060
mccrone_51106	A_NP	data/IRMA/mccrone_51106_2014-12-09_SRR6121357/reads/A_NP	1721788
mccrone_51106	A_NS	data/IRMA/mccrone_51106_2014-12-09_SRR6121357/reads/A_NS	517628
mccrone_51106	A_PA	data/IRMA/mccrone_51106_2014-12-09_SRR6121357/reads/A_PA	1716696
mccrone_51106	A_PB1	data/IRMA/mccrone_51106_2014-12-09_SRR6121357/reads/A_PB1	1117324
mccrone_51106	A_PB2	data/IRMA/mccrone_51106_2014-12-09_SRR6121357/reads/A_PB2	1727900
mccrone_51359	A_HA_H3	data/IRMA/mccrone_51359_2014-12-07_SRR6121573/reads/A_HA_H3	3347012
mccrone_51359	A_MP	data/IRMA/mccrone_51359_2014-12-07_SRR6121573/reads/A_MP	2626692
mccrone_51359	A_NA_N2	data/IRMA/mccrone_51359_2014-12-07_SRR6121573/reads/A_NA_N2	2081144
mccrone_51359	A_NP	data/IRMA/mccrone_51359_2014-12-07_SRR6121573/reads/A_NP	2338160
mccrone_51359	A_NS	data/IRMA/mccrone_51359_2014-12-07_SRR6121573/reads/A_NS	695656
mccrone_51359	A_PA	data/IRMA/mccrone_51359_2014-12-07_SRR6121573/reads/A_PA	2117332
mccrone_51359	A_PB1	data/IRMA/mccrone_51359_2014-12-07_SRR6121573/reads/A_PB1	2220716
mccrone_51359	A_PB2	data/IRMA/mccrone_51359_2014-12-07_SRR6121573/reads/A_PB2	2291812
mccrone_51359	A_HA_H3	data/IRMA/mccrone_51359_2014-12-08_SRR6121497/reads/A_HA_H3	1352128
mccrone_51359	A_MP	data/IRMA/mccrone_51359_2014-12-08_SRR6121497/reads/A_MP	1387240
mccrone_51359	A_NA_N2	data/IRMA/mccrone_51359_2014-12-08_SRR6121497/reads/A_NA_N2	1068528
mccrone_51359	A_NP	data/IRMA/mccrone_51359_2014-12-08_SRR6121497/reads/A_NP	1403380
mccrone_51359	A_NS	data/IRMA/mccrone_51359_2014-12-08_SRR6121497/reads/A_NS	690608
mccrone_51359	A_PA	data/IRMA/mccrone_51359_2014-12-08_SRR6121497/reads/A_PA	1731860
mccrone_51359	A_PB1	data/IRMA/mccrone_51359_2014-12-08_SRR6121497/reads/A_PB1	1075520
mccrone_51359	A_PB2	data/IRMA/mccrone_51359_2014-12-08_SRR6121497/reads/A_PB2	1336404
mccrone_51359	A_HA_H3	data/IRMA/mccrone_51359_2014-12-08_SRR6121500/reads/A_HA_H3	1526524
mccrone_51359	A_MP	data/IRMA/mccrone_51359_2014-12-08_SRR6121500/reads/A_MP	1760504
mccrone_51359	A_NA_N2	data/IRMA/mccrone_51359_2014-12-08_SRR6121500/reads/A_NA_N2	1309392
mccrone_51359	A_NP	data/IRMA/mccrone_51359_2014-12-08_SRR6121500/reads/A_NP	1610736
mccrone_51359	A_NS	data/IRMA/mccrone_51359_2014-12-08_SRR6121500/reads/A_NS	724276
mccrone_51359	A_PA	data/IRMA/mccrone_51359_2014-12-08_SRR6121500/reads/A_PA	1989876
mccrone_51359	A_PB1	data/IRMA/mccrone_51359_2014-12-08_SRR6121500/reads/A_PB1	1214820
mccrone_51359	A_PB2	data/IRMA/mccrone_51359_2014-12-08_SRR6121500/reads/A_PB2	1566984
mccrone_51438	A_HA_H3	data/IRMA/mccrone_51438_2014-12-07_SRR6121451/reads/A_HA_H3	1457040
mccrone_51438	A_MP	data/IRMA/mccrone_51438_2014-12-07_SRR6121451/reads/A_MP	1046520
mccrone_51438	A_NA_N2	data/IRMA/mccrone_51438_2014-12-07_SRR6121451/reads/A_NA_N2	707916
mccrone_51438	A_NP	data/IRMA/mccrone_51438_2014-12-07_SRR6121451/reads/A_NP	1104044
mccrone_51438	A_NS	data/IRMA/mccrone_51438_2014-12-07_SRR6121451/reads/A_NS	250344
mccrone_51438	A_PA	data/IRMA/mccrone_51438_2014-12-07_SRR6121451/reads/A_PA	835972
mccrone_51438	A_PB1	data/IRMA/mccrone_51438_2014-12-07_SRR6121451/reads/A_PB1	898692
mccrone_51438	A_PB2	data/IRMA/mccrone_51438_2014-12-07_SRR6121451/reads/A_PB2	872712
mccrone_51438	A_HA_H3	data/IRMA/mccrone_51438_2014-12-08_SRR6121355/reads/A_HA_H3	2527688
mccrone_51438	A_MP	data/IRMA/mccrone_51438_2014-12-08_SRR6121355/reads/A_MP	2539304
mccrone_51438	A_NA_N2	data/IRMA/mccrone_51438_2014-12-08_SRR6121355/reads/A_NA_N2	1454812
mccrone_51438	A_NP	data/IRMA/mccrone_51438_2014-12-08_SRR6121355/reads/A_NP	2408056
mccrone_51438	A_NS	data/IRMA/mccrone_51438_2014-12-08_SRR6121355/reads/A_NS	749184
mccrone_51438	A_PA	data/IRMA/mccrone_51438_2014-12-08_SRR6121355/reads/A_PA	2221764
mccrone_51438	A_PB1	data/IRMA/mccrone_51438_2014-12-08_SRR6121355/reads/A_PB1	1529048
mccrone_51438	A_PB2	data/IRMA/mccrone_51438_2014-12-08_SRR6121355/reads/A_PB2	2126236
swine_1-5	A_HA_H3	data/IRMA/swine_1-5_2014-07-15_SRR27181206/reads/A_HA_H3	537696
swine_1-5	A_MP	data/IRMA/swine_1-5_2014-07-15_SRR27181206/reads/A_MP	2354440
swine_1-5	A_NA_N2	data/IRMA/swine_1-5_2014-07-15_SRR27181206/reads/A_NA_N2	1800048
swine_1-5	A_NP	data/IRMA/swine_1-5_2014-07-15_SRR27181206/reads/A_NP	1250368
swine_1-5	A_NS	data/IRMA/swine_1-5_2014-07-15_SRR27181206/reads/A_NS	2297200
swine_1-5	A_PA	data/IRMA/swine_1-5_2014-07-15_SRR27181206/reads/A_PA	714176
swine_1-5	A_PB1	data/IRMA/swine_1-5_2014-07-15_SRR27181206/reads/A_PB1	1077856
swine_1-5	A_PB2	data/IRMA/swine_1-5_2014-07-15_SRR27181206/reads/A_PB2	962824
swine_1-5	A_HA_H3	data/IRMA/swine_1-5_2014-07-17_SRR27181409/reads/A_HA_H3	960508
swine_1-5	A_MP	data/IRMA/swine_1-5_2014-07-17_SRR27181409/reads/A_MP	2875000
swine_1-5	A_NA_N2	data/IRMA/swine_1-5_2014-07-17_SRR27181409/reads/A_NA_N2	2910104
swine_1-5	A_NP	data/IRMA/swine_1-5_2014-07-17_SRR27181409/reads/A_NP	1678204
swine_1-5	A_NS	data/IRMA/swine_1-5_2014-07-17_SRR27181409/reads/A_NS	3202364
swine_1-5	A_PA	data/IRMA/swine_1-5_2014-07-17_SRR27181409/reads/A_PA	2243196
swine_1-5	A_PB1	data/IRMA/swine_1-5_2014-07-17_SRR27181409/reads/A_PB1	2928748
swine_1-5	A_PB2	data/IRMA/swine_1-5_2014-07-17_SRR27181409/reads/A_PB2	2624852
swine_20350	A_HA_H3	data/IRMA/swine_20350_2014-07-15_SRR27181643/reads/A_HA_H3	424376
swine_20350	A_MP	data/IRMA/swine_20350_2014-07-15_SRR27181643/reads/A_MP	2047796
swine_20350	A_NA_N2	data/IRMA/swine_20350_2014-07-15_SRR27181643/reads/A_NA_N2	1687652
swine_20350	A_NP	data/IRMA/swine_20350_2014-07-15_SRR27181643/reads/A_NP	976600
swine_20350	A_NS	data/IRMA/swine_20350_2014-07-15_SRR27181643/reads/A_NS	1868040
swine_20350	A_PA	data/IRMA/swine_20350_2014-07-15_SRR27181643/reads/A_PA	471252
swine_20350	A_PB1	data/IRMA/swine_20350_2014-07-15_SRR27181643/reads/A_PB1	744732
swine_20350	A_PB2	data/IRMA/swine_20350_2014-07-15_SRR27181643/reads/A_PB2	455092
swine_20351	A_HA_H3	data/IRMA/swine_20351_2014-07-16_SRR27181199/reads/A_HA_H3	411024
swine_20351	A_MP	data/IRMA/swine_20351_2014-07-16_SRR27181199/reads/A_MP	1421936
swine_20351	A_NA_N2	data/IRMA/swine_20351_2014-07-16_SRR27181199/reads/A_NA_N2	916240
swine_20351	A_NP	data/IRMA/swine_20351_2014-07-16_SRR27181199/reads/A_NP	1764
swine_20351	A_NS	data/IRMA/swine_20351_2014-07-16_SRR27181199/reads/A_NS	1390276
swine_20351	A_PA	data/IRMA/swine_20351_2014-07-16_SRR27181199/reads/A_PA	188788
swine_20351	A_PB1	data/IRMA/swine_20351_2014-07-16_SRR27181199/reads/A_PB1	1212
swine_20351	A_PB2	data/IRMA/swine_20351_2014-07-16_SRR27181199/reads/A_PB2	1316
swine_20352	A_HA_H3	data/IRMA/swine_20352_2014-07-14_SRR27181459/reads/A_HA_H3	623628
swine_20352	A_MP	data/IRMA/swine_20352_2014-07-14_SRR27181459/reads/A_MP	1578724
swine_20352	A_NA_N2	data/IRMA/swine_20352_2014-07-14_SRR27181459/reads/A_NA_N2	1592372
swine_20352	A_NP	data/IRMA/swine_20352_2014-07-14_SRR27181459/reads/A_NP	860248
swine_20352	A_NS	data/IRMA/swine_20352_2014-07-14_SRR27181459/reads/A_NS	1417196
swine_20352	A_PA	data/IRMA/swine_20352_2014-07-14_SRR27181459/reads/A_PA	652280
swine_20352	A_PB1	data/IRMA/swine_20352_2014-07-14_SRR27181459/reads/A_PB1	912576
swine_20352	A_PB2	data/IRMA/swine_20352_2014-07-14_SRR27181459/reads/A_PB2	678508
swine_20352	A_HA_H3	data/IRMA/swine_20352_2014-07-15_SRR27181644/reads/A_HA_H3	517280
swine_20352	A_MP	data/IRMA/swine_20352_2014-07-15_SRR27181644/reads/A_MP	2041072
swine_20352	A_NA_N2	data/IRMA/swine_20352_2014-07-15_SRR27181644/reads/A_NA_N2	1979976
swine_20352	A_NP	data/IRMA/swine_20352_2014-07-15_SRR27181644/reads/A_NP	1119772
swine_20352	A_NS	data/IRMA/swine_20352_2014-07-15_SRR27181644/reads/A_NS	1821760
swine_20352	A_PA	data/IRMA/swine_20352_2014-07-15_SRR27181644/reads/A_PA	910196
swine_20352	A_PB1	data/IRMA/swine_20352_2014-07-15_SRR27181644/reads/A_PB1	1051492
swine_20352	A_PB2	data/IRMA/swine_20352_2014-07-15_SRR27181644/reads/A_PB2	905624
swine_20352	A_HA_H3	data/IRMA/swine_20352_2014-07-16_SRR27181622/reads/A_HA_H3	321552
swine_20352	A_MP	data/IRMA/swine_20352_2014-07-16_SRR27181622/reads/A_MP	1820500
swine_20352	A_NA_N2	data/IRMA/swine_20352_2014-07-16_SRR27181622/reads/A_NA_N2	1371200
swine_20352	A_NP	data/IRMA/swine_20352_2014-07-16_SRR27181622/reads/A_NP	848860
swine_20352	A_NS	data/IRMA/swine_20352_2014-07-16_SRR27181622/reads/A_NS	1834544
swine_20352	A_PA	data/IRMA/swine_20352_2014-07-16_SRR27181622/reads/A_PA	723792
swine_20352	A_PB1	data/IRMA/swine_20352_2014-07-16_SRR27181622/reads/A_PB1	1191500
swine_20352	A_PB2	data/IRMA/swine_20352_2014-07-16_SRR27181622/reads/A_PB2	881004
swine_20352	A_HA_H3	data/IRMA/swine_20352_2014-07-17_SRR27181589/reads/A_HA_H3	129768
swine_20352	A_MP	data/IRMA/swine_20352_2014-07-17_SRR27181589/reads/A_MP	817296
swine_20352	A_NA_N2	data/IRMA/swine_20352_2014-07-17_SRR27181589/reads/A_NA_N2	938048
swine_20352	A_NP	data/IRMA/swine_20352_2014-07-17_SRR27181589/reads/A_NP	341788
swine_20352	A_NS	data/IRMA/swine_20352_2014-07-17_SRR27181589/reads/A_NS	831160
swine_20352	A_PA	data/IRMA/swine_20352_2014-07-17_SRR27181589/reads/A_PA	837808
swine_20352	A_PB1	data/IRMA/swine_20352_2014-07-17_SRR27181589/reads/A_PB1	851428
swine_20352	A_PB2	data/IRMA/swine_20352_2014-07-17_SRR27181589/reads/A_PB2	888860
swine_20361	A_HA_H3	data/IRMA/swine_20361_2014-07-14_SRR27181449/reads/A_HA_H3	560348
swine_20361	A_MP	data/IRMA/swine_20361_2014-07-14_SRR27181449/reads/A_MP	1859924
swine_20361	A_NA_N2	data/IRMA/swine_20361_2014-07-14_SRR27181449/reads/A_NA_N2	1635624
swine_20361	A_NP	data/IRMA/swine_20361_2014-07-14_SRR27181449/reads/A_NP	1095944
swine_20361	A_NS	data/IRMA/swine_20361_2014-07-14_SRR27181449/reads/A_NS	1648504
swine_20361	A_PA	data/IRMA/swine_20361_2014-07-14_SRR27181449/reads/A_PA	687092
swine_20361	A_PB1	data/IRMA/swine_20361_2014-07-14_SRR27181449/reads/A_PB1	800920
swine_20361	A_PB2	data/IRMA/swine_20361_2014-07-14_SRR27181449/reads/A_PB2	698376
swine_20361	A_HA_H3	data/IRMA/swine_20361_2014-07-16_SRR27181412/reads/A_HA_H3	274624
swine_20361	A_MP	data/IRMA/swine_20361_2014-07-16_SRR27181412/reads/A_MP	956776
swine_20361	A_NA_N2	data/IRMA/swine_20361_2014-07-16_SRR27181412/reads/A_NA_N2	907936
swine_20361	A_NP	data/IRMA/swine_20361_2014-07-16_SRR27181412/reads/A_NP	509656
swine_20361	A_NS	data/IRMA/swine_20361_2014-07-16_SRR27181412/reads/A_NS	937080
swine_20361	A_PA	data/IRMA/swine_20361_2014-07-16_SRR27181412/reads/A_PA	666040
swine_20361	A_PB1	data/IRMA/swine_20361_2014-07-16_SRR27181412/reads/A_PB1	903496
swine_20361	A_PB2	data/IRMA/swine_20361_2014-07-16_SRR27181412/reads/A_PB2	758204
swine_20365	A_HA_H3	data/IRMA/swine_20365_2014-07-16_SRR27181405/reads/A_HA_H3	127144
swine_20365	A_MP	data/IRMA/swine_20365_2014-07-16_SRR27181405/reads/A_MP	1418916
swine_20365	A_NA_N2	data/IRMA/swine_20365_2014-07-16_SRR27181405/reads/A_NA_N2	1124660
swine_20365	A_NP	data/IRMA/swine_20365_2014-07-16_SRR27181405/reads/A_NP	647032
swine_20365	A_NS	data/IRMA/swine_20365_2014-07-16_SRR27181405/reads/A_NS	1522308
swine_20365	A_PA	data/IRMA/swine_20365_2014-07-16_SRR27181405/reads/A_PA	781164
swine_20365	A_PB1	data/IRMA/swine_20365_2014-07-16_SRR27181405/reads/A_PB1	881948
swine_20365	A_PB2	data/IRMA/swine_20365_2014-07-16_SRR27181405/reads/A_PB2	938444
swine_20367	A_HA_H1	data/IRMA/swine_20367_2014-07-15_SRR27180973/reads/A_HA_H1	1090488
swine_20367	A_MP	data/IRMA/swine_20367_2014-07-15_SRR27180973/reads/A_MP	1380248
swine_20367	A_NA_N1	data/IRMA/swine_20367_2014-07-15_SRR27180973/reads/A_NA_N1	920792
swine_20367	A_NP	data/IRMA/swine_20367_2014-07-15_SRR27180973/reads/A_NP	1059904
swine_20367	A_NS	data/IRMA/swine_20367_2014-07-15_SRR27180973/reads/A_NS	1216076
swine_20367	A_PA	data/IRMA/swine_20367_2014-07-15_SRR27180973/reads/A_PA	943968
swine_20367	A_PB1	data/IRMA/swine_20367_2014-07-15_SRR27180973/reads/A_PB1	566036
swine_20367	A_PB2	data/IRMA/swine_20367_2014-07-15_SRR27180973/reads/A_PB2	962044
swine_20368	A_HA_H1	data/IRMA/swine_20368_2014-07-15_SRR27180972/reads/A_HA_H1	1597272
swine_20368	A_MP	data/IRMA/swine_20368_2014-07-15_SRR27180972/reads/A_MP	2228376
swine_20368	A_NA_N1	data/IRMA/swine_20368_2014-07-15_SRR27180972/reads/A_NA_N1	1266068
swine_20368	A_NP	data/IRMA/swine_20368_2014-07-15_SRR27180972/reads/A_NP	1048584
swine_20368	A_NS	data/IRMA/swine_20368_2014-07-15_SRR27180972/reads/A_NS	1782636
swine_20368	A_PA	data/IRMA/swine_20368_2014-07-15_SRR27180972/reads/A_PA	1214064
swine_20368	A_PB1	data/IRMA/swine_20368_2014-07-15_SRR27180972/reads/A_PB1	550384
swine_20368	A_PB2	data/IRMA/swine_20368_2014-07-15_SRR27180972/reads/A_PB2	1428256
swine_20368	A_HA_H1	data/IRMA/swine_20368_2014-07-17_SRR27180921/reads/A_HA_H1	1035112
swine_20368	A_MP	data/IRMA/swine_20368_2014-07-17_SRR27180921/reads/A_MP	1089256
swine_20368	A_NA_N1	data/IRMA/swine_20368_2014-07-17_SRR27180921/reads/A_NA_N1	1197164
swine_20368	A_NP	data/IRMA/swine_20368_2014-07-17_SRR27180921/reads/A_NP	744832
swine_20368	A_NS	data/IRMA/swine_20368_2014-07-17_SRR27180921/reads/A_NS	1509236
swine_20368	A_PA	data/IRMA/swine_20368_2014-07-17_SRR27180921/reads/A_PA	180064
swine_20368	A_PB1	data/IRMA/swine_20368_2014-07-17_SRR27180921/reads/A_PB1	740
swine_20368	A_PB2	data/IRMA/swine_20368_2014-07-17_SRR27180921/reads/A_PB2	668
swine_20379	A_HA_H3	data/IRMA/swine_20379_2014-07-16_SRR27181607/reads/A_HA_H3	499920
swine_20379	A_MP	data/IRMA/swine_20379_2014-07-16_SRR27181607/reads/A_MP	1290556
swine_20379	A_NA_N2	data/IRMA/swine_20379_2014-07-16_SRR27181607/reads/A_NA_N2	1171840
swine_20379	A_NP	data/IRMA/swine_20379_2014-07-16_SRR27181607/reads/A_NP	1032
swine_20379	A_NS	data/IRMA/swine_20379_2014-07-16_SRR27181607/reads/A_NS	1446272
swine_20379	A_PA	data/IRMA/swine_20379_2014-07-16_SRR27181607/reads/A_PA	512000
swine_20379	A_PB1	data/IRMA/swine_20379_2014-07-16_SRR27181607/reads/A_PB1	65436
swine_20379	A_PB2	data/IRMA/swine_20379_2014-07-16_SRR27181607/reads/A_PB2	391820
swine_20387	A_HA_H3	data/IRMA/swine_20387_2014-07-15_SRR27181212/reads/A_HA_H3	567520
swine_20387	A_MP	data/IRMA/swine_20387_2014-07-15_SRR27181212/reads/A_MP	1943376
swine_20387	A_NA_N2	data/IRMA/swine_20387_2014-07-15_SRR27181212/reads/A_NA_N2	1575592
swine_20387	A_NP	data/IRMA/swine_20387_2014-07-15_SRR27181212/reads/A_NP	786620
swine_20387	A_NS	data/IRMA/swine_20387_2014-07-15_SRR27181212/reads/A_NS	2349008
swine_20387	A_PA	data/IRMA/swine_20387_2014-07-15_SRR27181212/reads/A_PA	765372
swine_20387	A_PB1	data/IRMA/swine_20387_2014-07-15_SRR27181212/reads/A_PB1	1007544
swine_20387	A_PB2	data/IRMA/swine_20387_2014-07-15_SRR27181212/reads/A_PB2	464896
swine_20387	A_HA_H3	data/IRMA/swine_20387_2014-07-16_SRR27181186/reads/A_HA_H3	606480
swine_20387	A_MP	data/IRMA/swine_20387_2014-07-16_SRR27181186/reads/A_MP	2025360
swine_20387	A_NA_N2	data/IRMA/swine_20387_2014-07-16_SRR27181186/reads/A_NA_N2	1818276
swine_20387	A_NP	data/IRMA/swine_20387_2014-07-16_SRR27181186/reads/A_NP	1063872
swine_20387	A_NS	data/IRMA/swine_20387_2014-07-16_SRR27181186/reads/A_NS	1745208
swine_20387	A_PA	data/IRMA/swine_20387_2014-07-16_SRR27181186/reads/A_PA	628244
swine_20387	A_PB1	data/IRMA/swine_20387_2014-07-16_SRR27181186/reads/A_PB1	922716
swine_20387	A_PB2	data/IRMA/swine_20387_2014-07-16_SRR27181186/reads/A_PB2	854220
swine_20392	A_HA_H1	data/IRMA/swine_20392_2014-07-15_SRR27181208/reads/A_HA_H1	1747036
swine_20392	A_MP	data/IRMA/swine_20392_2014-07-15_SRR27181208/reads/A_MP	1566320
swine_20392	A_NA_N2	data/IRMA/swine_20392_2014-07-15_SRR27181208/reads/A_NA_N2	857976
swine_20392	A_NP	data/IRMA/swine_20392_2014-07-15_SRR27181208/reads/A_NP	464104
swine_20392	A_NS	data/IRMA/swine_20392_2014-07-15_SRR27181208/reads/A_NS	1877400
swine_20392	A_PA	data/IRMA/swine_20392_2014-07-15_SRR27181208/reads/A_PA	400744
swine_20392	A_PB1	data/IRMA/swine_20392_2014-07-15_SRR27181208/reads/A_PB1	727564
swine_20392	A_PB2	data/IRMA/swine_20392_2014-07-15_SRR27181208/reads/A_PB2	673788
swine_20392	A_HA_H3	data/IRMA/swine_20392_2014-07-16_SRR27181188/reads/A_HA_H3	540664
swine_20392	A_MP	data/IRMA/swine_20392_2014-07-16_SRR27181188/reads/A_MP	1855948
swine_20392	A_NA_N2	data/IRMA/swine_20392_2014-07-16_SRR27181188/reads/A_NA_N2	1691688
swine_20392	A_NP	data/IRMA/swine_20392_2014-07-16_SRR27181188/reads/A_NP	1054028
swine_20392	A_NS	data/IRMA/swine_20392_2014-07-16_SRR27181188/reads/A_NS	1710336
swine_20392	A_PA	data/IRMA/swine_20392_2014-07-16_SRR27181188/reads/A_PA	804692
swine_20392	A_PB1	data/IRMA/swine_20392_2014-07-16_SRR27181188/reads/A_PB1	1017968
swine_20392	A_PB2	data/IRMA/swine_20392_2014-07-16_SRR27181188/reads/A_PB2	797564
swine_20396	A_HA_H3	data/IRMA/swine_20396_2014-07-16_SRR27181187/reads/A_HA_H3	396704
swine_20396	A_MP	data/IRMA/swine_20396_2014-07-16_SRR27181187/reads/A_MP	1874672
swine_20396	A_NA_N2	data/IRMA/swine_20396_2014-07-16_SRR27181187/reads/A_NA_N2	1866720
swine_20396	A_NP	data/IRMA/swine_20396_2014-07-16_SRR27181187/reads/A_NP	1299612
swine_20396	A_NS	data/IRMA/swine_20396_2014-07-16_SRR27181187/reads/A_NS	1953608
swine_20396	A_PA	data/IRMA/swine_20396_2014-07-16_SRR27181187/reads/A_PA	658532
swine_20396	A_PB1	data/IRMA/swine_20396_2014-07-16_SRR27181187/reads/A_PB1	836756
swine_20396	A_PB2	data/IRMA/swine_20396_2014-07-16_SRR27181187/reads/A_PB2	519428
swine_20396	A_HA_H3	data/IRMA/swine_20396_2014-07-17_SRR27181585/reads/A_HA_H3	1225228
swine_20396	A_MP	data/IRMA/swine_20396_2014-07-17_SRR27181585/reads/A_MP	3182880
swine_20396	A_NA_N2	data/IRMA/swine_20396_2014-07-17_SRR27181585/reads/A_NA_N2	3637520
swine_20396	A_NP	data/IRMA/swine_20396_2014-07-17_SRR27181585/reads/A_NP	1568844
swine_20396	A_NS	data/IRMA/swine_20396_2014-07-17_SRR27181585/reads/A_NS	3698308
swine_20396	A_PA	data/IRMA/swine_20396_2014-07-17_SRR27181585/reads/A_PA	483360
swine_20396	A_PB1	data/IRMA/swine_20396_2014-07-17_SRR27181585/reads/A_PB1	1309084
swine_20396	A_PB2	data/IRMA/swine_20396_2014-07-17_SRR27181585/reads/A_PB2	1689396
swine_20397	A_HA_H3	data/IRMA/swine_20397_2014-07-16_SRR27181185/reads/A_HA_H3	635736
swine_20397	A_MP	data/IRMA/swine_20397_2014-07-16_SRR27181185/reads/A_MP	2343896
swine_20397	A_NA_N2	data/IRMA/swine_20397_2014-07-16_SRR27181185/reads/A_NA_N2	2034956
swine_20397	A_NP	data/IRMA/swine_20397_2014-07-16_SRR27181185/reads/A_NP	922480
swine_20397	A_NS	data/IRMA/swine_20397_2014-07-16_SRR27181185/reads/A_NS	2183932
swine_20397	A_PA	data/IRMA/swine_20397_2014-07-16_SRR27181185/reads/A_PA	705044
swine_20397	A_PB1	data/IRMA/swine_20397_2014-07-16_SRR27181185/reads/A_PB1	1171216
swine_20397	A_PB2	data/IRMA/swine_20397_2014-07-16_SRR27181185/reads/A_PB2	937676
swine_20397	A_HA_H3	data/IRMA/swine_20397_2014-07-17_SRR27181581/reads/A_HA_H3	242032
swine_20397	A_MP	data/IRMA/swine_20397_2014-07-17_SRR27181581/reads/A_MP	590580
swine_20397	A_NA_N2	data/IRMA/swine_20397_2014-07-17_SRR27181581/reads/A_NA_N2	635136
swine_20397	A_NP	data/IRMA/swine_20397_2014-07-17_SRR27181581/reads/A_NP	341148
swine_20397	A_NS	data/IRMA/swine_20397_2014-07-17_SRR27181581/reads/A_NS	685796
swine_20397	A_PA	data/IRMA/swine_20397_2014-07-17_SRR27181581/reads/A_PA	533568
swine_20397	A_PB1	data/IRMA/swine_20397_2014-07-17_SRR27181581/reads/A_PB1	587216
swine_20397	A_PB2	data/IRMA/swine_20397_2014-07-17_SRR27181581/reads/A_PB2	636480
swine_20399	A_HA_H3	data/IRMA/swine_20399_2014-07-16_SRR27181175/reads/A_HA_H3	460360
swine_20399	A_MP	data/IRMA/swine_20399_2014-07-16_SRR27181175/reads/A_MP	1694556
swine_20399	A_NA_N2	data/IRMA/swine_20399_2014-07-16_SRR27181175/reads/A_NA_N2	1464268
swine_20399	A_NP	data/IRMA/swine_20399_2014-07-16_SRR27181175/reads/A_NP	1016884
swine_20399	A_NS	data/IRMA/swine_20399_2014-07-16_SRR27181175/reads/A_NS	1884200
swine_20399	A_PA	data/IRMA/swine_20399_2014-07-16_SRR27181175/reads/A_PA	1177580
swine_20399	A_PB1	data/IRMA/swine_20399_2014-07-16_SRR27181175/reads/A_PB1	1347000
swine_20399	A_PB2	data/IRMA/swine_20399_2014-07-16_SRR27181175/reads/A_PB2	1441964
swine_20411	A_HA_H1	data/IRMA/swine_20411_2014-07-16_SRR27181176/reads/A_HA_H1	233184
swine_20411	A_MP	data/IRMA/swine_20411_2014-07-16_SRR27181176/reads/A_MP	1477532
swine_20411	A_NA_N1	data/IRMA/swine_20411_2014-07-16_SRR27181176/reads/A_NA_N1	946832
swine_20411	A_NP	data/IRMA/swine_20411_2014-07-16_SRR27181176/reads/A_NP	648
swine_20411	A_NS	data/IRMA/swine_20411_2014-07-16_SRR27181176/reads/A_NS	672024
swine_20411	A_PA	data/IRMA/swine_20411_2014-07-16_SRR27181176/reads/A_PA	567320
swine_20411	A_PB1	data/IRMA/swine_20411_2014-07-16_SRR27181176/reads/A_PB1	278552
swine_20411	A_PB2	data/IRMA/swine_20411_2014-07-16_SRR27181176/reads/A_PB2	16200
swine_20423	A_HA_H1	data/IRMA/swine_20423_2014-07-12_SRR27181223/reads/A_HA_H1	1475568
swine_20423	A_MP	data/IRMA/swine_20423_2014-07-12_SRR27181223/reads/A_MP	1781164
swine_20423	A_NA_N1	data/IRMA/swine_20423_2014-07-12_SRR27181223/reads/A_NA_N1	1201160
swine_20423	A_NP	data/IRMA/swine_20423_2014-07-12_SRR27181223/reads/A_NP	1682228
swine_20423	A_NS	data/IRMA/swine_20423_2014-07-12_SRR27181223/reads/A_NS	1501648
swine_20423	A_PA	data/IRMA/swine_20423_2014-07-12_SRR27181223/reads/A_PA	869036
swine_20423	A_PB1	data/IRMA/swine_20423_2014-07-12_SRR27181223/reads/A_PB1	424304
swine_20423	A_PB2	data/IRMA/swine_20423_2014-07-12_SRR27181223/reads/A_PB2	689264
swine_20423	A_HA_H1	data/IRMA/swine_20423_2014-07-14_SRR27181441/reads/A_HA_H1	246300
swine_20423	A_MP	data/IRMA/swine_20423_2014-07-14_SRR27181441/reads/A_MP	444784
swine_20423	A_NA_N1	data/IRMA/swine_20423_2014-07-14_SRR27181441/reads/A_NA_N1	298284
swine_20423	A_NP	data/IRMA/swine_20423_2014-07-14_SRR27181441/reads/A_NP	381740
swine_20423	A_NS	data/IRMA/swine_20423_2014-07-14_SRR27181441/reads/A_NS	453948
swine_20423	A_PA	data/IRMA/swine_20423_2014-07-14_SRR27181441/reads/A_PA	185920
swine_20423	A_PB1	data/IRMA/swine_20423_2014-07-14_SRR27181441/reads/A_PB1	132804
swine_20423	A_PB2	data/IRMA/swine_20423_2014-07-14_SRR27181441/reads/A_PB2	197080
swine_20424	A_HA_H1	data/IRMA/swine_20424_2014-07-12_SRR27181224/reads/A_HA_H1	2134108
swine_20424	A_MP	data/IRMA/swine_20424_2014-07-12_SRR27181224/reads/A_MP	2691312
swine_20424	A_NA_N1	data/IRMA/swine_20424_2014-07-12_SRR27181224/reads/A_NA_N1	1769308
swine_20424	A_NP	data/IRMA/swine_20424_2014-07-12_SRR27181224/reads/A_NP	2305764
swine_20424	A_NS	data/IRMA/swine_20424_2014-07-12_SRR27181224/reads/A_NS	2185228
swine_20424	A_PA	data/IRMA/swine_20424_2014-07-12_SRR27181224/reads/A_PA	1316688
swine_20424	A_PB1	data/IRMA/swine_20424_2014-07-12_SRR27181224/reads/A_PB1	630544
swine_20424	A_PB2	data/IRMA/swine_20424_2014-07-12_SRR27181224/reads/A_PB2	1056692
swine_20425	A_HA_H1	data/IRMA/swine_20425_2014-07-12_SRR27181013/reads/A_HA_H1	1153484
swine_20425	A_MP	data/IRMA/swine_20425_2014-07-12_SRR27181013/reads/A_MP	1476552
swine_20425	A_NA_N1	data/IRMA/swine_20425_2014-07-12_SRR27181013/reads/A_NA_N1	1187184
swine_20425	A_NP	data/IRMA/swine_20425_2014-07-12_SRR27181013/reads/A_NP	1102356
swine_20425	A_NS	data/IRMA/swine_20425_2014-07-12_SRR27181013/reads/A_NS	1531440
swine_20425	A_PA	data/IRMA/swine_20425_2014-07-12_SRR27181013/reads/A_PA	560072
swine_20425	A_PB1	data/IRMA/swine_20425_2014-07-12_SRR27181013/reads/A_PB1	302504
swine_20425	A_PB2	data/IRMA/swine_20425_2014-07-12_SRR27181013/reads/A_PB2	583428
swine_20426	A_HA_H1	data/IRMA/swine_20426_2014-07-13_SRR27181005/reads/A_HA_H1	1634464
swine_20426	A_MP	data/IRMA/swine_20426_2014-07-13_SRR27181005/reads/A_MP	2266368
swine_20426	A_NA_N1	data/IRMA/swine_20426_2014-07-13_SRR27181005/reads/A_NA_N1	1338332
swine_20426	A_NP	data/IRMA/swine_20426_2014-07-13_SRR27181005/reads/A_NP	1881924
swine_20426	A_NS	data/IRMA/swine_20426_2014-07-13_SRR27181005/reads/A_NS	2057296
swine_20426	A_PA	data/IRMA/swine_20426_2014-07-13_SRR27181005/reads/A_PA	945092
swine_20426	A_PB1	data/IRMA/swine_20426_2014-07-13_SRR27181005/reads/A_PB1	597568
swine_20426	A_PB2	data/IRMA/swine_20426_2014-07-13_SRR27181005/reads/A_PB2	611120
swine_20426	A_HA_H1	data/IRMA/swine_20426_2014-07-15_SRR27180977/reads/A_HA_H1	364988
swine_20426	A_MP	data/IRMA/swine_20426_2014-07-15_SRR27180977/reads/A_MP	2031880
swine_20426	A_NA_N1	data/IRMA/swine_20426_2014-07-15_SRR27180977/reads/A_NA_N1	823712
swine_20426	A_NP	data/IRMA/swine_20426_2014-07-15_SRR27180977/reads/A_NP	1173928
swine_20426	A_NS	data/IRMA/swine_20426_2014-07-15_SRR27180977/reads/A_NS	1392128
swine_20426	A_PA	data/IRMA/swine_20426_2014-07-15_SRR27180977/reads/A_PA	439880
swine_20426	A_PB1	data/IRMA/swine_20426_2014-07-15_SRR27180977/reads/A_PB1	454480
swine_20426	A_PB2	data/IRMA/swine_20426_2014-07-15_SRR27180977/reads/A_PB2	767880
swine_20430	A_HA_H1	data/IRMA/swine_20430_2014-07-12_SRR27181228/reads/A_HA_H1	1340868
swine_20430	A_MP	data/IRMA/swine_20430_2014-07-12_SRR27181228/reads/A_MP	1880176
swine_20430	A_NA_N1	data/IRMA/swine_20430_2014-07-12_SRR27181228/reads/A_NA_N1	1176804
swine_20430	A_NP	data/IRMA/swine_20430_2014-07-12_SRR27181228/reads/A_NP	1535388
swine_20430	A_NS	data/IRMA/swine_20430_2014-07-12_SRR27181228/reads/A_NS	1569544
swine_20430	A_PA	data/IRMA/swine_20430_2014-07-12_SRR27181228/reads/A_PA	897792
swine_20430	A_PB1	data/IRMA/swine_20430_2014-07-12_SRR27181228/reads/A_PB1	425968
swine_20430	A_PB2	data/IRMA/swine_20430_2014-07-12_SRR27181228/reads/A_PB2	686600
swine_20430	A_HA_H1	data/IRMA/swine_20430_2014-07-13_SRR27181004/reads/A_HA_H1	1811976
swine_20430	A_MP	data/IRMA/swine_20430_2014-07-13_SRR27181004/reads/A_MP	2494624
swine_20430	A_NA_N1	data/IRMA/swine_20430_2014-07-13_SRR27181004/reads/A_NA_N1	1514436
swine_20430	A_NP	data/IRMA/swine_20430_2014-07-13_SRR27181004/reads/A_NP	2058296
swine_20430	A_NS	data/IRMA/swine_20430_2014-07-13_SRR27181004/reads/A_NS	2301408
swine_20430	A_PA	data/IRMA/swine_20430_2014-07-13_SRR27181004/reads/A_PA	1004436
swine_20430	A_PB1	data/IRMA/swine_20430_2014-07-13_SRR27181004/reads/A_PB1	571960
swine_20430	A_PB2	data/IRMA/swine_20430_2014-07-13_SRR27181004/reads/A_PB2	909764
swine_20430	A_HA_H1	data/IRMA/swine_20430_2014-07-14_SRR27181442/reads/A_HA_H1	1838900
swine_20430	A_MP	data/IRMA/swine_20430_2014-07-14_SRR27181442/reads/A_MP	2877152
swine_20430	A_NA_N1	data/IRMA/swine_20430_2014-07-14_SRR27181442/reads/A_NA_N1	1695884
swine_20430	A_NP	data/IRMA/swine_20430_2014-07-14_SRR27181442/reads/A_NP	2168788
swine_20430	A_NS	data/IRMA/swine_20430_2014-07-14_SRR27181442/reads/A_NS	2511112
swine_20430	A_PA	data/IRMA/swine_20430_2014-07-14_SRR27181442/reads/A_PA	1118988
swine_20430	A_PB1	data/IRMA/swine_20430_2014-07-14_SRR27181442/reads/A_PB1	584172
swine_20430	A_PB2	data/IRMA/swine_20430_2014-07-14_SRR27181442/reads/A_PB2	931396
swine_20437	A_HA_H3	data/IRMA/swine_20437_2014-07-16_SRR27181410/reads/A_HA_H3	399860
swine_20437	A_MP	data/IRMA/swine_20437_2014-07-16_SRR27181410/reads/A_MP	2570564
swine_20437	A_NA_N2	data/IRMA/swine_20437_2014-07-16_SRR27181410/reads/A_NA_N2	1916804
swine_20437	A_NP	data/IRMA/swine_20437_2014-07-16_SRR27181410/reads/A_NP	1389496
swine_20437	A_NS	data/IRMA/swine_20437_2014-07-16_SRR27181410/reads/A_NS	2061296
swine_20437	A_PA	data/IRMA/swine_20437_2014-07-16_SRR27181410/reads/A_PA	1015264
swine_20437	A_PB1	data/IRMA/swine_20437_2014-07-16_SRR27181410/reads/A_PB1	984112
swine_20437	A_PB2	data/IRMA/swine_20437_2014-07-16_SRR27181410/reads/A_PB2	1235520
swine_20453	A_HA_H3	data/IRMA/swine_20453_2014-07-16_SRR27180946/reads/A_HA_H3	1269080
swine_20453	A_MP	data/IRMA/swine_20453_2014-07-16_SRR27180946/reads/A_MP	4531060
swine_20453	A_NA_N2	data/IRMA/swine_20453_2014-07-16_SRR27180946/reads/A_NA_N2	3814348
swine_20453	A_NP	data/IRMA/swine_20453_2014-07-16_SRR27180946/reads/A_NP	2365168
swine_20453	A_NS	data/IRMA/swine_20453_2014-07-16_SRR27180946/reads/A_NS	4908152
swine_20453	A_PA	data/IRMA/swine_20453_2014-07-16_SRR27180946/reads/A_PA	2584532
swine_20453	A_PB1	data/IRMA/swine_20453_2014-07-16_SRR27180946/reads/A_PB1	2954048
swine_20453	A_PB2	data/IRMA/swine_20453_2014-07-16_SRR27180946/reads/A_PB2	3461764
swine_20454	A_HA_H3	data/IRMA/swine_20454_2014-07-17_SRR27181374/reads/A_HA_H3	447224
swine_20454	A_MP	data/IRMA/swine_20454_2014-07-17_SRR27181374/reads/A_MP	2062576
swine_20454	A_NA_N2	data/IRMA/swine_20454_2014-07-17_SRR27181374/reads/A_NA_N2	1056656
swine_20454	A_NP	data/IRMA/swine_20454_2014-07-17_SRR27181374/reads/A_NP	1204124
swine_20454	A_NS	data/IRMA/swine_20454_2014-07-17_SRR27181374/reads/A_NS	1439884
swine_20454	A_PA	data/IRMA/swine_20454_2014-07-17_SRR27181374/reads/A_PA	169704
swine_20454	A_PB1	data/IRMA/swine_20454_2014-07-17_SRR27181374/reads/A_PB1	698012
swine_20454	A_PB2	data/IRMA/swine_20454_2014-07-17_SRR27181374/reads/A_PB2	115640
swine_20456	A_HA_H3	data/IRMA/swine_20456_2014-07-16_SRR27180944/reads/A_HA_H3	104600
swine_20456	A_MP	data/IRMA/swine_20456_2014-07-16_SRR27180944/reads/A_MP	371788
swine_20456	A_NA_N2	data/IRMA/swine_20456_2014-07-16_SRR27180944/reads/A_NA_N2	361944
swine_20456	A_NP	data/IRMA/swine_20456_2014-07-16_SRR27180944/reads/A_NP	215108
swine_20456	A_NS	data/IRMA/swine_20456_2014-07-16_SRR27180944/reads/A_NS	423176
swine_20456	A_PA	data/IRMA/swine_20456_2014-07-16_SRR27180944/reads/A_PA	225900
swine_20456	A_PB1	data/IRMA/swine_20456_2014-07-16_SRR27180944/reads/A_PB1	310372
swine_20456	A_PB2	data/IRMA/swine_20456_2014-07-16_SRR27180944/reads/A_PB2	295004
swine_20457	A_HA_H1	data/IRMA/swine_20457_2014-07-15_SRR27181428/reads/A_HA_H1	1020048
swine_20457	A_MP	data/IRMA/swine_20457_2014-07-15_SRR27181428/reads/A_MP	2422788
swine_20457	A_NA_N1	data/IRMA/swine_20457_2014-07-15_SRR27181428/reads/A_NA_N1	1438000
swine_20457	A_NP	data/IRMA/swine_20457_2014-07-15_SRR27181428/reads/A_NP	1466296
swine_20457	A_NS	data/IRMA/swine_20457_2014-07-15_SRR27181428/reads/A_NS	2131560
swine_20457	A_PA	data/IRMA/swine_20457_2014-07-15_SRR27181428/reads/A_PA	1580912
swine_20457	A_PB1	data/IRMA/swine_20457_2014-07-15_SRR27181428/reads/A_PB1	1063428
swine_20457	A_PB2	data/IRMA/swine_20457_2014-07-15_SRR27181428/reads/A_PB2	1295016
swine_20457	A_HA_H1	data/IRMA/swine_20457_2014-07-16_SRR27181160/reads/A_HA_H1	1361952
swine_20457	A_MP	data/IRMA/swine_20457_2014-07-16_SRR27181160/reads/A_MP	2089100
swine_20457	A_NA_N1	data/IRMA/swine_20457_2014-07-16_SRR27181160/reads/A_NA_N1	1193152
swine_20457	A_NP	data/IRMA/swine_20457_2014-07-16_SRR27181160/reads/A_NP	1550336
swine_20457	A_NS	data/IRMA/swine_20457_2014-07-16_SRR27181160/reads/A_NS	1831212
swine_20457	A_PA	data/IRMA/swine_20457_2014-07-16_SRR27181160/reads/A_PA	1217180
swine_20457	A_PB1	data/IRMA/swine_20457_2014-07-16_SRR27181160/reads/A_PB1	738572
swine_20457	A_PB2	data/IRMA/swine_20457_2014-07-16_SRR27181160/reads/A_PB2	985396
swine_20458	A_HA_H1	data/IRMA/swine_20458_2014-07-16_SRR27181164/reads/A_HA_H1	1101708
swine_20458	A_MP	data/IRMA/swine_20458_2014-07-16_SRR27181164/reads/A_MP	1851500
swine_20458	A_NA_N1	data/IRMA/swine_20458_2014-07-16_SRR27181164/reads/A_NA_N1	949128
swine_20458	A_NP	data/IRMA/swine_20458_2014-07-16_SRR27181164/reads/A_NP	1328496
swine_20458	A_NS	data/IRMA/swine_20458_2014-07-16_SRR27181164/reads/A_NS	1777200
swine_20458	A_PA	data/IRMA/swine_20458_2014-07-16_SRR27181164/reads/A_PA	1098396
swine_20458	A_PB1	data/IRMA/swine_20458_2014-07-16_SRR27181164/reads/A_PB1	604688
swine_20458	A_PB2	data/IRMA/swine_20458_2014-07-16_SRR27181164/reads/A_PB2	1098116
swine_20464	A_HA_H3	data/IRMA/swine_20464_2014-07-15_SRR27180989/reads/A_HA_H3	449768
swine_20464	A_MP	data/IRMA/swine_20464_2014-07-15_SRR27180989/reads/A_MP	2520684
swine_20464	A_NA_N2	data/IRMA/swine_20464_2014-07-15_SRR27180989/reads/A_NA_N2	1340532
swine_20464	A_NP	data/IRMA/swine_20464_2014-07-15_SRR27180989/reads/A_NP	546024
swine_20464	A_NS	data/IRMA/swine_20464_2014-07-15_SRR27180989/reads/A_NS	2467252
swine_20464	A_PA	data/IRMA/swine_20464_2014-07-15_SRR27180989/reads/A_PA	794572
swine_20464	A_PB1	data/IRMA/swine_20464_2014-07-15_SRR27180989/reads/A_PB1	1331496
swine_20464	A_PB2	data/IRMA/swine_20464_2014-07-15_SRR27180989/reads/A_PB2	1790568
swine_20464	A_HA_H3	data/IRMA/swine_20464_2014-07-16_SRR27181411/reads/A_HA_H3	304116
swine_20464	A_MP	data/IRMA/swine_20464_2014-07-16_SRR27181411/reads/A_MP	1332036
swine_20464	A_NA_N2	data/IRMA/swine_20464_2014-07-16_SRR27181411/reads/A_NA_N2	1094920
swine_20464	A_NP	data/IRMA/swine_20464_2014-07-16_SRR27181411/reads/A_NP	751352
swine_20464	A_NS	data/IRMA/swine_20464_2014-07-16_SRR27181411/reads/A_NS	1413764
swine_20464	A_PA	data/IRMA/swine_20464_2014-07-16_SRR27181411/reads/A_PA	968048
swine_20464	A_PB1	data/IRMA/swine_20464_2014-07-16_SRR27181411/reads/A_PB1	1222616
swine_20464	A_PB2	data/IRMA/swine_20464_2014-07-16_SRR27181411/reads/A_PB2	1131480
swine_20466	A_HA_H1	data/IRMA/swine_20466_2014-07-16_SRR27181602/reads/A_HA_H1	1618460
swine_20466	A_MP	data/IRMA/swine_20466_2014-07-16_SRR27181602/reads/A_MP	2103440
swine_20466	A_NA_N1	data/IRMA/swine_20466_2014-07-16_SRR27181602/reads/A_NA_N1	1352136
swine_20466	A_NP	data/IRMA/swine_20466_2014-07-16_SRR27181602/reads/A_NP	1782948
swine_20466	A_NS	data/IRMA/swine_20466_2014-07-16_SRR27181602/reads/A_NS	1865192
swine_20466	A_PA	data/IRMA/swine_20466_2014-07-16_SRR27181602/reads/A_PA	1591556
swine_20466	A_PB1	data/IRMA/swine_20466_2014-07-16_SRR27181602/reads/A_PB1	964124
swine_20466	A_PB2	data/IRMA/swine_20466_2014-07-16_SRR27181602/reads/A_PB2	1311544
swine_20467	A_HA_H1	data/IRMA/swine_20467_2014-07-14_SRR27181659/reads/A_HA_H1	1930444
swine_20467	A_MP	data/IRMA/swine_20467_2014-07-14_SRR27181659/reads/A_MP	2443644
swine_20467	A_NA_N1	data/IRMA/swine_20467_2014-07-14_SRR27181659/reads/A_NA_N1	1640396
swine_20467	A_NP	data/IRMA/swine_20467_2014-07-14_SRR27181659/reads/A_NP	2099704
swine_20467	A_NS	data/IRMA/swine_20467_2014-07-14_SRR27181659/reads/A_NS	2232620
swine_20467	A_PA	data/IRMA/swine_20467_2014-07-14_SRR27181659/reads/A_PA	1246980
swine_20467	A_PB1	data/IRMA/swine_20467_2014-07-14_SRR27181659/reads/A_PB1	505412
swine_20467	A_PB2	data/IRMA/swine_20467_2014-07-14_SRR27181659/reads/A_PB2	870168
swine_20467	A_HA_H1	data/IRMA/swine_20467_2014-07-16_SRR27181603/reads/A_HA_H1	693348
swine_20467	A_MP	data/IRMA/swine_20467_2014-07-16_SRR27181603/reads/A_MP	1169604
swine_20467	A_NA_N1	data/IRMA/swine_20467_2014-07-16_SRR27181603/reads/A_NA_N1	657964
swine_20467	A_NP	data/IRMA/swine_20467_2014-07-16_SRR27181603/reads/A_NP	931780
swine_20467	A_NS	data/IRMA/swine_20467_2014-07-16_SRR27181603/reads/A_NS	1110952
swine_20467	A_PA	data/IRMA/swine_20467_2014-07-16_SRR27181603/reads/A_PA	673292
swine_20467	A_PB1	data/IRMA/swine_20467_2014-07-16_SRR27181603/reads/A_PB1	551136
swine_20467	A_PB2	data/IRMA/swine_20467_2014-07-16_SRR27181603/reads/A_PB2	573296
swine_20510	A_HA_H3	data/IRMA/swine_20510_2014-07-15_SRR27181631/reads/A_HA_H3	262224
swine_20510	A_MP	data/IRMA/swine_20510_2014-07-15_SRR27181631/reads/A_MP	873008
swine_20510	A_NA_N2	data/IRMA/swine_20510_2014-07-15_SRR27181631/reads/A_NA_N2	390860
swine_20510	A_NP	data/IRMA/swine_20510_2014-07-15_SRR27181631/reads/A_NP	193820
swine_20510	A_NS	data/IRMA/swine_20510_2014-07-15_SRR27181631/reads/A_NS	931928
swine_20510	A_PA	data/IRMA/swine_20510_2014-07-15_SRR27181631/reads/A_PA	464932
swine_20510	A_PB1	data/IRMA/swine_20510_2014-07-15_SRR27181631/reads/A_PB1	525588
swine_20510	A_PB2	data/IRMA/swine_20510_2014-07-15_SRR27181631/reads/A_PB2	659416
swine_20510	A_HA_H3	data/IRMA/swine_20510_2014-07-16_SRR27181384/reads/A_HA_H3	329724
swine_20510	A_MP	data/IRMA/swine_20510_2014-07-16_SRR27181384/reads/A_MP	910276
swine_20510	A_NA_N2	data/IRMA/swine_20510_2014-07-16_SRR27181384/reads/A_NA_N2	745884
swine_20510	A_NP	data/IRMA/swine_20510_2014-07-16_SRR27181384/reads/A_NP	562496
swine_20510	A_NS	data/IRMA/swine_20510_2014-07-16_SRR27181384/reads/A_NS	826924
swine_20510	A_PA	data/IRMA/swine_20510_2014-07-16_SRR27181384/reads/A_PA	713508
swine_20510	A_PB1	data/IRMA/swine_20510_2014-07-16_SRR27181384/reads/A_PB1	951652
swine_20510	A_PB2	data/IRMA/swine_20510_2014-07-16_SRR27181384/reads/A_PB2	1008128
swine_20512	A_HA_H3	data/IRMA/swine_20512_2014-07-17_SRR27181566/reads/A_HA_H3	728
swine_20512	A_MP	data/IRMA/swine_20512_2014-07-17_SRR27181566/reads/A_MP	2864628
swine_20512	A_NA_N2	data/IRMA/swine_20512_2014-07-17_SRR27181566/reads/A_NA_N2	3321688
swine_20512	A_NP	data/IRMA/swine_20512_2014-07-17_SRR27181566/reads/A_NP	580860
swine_20512	A_NS	data/IRMA/swine_20512_2014-07-17_SRR27181566/reads/A_NS	2642340
swine_20512	A_PA	data/IRMA/swine_20512_2014-07-17_SRR27181566/reads/A_PA	2632556
swine_20512	A_PB1	data/IRMA/swine_20512_2014-07-17_SRR27181566/reads/A_PB1	1865736
swine_20512	A_PB2	data/IRMA/swine_20512_2014-07-17_SRR27181566/reads/A_PB2	4248148
swine_20513	A_HA_H3	data/IRMA/swine_20513_2014-07-15_SRR27181202/reads/A_HA_H3	84540
swine_20513	A_MP	data/IRMA/swine_20513_2014-07-15_SRR27181202/reads/A_MP	726044
swine_20513	A_NA_N2	data/IRMA/swine_20513_2014-07-15_SRR27181202/reads/A_NA_N2	1924
swine_20513	A_NP	data/IRMA/swine_20513_2014-07-15_SRR27181202/reads/A_NP	288928
swine_20513	A_NS	data/IRMA/swine_20513_2014-07-15_SRR27181202/reads/A_NS	657308
swine_20513	A_PA	data/IRMA/swine_20513_2014-07-15_SRR27181202/reads/A_PA	433748
swine_20513	A_PB1	data/IRMA/swine_20513_2014-07-15_SRR27181202/reads/A_PB1	86396
swine_20513	A_PB2	data/IRMA/swine_20513_2014-07-15_SRR27181202/reads/A_PB2	431136
swine_20513	A_HA_H3	data/IRMA/swine_20513_2014-07-17_SRR27181151/reads/A_HA_H3	114932
swine_20513	A_MP	data/IRMA/swine_20513_2014-07-17_SRR27181151/reads/A_MP	685792
swine_20513	A_NA_N2	data/IRMA/swine_20513_2014-07-17_SRR27181151/reads/A_NA_N2	768676
swine_20513	A_NP	data/IRMA/swine_20513_2014-07-17_SRR27181151/reads/A_NP	174616
swine_20513	A_NS	data/IRMA/swine_20513_2014-07-17_SRR27181151/reads/A_NS	706204
swine_20513	A_PA	data/IRMA/swine_20513_2014-07-17_SRR27181151/reads/A_PA	343844
swine_20513	A_PB1	data/IRMA/swine_20513_2014-07-17_SRR27181151/reads/A_PB1	558516
swine_20513	A_PB2	data/IRMA/swine_20513_2014-07-17_SRR27181151/reads/A_PB2	330500
swine_20514	A_HA_H3	data/IRMA/swine_20514_2014-07-17_SRR27181152/reads/A_HA_H3	96440
swine_20514	A_MP	data/IRMA/swine_20514_2014-07-17_SRR27181152/reads/A_MP	348776
swine_20514	A_NA_N2	data/IRMA/swine_20514_2014-07-17_SRR27181152/reads/A_NA_N2	243820
swine_20514	A_NP	data/IRMA/swine_20514_2014-07-17_SRR27181152/reads/A_NP	295948
swine_20514	A_NS	data/IRMA/swine_20514_2014-07-17_SRR27181152/reads/A_NS	487984
swine_20514	A_PA	data/IRMA/swine_20514_2014-07-17_SRR27181152/reads/A_PA	202568
swine_20514	A_PB1	data/IRMA/swine_20514_2014-07-17_SRR27181152/reads/A_PB1	241460
swine_20514	A_PB2	data/IRMA/swine_20514_2014-07-17_SRR27181152/reads/A_PB2	271204
swine_20570	A_HA_H3	data/IRMA/swine_20570_2014-07-15_SRR27180981/reads/A_HA_H3	381756
swine_20570	A_MP	data/IRMA/swine_20570_2014-07-15_SRR27180981/reads/A_MP	1877724
swine_20570	A_NA_N2	data/IRMA/swine_20570_2014-07-15_SRR27180981/reads/A_NA_N2	1431700
swine_20570	A_NP	data/IRMA/swine_20570_2014-07-15_SRR27180981/reads/A_NP	706100
swine_20570	A_NS	data/IRMA/swine_20570_2014-07-15_SRR27180981/reads/A_NS	1868640
swine_20570	A_PA	data/IRMA/swine_20570_2014-07-15_SRR27180981/reads/A_PA	798464
swine_20570	A_PB1	data/IRMA/swine_20570_2014-07-15_SRR27180981/reads/A_PB1	1135172
swine_20570	A_PB2	data/IRMA/swine_20570_2014-07-15_SRR27180981/reads/A_PB2	829252
swine_20576	A_HA_H3	data/IRMA/swine_20576_2014-07-17_SRR27181571/reads/A_HA_H3	1394220
swine_20576	A_MP	data/IRMA/swine_20576_2014-07-17_SRR27181571/reads/A_MP	4469020
swine_20576	A_NA_N2	data/IRMA/swine_20576_2014-07-17_SRR27181571/reads/A_NA_N2	3997176
swine_20576	A_NP	data/IRMA/swine_20576_2014-07-17_SRR27181571/reads/A_NP	2430116
swine_20576	A_NS	data/IRMA/swine_20576_2014-07-17_SRR27181571/reads/A_NS	4416208
swine_20576	A_PA	data/IRMA/swine_20576_2014-07-17_SRR27181571/reads/A_PA	3140336
swine_20576	A_PB1	data/IRMA/swine_20576_2014-07-17_SRR27181571/reads/A_PB1	3551708
swine_20576	A_PB2	data/IRMA/swine_20576_2014-07-17_SRR27181571/reads/A_PB2	3832880
swine_20578	A_HA_H3	data/IRMA/swine_20578_2014-07-13_SRR27180996/reads/A_HA_H3	590512
swine_20578	A_MP	data/IRMA/swine_20578_2014-07-13_SRR27180996/reads/A_MP	1484876
swine_20578	A_NA_N2	data/IRMA/swine_20578_2014-07-13_SRR27180996/reads/A_NA_N2	1546820
swine_20578	A_NP	data/IRMA/swine_20578_2014-07-13_SRR27180996/reads/A_NP	965256
swine_20578	A_NS	data/IRMA/swine_20578_2014-07-13_SRR27180996/reads/A_NS	1453996
swine_20578	A_PA	data/IRMA/swine_20578_2014-07-13_SRR27180996/reads/A_PA	767148
swine_20578	A_PB1	data/IRMA/swine_20578_2014-07-13_SRR27180996/reads/A_PB1	1043560
swine_20578	A_PB2	data/IRMA/swine_20578_2014-07-13_SRR27180996/reads/A_PB2	884380
swine_20578	A_HA_H3	data/IRMA/swine_20578_2014-07-17_SRR27181355/reads/A_HA_H3	535392
swine_20578	A_MP	data/IRMA/swine_20578_2014-07-17_SRR27181355/reads/A_MP	1703372
swine_20578	A_NA_N2	data/IRMA/swine_20578_2014-07-17_SRR27181355/reads/A_NA_N2	1499776
swine_20578	A_NP	data/IRMA/swine_20578_2014-07-17_SRR27181355/reads/A_NP	1025192
swine_20578	A_NS	data/IRMA/swine_20578_2014-07-17_SRR27181355/reads/A_NS	1912760
swine_20578	A_PA	data/IRMA/swine_20578_2014-07-17_SRR27181355/reads/A_PA	804384
swine_20578	A_PB1	data/IRMA/swine_20578_2014-07-17_SRR27181355/reads/A_PB1	907912
swine_20578	A_PB2	data/IRMA/swine_20578_2014-07-17_SRR27181355/reads/A_PB2	1036060
swine_20579	A_HA_H3	data/IRMA/swine_20579_2014-07-13_SRR27180997/reads/A_HA_H3	612416
swine_20579	A_MP	data/IRMA/swine_20579_2014-07-13_SRR27180997/reads/A_MP	2093740
swine_20579	A_NA_N2	data/IRMA/swine_20579_2014-07-13_SRR27180997/reads/A_NA_N2	1922580
swine_20579	A_NP	data/IRMA/swine_20579_2014-07-13_SRR27180997/reads/A_NP	1207684
swine_20579	A_NS	data/IRMA/swine_20579_2014-07-13_SRR27180997/reads/A_NS	1980624
swine_20579	A_PA	data/IRMA/swine_20579_2014-07-13_SRR27180997/reads/A_PA	848124
swine_20579	A_PB1	data/IRMA/swine_20579_2014-07-13_SRR27180997/reads/A_PB1	1184252
swine_20579	A_PB2	data/IRMA/swine_20579_2014-07-13_SRR27180997/reads/A_PB2	846876
swine_20579	A_HA_H3	data/IRMA/swine_20579_2014-07-14_SRR27181654/reads/A_HA_H3	1116784
swine_20579	A_MP	data/IRMA/swine_20579_2014-07-14_SRR27181654/reads/A_MP	2516200
swine_20579	A_NA_N2	data/IRMA/swine_20579_2014-07-14_SRR27181654/reads/A_NA_N2	2384940
swine_20579	A_NP	data/IRMA/swine_20579_2014-07-14_SRR27181654/reads/A_NP	1368504
swine_20579	A_NS	data/IRMA/swine_20579_2014-07-14_SRR27181654/reads/A_NS	2506396
swine_20579	A_PA	data/IRMA/swine_20579_2014-07-14_SRR27181654/reads/A_PA	1051708
swine_20579	A_PB1	data/IRMA/swine_20579_2014-07-14_SRR27181654/reads/A_PB1	1393480
swine_20579	A_PB2	data/IRMA/swine_20579_2014-07-14_SRR27181654/reads/A_PB2	1179100
swine_20579	A_HA_H3	data/IRMA/swine_20579_2014-07-15_SRR27181635/reads/A_HA_H3	369028
swine_20579	A_MP	data/IRMA/swine_20579_2014-07-15_SRR27181635/reads/A_MP	1432704
swine_20579	A_NA_N2	data/IRMA/swine_20579_2014-07-15_SRR27181635/reads/A_NA_N2	1418352
swine_20579	A_NP	data/IRMA/swine_20579_2014-07-15_SRR27181635/reads/A_NP	683680
swine_20579	A_NS	data/IRMA/swine_20579_2014-07-15_SRR27181635/reads/A_NS	1823500
swine_20579	A_PA	data/IRMA/swine_20579_2014-07-15_SRR27181635/reads/A_PA	1255004
swine_20579	A_PB1	data/IRMA/swine_20579_2014-07-15_SRR27181635/reads/A_PB1	1852944
swine_20579	A_PB2	data/IRMA/swine_20579_2014-07-15_SRR27181635/reads/A_PB2	1153568
swine_20579	A_HA_H3	data/IRMA/swine_20579_2014-07-16_SRR27181390/reads/A_HA_H3	640324
swine_20579	A_MP	data/IRMA/swine_20579_2014-07-16_SRR27181390/reads/A_MP	1580764
swine_20579	A_NA_N2	data/IRMA/swine_20579_2014-07-16_SRR27181390/reads/A_NA_N2	1583176
swine_20579	A_NP	data/IRMA/swine_20579_2014-07-16_SRR27181390/reads/A_NP	933332
swine_20579	A_NS	data/IRMA/swine_20579_2014-07-16_SRR27181390/reads/A_NS	1731972
swine_20579	A_PA	data/IRMA/swine_20579_2014-07-16_SRR27181390/reads/A_PA	1076960
swine_20579	A_PB1	data/IRMA/swine_20579_2014-07-16_SRR27181390/reads/A_PB1	1257164
swine_20579	A_PB2	data/IRMA/swine_20579_2014-07-16_SRR27181390/reads/A_PB2	1330768
swine_20579	A_HA_H3	data/IRMA/swine_20579_2014-07-17_SRR27181576/reads/A_HA_H3	670152
swine_20579	A_MP	data/IRMA/swine_20579_2014-07-17_SRR27181576/reads/A_MP	1841740
swine_20579	A_NA_N2	data/IRMA/swine_20579_2014-07-17_SRR27181576/reads/A_NA_N2	1687256
swine_20579	A_NP	data/IRMA/swine_20579_2014-07-17_SRR27181576/reads/A_NP	1040448
swine_20579	A_NS	data/IRMA/swine_20579_2014-07-17_SRR27181576/reads/A_NS	2003004
swine_20579	A_PA	data/IRMA/swine_20579_2014-07-17_SRR27181576/reads/A_PA	844856
swine_20579	A_PB1	data/IRMA/swine_20579_2014-07-17_SRR27181576/reads/A_PB1	1112688
swine_20579	A_PB2	data/IRMA/swine_20579_2014-07-17_SRR27181576/reads/A_PB2	1221768
swine_20581	A_HA_H3	data/IRMA/swine_20581_2014-07-14_SRR27181650/reads/A_HA_H3	586624
swine_20581	A_MP	data/IRMA/swine_20581_2014-07-14_SRR27181650/reads/A_MP	2747792
swine_20581	A_NA_N2	data/IRMA/swine_20581_2014-07-14_SRR27181650/reads/A_NA_N2	1703416
swine_20581	A_NP	data/IRMA/swine_20581_2014-07-14_SRR27181650/reads/A_NP	1258332
swine_20581	A_NS	data/IRMA/swine_20581_2014-07-14_SRR27181650/reads/A_NS	2411808
swine_20581	A_PA	data/IRMA/swine_20581_2014-07-14_SRR27181650/reads/A_PA	582900
swine_20581	A_PB1	data/IRMA/swine_20581_2014-07-14_SRR27181650/reads/A_PB1	1220844
swine_20581	A_PB2	data/IRMA/swine_20581_2014-07-14_SRR27181650/reads/A_PB2	895316
swine_20581	A_HA_H3	data/IRMA/swine_20581_2014-07-17_SRR27181573/reads/A_HA_H3	880588
swine_20581	A_MP	data/IRMA/swine_20581_2014-07-17_SRR27181573/reads/A_MP	3019336
swine_20581	A_NA_N2	data/IRMA/swine_20581_2014-07-17_SRR27181573/reads/A_NA_N2	2731868
swine_20581	A_NP	data/IRMA/swine_20581_2014-07-17_SRR27181573/reads/A_NP	1901480
swine_20581	A_NS	data/IRMA/swine_20581_2014-07-17_SRR27181573/reads/A_NS	2866524
swine_20581	A_PA	data/IRMA/swine_20581_2014-07-17_SRR27181573/reads/A_PA	1656980
swine_20581	A_PB1	data/IRMA/swine_20581_2014-07-17_SRR27181573/reads/A_PB1	1865568
swine_20581	A_PB2	data/IRMA/swine_20581_2014-07-17_SRR27181573/reads/A_PB2	1887240
swine_20587	A_HA_H3	data/IRMA/swine_20587_2014-07-17_SRR27181373/reads/A_HA_H3	303968
swine_20587	A_MP	data/IRMA/swine_20587_2014-07-17_SRR27181373/reads/A_MP	2877200
swine_20587	A_NA_N2	data/IRMA/swine_20587_2014-07-17_SRR27181373/reads/A_NA_N2	2400668
swine_20587	A_NP	data/IRMA/swine_20587_2014-07-17_SRR27181373/reads/A_NP	1321680
swine_20587	A_NS	data/IRMA/swine_20587_2014-07-17_SRR27181373/reads/A_NS	3015488
swine_20587	A_PA	data/IRMA/swine_20587_2014-07-17_SRR27181373/reads/A_PA	1231296
swine_20587	A_PB1	data/IRMA/swine_20587_2014-07-17_SRR27181373/reads/A_PB1	1667368
swine_20587	A_PB2	data/IRMA/swine_20587_2014-07-17_SRR27181373/reads/A_PB2	1387896
swine_20589	A_HA_H1	data/IRMA/swine_20589_2014-07-15_SRR27181426/reads/A_HA_H1	60396
swine_20589	A_MP	data/IRMA/swine_20589_2014-07-15_SRR27181426/reads/A_MP	274744
swine_20589	A_NA_N1	data/IRMA/swine_20589_2014-07-15_SRR27181426/reads/A_NA_N1	132980
swine_20589	A_NP	data/IRMA/swine_20589_2014-07-15_SRR27181426/reads/A_NP	418948
swine_20589	A_NS	data/IRMA/swine_20589_2014-07-15_SRR27181426/reads/A_NS	104488
swine_20589	A_PA	data/IRMA/swine_20589_2014-07-15_SRR27181426/reads/A_PA	350188
swine_20589	A_PB1	data/IRMA/swine_20589_2014-07-15_SRR27181426/reads/A_PB1	4268
swine_20589	A_PB2	data/IRMA/swine_20589_2014-07-15_SRR27181426/reads/A_PB2	156112
swine_20592	A_HA_H3	data/IRMA/swine_20592_2014-07-14_SRR27181655/reads/A_HA_H3	512472
swine_20592	A_MP	data/IRMA/swine_20592_2014-07-14_SRR27181655/reads/A_MP	2644292
swine_20592	A_NA_N2	data/IRMA/swine_20592_2014-07-14_SRR27181655/reads/A_NA_N2	1941648
swine_20592	A_NP	data/IRMA/swine_20592_2014-07-14_SRR27181655/reads/A_NP	1411116
swine_20592	A_NS	data/IRMA/swine_20592_2014-07-14_SRR27181655/reads/A_NS	2511980
swine_20592	A_PA	data/IRMA/swine_20592_2014-07-14_SRR27181655/reads/A_PA	456448
swine_20592	A_PB1	data/IRMA/swine_20592_2014-07-14_SRR27181655/reads/A_PB1	972292
swine_20592	A_PB2	data/IRMA/swine_20592_2014-07-14_SRR27181655/reads/A_PB2	872172
swine_20592	A_HA_H3	data/IRMA/swine_20592_2014-07-16_SRR27180945/reads/A_HA_H3	241816
swine_20592	A_MP	data/IRMA/swine_20592_2014-07-16_SRR27180945/reads/A_MP	948768
swine_20592	A_NA_N2	data/IRMA/swine_20592_2014-07-16_SRR27180945/reads/A_NA_N2	868440
swine_20592	A_NP	data/IRMA/swine_20592_2014-07-16_SRR27180945/reads/A_NP	449360
swine_20592	A_NS	data/IRMA/swine_20592_2014-07-16_SRR27180945/reads/A_NS	1068800
swine_20592	A_PA	data/IRMA/swine_20592_2014-07-16_SRR27180945/reads/A_PA	627548
swine_20592	A_PB1	data/IRMA/swine_20592_2014-07-16_SRR27180945/reads/A_PB1	693988
swine_20592	A_PB2	data/IRMA/swine_20592_2014-07-16_SRR27180945/reads/A_PB2	701348
swine_20594	A_HA_H3	data/IRMA/swine_20594_2014-07-16_SRR27180968/reads/A_HA_H3	1323056
swine_20594	A_MP	data/IRMA/swine_20594_2014-07-16_SRR27180968/reads/A_MP	5716
swine_20594	A_NA_N2	data/IRMA/swine_20594_2014-07-16_SRR27180968/reads/A_NA_N2	682048
swine_20594	A_NP	data/IRMA/swine_20594_2014-07-16_SRR27180968/reads/A_NP	497436
swine_20594	A_NS	data/IRMA/swine_20594_2014-07-16_SRR27180968/reads/A_NS	1251892
swine_20594	A_PA	data/IRMA/swine_20594_2014-07-16_SRR27180968/reads/A_PA	770140
swine_20594	A_PB1	data/IRMA/swine_20594_2014-07-16_SRR27180968/reads/A_PB1	2852
swine_20594	A_PB2	data/IRMA/swine_20594_2014-07-16_SRR27180968/reads/A_PB2	740400
swine_20595	A_HA_H3	data/IRMA/swine_20595_2014-07-16_SRR27181180/reads/A_HA_H3	78508
swine_20595	A_MP	data/IRMA/swine_20595_2014-07-16_SRR27181180/reads/A_MP	1255444
swine_20595	A_NA_N2	data/IRMA/swine_20595_2014-07-16_SRR27181180/reads/A_NA_N2	1173600
swine_20595	A_NP	data/IRMA/swine_20595_2014-07-16_SRR27181180/reads/A_NP	1003020
swine_20595	A_NS	data/IRMA/swine_20595_2014-07-16_SRR27181180/reads/A_NS	2026516
swine_20595	A_PA	data/IRMA/swine_20595_2014-07-16_SRR27181180/reads/A_PA	887764
swine_20595	A_PB1	data/IRMA/swine_20595_2014-07-16_SRR27181180/reads/A_PB1	589212
swine_20595	A_PB2	data/IRMA/swine_20595_2014-07-16_SRR27181180/reads/A_PB2	21144
swine_20601	A_HA_H3	data/IRMA/swine_20601_2014-07-16_SRR27181394/reads/A_HA_H3	231160
swine_20601	A_MP	data/IRMA/swine_20601_2014-07-16_SRR27181394/reads/A_MP	743052
swine_20601	A_NA_N2	data/IRMA/swine_20601_2014-07-16_SRR27181394/reads/A_NA_N2	583276
swine_20601	A_NP	data/IRMA/swine_20601_2014-07-16_SRR27181394/reads/A_NP	333520
swine_20601	A_NS	data/IRMA/swine_20601_2014-07-16_SRR27181394/reads/A_NS	1081036
swine_20601	A_PA	data/IRMA/swine_20601_2014-07-16_SRR27181394/reads/A_PA	253768
swine_20601	A_PB1	data/IRMA/swine_20601_2014-07-16_SRR27181394/reads/A_PB1	632524
swine_20601	A_PB2	data/IRMA/swine_20601_2014-07-16_SRR27181394/reads/A_PB2	567928
swine_20601	A_HA_H3	data/IRMA/swine_20601_2014-07-17_SRR27181357/reads/A_HA_H3	1554888
swine_20601	A_MP	data/IRMA/swine_20601_2014-07-17_SRR27181357/reads/A_MP	5460080
swine_20601	A_NA_N2	data/IRMA/swine_20601_2014-07-17_SRR27181357/reads/A_NA_N2	4958144
swine_20601	A_NP	data/IRMA/swine_20601_2014-07-17_SRR27181357/reads/A_NP	3121752
swine_20601	A_NS	data/IRMA/swine_20601_2014-07-17_SRR27181357/reads/A_NS	5041748
swine_20601	A_PA	data/IRMA/swine_20601_2014-07-17_SRR27181357/reads/A_PA	3577056
swine_20601	A_PB1	data/IRMA/swine_20601_2014-07-17_SRR27181357/reads/A_PB1	4216540
swine_20601	A_PB2	data/IRMA/swine_20601_2014-07-17_SRR27181357/reads/A_PB2	4590400
swine_20602	A_HA_H3	data/IRMA/swine_20602_2014-07-16_SRR27181393/reads/A_HA_H3	430704
swine_20602	A_MP	data/IRMA/swine_20602_2014-07-16_SRR27181393/reads/A_MP	1183480
swine_20602	A_NA_N2	data/IRMA/swine_20602_2014-07-16_SRR27181393/reads/A_NA_N2	1271656
swine_20602	A_NP	data/IRMA/swine_20602_2014-07-16_SRR27181393/reads/A_NP	685220
swine_20602	A_NS	data/IRMA/swine_20602_2014-07-16_SRR27181393/reads/A_NS	1107312
swine_20602	A_PA	data/IRMA/swine_20602_2014-07-16_SRR27181393/reads/A_PA	909944
swine_20602	A_PB1	data/IRMA/swine_20602_2014-07-16_SRR27181393/reads/A_PB1	1187132
swine_20602	A_PB2	data/IRMA/swine_20602_2014-07-16_SRR27181393/reads/A_PB2	987728
swine_20605	A_HA_H3	data/IRMA/swine_20605_2014-07-16_SRR27180940/reads/A_HA_H3	599300
swine_20605	A_MP	data/IRMA/swine_20605_2014-07-16_SRR27180940/reads/A_MP	2027316
swine_20605	A_NA_N2	data/IRMA/swine_20605_2014-07-16_SRR27180940/reads/A_NA_N2	1763336
swine_20605	A_NP	data/IRMA/swine_20605_2014-07-16_SRR27180940/reads/A_NP	1112340
swine_20605	A_NS	data/IRMA/swine_20605_2014-07-16_SRR27180940/reads/A_NS	2229408
swine_20605	A_PA	data/IRMA/swine_20605_2014-07-16_SRR27180940/reads/A_PA	1405224
swine_20605	A_PB1	data/IRMA/swine_20605_2014-07-16_SRR27180940/reads/A_PB1	1492896
swine_20605	A_PB2	data/IRMA/swine_20605_2014-07-16_SRR27180940/reads/A_PB2	1347152
swine_20606	A_HA_H3	data/IRMA/swine_20606_2014-07-14_SRR27181653/reads/A_HA_H3	716088
swine_20606	A_MP	data/IRMA/swine_20606_2014-07-14_SRR27181653/reads/A_MP	2041424
swine_20606	A_NA_N2	data/IRMA/swine_20606_2014-07-14_SRR27181653/reads/A_NA_N2	1823996
swine_20606	A_NP	data/IRMA/swine_20606_2014-07-14_SRR27181653/reads/A_NP	1250012
swine_20606	A_NS	data/IRMA/swine_20606_2014-07-14_SRR27181653/reads/A_NS	1803892
swine_20606	A_PA	data/IRMA/swine_20606_2014-07-14_SRR27181653/reads/A_PA	733388
swine_20606	A_PB1	data/IRMA/swine_20606_2014-07-14_SRR27181653/reads/A_PB1	932852
swine_20606	A_PB2	data/IRMA/swine_20606_2014-07-14_SRR27181653/reads/A_PB2	961876
swine_20606	A_HA_H3	data/IRMA/swine_20606_2014-07-16_SRR27180943/reads/A_HA_H3	517656
swine_20606	A_MP	data/IRMA/swine_20606_2014-07-16_SRR27180943/reads/A_MP	1890064
swine_20606	A_NA_N2	data/IRMA/swine_20606_2014-07-16_SRR27180943/reads/A_NA_N2	1945476
swine_20606	A_NP	data/IRMA/swine_20606_2014-07-16_SRR27180943/reads/A_NP	940236
swine_20606	A_NS	data/IRMA/swine_20606_2014-07-16_SRR27180943/reads/A_NS	2050484
swine_20606	A_PA	data/IRMA/swine_20606_2014-07-16_SRR27180943/reads/A_PA	1173932
swine_20606	A_PB1	data/IRMA/swine_20606_2014-07-16_SRR27180943/reads/A_PB1	1332708
swine_20606	A_PB2	data/IRMA/swine_20606_2014-07-16_SRR27180943/reads/A_PB2	1275844
swine_20607	A_HA_H3	data/IRMA/swine_20607_2014-07-15_SRR27181423/reads/A_HA_H3	254244
swine_20607	A_MP	data/IRMA/swine_20607_2014-07-15_SRR27181423/reads/A_MP	1822828
swine_20607	A_NA_N2	data/IRMA/swine_20607_2014-07-15_SRR27181423/reads/A_NA_N2	1971092
swine_20607	A_NP	data/IRMA/swine_20607_2014-07-15_SRR27181423/reads/A_NP	1174876
swine_20607	A_NS	data/IRMA/swine_20607_2014-07-15_SRR27181423/reads/A_NS	2403844
swine_20607	A_PA	data/IRMA/swine_20607_2014-07-15_SRR27181423/reads/A_PA	648784
swine_20607	A_PB1	data/IRMA/swine_20607_2014-07-15_SRR27181423/reads/A_PB1	859928
swine_20607	A_PB2	data/IRMA/swine_20607_2014-07-15_SRR27181423/reads/A_PB2	1320084
swine_20607	A_HA_H3	data/IRMA/swine_20607_2014-07-16_SRR27180947/reads/A_HA_H3	584072
swine_20607	A_MP	data/IRMA/swine_20607_2014-07-16_SRR27180947/reads/A_MP	1916464
swine_20607	A_NA_N2	data/IRMA/swine_20607_2014-07-16_SRR27180947/reads/A_NA_N2	1638044
swine_20607	A_NP	data/IRMA/swine_20607_2014-07-16_SRR27180947/reads/A_NP	1019280
swine_20607	A_NS	data/IRMA/swine_20607_2014-07-16_SRR27180947/reads/A_NS	2116316
swine_20607	A_PA	data/IRMA/swine_20607_2014-07-16_SRR27180947/reads/A_PA	1151808
swine_20607	A_PB1	data/IRMA/swine_20607_2014-07-16_SRR27180947/reads/A_PB1	1325776
swine_20607	A_PB2	data/IRMA/swine_20607_2014-07-16_SRR27180947/reads/A_PB2	1350612
swine_20608	A_HA_H3	data/IRMA/swine_20608_2014-07-16_SRR27180941/reads/A_HA_H3	539576
swine_20608	A_MP	data/IRMA/swine_20608_2014-07-16_SRR27180941/reads/A_MP	1894084
swine_20608	A_NA_N2	data/IRMA/swine_20608_2014-07-16_SRR27180941/reads/A_NA_N2	1568368
swine_20608	A_NP	data/IRMA/swine_20608_2014-07-16_SRR27180941/reads/A_NP	1041440
swine_20608	A_NS	data/IRMA/swine_20608_2014-07-16_SRR27180941/reads/A_NS	2106564
swine_20608	A_PA	data/IRMA/swine_20608_2014-07-16_SRR27180941/reads/A_PA	1144900
swine_20608	A_PB1	data/IRMA/swine_20608_2014-07-16_SRR27180941/reads/A_PB1	1277320
swine_20608	A_PB2	data/IRMA/swine_20608_2014-07-16_SRR27180941/reads/A_PB2	1468640
swine_20609	A_HA_H3	data/IRMA/swine_20609_2014-07-13_SRR27180998/reads/A_HA_H3	618788
swine_20609	A_MP	data/IRMA/swine_20609_2014-07-13_SRR27180998/reads/A_MP	1904984
swine_20609	A_NA_N2	data/IRMA/swine_20609_2014-07-13_SRR27180998/reads/A_NA_N2	1821048
swine_20609	A_NP	data/IRMA/swine_20609_2014-07-13_SRR27180998/reads/A_NP	1196336
swine_20609	A_NS	data/IRMA/swine_20609_2014-07-13_SRR27180998/reads/A_NS	1857396
swine_20609	A_PA	data/IRMA/swine_20609_2014-07-13_SRR27180998/reads/A_PA	797088
swine_20609	A_PB1	data/IRMA/swine_20609_2014-07-13_SRR27180998/reads/A_PB1	1114496
swine_20609	A_PB2	data/IRMA/swine_20609_2014-07-13_SRR27180998/reads/A_PB2	928108
swine_20609	A_HA_H3	data/IRMA/swine_20609_2014-07-16_SRR27181485/reads/A_HA_H3	43668
swine_20609	A_MP	data/IRMA/swine_20609_2014-07-16_SRR27181485/reads/A_MP	805444
swine_20609	A_NA_N2	data/IRMA/swine_20609_2014-07-16_SRR27181485/reads/A_NA_N2	1045916
swine_20609	A_NP	data/IRMA/swine_20609_2014-07-16_SRR27181485/reads/A_NP	461708
swine_20609	A_NS	data/IRMA/swine_20609_2014-07-16_SRR27181485/reads/A_NS	1705768
swine_20609	A_PA	data/IRMA/swine_20609_2014-07-16_SRR27181485/reads/A_PA	596324
swine_20609	A_PB1	data/IRMA/swine_20609_2014-07-16_SRR27181485/reads/A_PB1	1095628
swine_20609	A_PB2	data/IRMA/swine_20609_2014-07-16_SRR27181485/reads/A_PB2	671008
swine_20610	A_HA_H3	data/IRMA/swine_20610_2014-07-15_SRR27181425/reads/A_HA_H3	390980
swine_20610	A_MP	data/IRMA/swine_20610_2014-07-15_SRR27181425/reads/A_MP	1483404
swine_20610	A_NA_N2	data/IRMA/swine_20610_2014-07-15_SRR27181425/reads/A_NA_N2	1351872
swine_20610	A_NP	data/IRMA/swine_20610_2014-07-15_SRR27181425/reads/A_NP	796268
swine_20610	A_NS	data/IRMA/swine_20610_2014-07-15_SRR27181425/reads/A_NS	1595980
swine_20610	A_PA	data/IRMA/swine_20610_2014-07-15_SRR27181425/reads/A_PA	1018796
swine_20610	A_PB1	data/IRMA/swine_20610_2014-07-15_SRR27181425/reads/A_PB1	1122348
swine_20610	A_PB2	data/IRMA/swine_20610_2014-07-15_SRR27181425/reads/A_PB2	1172216
swine_20610	A_HA_H3	data/IRMA/swine_20610_2014-07-16_SRR27180942/reads/A_HA_H3	277932
swine_20610	A_MP	data/IRMA/swine_20610_2014-07-16_SRR27180942/reads/A_MP	1153772
swine_20610	A_NA_N2	data/IRMA/swine_20610_2014-07-16_SRR27180942/reads/A_NA_N2	1290780
swine_20610	A_NP	data/IRMA/swine_20610_2014-07-16_SRR27180942/reads/A_NP	682016
swine_20610	A_NS	data/IRMA/swine_20610_2014-07-16_SRR27180942/reads/A_NS	1735372
swine_20610	A_PA	data/IRMA/swine_20610_2014-07-16_SRR27180942/reads/A_PA	705828
swine_20610	A_PB1	data/IRMA/swine_20610_2014-07-16_SRR27180942/reads/A_PB1	960312
swine_20610	A_PB2	data/IRMA/swine_20610_2014-07-16_SRR27180942/reads/A_PB2	1057916
swine_20614	A_HA_H3	data/IRMA/swine_20614_2014-07-15_SRR27181215/reads/A_HA_H3	579928
swine_20614	A_MP	data/IRMA/swine_20614_2014-07-15_SRR27181215/reads/A_MP	2436392
swine_20614	A_NA_N2	data/IRMA/swine_20614_2014-07-15_SRR27181215/reads/A_NA_N2	1872412
swine_20614	A_NP	data/IRMA/swine_20614_2014-07-15_SRR27181215/reads/A_NP	1290348
swine_20614	A_NS	data/IRMA/swine_20614_2014-07-15_SRR27181215/reads/A_NS	2579908
swine_20614	A_PA	data/IRMA/swine_20614_2014-07-15_SRR27181215/reads/A_PA	735776
swine_20614	A_PB1	data/IRMA/swine_20614_2014-07-15_SRR27181215/reads/A_PB1	1135396
swine_20614	A_PB2	data/IRMA/swine_20614_2014-07-15_SRR27181215/reads/A_PB2	942052
swine_20615	A_HA_H3	data/IRMA/swine_20615_2014-07-15_SRR27181221/reads/A_HA_H3	383180
swine_20615	A_MP	data/IRMA/swine_20615_2014-07-15_SRR27181221/reads/A_MP	1957700
swine_20615	A_NA_N2	data/IRMA/swine_20615_2014-07-15_SRR27181221/reads/A_NA_N2	1561040
swine_20615	A_NP	data/IRMA/swine_20615_2014-07-15_SRR27181221/reads/A_NP	867440
swine_20615	A_NS	data/IRMA/swine_20615_2014-07-15_SRR27181221/reads/A_NS	1830936
swine_20615	A_PA	data/IRMA/swine_20615_2014-07-15_SRR27181221/reads/A_PA	560292
swine_20615	A_PB1	data/IRMA/swine_20615_2014-07-15_SRR27181221/reads/A_PB1	837856
swine_20615	A_PB2	data/IRMA/swine_20615_2014-07-15_SRR27181221/reads/A_PB2	816404
swine_20617	A_HA_H3	data/IRMA/swine_20617_2014-07-16_SRR27181192/reads/A_HA_H3	493896
swine_20617	A_MP	data/IRMA/swine_20617_2014-07-16_SRR27181192/reads/A_MP	1932288
swine_20617	A_NA_N2	data/IRMA/swine_20617_2014-07-16_SRR27181192/reads/A_NA_N2	2160796
swine_20617	A_NP	data/IRMA/swine_20617_2014-07-16_SRR27181192/reads/A_NP	909484
swine_20617	A_NS	data/IRMA/swine_20617_2014-07-16_SRR27181192/reads/A_NS	1639840
swine_20617	A_PA	data/IRMA/swine_20617_2014-07-16_SRR27181192/reads/A_PA	520276
swine_20617	A_PB1	data/IRMA/swine_20617_2014-07-16_SRR27181192/reads/A_PB1	796796
swine_20617	A_PB2	data/IRMA/swine_20617_2014-07-16_SRR27181192/reads/A_PB2	769400
swine_20625	A_HA_H3	data/IRMA/swine_20625_2014-07-14_SRR27181451/reads/A_HA_H3	332644
swine_20625	A_MP	data/IRMA/swine_20625_2014-07-14_SRR27181451/reads/A_MP	3062480
swine_20625	A_NA_N2	data/IRMA/swine_20625_2014-07-14_SRR27181451/reads/A_NA_N2	1698548
swine_20625	A_NP	data/IRMA/swine_20625_2014-07-14_SRR27181451/reads/A_NP	1320408
swine_20625	A_NS	data/IRMA/swine_20625_2014-07-14_SRR27181451/reads/A_NS	2332876
swine_20625	A_PA	data/IRMA/swine_20625_2014-07-14_SRR27181451/reads/A_PA	547844
swine_20625	A_PB1	data/IRMA/swine_20625_2014-07-14_SRR27181451/reads/A_PB1	1235900
swine_20625	A_PB2	data/IRMA/swine_20625_2014-07-14_SRR27181451/reads/A_PB2	601092
swine_20627	A_HA_H3	data/IRMA/swine_20627_2014-07-14_SRR27181452/reads/A_HA_H3	922752
swine_20627	A_MP	data/IRMA/swine_20627_2014-07-14_SRR27181452/reads/A_MP	2749144
swine_20627	A_NA_N2	data/IRMA/swine_20627_2014-07-14_SRR27181452/reads/A_NA_N2	2113752
swine_20627	A_NP	data/IRMA/swine_20627_2014-07-14_SRR27181452/reads/A_NP	1558128
swine_20627	A_NS	data/IRMA/swine_20627_2014-07-14_SRR27181452/reads/A_NS	2595324
swine_20627	A_PA	data/IRMA/swine_20627_2014-07-14_SRR27181452/reads/A_PA	782844
swine_20627	A_PB1	data/IRMA/swine_20627_2014-07-14_SRR27181452/reads/A_PB1	1140052
swine_20627	A_PB2	data/IRMA/swine_20627_2014-07-14_SRR27181452/reads/A_PB2	620884
swine_20627	A_HA_H3	data/IRMA/swine_20627_2014-07-15_SRR27181216/reads/A_HA_H3	717056
swine_20627	A_MP	data/IRMA/swine_20627_2014-07-15_SRR27181216/reads/A_MP	2139064
swine_20627	A_NA_N2	data/IRMA/swine_20627_2014-07-15_SRR27181216/reads/A_NA_N2	1935684
swine_20627	A_NP	data/IRMA/swine_20627_2014-07-15_SRR27181216/reads/A_NP	1287296
swine_20627	A_NS	data/IRMA/swine_20627_2014-07-15_SRR27181216/reads/A_NS	2279824
swine_20627	A_PA	data/IRMA/swine_20627_2014-07-15_SRR27181216/reads/A_PA	784692
swine_20627	A_PB1	data/IRMA/swine_20627_2014-07-15_SRR27181216/reads/A_PB1	912036
swine_20627	A_PB2	data/IRMA/swine_20627_2014-07-15_SRR27181216/reads/A_PB2	1187264
swine_20628	A_HA_H3	data/IRMA/swine_20628_2014-07-15_SRR27181218/reads/A_HA_H3	775132
swine_20628	A_MP	data/IRMA/swine_20628_2014-07-15_SRR27181218/reads/A_MP	2371752
swine_20628	A_NA_N2	data/IRMA/swine_20628_2014-07-15_SRR27181218/reads/A_NA_N2	2231752
swine_20628	A_NP	data/IRMA/swine_20628_2014-07-15_SRR27181218/reads/A_NP	1334344
swine_20628	A_NS	data/IRMA/swine_20628_2014-07-15_SRR27181218/reads/A_NS	2136960
swine_20628	A_PA	data/IRMA/swine_20628_2014-07-15_SRR27181218/reads/A_PA	943592
swine_20628	A_PB1	data/IRMA/swine_20628_2014-07-15_SRR27181218/reads/A_PB1	1160420
swine_20628	A_PB2	data/IRMA/swine_20628_2014-07-15_SRR27181218/reads/A_PB2	1162808
swine_20629	A_HA_H3	data/IRMA/swine_20629_2014-07-15_SRR27181210/reads/A_HA_H3	592140
swine_20629	A_MP	data/IRMA/swine_20629_2014-07-15_SRR27181210/reads/A_MP	2659676
swine_20629	A_NA_N2	data/IRMA/swine_20629_2014-07-15_SRR27181210/reads/A_NA_N2	1977856
swine_20629	A_NP	data/IRMA/swine_20629_2014-07-15_SRR27181210/reads/A_NP	1429128
swine_20629	A_NS	data/IRMA/swine_20629_2014-07-15_SRR27181210/reads/A_NS	2441792
swine_20629	A_PA	data/IRMA/swine_20629_2014-07-15_SRR27181210/reads/A_PA	753856
swine_20629	A_PB1	data/IRMA/swine_20629_2014-07-15_SRR27181210/reads/A_PB1	1004752
swine_20629	A_PB2	data/IRMA/swine_20629_2014-07-15_SRR27181210/reads/A_PB2	807540
swine_20630	A_HA_H3	data/IRMA/swine_20630_2014-07-14_SRR27181455/reads/A_HA_H3	227208
swine_20630	A_MP	data/IRMA/swine_20630_2014-07-14_SRR27181455/reads/A_MP	1151176
swine_20630	A_NA_N2	data/IRMA/swine_20630_2014-07-14_SRR27181455/reads/A_NA_N2	609300
swine_20630	A_NP	data/IRMA/swine_20630_2014-07-14_SRR27181455/reads/A_NP	559988
swine_20630	A_NS	data/IRMA/swine_20630_2014-07-14_SRR27181455/reads/A_NS	952488
swine_20630	A_PA	data/IRMA/swine_20630_2014-07-14_SRR27181455/reads/A_PA	283772
swine_20630	A_PB1	data/IRMA/swine_20630_2014-07-14_SRR27181455/reads/A_PB1	536216
swine_20630	A_PB2	data/IRMA/swine_20630_2014-07-14_SRR27181455/reads/A_PB2	364600
swine_20630	A_HA_H3	data/IRMA/swine_20630_2014-07-15_SRR27181209/reads/A_HA_H3	619236
swine_20630	A_MP	data/IRMA/swine_20630_2014-07-15_SRR27181209/reads/A_MP	2479148
swine_20630	A_NA_N2	data/IRMA/swine_20630_2014-07-15_SRR27181209/reads/A_NA_N2	2140208
swine_20630	A_NP	data/IRMA/swine_20630_2014-07-15_SRR27181209/reads/A_NP	1404408
swine_20630	A_NS	data/IRMA/swine_20630_2014-07-15_SRR27181209/reads/A_NS	2430744
swine_20630	A_PA	data/IRMA/swine_20630_2014-07-15_SRR27181209/reads/A_PA	960216
swine_20630	A_PB1	data/IRMA/swine_20630_2014-07-15_SRR27181209/reads/A_PB1	1206952
swine_20630	A_PB2	data/IRMA/swine_20630_2014-07-15_SRR27181209/reads/A_PB2	1040712
swine_20643	A_HA_H3	data/IRMA/swine_20643_2014-07-15_SRR27181214/reads/A_HA_H3	665836
swine_20643	A_MP	data/IRMA/swine_20643_2014-07-15_SRR27181214/reads/A_MP	2322224
swine_20643	A_NA_N2	data/IRMA/swine_20643_2014-07-15_SRR27181214/reads/A_NA_N2	1795888
swine_20643	A_NP	data/IRMA/swine_20643_2014-07-15_SRR27181214/reads/A_NP	1312000
swine_20643	A_NS	data/IRMA/swine_20643_2014-07-15_SRR27181214/reads/A_NS	2102596
swine_20643	A_PA	data/IRMA/swine_20643_2014-07-15_SRR27181214/reads/A_PA	790272
swine_20643	A_PB1	data/IRMA/swine_20643_2014-07-15_SRR27181214/reads/A_PB1	1085412
swine_20643	A_PB2	data/IRMA/swine_20643_2014-07-15_SRR27181214/reads/A_PB2	922604
swine_20644	A_HA_H3	data/IRMA/swine_20644_2014-07-12_SRR27181012/reads/A_HA_H3	841320
swine_20644	A_MP	data/IRMA/swine_20644_2014-07-12_SRR27181012/reads/A_MP	2854376
swine_20644	A_NA_N2	data/IRMA/swine_20644_2014-07-12_SRR27181012/reads/A_NA_N2	2258340
swine_20644	A_NP	data/IRMA/swine_20644_2014-07-12_SRR27181012/reads/A_NP	1499524
swine_20644	A_NS	data/IRMA/swine_20644_2014-07-12_SRR27181012/reads/A_NS	2666076
swine_20644	A_PA	data/IRMA/swine_20644_2014-07-12_SRR27181012/reads/A_PA	888916
swine_20644	A_PB1	data/IRMA/swine_20644_2014-07-12_SRR27181012/reads/A_PB1	1143324
swine_20644	A_PB2	data/IRMA/swine_20644_2014-07-12_SRR27181012/reads/A_PB2	1115940
swine_20644	A_HA_H3	data/IRMA/swine_20644_2014-07-16_SRR27181195/reads/A_HA_H3	469976
swine_20644	A_MP	data/IRMA/swine_20644_2014-07-16_SRR27181195/reads/A_MP	1916364
swine_20644	A_NA_N2	data/IRMA/swine_20644_2014-07-16_SRR27181195/reads/A_NA_N2	1554200
swine_20644	A_NP	data/IRMA/swine_20644_2014-07-16_SRR27181195/reads/A_NP	758552
swine_20644	A_NS	data/IRMA/swine_20644_2014-07-16_SRR27181195/reads/A_NS	1430820
swine_20644	A_PA	data/IRMA/swine_20644_2014-07-16_SRR27181195/reads/A_PA	429084
swine_20644	A_PB1	data/IRMA/swine_20644_2014-07-16_SRR27181195/reads/A_PB1	720620
swine_20644	A_PB2	data/IRMA/swine_20644_2014-07-16_SRR27181195/reads/A_PB2	647372
swine_20645	A_HA_H1	data/IRMA/swine_20645_2014-07-14_SRR27181456/reads/A_HA_H1	681276
swine_20645	A_MP	data/IRMA/swine_20645_2014-07-14_SRR27181456/reads/A_MP	2546380
swine_20645	A_NA_N2	data/IRMA/swine_20645_2014-07-14_SRR27181456/reads/A_NA_N2	1987756
swine_20645	A_NP	data/IRMA/swine_20645_2014-07-14_SRR27181456/reads/A_NP	1175516
swine_20645	A_NS	data/IRMA/swine_20645_2014-07-14_SRR27181456/reads/A_NS	2593560
swine_20645	A_PA	data/IRMA/swine_20645_2014-07-14_SRR27181456/reads/A_PA	960516
swine_20645	A_PB1	data/IRMA/swine_20645_2014-07-14_SRR27181456/reads/A_PB1	1361084
swine_20645	A_PB2	data/IRMA/swine_20645_2014-07-14_SRR27181456/reads/A_PB2	1016260
swine_20645	A_HA_H3	data/IRMA/swine_20645_2014-07-15_SRR27181213/reads/A_HA_H3	106896
swine_20645	A_MP	data/IRMA/swine_20645_2014-07-15_SRR27181213/reads/A_MP	1334224
swine_20645	A_NA_N2	data/IRMA/swine_20645_2014-07-15_SRR27181213/reads/A_NA_N2	842736
swine_20645	A_NP	data/IRMA/swine_20645_2014-07-15_SRR27181213/reads/A_NP	353856
swine_20645	A_NS	data/IRMA/swine_20645_2014-07-15_SRR27181213/reads/A_NS	1822424
swine_20645	A_PA	data/IRMA/swine_20645_2014-07-15_SRR27181213/reads/A_PA	229252
swine_20645	A_PB1	data/IRMA/swine_20645_2014-07-15_SRR27181213/reads/A_PB1	396256
swine_20645	A_PB2	data/IRMA/swine_20645_2014-07-15_SRR27181213/reads/A_PB2	1165092
swine_20647	A_HA_H3	data/IRMA/swine_20647_2014-07-16_SRR27181173/reads/A_HA_H3	508072
swine_20647	A_MP	data/IRMA/swine_20647_2014-07-16_SRR27181173/reads/A_MP	1711500
swine_20647	A_NA_N2	data/IRMA/swine_20647_2014-07-16_SRR27181173/reads/A_NA_N2	1900368
swine_20647	A_NP	data/IRMA/swine_20647_2014-07-16_SRR27181173/reads/A_NP	976640
swine_20647	A_NS	data/IRMA/swine_20647_2014-07-16_SRR27181173/reads/A_NS	2167136
swine_20647	A_PA	data/IRMA/swine_20647_2014-07-16_SRR27181173/reads/A_PA	1147688
swine_20647	A_PB1	data/IRMA/swine_20647_2014-07-16_SRR27181173/reads/A_PB1	1747416
swine_20647	A_PB2	data/IRMA/swine_20647_2014-07-16_SRR27181173/reads/A_PB2	919436
swine_20648	A_HA_H3	data/IRMA/swine_20648_2014-07-16_SRR27181171/reads/A_HA_H3	724464
swine_20648	A_MP	data/IRMA/swine_20648_2014-07-16_SRR27181171/reads/A_MP	2424356
swine_20648	A_NA_N2	data/IRMA/swine_20648_2014-07-16_SRR27181171/reads/A_NA_N2	2146552
swine_20648	A_NP	data/IRMA/swine_20648_2014-07-16_SRR27181171/reads/A_NP	1198328
swine_20648	A_NS	data/IRMA/swine_20648_2014-07-16_SRR27181171/reads/A_NS	2708472
swine_20648	A_PA	data/IRMA/swine_20648_2014-07-16_SRR27181171/reads/A_PA	1530436
swine_20648	A_PB1	data/IRMA/swine_20648_2014-07-16_SRR27181171/reads/A_PB1	1754824
swine_20648	A_PB2	data/IRMA/swine_20648_2014-07-16_SRR27181171/reads/A_PB2	1450588
swine_20650	A_HA_H3	data/IRMA/swine_20650_2014-07-17_SRR27180914/reads/A_HA_H3	263744
swine_20650	A_MP	data/IRMA/swine_20650_2014-07-17_SRR27180914/reads/A_MP	1482456
swine_20650	A_NA_N2	data/IRMA/swine_20650_2014-07-17_SRR27180914/reads/A_NA_N2	1560252
swine_20650	A_NP	data/IRMA/swine_20650_2014-07-17_SRR27180914/reads/A_NP	1095544
swine_20650	A_NS	data/IRMA/swine_20650_2014-07-17_SRR27180914/reads/A_NS	1576828
swine_20650	A_PA	data/IRMA/swine_20650_2014-07-17_SRR27180914/reads/A_PA	442780
swine_20650	A_PB1	data/IRMA/swine_20650_2014-07-17_SRR27180914/reads/A_PB1	647388
swine_20650	A_PB2	data/IRMA/swine_20650_2014-07-17_SRR27180914/reads/A_PB2	857048
swine_20656	A_HA_H1	data/IRMA/swine_20656_2014-07-14_SRR27181439/reads/A_HA_H1	333064
swine_20656	A_MP	data/IRMA/swine_20656_2014-07-14_SRR27181439/reads/A_MP	519260
swine_20656	A_NA_N1	data/IRMA/swine_20656_2014-07-14_SRR27181439/reads/A_NA_N1	271160
swine_20656	A_NP	data/IRMA/swine_20656_2014-07-14_SRR27181439/reads/A_NP	204608
swine_20656	A_NS	data/IRMA/swine_20656_2014-07-14_SRR27181439/reads/A_NS	825104
swine_20656	A_PA	data/IRMA/swine_20656_2014-07-14_SRR27181439/reads/A_PA	232092
swine_20656	A_PB1	data/IRMA/swine_20656_2014-07-14_SRR27181439/reads/A_PB1	150544
swine_20656	A_PB2	data/IRMA/swine_20656_2014-07-14_SRR27181439/reads/A_PB2	223864
swine_20694	A_HA_H3	data/IRMA/swine_20694_2014-07-15_SRR27181646/reads/A_HA_H3	513984
swine_20694	A_MP	data/IRMA/swine_20694_2014-07-15_SRR27181646/reads/A_MP	1790344
swine_20694	A_NA_N2	data/IRMA/swine_20694_2014-07-15_SRR27181646/reads/A_NA_N2	1588544
swine_20694	A_NP	data/IRMA/swine_20694_2014-07-15_SRR27181646/reads/A_NP	1015748
swine_20694	A_NS	data/IRMA/swine_20694_2014-07-15_SRR27181646/reads/A_NS	1584896
swine_20694	A_PA	data/IRMA/swine_20694_2014-07-15_SRR27181646/reads/A_PA	689604
swine_20694	A_PB1	data/IRMA/swine_20694_2014-07-15_SRR27181646/reads/A_PB1	867648
swine_20694	A_PB2	data/IRMA/swine_20694_2014-07-15_SRR27181646/reads/A_PB2	824016
swine_20694	A_HA_H3	data/IRMA/swine_20694_2014-07-16_SRR27181198/reads/A_HA_H3	574760
swine_20694	A_MP	data/IRMA/swine_20694_2014-07-16_SRR27181198/reads/A_MP	2015164
swine_20694	A_NA_N2	data/IRMA/swine_20694_2014-07-16_SRR27181198/reads/A_NA_N2	1528304
swine_20694	A_NP	data/IRMA/swine_20694_2014-07-16_SRR27181198/reads/A_NP	974688
swine_20694	A_NS	data/IRMA/swine_20694_2014-07-16_SRR27181198/reads/A_NS	2074396
swine_20694	A_PA	data/IRMA/swine_20694_2014-07-16_SRR27181198/reads/A_PA	963136
swine_20694	A_PB1	data/IRMA/swine_20694_2014-07-16_SRR27181198/reads/A_PB1	1162976
swine_20694	A_PB2	data/IRMA/swine_20694_2014-07-16_SRR27181198/reads/A_PB2	916744
swine_37104	A_HA_H3	data/IRMA/swine_37104_2014-07-15_SRR27181639/reads/A_HA_H3	402888
swine_37104	A_MP	data/IRMA/swine_37104_2014-07-15_SRR27181639/reads/A_MP	1886132
swine_37104	A_NA_N2	data/IRMA/swine_37104_2014-07-15_SRR27181639/reads/A_NA_N2	1528832
swine_37104	A_NP	data/IRMA/swine_37104_2014-07-15_SRR27181639/reads/A_NP	929312
swine_37104	A_NS	data/IRMA/swine_37104_2014-07-15_SRR27181639/reads/A_NS	1922380
swine_37104	A_PA	data/IRMA/swine_37104_2014-07-15_SRR27181639/reads/A_PA	891324
swine_37104	A_PB1	data/IRMA/swine_37104_2014-07-15_SRR27181639/reads/A_PB1	1222008
swine_37104	A_PB2	data/IRMA/swine_37104_2014-07-15_SRR27181639/reads/A_PB2	1099656
swine_37104	A_HA_H3	data/IRMA/swine_37104_2014-07-17_SRR27181356/reads/A_HA_H3	657372
swine_37104	A_MP	data/IRMA/swine_37104_2014-07-17_SRR27181356/reads/A_MP	2349548
swine_37104	A_NA_N2	data/IRMA/swine_37104_2014-07-17_SRR27181356/reads/A_NA_N2	2062156
swine_37104	A_NP	data/IRMA/swine_37104_2014-07-17_SRR27181356/reads/A_NP	1422636
swine_37104	A_NS	data/IRMA/swine_37104_2014-07-17_SRR27181356/reads/A_NS	2243624
swine_37104	A_PA	data/IRMA/swine_37104_2014-07-17_SRR27181356/reads/A_PA	1217540
swine_37104	A_PB1	data/IRMA/swine_37104_2014-07-17_SRR27181356/reads/A_PB1	1343576
swine_37104	A_PB2	data/IRMA/swine_37104_2014-07-17_SRR27181356/reads/A_PB2	1355392
swine_37112	A_HA_H3	data/IRMA/swine_37112_2014-07-16_SRR27181404/reads/A_HA_H3	327808
swine_37112	A_MP	data/IRMA/swine_37112_2014-07-16_SRR27181404/reads/A_MP	2185560
swine_37112	A_NA_N2	data/IRMA/swine_37112_2014-07-16_SRR27181404/reads/A_NA_N2	1870008
swine_37112	A_NP	data/IRMA/swine_37112_2014-07-16_SRR27181404/reads/A_NP	946116
swine_37112	A_NS	data/IRMA/swine_37112_2014-07-16_SRR27181404/reads/A_NS	2169464
swine_37112	A_PA	data/IRMA/swine_37112_2014-07-16_SRR27181404/reads/A_PA	988284
swine_37112	A_PB1	data/IRMA/swine_37112_2014-07-16_SRR27181404/reads/A_PB1	1227040
swine_37112	A_PB2	data/IRMA/swine_37112_2014-07-16_SRR27181404/reads/A_PB2	1057668
swine_37113	A_HA_H3	data/IRMA/swine_37113_2014-07-16_SRR27181403/reads/A_HA_H3	447892
swine_37113	A_MP	data/IRMA/swine_37113_2014-07-16_SRR27181403/reads/A_MP	2137696
swine_37113	A_NA_N2	data/IRMA/swine_37113_2014-07-16_SRR27181403/reads/A_NA_N2	1733284
swine_37113	A_NP	data/IRMA/swine_37113_2014-07-16_SRR27181403/reads/A_NP	1054840
swine_37113	A_NS	data/IRMA/swine_37113_2014-07-16_SRR27181403/reads/A_NS	2084600
swine_37113	A_PA	data/IRMA/swine_37113_2014-07-16_SRR27181403/reads/A_PA	1005920
swine_37113	A_PB1	data/IRMA/swine_37113_2014-07-16_SRR27181403/reads/A_PB1	1322528
swine_37113	A_PB2	data/IRMA/swine_37113_2014-07-16_SRR27181403/reads/A_PB2	992540
swine_37113	A_HA_H3	data/IRMA/swine_37113_2014-07-17_SRR27181144/reads/A_HA_H3	315216
swine_37113	A_MP	data/IRMA/swine_37113_2014-07-17_SRR27181144/reads/A_MP	784556
swine_37113	A_NA_N2	data/IRMA/swine_37113_2014-07-17_SRR27181144/reads/A_NA_N2	788456
swine_37113	A_NP	data/IRMA/swine_37113_2014-07-17_SRR27181144/reads/A_NP	500524
swine_37113	A_NS	data/IRMA/swine_37113_2014-07-17_SRR27181144/reads/A_NS	1186552
swine_37113	A_PA	data/IRMA/swine_37113_2014-07-17_SRR27181144/reads/A_PA	290408
swine_37113	A_PB1	data/IRMA/swine_37113_2014-07-17_SRR27181144/reads/A_PB1	441964
swine_37113	A_PB2	data/IRMA/swine_37113_2014-07-17_SRR27181144/reads/A_PB2	669064
swine_37120	A_HA_H3	data/IRMA/swine_37120_2014-07-17_SRR27181588/reads/A_HA_H3	555584
swine_37120	A_MP	data/IRMA/swine_37120_2014-07-17_SRR27181588/reads/A_MP	1473140
swine_37120	A_NA_N2	data/IRMA/swine_37120_2014-07-17_SRR27181588/reads/A_NA_N2	1415864
swine_37120	A_NP	data/IRMA/swine_37120_2014-07-17_SRR27181588/reads/A_NP	847220
swine_37120	A_NS	data/IRMA/swine_37120_2014-07-17_SRR27181588/reads/A_NS	1563656
swine_37120	A_PA	data/IRMA/swine_37120_2014-07-17_SRR27181588/reads/A_PA	1197684
swine_37120	A_PB1	data/IRMA/swine_37120_2014-07-17_SRR27181588/reads/A_PB1	1487340
swine_37120	A_PB2	data/IRMA/swine_37120_2014-07-17_SRR27181588/reads/A_PB2	1306932
swine_37121	A_HA_H3	data/IRMA/swine_37121_2014-07-17_SRR27181364/reads/A_HA_H3	244
swine_37121	A_MP	data/IRMA/swine_37121_2014-07-17_SRR27181364/reads/A_MP	88684
swine_37121	A_NA_N2	data/IRMA/swine_37121_2014-07-17_SRR27181364/reads/A_NA_N2	53340
swine_37121	A_NP	data/IRMA/swine_37121_2014-07-17_SRR27181364/reads/A_NP	23696
swine_37121	A_NS	data/IRMA/swine_37121_2014-07-17_SRR27181364/reads/A_NS	114316
swine_37121	A_PA	data/IRMA/swine_37121_2014-07-17_SRR27181364/reads/A_PA	7172
swine_37121	A_PB1	data/IRMA/swine_37121_2014-07-17_SRR27181364/reads/A_PB1	61068
swine_37121	A_PB2	data/IRMA/swine_37121_2014-07-17_SRR27181364/reads/A_PB2	20528
swine_37122	A_HA_H3	data/IRMA/swine_37122_2014-07-16_SRR27180929/reads/A_HA_H3	613884
swine_37122	A_MP	data/IRMA/swine_37122_2014-07-16_SRR27180929/reads/A_MP	1261316
swine_37122	A_NA_N2	data/IRMA/swine_37122_2014-07-16_SRR27180929/reads/A_NA_N2	965068
swine_37122	A_NP	data/IRMA/swine_37122_2014-07-16_SRR27180929/reads/A_NP	817668
swine_37122	A_NS	data/IRMA/swine_37122_2014-07-16_SRR27180929/reads/A_NS	1491808
swine_37122	A_PA	data/IRMA/swine_37122_2014-07-16_SRR27180929/reads/A_PA	669848
swine_37122	A_PB1	data/IRMA/swine_37122_2014-07-16_SRR27180929/reads/A_PB1	1286244
swine_37122	A_PB2	data/IRMA/swine_37122_2014-07-16_SRR27180929/reads/A_PB2	1109248
swine_37122	A_HA_H3	data/IRMA/swine_37122_2014-07-17_SRR27181363/reads/A_HA_H3	574644
swine_37122	A_MP	data/IRMA/swine_37122_2014-07-17_SRR27181363/reads/A_MP	2142188
swine_37122	A_NA_N2	data/IRMA/swine_37122_2014-07-17_SRR27181363/reads/A_NA_N2	1818968
swine_37122	A_NP	data/IRMA/swine_37122_2014-07-17_SRR27181363/reads/A_NP	1282596
swine_37122	A_NS	data/IRMA/swine_37122_2014-07-17_SRR27181363/reads/A_NS	2112424
swine_37122	A_PA	data/IRMA/swine_37122_2014-07-17_SRR27181363/reads/A_PA	710372
swine_37122	A_PB1	data/IRMA/swine_37122_2014-07-17_SRR27181363/reads/A_PB1	992008
swine_37122	A_PB2	data/IRMA/swine_37122_2014-07-17_SRR27181363/reads/A_PB2	1132040
swine_37129	A_HA_H3	data/IRMA/swine_37129_2014-07-16_SRR27181408/reads/A_HA_H3	339260
swine_37129	A_MP	data/IRMA/swine_37129_2014-07-16_SRR27181408/reads/A_MP	1336528
swine_37129	A_NA_N2	data/IRMA/swine_37129_2014-07-16_SRR27181408/reads/A_NA_N2	1176176
swine_37129	A_NP	data/IRMA/swine_37129_2014-07-16_SRR27181408/reads/A_NP	648084
swine_37129	A_NS	data/IRMA/swine_37129_2014-07-16_SRR27181408/reads/A_NS	1229348
swine_37129	A_PA	data/IRMA/swine_37129_2014-07-16_SRR27181408/reads/A_PA	769996
swine_37129	A_PB1	data/IRMA/swine_37129_2014-07-16_SRR27181408/reads/A_PB1	1046824
swine_37129	A_PB2	data/IRMA/swine_37129_2014-07-16_SRR27181408/reads/A_PB2	842560
swine_37131	A_HA_H3	data/IRMA/swine_37131_2014-07-15_SRR27181642/reads/A_HA_H3	472
swine_37131	A_MP	data/IRMA/swine_37131_2014-07-15_SRR27181642/reads/A_MP	3235640
swine_37131	A_NA_N2	data/IRMA/swine_37131_2014-07-15_SRR27181642/reads/A_NA_N2	1454664
swine_37131	A_NP	data/IRMA/swine_37131_2014-07-15_SRR27181642/reads/A_NP	1188
swine_37131	A_NS	data/IRMA/swine_37131_2014-07-15_SRR27181642/reads/A_NS	5278320
swine_37131	A_PA	data/IRMA/swine_37131_2014-07-15_SRR27181642/reads/A_PA	1368816
swine_37131	A_PB1	data/IRMA/swine_37131_2014-07-15_SRR27181642/reads/A_PB1	388740
swine_37131	A_PB2	data/IRMA/swine_37131_2014-07-15_SRR27181642/reads/A_PB2	1062988
swine_37132	A_HA_H3	data/IRMA/swine_37132_2014-07-14_SRR27181445/reads/A_HA_H3	717224
swine_37132	A_MP	data/IRMA/swine_37132_2014-07-14_SRR27181445/reads/A_MP	2376976
swine_37132	A_NA_N2	data/IRMA/swine_37132_2014-07-14_SRR27181445/reads/A_NA_N2	1907960
swine_37132	A_NP	data/IRMA/swine_37132_2014-07-14_SRR27181445/reads/A_NP	1429044
swine_37132	A_NS	data/IRMA/swine_37132_2014-07-14_SRR27181445/reads/A_NS	2347152
swine_37132	A_PA	data/IRMA/swine_37132_2014-07-14_SRR27181445/reads/A_PA	1082036
swine_37132	A_PB1	data/IRMA/swine_37132_2014-07-14_SRR27181445/reads/A_PB1	1227868
swine_37132	A_PB2	data/IRMA/swine_37132_2014-07-14_SRR27181445/reads/A_PB2	1090272
swine_37132	A_HA_H3	data/IRMA/swine_37132_2014-07-17_SRR27181147/reads/A_HA_H3	484696
swine_37132	A_MP	data/IRMA/swine_37132_2014-07-17_SRR27181147/reads/A_MP	1997400
swine_37132	A_NA_N2	data/IRMA/swine_37132_2014-07-17_SRR27181147/reads/A_NA_N2	1695580
swine_37132	A_NP	data/IRMA/swine_37132_2014-07-17_SRR27181147/reads/A_NP	1226036
swine_37132	A_NS	data/IRMA/swine_37132_2014-07-17_SRR27181147/reads/A_NS	2032332
swine_37132	A_PA	data/IRMA/swine_37132_2014-07-17_SRR27181147/reads/A_PA	1069840
swine_37132	A_PB1	data/IRMA/swine_37132_2014-07-17_SRR27181147/reads/A_PB1	1465116
swine_37132	A_PB2	data/IRMA/swine_37132_2014-07-17_SRR27181147/reads/A_PB2	1464600
swine_37133	A_HA_H3	data/IRMA/swine_37133_2014-07-16_SRR27181184/reads/A_HA_H3	504792
swine_37133	A_MP	data/IRMA/swine_37133_2014-07-16_SRR27181184/reads/A_MP	2665896
swine_37133	A_NA_N2	data/IRMA/swine_37133_2014-07-16_SRR27181184/reads/A_NA_N2	1760936
swine_37133	A_NP	data/IRMA/swine_37133_2014-07-16_SRR27181184/reads/A_NP	979536
swine_37133	A_NS	data/IRMA/swine_37133_2014-07-16_SRR27181184/reads/A_NS	2450812
swine_37133	A_PA	data/IRMA/swine_37133_2014-07-16_SRR27181184/reads/A_PA	615088
swine_37133	A_PB1	data/IRMA/swine_37133_2014-07-16_SRR27181184/reads/A_PB1	816280
swine_37133	A_PB2	data/IRMA/swine_37133_2014-07-16_SRR27181184/reads/A_PB2	720712
swine_37133	A_HA_H3	data/IRMA/swine_37133_2014-07-17_SRR27181580/reads/A_HA_H3	337644
swine_37133	A_MP	data/IRMA/swine_37133_2014-07-17_SRR27181580/reads/A_MP	426688
swine_37133	A_NA_N2	data/IRMA/swine_37133_2014-07-17_SRR27181580/reads/A_NA_N2	1225408
swine_37133	A_NP	data/IRMA/swine_37133_2014-07-17_SRR27181580/reads/A_NP	828
swine_37133	A_NS	data/IRMA/swine_37133_2014-07-17_SRR27181580/reads/A_NS	464680
swine_37133	A_PA	data/IRMA/swine_37133_2014-07-17_SRR27181580/reads/A_PA	381808
swine_37133	A_PB1	data/IRMA/swine_37133_2014-07-17_SRR27181580/reads/A_PB1	389072
swine_37133	A_PB2	data/IRMA/swine_37133_2014-07-17_SRR27181580/reads/A_PB2	1084
swine_37135	A_HA_H3	data/IRMA/swine_37135_2014-07-16_SRR27181611/reads/A_HA_H3	275860
swine_37135	A_MP	data/IRMA/swine_37135_2014-07-16_SRR27181611/reads/A_MP	2028224
swine_37135	A_NA_N2	data/IRMA/swine_37135_2014-07-16_SRR27181611/reads/A_NA_N2	1637476
swine_37135	A_NP	data/IRMA/swine_37135_2014-07-16_SRR27181611/reads/A_NP	897796
swine_37135	A_NS	data/IRMA/swine_37135_2014-07-16_SRR27181611/reads/A_NS	1622876
swine_37135	A_PA	data/IRMA/swine_37135_2014-07-16_SRR27181611/reads/A_PA	752808
swine_37135	A_PB1	data/IRMA/swine_37135_2014-07-16_SRR27181611/reads/A_PB1	1050348
swine_37135	A_PB2	data/IRMA/swine_37135_2014-07-16_SRR27181611/reads/A_PB2	958960
swine_37135	A_HA_H3	data/IRMA/swine_37135_2014-07-17_SRR27180925/reads/A_HA_H3	656656
swine_37135	A_MP	data/IRMA/swine_37135_2014-07-17_SRR27180925/reads/A_MP	2411520
swine_37135	A_NA_N2	data/IRMA/swine_37135_2014-07-17_SRR27180925/reads/A_NA_N2	1997684
swine_37135	A_NP	data/IRMA/swine_37135_2014-07-17_SRR27180925/reads/A_NP	1504492
swine_37135	A_NS	data/IRMA/swine_37135_2014-07-17_SRR27180925/reads/A_NS	2207516
swine_37135	A_PA	data/IRMA/swine_37135_2014-07-17_SRR27180925/reads/A_PA	1123408
swine_37135	A_PB1	data/IRMA/swine_37135_2014-07-17_SRR27180925/reads/A_PB1	1296352
swine_37135	A_PB2	data/IRMA/swine_37135_2014-07-17_SRR27180925/reads/A_PB2	1267412
swine_37139	A_HA_H3	data/IRMA/swine_37139_2014-07-15_SRR27181636/reads/A_HA_H3	253144
swine_37139	A_MP	data/IRMA/swine_37139_2014-07-15_SRR27181636/reads/A_MP	803728
swine_37139	A_NA_N2	data/IRMA/swine_37139_2014-07-15_SRR27181636/reads/A_NA_N2	730584
swine_37139	A_NP	data/IRMA/swine_37139_2014-07-15_SRR27181636/reads/A_NP	580476
swine_37139	A_NS	data/IRMA/swine_37139_2014-07-15_SRR27181636/reads/A_NS	1092164
swine_37139	A_PA	data/IRMA/swine_37139_2014-07-15_SRR27181636/reads/A_PA	493060
swine_37139	A_PB1	data/IRMA/swine_37139_2014-07-15_SRR27181636/reads/A_PB1	949172
swine_37139	A_PB2	data/IRMA/swine_37139_2014-07-15_SRR27181636/reads/A_PB2	726944
swine_37139	A_HA_H3	data/IRMA/swine_37139_2014-07-16_SRR27181391/reads/A_HA_H3	405420
swine_37139	A_MP	data/IRMA/swine_37139_2014-07-16_SRR27181391/reads/A_MP	1394688
swine_37139	A_NA_N2	data/IRMA/swine_37139_2014-07-16_SRR27181391/reads/A_NA_N2	1570732
swine_37139	A_NP	data/IRMA/swine_37139_2014-07-16_SRR27181391/reads/A_NP	843208
swine_37139	A_NS	data/IRMA/swine_37139_2014-07-16_SRR27181391/reads/A_NS	1527264
swine_37139	A_PA	data/IRMA/swine_37139_2014-07-16_SRR27181391/reads/A_PA	1026644
swine_37139	A_PB1	data/IRMA/swine_37139_2014-07-16_SRR27181391/reads/A_PB1	1220660
swine_37139	A_PB2	data/IRMA/swine_37139_2014-07-16_SRR27181391/reads/A_PB2	1286204
swine_37141	A_HA_H3	data/IRMA/swine_37141_2014-07-15_SRR27181637/reads/A_HA_H3	139528
swine_37141	A_MP	data/IRMA/swine_37141_2014-07-15_SRR27181637/reads/A_MP	924780
swine_37141	A_NA_N2	data/IRMA/swine_37141_2014-07-15_SRR27181637/reads/A_NA_N2	835484
swine_37141	A_NP	data/IRMA/swine_37141_2014-07-15_SRR27181637/reads/A_NP	524716
swine_37141	A_NS	data/IRMA/swine_37141_2014-07-15_SRR27181637/reads/A_NS	1092284
swine_37141	A_PA	data/IRMA/swine_37141_2014-07-15_SRR27181637/reads/A_PA	532720
swine_37141	A_PB1	data/IRMA/swine_37141_2014-07-15_SRR27181637/reads/A_PB1	862120
swine_37141	A_PB2	data/IRMA/swine_37141_2014-07-15_SRR27181637/reads/A_PB2	658168
swine_37141	A_HA_H3	data/IRMA/swine_37141_2014-07-17_SRR27181360/reads/A_HA_H3	789132
swine_37141	A_MP	data/IRMA/swine_37141_2014-07-17_SRR27181360/reads/A_MP	2399512
swine_37141	A_NA_N2	data/IRMA/swine_37141_2014-07-17_SRR27181360/reads/A_NA_N2	2263976
swine_37141	A_NP	data/IRMA/swine_37141_2014-07-17_SRR27181360/reads/A_NP	1446632
swine_37141	A_NS	data/IRMA/swine_37141_2014-07-17_SRR27181360/reads/A_NS	2130232
swine_37141	A_PA	data/IRMA/swine_37141_2014-07-17_SRR27181360/reads/A_PA	1381268
swine_37141	A_PB1	data/IRMA/swine_37141_2014-07-17_SRR27181360/reads/A_PB1	1726288
swine_37141	A_PB2	data/IRMA/swine_37141_2014-07-17_SRR27181360/reads/A_PB2	1718324
swine_37150	A_HA_H3	data/IRMA/swine_37150_2014-07-15_SRR27180988/reads/A_HA_H3	490376
swine_37150	A_MP	data/IRMA/swine_37150_2014-07-15_SRR27180988/reads/A_MP	2038732
swine_37150	A_NA_N2	data/IRMA/swine_37150_2014-07-15_SRR27180988/reads/A_NA_N2	1783288
swine_37150	A_NP	data/IRMA/swine_37150_2014-07-15_SRR27180988/reads/A_NP	918260
swine_37150	A_NS	data/IRMA/swine_37150_2014-07-15_SRR27180988/reads/A_NS	2248216
swine_37150	A_PA	data/IRMA/swine_37150_2014-07-15_SRR27180988/reads/A_PA	933708
swine_37150	A_PB1	data/IRMA/swine_37150_2014-07-15_SRR27180988/reads/A_PB1	1107356
swine_37150	A_PB2	data/IRMA/swine_37150_2014-07-15_SRR27180988/reads/A_PB2	1112640
swine_37151	A_HA_H1	data/IRMA/swine_37151_2014-07-16_SRR27181319/reads/A_HA_H1	2881860
swine_37151	A_MP	data/IRMA/swine_37151_2014-07-16_SRR27181319/reads/A_MP	3985344
swine_37151	A_NA_N1	data/IRMA/swine_37151_2014-07-16_SRR27181319/reads/A_NA_N1	2393156
swine_37151	A_NP	data/IRMA/swine_37151_2014-07-16_SRR27181319/reads/A_NP	3291724
swine_37151	A_NS	data/IRMA/swine_37151_2014-07-16_SRR27181319/reads/A_NS	3951316
swine_37151	A_PA	data/IRMA/swine_37151_2014-07-16_SRR27181319/reads/A_PA	3099924
swine_37151	A_PB1	data/IRMA/swine_37151_2014-07-16_SRR27181319/reads/A_PB1	2431252
swine_37151	A_PB2	data/IRMA/swine_37151_2014-07-16_SRR27181319/reads/A_PB2	2402968
swine_37152	A_HA_H3	data/IRMA/swine_37152_2014-07-16_SRR27181595/reads/A_HA_H3	264
swine_37152	A_MP	data/IRMA/swine_37152_2014-07-16_SRR27181595/reads/A_MP	467160
swine_37152	A_NA_N2	data/IRMA/swine_37152_2014-07-16_SRR27181595/reads/A_NA_N2	76756
swine_37152	A_NP	data/IRMA/swine_37152_2014-07-16_SRR27181595/reads/A_NP	331084
swine_37152	A_NS	data/IRMA/swine_37152_2014-07-16_SRR27181595/reads/A_NS	51488
swine_37152	A_PA	data/IRMA/swine_37152_2014-07-16_SRR27181595/reads/A_PA	260672
swine_37152	A_PB1	data/IRMA/swine_37152_2014-07-16_SRR27181595/reads/A_PB1	543952
swine_37152	A_PB2	data/IRMA/swine_37152_2014-07-16_SRR27181595/reads/A_PB2	1049764
swine_37154	A_HA_H3	data/IRMA/swine_37154_2014-07-16_SRR27181593/reads/A_HA_H3	208264
swine_37154	A_MP	data/IRMA/swine_37154_2014-07-16_SRR27181593/reads/A_MP	486824
swine_37154	A_NA_N2	data/IRMA/swine_37154_2014-07-16_SRR27181593/reads/A_NA_N2	476048
swine_37154	A_NP	data/IRMA/swine_37154_2014-07-16_SRR27181593/reads/A_NP	240200
swine_37154	A_NS	data/IRMA/swine_37154_2014-07-16_SRR27181593/reads/A_NS	751560
swine_37154	A_PA	data/IRMA/swine_37154_2014-07-16_SRR27181593/reads/A_PA	353788
swine_37154	A_PB1	data/IRMA/swine_37154_2014-07-16_SRR27181593/reads/A_PB1	369656
swine_37154	A_PB2	data/IRMA/swine_37154_2014-07-16_SRR27181593/reads/A_PB2	166920
swine_37155	A_HA_H1	data/IRMA/swine_37155_2014-07-16_SRR27181067/reads/A_HA_H1	2755460
swine_37155	A_MP	data/IRMA/swine_37155_2014-07-16_SRR27181067/reads/A_MP	5267400
swine_37155	A_NA_N1	data/IRMA/swine_37155_2014-07-16_SRR27181067/reads/A_NA_N1	2393328
swine_37155	A_NP	data/IRMA/swine_37155_2014-07-16_SRR27181067/reads/A_NP	3454688
swine_37155	A_NS	data/IRMA/swine_37155_2014-07-16_SRR27181067/reads/A_NS	4590408
swine_37155	A_PA	data/IRMA/swine_37155_2014-07-16_SRR27181067/reads/A_PA	2773896
swine_37155	A_PB1	data/IRMA/swine_37155_2014-07-16_SRR27181067/reads/A_PB1	1815956
swine_37155	A_PB2	data/IRMA/swine_37155_2014-07-16_SRR27181067/reads/A_PB2	1914760
swine_37156	A_HA_H1	data/IRMA/swine_37156_2014-07-15_SRR27181430/reads/A_HA_H1	552984
swine_37156	A_MP	data/IRMA/swine_37156_2014-07-15_SRR27181430/reads/A_MP	1508948
swine_37156	A_NA_N1	data/IRMA/swine_37156_2014-07-15_SRR27181430/reads/A_NA_N1	176400
swine_37156	A_NP	data/IRMA/swine_37156_2014-07-15_SRR27181430/reads/A_NP	378484
swine_37156	A_NS	data/IRMA/swine_37156_2014-07-15_SRR27181430/reads/A_NS	889104
swine_37156	A_PA	data/IRMA/swine_37156_2014-07-15_SRR27181430/reads/A_PA	407812
swine_37156	A_PB1	data/IRMA/swine_37156_2014-07-15_SRR27181430/reads/A_PB1	33528
swine_37156	A_PB2	data/IRMA/swine_37156_2014-07-15_SRR27181430/reads/A_PB2	138000
swine_37157	A_HA_H1	data/IRMA/swine_37157_2014-07-15_SRR27181431/reads/A_HA_H1	1294252
swine_37157	A_MP	data/IRMA/swine_37157_2014-07-15_SRR27181431/reads/A_MP	2027400
swine_37157	A_NA_N1	data/IRMA/swine_37157_2014-07-15_SRR27181431/reads/A_NA_N1	724136
swine_37157	A_NP	data/IRMA/swine_37157_2014-07-15_SRR27181431/reads/A_NP	1475172
swine_37157	A_NS	data/IRMA/swine_37157_2014-07-15_SRR27181431/reads/A_NS	798128
swine_37157	A_PA	data/IRMA/swine_37157_2014-07-15_SRR27181431/reads/A_PA	1148964
swine_37157	A_PB1	data/IRMA/swine_37157_2014-07-15_SRR27181431/reads/A_PB1	487692
swine_37157	A_PB2	data/IRMA/swine_37157_2014-07-15_SRR27181431/reads/A_PB2	372096
swine_37157	A_HA_H1	data/IRMA/swine_37157_2014-07-17_SRR27180905/reads/A_HA_H1	1905308
swine_37157	A_MP	data/IRMA/swine_37157_2014-07-17_SRR27180905/reads/A_MP	3880216
swine_37157	A_NA_N1	data/IRMA/swine_37157_2014-07-17_SRR27180905/reads/A_NA_N1	2613516
swine_37157	A_NP	data/IRMA/swine_37157_2014-07-17_SRR27180905/reads/A_NP	2912900
swine_37157	A_NS	data/IRMA/swine_37157_2014-07-17_SRR27180905/reads/A_NS	2123168
swine_37157	A_PA	data/IRMA/swine_37157_2014-07-17_SRR27180905/reads/A_PA	1431232
swine_37157	A_PB1	data/IRMA/swine_37157_2014-07-17_SRR27180905/reads/A_PB1	1149336
swine_37157	A_PB2	data/IRMA/swine_37157_2014-07-17_SRR27180905/reads/A_PB2	1612944
swine_37158	A_HA_H1	data/IRMA/swine_37158_2014-07-13_SRR27180999/reads/A_HA_H1	1446764
swine_37158	A_MP	data/IRMA/swine_37158_2014-07-13_SRR27180999/reads/A_MP	1958036
swine_37158	A_NA_N1	data/IRMA/swine_37158_2014-07-13_SRR27180999/reads/A_NA_N1	1259372
swine_37158	A_NP	data/IRMA/swine_37158_2014-07-13_SRR27180999/reads/A_NP	1613924
swine_37158	A_NS	data/IRMA/swine_37158_2014-07-13_SRR27180999/reads/A_NS	1562964
swine_37158	A_PA	data/IRMA/swine_37158_2014-07-13_SRR27180999/reads/A_PA	952408
swine_37158	A_PB1	data/IRMA/swine_37158_2014-07-13_SRR27180999/reads/A_PB1	533420
swine_37158	A_PB2	data/IRMA/swine_37158_2014-07-13_SRR27180999/reads/A_PB2	777216
swine_37158	A_HA_H1	data/IRMA/swine_37158_2014-07-14_SRR27181657/reads/A_HA_H1	1752852
swine_37158	A_MP	data/IRMA/swine_37158_2014-07-14_SRR27181657/reads/A_MP	1896948
swine_37158	A_NA_N1	data/IRMA/swine_37158_2014-07-14_SRR27181657/reads/A_NA_N1	1315116
swine_37158	A_NP	data/IRMA/swine_37158_2014-07-14_SRR27181657/reads/A_NP	1699184
swine_37158	A_NS	data/IRMA/swine_37158_2014-07-14_SRR27181657/reads/A_NS	1643852
swine_37158	A_PA	data/IRMA/swine_37158_2014-07-14_SRR27181657/reads/A_PA	996296
swine_37158	A_PB1	data/IRMA/swine_37158_2014-07-14_SRR27181657/reads/A_PB1	464192
swine_37158	A_PB2	data/IRMA/swine_37158_2014-07-14_SRR27181657/reads/A_PB2	762332
swine_37158	A_HA_H1	data/IRMA/swine_37158_2014-07-15_SRR27181429/reads/A_HA_H1	1009648
swine_37158	A_MP	data/IRMA/swine_37158_2014-07-15_SRR27181429/reads/A_MP	1648472
swine_37158	A_NA_N1	data/IRMA/swine_37158_2014-07-15_SRR27181429/reads/A_NA_N1	806092
swine_37158	A_NP	data/IRMA/swine_37158_2014-07-15_SRR27181429/reads/A_NP	1128836
swine_37158	A_NS	data/IRMA/swine_37158_2014-07-15_SRR27181429/reads/A_NS	1420140
swine_37158	A_PA	data/IRMA/swine_37158_2014-07-15_SRR27181429/reads/A_PA	873488
swine_37158	A_PB1	data/IRMA/swine_37158_2014-07-15_SRR27181429/reads/A_PB1	600684
swine_37158	A_PB2	data/IRMA/swine_37158_2014-07-15_SRR27181429/reads/A_PB2	812432
swine_37158	A_HA_H1	data/IRMA/swine_37158_2014-07-16_SRR27181161/reads/A_HA_H1	1045024
swine_37158	A_MP	data/IRMA/swine_37158_2014-07-16_SRR27181161/reads/A_MP	1321616
swine_37158	A_NA_N1	data/IRMA/swine_37158_2014-07-16_SRR27181161/reads/A_NA_N1	591456
swine_37158	A_NP	data/IRMA/swine_37158_2014-07-16_SRR27181161/reads/A_NP	1051056
swine_37158	A_NS	data/IRMA/swine_37158_2014-07-16_SRR27181161/reads/A_NS	1346416
swine_37158	A_PA	data/IRMA/swine_37158_2014-07-16_SRR27181161/reads/A_PA	980524
swine_37158	A_PB1	data/IRMA/swine_37158_2014-07-16_SRR27181161/reads/A_PB1	648492
swine_37158	A_PB2	data/IRMA/swine_37158_2014-07-16_SRR27181161/reads/A_PB2	965864
swine_37159	A_HA_H1	data/IRMA/swine_37159_2014-07-13_SRR27181000/reads/A_HA_H1	1099112
swine_37159	A_MP	data/IRMA/swine_37159_2014-07-13_SRR27181000/reads/A_MP	1234536
swine_37159	A_NA_N1	data/IRMA/swine_37159_2014-07-13_SRR27181000/reads/A_NA_N1	807220
swine_37159	A_NP	data/IRMA/swine_37159_2014-07-13_SRR27181000/reads/A_NP	1114136
swine_37159	A_NS	data/IRMA/swine_37159_2014-07-13_SRR27181000/reads/A_NS	932016
swine_37159	A_PA	data/IRMA/swine_37159_2014-07-13_SRR27181000/reads/A_PA	611448
swine_37159	A_PB1	data/IRMA/swine_37159_2014-07-13_SRR27181000/reads/A_PB1	376992
swine_37159	A_PB2	data/IRMA/swine_37159_2014-07-13_SRR27181000/reads/A_PB2	618332
swine_37159	A_HA_H1	data/IRMA/swine_37159_2014-07-14_SRR27181656/reads/A_HA_H1	2118320
swine_37159	A_MP	data/IRMA/swine_37159_2014-07-14_SRR27181656/reads/A_MP	2328108
swine_37159	A_NA_N1	data/IRMA/swine_37159_2014-07-14_SRR27181656/reads/A_NA_N1	1645916
swine_37159	A_NP	data/IRMA/swine_37159_2014-07-14_SRR27181656/reads/A_NP	1979744
swine_37159	A_NS	data/IRMA/swine_37159_2014-07-14_SRR27181656/reads/A_NS	2041712
swine_37159	A_PA	data/IRMA/swine_37159_2014-07-14_SRR27181656/reads/A_PA	1019716
swine_37159	A_PB1	data/IRMA/swine_37159_2014-07-14_SRR27181656/reads/A_PB1	589584
swine_37159	A_PB2	data/IRMA/swine_37159_2014-07-14_SRR27181656/reads/A_PB2	1011964
swine_37159	A_HA_H1	data/IRMA/swine_37159_2014-07-15_SRR27181432/reads/A_HA_H1	1221948
swine_37159	A_MP	data/IRMA/swine_37159_2014-07-15_SRR27181432/reads/A_MP	2126560
swine_37159	A_NA_N1	data/IRMA/swine_37159_2014-07-15_SRR27181432/reads/A_NA_N1	991260
swine_37159	A_NP	data/IRMA/swine_37159_2014-07-15_SRR27181432/reads/A_NP	1499456
swine_37159	A_NS	data/IRMA/swine_37159_2014-07-15_SRR27181432/reads/A_NS	1616304
swine_37159	A_PA	data/IRMA/swine_37159_2014-07-15_SRR27181432/reads/A_PA	1289692
swine_37159	A_PB1	data/IRMA/swine_37159_2014-07-15_SRR27181432/reads/A_PB1	698832
swine_37159	A_PB2	data/IRMA/swine_37159_2014-07-15_SRR27181432/reads/A_PB2	998460
swine_37159	A_HA_H1	data/IRMA/swine_37159_2014-07-16_SRR27181162/reads/A_HA_H1	382108
swine_37159	A_MP	data/IRMA/swine_37159_2014-07-16_SRR27181162/reads/A_MP	455928
swine_37159	A_NA_N1	data/IRMA/swine_37159_2014-07-16_SRR27181162/reads/A_NA_N1	107396
swine_37159	A_NP	data/IRMA/swine_37159_2014-07-16_SRR27181162/reads/A_NP	434608
swine_37159	A_NS	data/IRMA/swine_37159_2014-07-16_SRR27181162/reads/A_NS	706964
swine_37159	A_PA	data/IRMA/swine_37159_2014-07-16_SRR27181162/reads/A_PA	289300
swine_37159	A_PB1	data/IRMA/swine_37159_2014-07-16_SRR27181162/reads/A_PB1	167524
swine_37159	A_PB2	data/IRMA/swine_37159_2014-07-16_SRR27181162/reads/A_PB2	236280
swine_37160	A_HA_H1	data/IRMA/swine_37160_2014-07-15_SRR27181434/reads/A_HA_H1	813068
swine_37160	A_MP	data/IRMA/swine_37160_2014-07-15_SRR27181434/reads/A_MP	1220980
swine_37160	A_NA_N1	data/IRMA/swine_37160_2014-07-15_SRR27181434/reads/A_NA_N1	630036
swine_37160	A_NP	data/IRMA/swine_37160_2014-07-15_SRR27181434/reads/A_NP	1044172
swine_37160	A_NS	data/IRMA/swine_37160_2014-07-15_SRR27181434/reads/A_NS	1033164
swine_37160	A_PA	data/IRMA/swine_37160_2014-07-15_SRR27181434/reads/A_PA	777172
swine_37160	A_PB1	data/IRMA/swine_37160_2014-07-15_SRR27181434/reads/A_PB1	540704
swine_37160	A_PB2	data/IRMA/swine_37160_2014-07-15_SRR27181434/reads/A_PB2	669800
swine_37161	A_HA_H1	data/IRMA/swine_37161_2014-07-16_SRR27181163/reads/A_HA_H1	1190448
swine_37161	A_MP	data/IRMA/swine_37161_2014-07-16_SRR27181163/reads/A_MP	2357516
swine_37161	A_NA_N1	data/IRMA/swine_37161_2014-07-16_SRR27181163/reads/A_NA_N1	990592
swine_37161	A_NP	data/IRMA/swine_37161_2014-07-16_SRR27181163/reads/A_NP	1669392
swine_37161	A_NS	data/IRMA/swine_37161_2014-07-16_SRR27181163/reads/A_NS	2153132
swine_37161	A_PA	data/IRMA/swine_37161_2014-07-16_SRR27181163/reads/A_PA	1031276
swine_37161	A_PB1	data/IRMA/swine_37161_2014-07-16_SRR27181163/reads/A_PB1	858356
swine_37161	A_PB2	data/IRMA/swine_37161_2014-07-16_SRR27181163/reads/A_PB2	1046644
swine_37162	A_HA_H3	data/IRMA/swine_37162_2014-07-16_SRR27180964/reads/A_HA_H3	373120
swine_37162	A_MP	data/IRMA/swine_37162_2014-07-16_SRR27180964/reads/A_MP	1392184
swine_37162	A_NA_N2	data/IRMA/swine_37162_2014-07-16_SRR27180964/reads/A_NA_N2	1591556
swine_37162	A_NP	data/IRMA/swine_37162_2014-07-16_SRR27180964/reads/A_NP	835732
swine_37162	A_NS	data/IRMA/swine_37162_2014-07-16_SRR27180964/reads/A_NS	1698624
swine_37162	A_PA	data/IRMA/swine_37162_2014-07-16_SRR27180964/reads/A_PA	1002872
swine_37162	A_PB1	data/IRMA/swine_37162_2014-07-16_SRR27180964/reads/A_PB1	1552608
swine_37162	A_PB2	data/IRMA/swine_37162_2014-07-16_SRR27180964/reads/A_PB2	1379060
swine_37163	A_HA_H3	data/IRMA/swine_37163_2014-07-16_SRR27180965/reads/A_HA_H3	307844
swine_37163	A_MP	data/IRMA/swine_37163_2014-07-16_SRR27180965/reads/A_MP	985852
swine_37163	A_NA_N2	data/IRMA/swine_37163_2014-07-16_SRR27180965/reads/A_NA_N2	1398704
swine_37163	A_NP	data/IRMA/swine_37163_2014-07-16_SRR27180965/reads/A_NP	519884
swine_37163	A_NS	data/IRMA/swine_37163_2014-07-16_SRR27180965/reads/A_NS	1321672
swine_37163	A_PA	data/IRMA/swine_37163_2014-07-16_SRR27180965/reads/A_PA	959800
swine_37163	A_PB1	data/IRMA/swine_37163_2014-07-16_SRR27180965/reads/A_PB1	1045968
swine_37163	A_PB2	data/IRMA/swine_37163_2014-07-16_SRR27180965/reads/A_PB2	1083176
swine_37165	A_HA_H3	data/IRMA/swine_37165_2014-07-17_SRR27181154/reads/A_HA_H3	133944
swine_37165	A_MP	data/IRMA/swine_37165_2014-07-17_SRR27181154/reads/A_MP	725988
swine_37165	A_NA_N2	data/IRMA/swine_37165_2014-07-17_SRR27181154/reads/A_NA_N2	1276716
swine_37165	A_NP	data/IRMA/swine_37165_2014-07-17_SRR27181154/reads/A_NP	327560
swine_37165	A_NS	data/IRMA/swine_37165_2014-07-17_SRR27181154/reads/A_NS	957824
swine_37165	A_PA	data/IRMA/swine_37165_2014-07-17_SRR27181154/reads/A_PA	208128
swine_37165	A_PB1	data/IRMA/swine_37165_2014-07-17_SRR27181154/reads/A_PB1	268756
swine_37165	A_PB2	data/IRMA/swine_37165_2014-07-17_SRR27181154/reads/A_PB2	687292
swine_37168	A_HA_H3	data/IRMA/swine_37168_2014-07-16_SRR27181415/reads/A_HA_H3	23564
swine_37168	A_MP	data/IRMA/swine_37168_2014-07-16_SRR27181415/reads/A_MP	467300
swine_37168	A_NA_N2	data/IRMA/swine_37168_2014-07-16_SRR27181415/reads/A_NA_N2	1135964
swine_37168	A_NP	data/IRMA/swine_37168_2014-07-16_SRR27181415/reads/A_NP	435304
swine_37168	A_NS	data/IRMA/swine_37168_2014-07-16_SRR27181415/reads/A_NS	1651596
swine_37168	A_PA	data/IRMA/swine_37168_2014-07-16_SRR27181415/reads/A_PA	789104
swine_37168	A_PB1	data/IRMA/swine_37168_2014-07-16_SRR27181415/reads/A_PB1	544320
swine_37168	A_PB2	data/IRMA/swine_37168_2014-07-16_SRR27181415/reads/A_PB2	1038420
swine_37169	A_HA_H3	data/IRMA/swine_37169_2014-07-16_SRR27181414/reads/A_HA_H3	371448
swine_37169	A_MP	data/IRMA/swine_37169_2014-07-16_SRR27181414/reads/A_MP	2365312
swine_37169	A_NA_N2	data/IRMA/swine_37169_2014-07-16_SRR27181414/reads/A_NA_N2	1703572
swine_37169	A_NP	data/IRMA/swine_37169_2014-07-16_SRR27181414/reads/A_NP	1148364
swine_37169	A_NS	data/IRMA/swine_37169_2014-07-16_SRR27181414/reads/A_NS	2117952
swine_37169	A_PA	data/IRMA/swine_37169_2014-07-16_SRR27181414/reads/A_PA	828356
swine_37169	A_PB1	data/IRMA/swine_37169_2014-07-16_SRR27181414/reads/A_PB1	1217576
swine_37169	A_PB2	data/IRMA/swine_37169_2014-07-16_SRR27181414/reads/A_PB2	1123956
swine_37172	A_HA_H3	data/IRMA/swine_37172_2014-07-16_SRR27181413/reads/A_HA_H3	6104
swine_37172	A_MP	data/IRMA/swine_37172_2014-07-16_SRR27181413/reads/A_MP	688524
swine_37172	A_NA_N2	data/IRMA/swine_37172_2014-07-16_SRR27181413/reads/A_NA_N2	620396
swine_37172	A_NP	data/IRMA/swine_37172_2014-07-16_SRR27181413/reads/A_NP	206632
swine_37172	A_NS	data/IRMA/swine_37172_2014-07-16_SRR27181413/reads/A_NS	653744
swine_37172	A_PA	data/IRMA/swine_37172_2014-07-16_SRR27181413/reads/A_PA	137344
swine_37172	A_PB1	data/IRMA/swine_37172_2014-07-16_SRR27181413/reads/A_PB1	234944
swine_37172	A_PB2	data/IRMA/swine_37172_2014-07-16_SRR27181413/reads/A_PB2	351044
swine_37177	A_HA_H3	data/IRMA/swine_37177_2014-07-16_SRR27181392/reads/A_HA_H3	83176
swine_37177	A_MP	data/IRMA/swine_37177_2014-07-16_SRR27181392/reads/A_MP	473984
swine_37177	A_NA_N2	data/IRMA/swine_37177_2014-07-16_SRR27181392/reads/A_NA_N2	392100
swine_37177	A_NP	data/IRMA/swine_37177_2014-07-16_SRR27181392/reads/A_NP	364676
swine_37177	A_NS	data/IRMA/swine_37177_2014-07-16_SRR27181392/reads/A_NS	628260
swine_37177	A_PA	data/IRMA/swine_37177_2014-07-16_SRR27181392/reads/A_PA	235424
swine_37177	A_PB1	data/IRMA/swine_37177_2014-07-16_SRR27181392/reads/A_PB1	426428
swine_37177	A_PB2	data/IRMA/swine_37177_2014-07-16_SRR27181392/reads/A_PB2	321672
swine_37177	A_HA_H3	data/IRMA/swine_37177_2014-07-17_SRR27181584/reads/A_HA_H3	318528
swine_37177	A_MP	data/IRMA/swine_37177_2014-07-17_SRR27181584/reads/A_MP	2458416
swine_37177	A_NA_N2	data/IRMA/swine_37177_2014-07-17_SRR27181584/reads/A_NA_N2	2328464
swine_37177	A_NP	data/IRMA/swine_37177_2014-07-17_SRR27181584/reads/A_NP	832900
swine_37177	A_NS	data/IRMA/swine_37177_2014-07-17_SRR27181584/reads/A_NS	3568952
swine_37177	A_PA	data/IRMA/swine_37177_2014-07-17_SRR27181584/reads/A_PA	1484868
swine_37177	A_PB1	data/IRMA/swine_37177_2014-07-17_SRR27181584/reads/A_PB1	2102532
swine_37177	A_PB2	data/IRMA/swine_37177_2014-07-17_SRR27181584/reads/A_PB2	1795504
swine_37178	A_HA_H3	data/IRMA/swine_37178_2014-07-17_SRR27181569/reads/A_HA_H3	660396
swine_37178	A_MP	data/IRMA/swine_37178_2014-07-17_SRR27181569/reads/A_MP	2519700
swine_37178	A_NA_N2	data/IRMA/swine_37178_2014-07-17_SRR27181569/reads/A_NA_N2	2558608
swine_37178	A_NP	data/IRMA/swine_37178_2014-07-17_SRR27181569/reads/A_NP	1567864
swine_37178	A_NS	data/IRMA/swine_37178_2014-07-17_SRR27181569/reads/A_NS	2333140
swine_37178	A_PA	data/IRMA/swine_37178_2014-07-17_SRR27181569/reads/A_PA	1485432
swine_37178	A_PB1	data/IRMA/swine_37178_2014-07-17_SRR27181569/reads/A_PB1	1381668
swine_37178	A_PB2	data/IRMA/swine_37178_2014-07-17_SRR27181569/reads/A_PB2	1503484
swine_37179	A_HA_H3	data/IRMA/swine_37179_2014-07-17_SRR27181574/reads/A_HA_H3	1485244
swine_37179	A_MP	data/IRMA/swine_37179_2014-07-17_SRR27181574/reads/A_MP	5303076
swine_37179	A_NA_N2	data/IRMA/swine_37179_2014-07-17_SRR27181574/reads/A_NA_N2	5268836
swine_37179	A_NP	data/IRMA/swine_37179_2014-07-17_SRR27181574/reads/A_NP	3225284
swine_37179	A_NS	data/IRMA/swine_37179_2014-07-17_SRR27181574/reads/A_NS	5349584
swine_37179	A_PA	data/IRMA/swine_37179_2014-07-17_SRR27181574/reads/A_PA	3873980
swine_37179	A_PB1	data/IRMA/swine_37179_2014-07-17_SRR27181574/reads/A_PB1	3658468
swine_37179	A_PB2	data/IRMA/swine_37179_2014-07-17_SRR27181574/reads/A_PB2	4787592
swine_37182	A_HA_H1	data/IRMA/swine_37182_2014-07-15_SRR27181422/reads/A_HA_H1	1155100
swine_37182	A_MP	data/IRMA/swine_37182_2014-07-15_SRR27181422/reads/A_MP	1986508
swine_37182	A_NA_N1	data/IRMA/swine_37182_2014-07-15_SRR27181422/reads/A_NA_N1	857248
swine_37182	A_NP	data/IRMA/swine_37182_2014-07-15_SRR27181422/reads/A_NP	1511372
swine_37182	A_NS	data/IRMA/swine_37182_2014-07-15_SRR27181422/reads/A_NS	1924040
swine_37182	A_PA	data/IRMA/swine_37182_2014-07-15_SRR27181422/reads/A_PA	1181592
swine_37182	A_PB1	data/IRMA/swine_37182_2014-07-15_SRR27181422/reads/A_PB1	863228
swine_37182	A_PB2	data/IRMA/swine_37182_2014-07-15_SRR27181422/reads/A_PB2	921068
swine_37182	A_HA_H1	data/IRMA/swine_37182_2014-07-16_SRR27180935/reads/A_HA_H1	1486416
swine_37182	A_MP	data/IRMA/swine_37182_2014-07-16_SRR27180935/reads/A_MP	2046644
swine_37182	A_NA_N1	data/IRMA/swine_37182_2014-07-16_SRR27180935/reads/A_NA_N1	957328
swine_37182	A_NP	data/IRMA/swine_37182_2014-07-16_SRR27180935/reads/A_NP	1405452
swine_37182	A_NS	data/IRMA/swine_37182_2014-07-16_SRR27180935/reads/A_NS	1992544
swine_37182	A_PA	data/IRMA/swine_37182_2014-07-16_SRR27180935/reads/A_PA	1453880
swine_37182	A_PB1	data/IRMA/swine_37182_2014-07-16_SRR27180935/reads/A_PB1	730704
swine_37182	A_PB2	data/IRMA/swine_37182_2014-07-16_SRR27180935/reads/A_PB2	1202456
swine_37184	A_HA_H1	data/IRMA/swine_37184_2014-07-15_SRR27180971/reads/A_HA_H1	1369780
swine_37184	A_MP	data/IRMA/swine_37184_2014-07-15_SRR27180971/reads/A_MP	2366540
swine_37184	A_NA_N1	data/IRMA/swine_37184_2014-07-15_SRR27180971/reads/A_NA_N1	1145204
swine_37184	A_NP	data/IRMA/swine_37184_2014-07-15_SRR27180971/reads/A_NP	1749636
swine_37184	A_NS	data/IRMA/swine_37184_2014-07-15_SRR27180971/reads/A_NS	2068020
swine_37184	A_PA	data/IRMA/swine_37184_2014-07-15_SRR27180971/reads/A_PA	1125052
swine_37184	A_PB1	data/IRMA/swine_37184_2014-07-15_SRR27180971/reads/A_PB1	863888
swine_37184	A_PB2	data/IRMA/swine_37184_2014-07-15_SRR27180971/reads/A_PB2	826160
swine_37186	A_HA_H3	data/IRMA/swine_37186_2014-07-15_SRR27181638/reads/A_HA_H3	387032
swine_37186	A_MP	data/IRMA/swine_37186_2014-07-15_SRR27181638/reads/A_MP	1230216
swine_37186	A_NA_N2	data/IRMA/swine_37186_2014-07-15_SRR27181638/reads/A_NA_N2	1273396
swine_37186	A_NP	data/IRMA/swine_37186_2014-07-15_SRR27181638/reads/A_NP	520652
swine_37186	A_NS	data/IRMA/swine_37186_2014-07-15_SRR27181638/reads/A_NS	1337412
swine_37186	A_PA	data/IRMA/swine_37186_2014-07-15_SRR27181638/reads/A_PA	840208
swine_37186	A_PB1	data/IRMA/swine_37186_2014-07-15_SRR27181638/reads/A_PB1	1126736
swine_37186	A_PB2	data/IRMA/swine_37186_2014-07-15_SRR27181638/reads/A_PB2	808476
swine_37187	A_HA_H1	data/IRMA/swine_37187_2014-07-15_SRR27181204/reads/A_HA_H1	608
swine_37187	A_MP	data/IRMA/swine_37187_2014-07-15_SRR27181204/reads/A_MP	2097984
swine_37187	A_NA_N2	data/IRMA/swine_37187_2014-07-15_SRR27181204/reads/A_NA_N2	2121620
swine_37187	A_NP	data/IRMA/swine_37187_2014-07-15_SRR27181204/reads/A_NP	815980
swine_37187	A_NS	data/IRMA/swine_37187_2014-07-15_SRR27181204/reads/A_NS	1726220
swine_37187	A_PA	data/IRMA/swine_37187_2014-07-15_SRR27181204/reads/A_PA	1412
swine_37187	A_PB1	data/IRMA/swine_37187_2014-07-15_SRR27181204/reads/A_PB1	1198972
swine_37187	A_PB2	data/IRMA/swine_37187_2014-07-15_SRR27181204/reads/A_PB2	69908
swine_37187	A_HA_H3	data/IRMA/swine_37187_2014-07-16_SRR27181416/reads/A_HA_H3	446244
swine_37187	A_MP	data/IRMA/swine_37187_2014-07-16_SRR27181416/reads/A_MP	1641376
swine_37187	A_NA_N2	data/IRMA/swine_37187_2014-07-16_SRR27181416/reads/A_NA_N2	1445660
swine_37187	A_NP	data/IRMA/swine_37187_2014-07-16_SRR27181416/reads/A_NP	853300
swine_37187	A_NS	data/IRMA/swine_37187_2014-07-16_SRR27181416/reads/A_NS	1740528
swine_37187	A_PA	data/IRMA/swine_37187_2014-07-16_SRR27181416/reads/A_PA	977388
swine_37187	A_PB1	data/IRMA/swine_37187_2014-07-16_SRR27181416/reads/A_PB1	1216840
swine_37187	A_PB2	data/IRMA/swine_37187_2014-07-16_SRR27181416/reads/A_PB2	1221528
swine_37188	A_HA_H3	data/IRMA/swine_37188_2014-07-14_SRR27181447/reads/A_HA_H3	535804
swine_37188	A_MP	data/IRMA/swine_37188_2014-07-14_SRR27181447/reads/A_MP	2498132
swine_37188	A_NA_N2	data/IRMA/swine_37188_2014-07-14_SRR27181447/reads/A_NA_N2	1136304
swine_37188	A_NP	data/IRMA/swine_37188_2014-07-14_SRR27181447/reads/A_NP	1270748
swine_37188	A_NS	data/IRMA/swine_37188_2014-07-14_SRR27181447/reads/A_NS	1965584
swine_37188	A_PA	data/IRMA/swine_37188_2014-07-14_SRR27181447/reads/A_PA	371600
swine_37188	A_PB1	data/IRMA/swine_37188_2014-07-14_SRR27181447/reads/A_PB1	1192940
swine_37188	A_PB2	data/IRMA/swine_37188_2014-07-14_SRR27181447/reads/A_PB2	270916
swine_37188	A_HA_H3	data/IRMA/swine_37188_2014-07-15_SRR27181201/reads/A_HA_H3	318100
swine_37188	A_MP	data/IRMA/swine_37188_2014-07-15_SRR27181201/reads/A_MP	2010396
swine_37188	A_NA_N2	data/IRMA/swine_37188_2014-07-15_SRR27181201/reads/A_NA_N2	1542388
swine_37188	A_NP	data/IRMA/swine_37188_2014-07-15_SRR27181201/reads/A_NP	1050740
swine_37188	A_NS	data/IRMA/swine_37188_2014-07-15_SRR27181201/reads/A_NS	2077176
swine_37188	A_PA	data/IRMA/swine_37188_2014-07-15_SRR27181201/reads/A_PA	946324
swine_37188	A_PB1	data/IRMA/swine_37188_2014-07-15_SRR27181201/reads/A_PB1	1135500
swine_37188	A_PB2	data/IRMA/swine_37188_2014-07-15_SRR27181201/reads/A_PB2	913416
swine_37189	A_HA_H1	data/IRMA/swine_37189_2014-07-16_SRR27181165/reads/A_HA_H1	1025904
swine_37189	A_MP	data/IRMA/swine_37189_2014-07-16_SRR27181165/reads/A_MP	1563512
swine_37189	A_NA_N1	data/IRMA/swine_37189_2014-07-16_SRR27181165/reads/A_NA_N1	936624
swine_37189	A_NP	data/IRMA/swine_37189_2014-07-16_SRR27181165/reads/A_NP	1152844
swine_37189	A_NS	data/IRMA/swine_37189_2014-07-16_SRR27181165/reads/A_NS	1628400
swine_37189	A_PA	data/IRMA/swine_37189_2014-07-16_SRR27181165/reads/A_PA	1018420
swine_37189	A_PB1	data/IRMA/swine_37189_2014-07-16_SRR27181165/reads/A_PB1	304492
swine_37189	A_PB2	data/IRMA/swine_37189_2014-07-16_SRR27181165/reads/A_PB2	808908
swine_37192	A_HA_H3	data/IRMA/swine_37192_2014-07-16_SRR27180958/reads/A_HA_H3	507268
swine_37192	A_MP	data/IRMA/swine_37192_2014-07-16_SRR27180958/reads/A_MP	1730848
swine_37192	A_NA_N2	data/IRMA/swine_37192_2014-07-16_SRR27180958/reads/A_NA_N2	1437220
swine_37192	A_NP	data/IRMA/swine_37192_2014-07-16_SRR27180958/reads/A_NP	911316
swine_37192	A_NS	data/IRMA/swine_37192_2014-07-16_SRR27180958/reads/A_NS	1947676
swine_37192	A_PA	data/IRMA/swine_37192_2014-07-16_SRR27180958/reads/A_PA	1319876
swine_37192	A_PB1	data/IRMA/swine_37192_2014-07-16_SRR27180958/reads/A_PB1	1791164
swine_37192	A_PB2	data/IRMA/swine_37192_2014-07-16_SRR27180958/reads/A_PB2	1272952
swine_37192	A_HA_H3	data/IRMA/swine_37192_2014-07-17_SRR27181150/reads/A_HA_H3	402468
swine_37192	A_MP	data/IRMA/swine_37192_2014-07-17_SRR27181150/reads/A_MP	1865012
swine_37192	A_NA_N2	data/IRMA/swine_37192_2014-07-17_SRR27181150/reads/A_NA_N2	1888016
swine_37192	A_NP	data/IRMA/swine_37192_2014-07-17_SRR27181150/reads/A_NP	982632
swine_37192	A_NS	data/IRMA/swine_37192_2014-07-17_SRR27181150/reads/A_NS	2068368
swine_37192	A_PA	data/IRMA/swine_37192_2014-07-17_SRR27181150/reads/A_PA	818768
swine_37192	A_PB1	data/IRMA/swine_37192_2014-07-17_SRR27181150/reads/A_PB1	1326048
swine_37192	A_PB2	data/IRMA/swine_37192_2014-07-17_SRR27181150/reads/A_PB2	1254388
swine_37193	A_HA_H3	data/IRMA/swine_37193_2014-07-16_SRR27180962/reads/A_HA_H3	453480
swine_37193	A_MP	data/IRMA/swine_37193_2014-07-16_SRR27180962/reads/A_MP	1472028
swine_37193	A_NA_N2	data/IRMA/swine_37193_2014-07-16_SRR27180962/reads/A_NA_N2	1413752
swine_37193	A_NP	data/IRMA/swine_37193_2014-07-16_SRR27180962/reads/A_NP	730828
swine_37193	A_NS	data/IRMA/swine_37193_2014-07-16_SRR27180962/reads/A_NS	1237080
swine_37193	A_PA	data/IRMA/swine_37193_2014-07-16_SRR27180962/reads/A_PA	896384
swine_37193	A_PB1	data/IRMA/swine_37193_2014-07-16_SRR27180962/reads/A_PB1	1146028
swine_37193	A_PB2	data/IRMA/swine_37193_2014-07-16_SRR27180962/reads/A_PB2	998432
swine_37193	A_HA_H3	data/IRMA/swine_37193_2014-07-17_SRR27181157/reads/A_HA_H3	1029868
swine_37193	A_MP	data/IRMA/swine_37193_2014-07-17_SRR27181157/reads/A_MP	2910368
swine_37193	A_NA_N2	data/IRMA/swine_37193_2014-07-17_SRR27181157/reads/A_NA_N2	2743604
swine_37193	A_NP	data/IRMA/swine_37193_2014-07-17_SRR27181157/reads/A_NP	1484464
swine_37193	A_NS	data/IRMA/swine_37193_2014-07-17_SRR27181157/reads/A_NS	3140432
swine_37193	A_PA	data/IRMA/swine_37193_2014-07-17_SRR27181157/reads/A_PA	2155996
swine_37193	A_PB1	data/IRMA/swine_37193_2014-07-17_SRR27181157/reads/A_PB1	2863852
swine_37193	A_PB2	data/IRMA/swine_37193_2014-07-17_SRR27181157/reads/A_PB2	2445856
swine_37195	A_HA_H1	data/IRMA/swine_37195_2014-07-15_SRR27180979/reads/A_HA_H1	1488008
swine_37195	A_MP	data/IRMA/swine_37195_2014-07-15_SRR27180979/reads/A_MP	3524840
swine_37195	A_NA_N1	data/IRMA/swine_37195_2014-07-15_SRR27180979/reads/A_NA_N1	994424
swine_37195	A_NP	data/IRMA/swine_37195_2014-07-15_SRR27180979/reads/A_NP	2054924
swine_37195	A_NS	data/IRMA/swine_37195_2014-07-15_SRR27180979/reads/A_NS	2819260
swine_37195	A_PA	data/IRMA/swine_37195_2014-07-15_SRR27180979/reads/A_PA	1603576
swine_37195	A_PB1	data/IRMA/swine_37195_2014-07-15_SRR27180979/reads/A_PB1	632276
swine_37195	A_PB2	data/IRMA/swine_37195_2014-07-15_SRR27180979/reads/A_PB2	1144600
swine_37197	A_HA_H3	data/IRMA/swine_37197_2014-07-16_SRR27181618/reads/A_HA_H3	62136
swine_37197	A_MP	data/IRMA/swine_37197_2014-07-16_SRR27181618/reads/A_MP	333776
swine_37197	A_NA_N2	data/IRMA/swine_37197_2014-07-16_SRR27181618/reads/A_NA_N2	156716
swine_37197	A_NP	data/IRMA/swine_37197_2014-07-16_SRR27181618/reads/A_NP	112412
swine_37197	A_NS	data/IRMA/swine_37197_2014-07-16_SRR27181618/reads/A_NS	134668
swine_37197	A_PA	data/IRMA/swine_37197_2014-07-16_SRR27181618/reads/A_PA	72576
swine_37197	A_PB1	data/IRMA/swine_37197_2014-07-16_SRR27181618/reads/A_PB1	124940
swine_37197	A_PB2	data/IRMA/swine_37197_2014-07-16_SRR27181618/reads/A_PB2	91240
swine_37199	A_HA_H3	data/IRMA/swine_37199_2014-07-16_SRR27181179/reads/A_HA_H3	414764
swine_37199	A_MP	data/IRMA/swine_37199_2014-07-16_SRR27181179/reads/A_MP	2082508
swine_37199	A_NA_N2	data/IRMA/swine_37199_2014-07-16_SRR27181179/reads/A_NA_N2	2571944
swine_37199	A_NP	data/IRMA/swine_37199_2014-07-16_SRR27181179/reads/A_NP	959176
swine_37199	A_NS	data/IRMA/swine_37199_2014-07-16_SRR27181179/reads/A_NS	2949292
swine_37199	A_PA	data/IRMA/swine_37199_2014-07-16_SRR27181179/reads/A_PA	647996
swine_37199	A_PB1	data/IRMA/swine_37199_2014-07-16_SRR27181179/reads/A_PB1	1611444
swine_37199	A_PB2	data/IRMA/swine_37199_2014-07-16_SRR27181179/reads/A_PB2	1318540
swine_37199	A_HA_H3	data/IRMA/swine_37199_2014-07-17_SRR27181577/reads/A_HA_H3	370408
swine_37199	A_MP	data/IRMA/swine_37199_2014-07-17_SRR27181577/reads/A_MP	1329668
swine_37199	A_NA_N2	data/IRMA/swine_37199_2014-07-17_SRR27181577/reads/A_NA_N2	939060
swine_37199	A_NP	data/IRMA/swine_37199_2014-07-17_SRR27181577/reads/A_NP	518264
swine_37199	A_NS	data/IRMA/swine_37199_2014-07-17_SRR27181577/reads/A_NS	1199704
swine_37199	A_PA	data/IRMA/swine_37199_2014-07-17_SRR27181577/reads/A_PA	665264
swine_37199	A_PB1	data/IRMA/swine_37199_2014-07-17_SRR27181577/reads/A_PB1	865844
swine_37199	A_PB2	data/IRMA/swine_37199_2014-07-17_SRR27181577/reads/A_PB2	709976
swine_37200	A_HA_H3	data/IRMA/swine_37200_2014-07-16_SRR27180969/reads/A_HA_H3	1429296
swine_37200	A_MP	data/IRMA/swine_37200_2014-07-16_SRR27180969/reads/A_MP	1631868
swine_37200	A_NA_N2	data/IRMA/swine_37200_2014-07-16_SRR27180969/reads/A_NA_N2	1015396
swine_37200	A_NP	data/IRMA/swine_37200_2014-07-16_SRR27180969/reads/A_NP	7176
swine_37200	A_NS	data/IRMA/swine_37200_2014-07-16_SRR27180969/reads/A_NS	3916992
swine_37200	A_PA	data/IRMA/swine_37200_2014-07-16_SRR27180969/reads/A_PA	536896
swine_37200	A_PB1	data/IRMA/swine_37200_2014-07-16_SRR27180969/reads/A_PB1	3624
swine_37200	A_PB2	data/IRMA/swine_37200_2014-07-16_SRR27180969/reads/A_PB2	3612
swine_37201	A_HA_H3	data/IRMA/swine_37201_2014-07-15_SRR27181205/reads/A_HA_H3	1014008
swine_37201	A_MP	data/IRMA/swine_37201_2014-07-15_SRR27181205/reads/A_MP	1574564
swine_37201	A_NA_N2	data/IRMA/swine_37201_2014-07-15_SRR27181205/reads/A_NA_N2	313412
swine_37201	A_NP	data/IRMA/swine_37201_2014-07-15_SRR27181205/reads/A_NP	317860
swine_37201	A_NS	data/IRMA/swine_37201_2014-07-15_SRR27181205/reads/A_NS	3123336
swine_37201	A_PA	data/IRMA/swine_37201_2014-07-15_SRR27181205/reads/A_PA	726560
swine_37201	A_PB1	data/IRMA/swine_37201_2014-07-15_SRR27181205/reads/A_PB1	3244
swine_37201	A_PB2	data/IRMA/swine_37201_2014-07-15_SRR27181205/reads/A_PB2	1248892
swine_37201	A_HA_H3	data/IRMA/swine_37201_2014-07-17_SRR27181578/reads/A_HA_H3	655016
swine_37201	A_MP	data/IRMA/swine_37201_2014-07-17_SRR27181578/reads/A_MP	1843160
swine_37201	A_NA_N2	data/IRMA/swine_37201_2014-07-17_SRR27181578/reads/A_NA_N2	1955224
swine_37201	A_NP	data/IRMA/swine_37201_2014-07-17_SRR27181578/reads/A_NP	859184
swine_37201	A_NS	data/IRMA/swine_37201_2014-07-17_SRR27181578/reads/A_NS	1983036
swine_37201	A_PA	data/IRMA/swine_37201_2014-07-17_SRR27181578/reads/A_PA	1355352
swine_37201	A_PB1	data/IRMA/swine_37201_2014-07-17_SRR27181578/reads/A_PB1	1827652
swine_37201	A_PB2	data/IRMA/swine_37201_2014-07-17_SRR27181578/reads/A_PB2	1748780
swine_37205	A_HA_H3	data/IRMA/swine_37205_2014-07-16_SRR27181418/reads/A_HA_H3	252528
swine_37205	A_MP	data/IRMA/swine_37205_2014-07-16_SRR27181418/reads/A_MP	1302268
swine_37205	A_NA_N2	data/IRMA/swine_37205_2014-07-16_SRR27181418/reads/A_NA_N2	525476
swine_37205	A_NP	data/IRMA/swine_37205_2014-07-16_SRR27181418/reads/A_NP	458732
swine_37205	A_NS	data/IRMA/swine_37205_2014-07-16_SRR27181418/reads/A_NS	1366608
swine_37205	A_PA	data/IRMA/swine_37205_2014-07-16_SRR27181418/reads/A_PA	659132
swine_37205	A_PB1	data/IRMA/swine_37205_2014-07-16_SRR27181418/reads/A_PB1	700424
swine_37205	A_PB2	data/IRMA/swine_37205_2014-07-16_SRR27181418/reads/A_PB2	579552
swine_37208	A_HA_H3	data/IRMA/swine_37208_2014-07-15_SRR27181625/reads/A_HA_H3	107872
swine_37208	A_MP	data/IRMA/swine_37208_2014-07-15_SRR27181625/reads/A_MP	634916
swine_37208	A_NA_N2	data/IRMA/swine_37208_2014-07-15_SRR27181625/reads/A_NA_N2	825056
swine_37208	A_NP	data/IRMA/swine_37208_2014-07-15_SRR27181625/reads/A_NP	349024
swine_37208	A_NS	data/IRMA/swine_37208_2014-07-15_SRR27181625/reads/A_NS	717648
swine_37208	A_PA	data/IRMA/swine_37208_2014-07-15_SRR27181625/reads/A_PA	395388
swine_37208	A_PB1	data/IRMA/swine_37208_2014-07-15_SRR27181625/reads/A_PB1	439648
swine_37208	A_PB2	data/IRMA/swine_37208_2014-07-15_SRR27181625/reads/A_PB2	524936
swine_37208	A_HA_H3	data/IRMA/swine_37208_2014-07-17_SRR27181352/reads/A_HA_H3	501532
swine_37208	A_MP	data/IRMA/swine_37208_2014-07-17_SRR27181352/reads/A_MP	2937968
swine_37208	A_NA_N2	data/IRMA/swine_37208_2014-07-17_SRR27181352/reads/A_NA_N2	2294792
swine_37208	A_NP	data/IRMA/swine_37208_2014-07-17_SRR27181352/reads/A_NP	1354208
swine_37208	A_NS	data/IRMA/swine_37208_2014-07-17_SRR27181352/reads/A_NS	3362784
swine_37208	A_PA	data/IRMA/swine_37208_2014-07-17_SRR27181352/reads/A_PA	1442864
swine_37208	A_PB1	data/IRMA/swine_37208_2014-07-17_SRR27181352/reads/A_PB1	1984412
swine_37208	A_PB2	data/IRMA/swine_37208_2014-07-17_SRR27181352/reads/A_PB2	1536572
swine_37216	A_HA_H3	data/IRMA/swine_37216_2014-07-16_SRR27181169/reads/A_HA_H3	561980
swine_37216	A_MP	data/IRMA/swine_37216_2014-07-16_SRR27181169/reads/A_MP	1711872
swine_37216	A_NA_N2	data/IRMA/swine_37216_2014-07-16_SRR27181169/reads/A_NA_N2	1657504
swine_37216	A_NP	data/IRMA/swine_37216_2014-07-16_SRR27181169/reads/A_NP	948460
swine_37216	A_NS	data/IRMA/swine_37216_2014-07-16_SRR27181169/reads/A_NS	1928668
swine_37216	A_PA	data/IRMA/swine_37216_2014-07-16_SRR27181169/reads/A_PA	1250324
swine_37216	A_PB1	data/IRMA/swine_37216_2014-07-16_SRR27181169/reads/A_PB1	1616596
swine_37216	A_PB2	data/IRMA/swine_37216_2014-07-16_SRR27181169/reads/A_PB2	1171780
swine_37216	A_HA_H3	data/IRMA/swine_37216_2014-07-17_SRR27180909/reads/A_HA_H3	922504
swine_37216	A_MP	data/IRMA/swine_37216_2014-07-17_SRR27180909/reads/A_MP	2722560
swine_37216	A_NA_N2	data/IRMA/swine_37216_2014-07-17_SRR27180909/reads/A_NA_N2	2477020
swine_37216	A_NP	data/IRMA/swine_37216_2014-07-17_SRR27180909/reads/A_NP	1787952
swine_37216	A_NS	data/IRMA/swine_37216_2014-07-17_SRR27180909/reads/A_NS	2552156
swine_37216	A_PA	data/IRMA/swine_37216_2014-07-17_SRR27180909/reads/A_PA	1461720
swine_37216	A_PB1	data/IRMA/swine_37216_2014-07-17_SRR27180909/reads/A_PB1	1840272
swine_37216	A_PB2	data/IRMA/swine_37216_2014-07-17_SRR27180909/reads/A_PB2	1751004
swine_37221	A_HA_H3	data/IRMA/swine_37221_2014-07-17_SRR27181134/reads/A_HA_H3	119204
swine_37221	A_MP	data/IRMA/swine_37221_2014-07-17_SRR27181134/reads/A_MP	736684
swine_37221	A_NA_N2	data/IRMA/swine_37221_2014-07-17_SRR27181134/reads/A_NA_N2	2033904
swine_37221	A_NP	data/IRMA/swine_37221_2014-07-17_SRR27181134/reads/A_NP	812032
swine_37221	A_NS	data/IRMA/swine_37221_2014-07-17_SRR27181134/reads/A_NS	2670172
swine_37221	A_PA	data/IRMA/swine_37221_2014-07-17_SRR27181134/reads/A_PA	1035844
swine_37221	A_PB1	data/IRMA/swine_37221_2014-07-17_SRR27181134/reads/A_PB1	726920
swine_37221	A_PB2	data/IRMA/swine_37221_2014-07-17_SRR27181134/reads/A_PB2	1817504
swine_37222	A_HA_H1	data/IRMA/swine_37222_2014-07-15_SRR27181623/reads/A_HA_H1	308
swine_37222	A_MP	data/IRMA/swine_37222_2014-07-15_SRR27181623/reads/A_MP	1840340
swine_37222	A_NA_N2	data/IRMA/swine_37222_2014-07-15_SRR27181623/reads/A_NA_N2	2055048
swine_37222	A_NP	data/IRMA/swine_37222_2014-07-15_SRR27181623/reads/A_NP	1365396
swine_37222	A_NS	data/IRMA/swine_37222_2014-07-15_SRR27181623/reads/A_NS	1094716
swine_37222	A_PA	data/IRMA/swine_37222_2014-07-15_SRR27181623/reads/A_PA	801756
swine_37222	A_PB1	data/IRMA/swine_37222_2014-07-15_SRR27181623/reads/A_PB1	672124
swine_37222	A_PB2	data/IRMA/swine_37222_2014-07-15_SRR27181623/reads/A_PB2	791256
swine_37227	A_HA_H3	data/IRMA/swine_37227_2014-07-16_SRR27181596/reads/A_HA_H3	516308
swine_37227	A_MP	data/IRMA/swine_37227_2014-07-16_SRR27181596/reads/A_MP	1684840
swine_37227	A_NA_N2	data/IRMA/swine_37227_2014-07-16_SRR27181596/reads/A_NA_N2	1852440
swine_37227	A_NP	data/IRMA/swine_37227_2014-07-16_SRR27181596/reads/A_NP	939800
swine_37227	A_NS	data/IRMA/swine_37227_2014-07-16_SRR27181596/reads/A_NS	1811172
swine_37227	A_PA	data/IRMA/swine_37227_2014-07-16_SRR27181596/reads/A_PA	888532
swine_37227	A_PB1	data/IRMA/swine_37227_2014-07-16_SRR27181596/reads/A_PB1	1608016
swine_37227	A_PB2	data/IRMA/swine_37227_2014-07-16_SRR27181596/reads/A_PB2	1282444
swine_37227	A_HA_H3	data/IRMA/swine_37227_2014-07-17_SRR27181136/reads/A_HA_H3	399528
swine_37227	A_MP	data/IRMA/swine_37227_2014-07-17_SRR27181136/reads/A_MP	1535120
swine_37227	A_NA_N2	data/IRMA/swine_37227_2014-07-17_SRR27181136/reads/A_NA_N2	1422084
swine_37227	A_NP	data/IRMA/swine_37227_2014-07-17_SRR27181136/reads/A_NP	895284
swine_37227	A_NS	data/IRMA/swine_37227_2014-07-17_SRR27181136/reads/A_NS	1328184
swine_37227	A_PA	data/IRMA/swine_37227_2014-07-17_SRR27181136/reads/A_PA	525980
swine_37227	A_PB1	data/IRMA/swine_37227_2014-07-17_SRR27181136/reads/A_PB1	730108
swine_37227	A_PB2	data/IRMA/swine_37227_2014-07-17_SRR27181136/reads/A_PB2	955420
swine_37228	A_HA_H3	data/IRMA/swine_37228_2014-07-16_SRR27181375/reads/A_HA_H3	426604
swine_37228	A_MP	data/IRMA/swine_37228_2014-07-16_SRR27181375/reads/A_MP	1103092
swine_37228	A_NA_N2	data/IRMA/swine_37228_2014-07-16_SRR27181375/reads/A_NA_N2	1298056
swine_37228	A_NP	data/IRMA/swine_37228_2014-07-16_SRR27181375/reads/A_NP	654944
swine_37228	A_NS	data/IRMA/swine_37228_2014-07-16_SRR27181375/reads/A_NS	1054200
swine_37228	A_PA	data/IRMA/swine_37228_2014-07-16_SRR27181375/reads/A_PA	879040
swine_37228	A_PB1	data/IRMA/swine_37228_2014-07-16_SRR27181375/reads/A_PB1	1057628
swine_37228	A_PB2	data/IRMA/swine_37228_2014-07-16_SRR27181375/reads/A_PB2	1103240
swine_37228	A_HA_H3	data/IRMA/swine_37228_2014-07-17_SRR27181350/reads/A_HA_H3	13672
swine_37228	A_MP	data/IRMA/swine_37228_2014-07-17_SRR27181350/reads/A_MP	703436
swine_37228	A_NA_N2	data/IRMA/swine_37228_2014-07-17_SRR27181350/reads/A_NA_N2	387932
swine_37228	A_NP	data/IRMA/swine_37228_2014-07-17_SRR27181350/reads/A_NP	196184
swine_37228	A_NS	data/IRMA/swine_37228_2014-07-17_SRR27181350/reads/A_NS	742812
swine_37228	A_PA	data/IRMA/swine_37228_2014-07-17_SRR27181350/reads/A_PA	204516
swine_37228	A_PB1	data/IRMA/swine_37228_2014-07-17_SRR27181350/reads/A_PB1	280908
swine_37228	A_PB2	data/IRMA/swine_37228_2014-07-17_SRR27181350/reads/A_PB2	322868
swine_37229	A_HA_H3	data/IRMA/swine_37229_2014-07-16_SRR27181788/reads/A_HA_H3	1214200
swine_37229	A_MP	data/IRMA/swine_37229_2014-07-16_SRR27181788/reads/A_MP	3984236
swine_37229	A_NA_N2	data/IRMA/swine_37229_2014-07-16_SRR27181788/reads/A_NA_N2	3481640
swine_37229	A_NP	data/IRMA/swine_37229_2014-07-16_SRR27181788/reads/A_NP	2148860
swine_37229	A_NS	data/IRMA/swine_37229_2014-07-16_SRR27181788/reads/A_NS	4230784
swine_37229	A_PA	data/IRMA/swine_37229_2014-07-16_SRR27181788/reads/A_PA	2498908
swine_37229	A_PB1	data/IRMA/swine_37229_2014-07-16_SRR27181788/reads/A_PB1	3080616
swine_37229	A_PB2	data/IRMA/swine_37229_2014-07-16_SRR27181788/reads/A_PB2	3042996
swine_37236	A_HA_H3	data/IRMA/swine_37236_2014-07-16_SRR27181592/reads/A_HA_H3	1251808
swine_37236	A_MP	data/IRMA/swine_37236_2014-07-16_SRR27181592/reads/A_MP	1816280
swine_37236	A_NA_N2	data/IRMA/swine_37236_2014-07-16_SRR27181592/reads/A_NA_N2	2157908
swine_37236	A_NP	data/IRMA/swine_37236_2014-07-16_SRR27181592/reads/A_NP	560
swine_37236	A_NS	data/IRMA/swine_37236_2014-07-16_SRR27181592/reads/A_NS	2566840
swine_37236	A_PA	data/IRMA/swine_37236_2014-07-16_SRR27181592/reads/A_PA	1748424
swine_37236	A_PB1	data/IRMA/swine_37236_2014-07-16_SRR27181592/reads/A_PB1	3140256
swine_37236	A_PB2	data/IRMA/swine_37236_2014-07-16_SRR27181592/reads/A_PB2	1860348
swine_37240	A_HA_H3	data/IRMA/swine_37240_2014-07-16_SRR27181615/reads/A_HA_H3	508692
swine_37240	A_MP	data/IRMA/swine_37240_2014-07-16_SRR27181615/reads/A_MP	630524
swine_37240	A_NA_N2	data/IRMA/swine_37240_2014-07-16_SRR27181615/reads/A_NA_N2	866360
swine_37240	A_NP	data/IRMA/swine_37240_2014-07-16_SRR27181615/reads/A_NP	1532
swine_37240	A_NS	data/IRMA/swine_37240_2014-07-16_SRR27181615/reads/A_NS	1594632
swine_37240	A_PA	data/IRMA/swine_37240_2014-07-16_SRR27181615/reads/A_PA	970828
swine_37240	A_PB1	data/IRMA/swine_37240_2014-07-16_SRR27181615/reads/A_PB1	1707560
swine_37240	A_PB2	data/IRMA/swine_37240_2014-07-16_SRR27181615/reads/A_PB2	362224
swine_37248	A_HA_H3	data/IRMA/swine_37248_2014-07-15_SRR27181624/reads/A_HA_H3	38996
swine_37248	A_MP	data/IRMA/swine_37248_2014-07-15_SRR27181624/reads/A_MP	590852
swine_37248	A_NA_N2	data/IRMA/swine_37248_2014-07-15_SRR27181624/reads/A_NA_N2	431992
swine_37248	A_NP	data/IRMA/swine_37248_2014-07-15_SRR27181624/reads/A_NP	382988
swine_37248	A_NS	data/IRMA/swine_37248_2014-07-15_SRR27181624/reads/A_NS	565320
swine_37248	A_PA	data/IRMA/swine_37248_2014-07-15_SRR27181624/reads/A_PA	138796
swine_37248	A_PB1	data/IRMA/swine_37248_2014-07-15_SRR27181624/reads/A_PB1	113824
swine_37248	A_PB2	data/IRMA/swine_37248_2014-07-15_SRR27181624/reads/A_PB2	78284
swine_37248	A_HA_H3	data/IRMA/swine_37248_2014-07-17_SRR27181347/reads/A_HA_H3	692772
swine_37248	A_MP	data/IRMA/swine_37248_2014-07-17_SRR27181347/reads/A_MP	2262916
swine_37248	A_NA_N2	data/IRMA/swine_37248_2014-07-17_SRR27181347/reads/A_NA_N2	2034036
swine_37248	A_NP	data/IRMA/swine_37248_2014-07-17_SRR27181347/reads/A_NP	1305052
swine_37248	A_NS	data/IRMA/swine_37248_2014-07-17_SRR27181347/reads/A_NS	2136716
swine_37248	A_PA	data/IRMA/swine_37248_2014-07-17_SRR27181347/reads/A_PA	1017904
swine_37248	A_PB1	data/IRMA/swine_37248_2014-07-17_SRR27181347/reads/A_PB1	1323340
swine_37248	A_PB2	data/IRMA/swine_37248_2014-07-17_SRR27181347/reads/A_PB2	1276952
swine_37250	A_HA_H3	data/IRMA/swine_37250_2014-07-16_SRR27181387/reads/A_HA_H3	101424
swine_37250	A_MP	data/IRMA/swine_37250_2014-07-16_SRR27181387/reads/A_MP	1062388
swine_37250	A_NA_N2	data/IRMA/swine_37250_2014-07-16_SRR27181387/reads/A_NA_N2	1637508
swine_37250	A_NP	data/IRMA/swine_37250_2014-07-16_SRR27181387/reads/A_NP	618160
swine_37250	A_NS	data/IRMA/swine_37250_2014-07-16_SRR27181387/reads/A_NS	1474176
swine_37250	A_PA	data/IRMA/swine_37250_2014-07-16_SRR27181387/reads/A_PA	705880
swine_37250	A_PB1	data/IRMA/swine_37250_2014-07-16_SRR27181387/reads/A_PB1	1400668
swine_37250	A_PB2	data/IRMA/swine_37250_2014-07-16_SRR27181387/reads/A_PB2	1464256
swine_37250	A_HA_H3	data/IRMA/swine_37250_2014-07-17_SRR27181568/reads/A_HA_H3	959176
swine_37250	A_MP	data/IRMA/swine_37250_2014-07-17_SRR27181568/reads/A_MP	2927656
swine_37250	A_NA_N2	data/IRMA/swine_37250_2014-07-17_SRR27181568/reads/A_NA_N2	2551396
swine_37250	A_NP	data/IRMA/swine_37250_2014-07-17_SRR27181568/reads/A_NP	1765336
swine_37250	A_NS	data/IRMA/swine_37250_2014-07-17_SRR27181568/reads/A_NS	3004860
swine_37250	A_PA	data/IRMA/swine_37250_2014-07-17_SRR27181568/reads/A_PA	1379868
swine_37250	A_PB1	data/IRMA/swine_37250_2014-07-17_SRR27181568/reads/A_PB1	1776356
swine_37250	A_PB2	data/IRMA/swine_37250_2014-07-17_SRR27181568/reads/A_PB2	1877200
swine_37252	A_HA_H3	data/IRMA/swine_37252_2014-07-16_SRR27181386/reads/A_HA_H3	410024
swine_37252	A_MP	data/IRMA/swine_37252_2014-07-16_SRR27181386/reads/A_MP	1271464
swine_37252	A_NA_N2	data/IRMA/swine_37252_2014-07-16_SRR27181386/reads/A_NA_N2	1475056
swine_37252	A_NP	data/IRMA/swine_37252_2014-07-16_SRR27181386/reads/A_NP	793796
swine_37252	A_NS	data/IRMA/swine_37252_2014-07-16_SRR27181386/reads/A_NS	1479620
swine_37252	A_PA	data/IRMA/swine_37252_2014-07-16_SRR27181386/reads/A_PA	799280
swine_37252	A_PB1	data/IRMA/swine_37252_2014-07-16_SRR27181386/reads/A_PB1	1373420
swine_37252	A_PB2	data/IRMA/swine_37252_2014-07-16_SRR27181386/reads/A_PB2	1220264
swine_37259	A_HA_H3	data/IRMA/swine_37259_2014-07-17_SRR27181146/reads/A_HA_H3	272
swine_37259	A_MP	data/IRMA/swine_37259_2014-07-17_SRR27181146/reads/A_MP	188688
swine_37259	A_NA_N2	data/IRMA/swine_37259_2014-07-17_SRR27181146/reads/A_NA_N2	33004
swine_37259	A_NP	data/IRMA/swine_37259_2014-07-17_SRR27181146/reads/A_NP	84916
swine_37259	A_NS	data/IRMA/swine_37259_2014-07-17_SRR27181146/reads/A_NS	74188
swine_37259	A_PA	data/IRMA/swine_37259_2014-07-17_SRR27181146/reads/A_PA	164564
swine_37259	A_PB1	data/IRMA/swine_37259_2014-07-17_SRR27181146/reads/A_PB1	592
swine_37259	A_PB2	data/IRMA/swine_37259_2014-07-17_SRR27181146/reads/A_PB2	3412
swine_37260	A_HA_H3	data/IRMA/swine_37260_2014-07-16_SRR27181172/reads/A_HA_H3	497764
swine_37260	A_MP	data/IRMA/swine_37260_2014-07-16_SRR27181172/reads/A_MP	1606880
swine_37260	A_NA_N2	data/IRMA/swine_37260_2014-07-16_SRR27181172/reads/A_NA_N2	1572160
swine_37260	A_NP	data/IRMA/swine_37260_2014-07-16_SRR27181172/reads/A_NP	923152
swine_37260	A_NS	data/IRMA/swine_37260_2014-07-16_SRR27181172/reads/A_NS	1783652
swine_37260	A_PA	data/IRMA/swine_37260_2014-07-16_SRR27181172/reads/A_PA	887152
swine_37260	A_PB1	data/IRMA/swine_37260_2014-07-16_SRR27181172/reads/A_PB1	1440920
swine_37260	A_PB2	data/IRMA/swine_37260_2014-07-16_SRR27181172/reads/A_PB2	1122864
swine_37260	A_HA_H3	data/IRMA/swine_37260_2014-07-17_SRR27180908/reads/A_HA_H3	575532
swine_37260	A_MP	data/IRMA/swine_37260_2014-07-17_SRR27180908/reads/A_MP	2030684
swine_37260	A_NA_N2	data/IRMA/swine_37260_2014-07-17_SRR27180908/reads/A_NA_N2	1888620
swine_37260	A_NP	data/IRMA/swine_37260_2014-07-17_SRR27180908/reads/A_NP	1143096
swine_37260	A_NS	data/IRMA/swine_37260_2014-07-17_SRR27180908/reads/A_NS	1796952
swine_37260	A_PA	data/IRMA/swine_37260_2014-07-17_SRR27180908/reads/A_PA	948528
swine_37260	A_PB1	data/IRMA/swine_37260_2014-07-17_SRR27180908/reads/A_PB1	1251488
swine_37260	A_PB2	data/IRMA/swine_37260_2014-07-17_SRR27180908/reads/A_PB2	1245028
swine_37261	A_HA_H1	data/IRMA/swine_37261_2014-07-16_SRR27181166/reads/A_HA_H1	1076520
swine_37261	A_MP	data/IRMA/swine_37261_2014-07-16_SRR27181166/reads/A_MP	1434500
swine_37261	A_NA_N1	data/IRMA/swine_37261_2014-07-16_SRR27181166/reads/A_NA_N1	978812
swine_37261	A_NP	data/IRMA/swine_37261_2014-07-16_SRR27181166/reads/A_NP	1223292
swine_37261	A_NS	data/IRMA/swine_37261_2014-07-16_SRR27181166/reads/A_NS	1321084
swine_37261	A_PA	data/IRMA/swine_37261_2014-07-16_SRR27181166/reads/A_PA	1168364
swine_37261	A_PB1	data/IRMA/swine_37261_2014-07-16_SRR27181166/reads/A_PB1	783312
swine_37261	A_PB2	data/IRMA/swine_37261_2014-07-16_SRR27181166/reads/A_PB2	976596
swine_37262	A_HA_H1	data/IRMA/swine_37262_2014-07-15_SRR27181435/reads/A_HA_H1	1032256
swine_37262	A_MP	data/IRMA/swine_37262_2014-07-15_SRR27181435/reads/A_MP	1549784
swine_37262	A_NA_N1	data/IRMA/swine_37262_2014-07-15_SRR27181435/reads/A_NA_N1	672920
swine_37262	A_NP	data/IRMA/swine_37262_2014-07-15_SRR27181435/reads/A_NP	1135956
swine_37262	A_NS	data/IRMA/swine_37262_2014-07-15_SRR27181435/reads/A_NS	1104720
swine_37262	A_PA	data/IRMA/swine_37262_2014-07-15_SRR27181435/reads/A_PA	627904
swine_37262	A_PB1	data/IRMA/swine_37262_2014-07-15_SRR27181435/reads/A_PB1	684888
swine_37262	A_PB2	data/IRMA/swine_37262_2014-07-15_SRR27181435/reads/A_PB2	535140
swine_37262	A_HA_H1	data/IRMA/swine_37262_2014-07-16_SRR27181167/reads/A_HA_H1	1027040
swine_37262	A_MP	data/IRMA/swine_37262_2014-07-16_SRR27181167/reads/A_MP	1584752
swine_37262	A_NA_N1	data/IRMA/swine_37262_2014-07-16_SRR27181167/reads/A_NA_N1	1049288
swine_37262	A_NP	data/IRMA/swine_37262_2014-07-16_SRR27181167/reads/A_NP	1295828
swine_37262	A_NS	data/IRMA/swine_37262_2014-07-16_SRR27181167/reads/A_NS	1444108
swine_37262	A_PA	data/IRMA/swine_37262_2014-07-16_SRR27181167/reads/A_PA	1130544
swine_37262	A_PB1	data/IRMA/swine_37262_2014-07-16_SRR27181167/reads/A_PB1	733232
swine_37262	A_PB2	data/IRMA/swine_37262_2014-07-16_SRR27181167/reads/A_PB2	823704
swine_37264	A_HA_H3	data/IRMA/swine_37264_2014-07-16_SRR27181385/reads/A_HA_H3	473324
swine_37264	A_MP	data/IRMA/swine_37264_2014-07-16_SRR27181385/reads/A_MP	1355636
swine_37264	A_NA_N2	data/IRMA/swine_37264_2014-07-16_SRR27181385/reads/A_NA_N2	1323780
swine_37264	A_NP	data/IRMA/swine_37264_2014-07-16_SRR27181385/reads/A_NP	754152
swine_37264	A_NS	data/IRMA/swine_37264_2014-07-16_SRR27181385/reads/A_NS	1438940
swine_37264	A_PA	data/IRMA/swine_37264_2014-07-16_SRR27181385/reads/A_PA	946320
swine_37264	A_PB1	data/IRMA/swine_37264_2014-07-16_SRR27181385/reads/A_PB1	1314900
swine_37264	A_PB2	data/IRMA/swine_37264_2014-07-16_SRR27181385/reads/A_PB2	1261420
swine_37271	A_HA_H3	data/IRMA/swine_37271_2014-07-15_SRR27180990/reads/A_HA_H3	262212
swine_37271	A_MP	data/IRMA/swine_37271_2014-07-15_SRR27180990/reads/A_MP	1189884
swine_37271	A_NA_N2	data/IRMA/swine_37271_2014-07-15_SRR27180990/reads/A_NA_N2	2048
swine_37271	A_NP	data/IRMA/swine_37271_2014-07-15_SRR27180990/reads/A_NP	774300
swine_37271	A_NS	data/IRMA/swine_37271_2014-07-15_SRR27180990/reads/A_NS	1429464
swine_37271	A_PA	data/IRMA/swine_37271_2014-07-15_SRR27180990/reads/A_PA	732116
swine_37271	A_PB1	data/IRMA/swine_37271_2014-07-15_SRR27180990/reads/A_PB1	1544868
swine_37271	A_PB2	data/IRMA/swine_37271_2014-07-15_SRR27180990/reads/A_PB2	1410548
swine_37271	A_HA_H3	data/IRMA/swine_37271_2014-07-17_SRR27181145/reads/A_HA_H3	400112
swine_37271	A_MP	data/IRMA/swine_37271_2014-07-17_SRR27181145/reads/A_MP	1719540
swine_37271	A_NA_N2	data/IRMA/swine_37271_2014-07-17_SRR27181145/reads/A_NA_N2	1691516
swine_37271	A_NP	data/IRMA/swine_37271_2014-07-17_SRR27181145/reads/A_NP	975032
swine_37271	A_NS	data/IRMA/swine_37271_2014-07-17_SRR27181145/reads/A_NS	1798904
swine_37271	A_PA	data/IRMA/swine_37271_2014-07-17_SRR27181145/reads/A_PA	760484
swine_37271	A_PB1	data/IRMA/swine_37271_2014-07-17_SRR27181145/reads/A_PB1	675664
swine_37271	A_PB2	data/IRMA/swine_37271_2014-07-17_SRR27181145/reads/A_PB2	962192
swine_37272	A_HA_H3	data/IRMA/swine_37272_2014-07-17_SRR27181349/reads/A_HA_H3	984436
swine_37272	A_MP	data/IRMA/swine_37272_2014-07-17_SRR27181349/reads/A_MP	2800024
swine_37272	A_NA_N2	data/IRMA/swine_37272_2014-07-17_SRR27181349/reads/A_NA_N2	2130432
swine_37272	A_NP	data/IRMA/swine_37272_2014-07-17_SRR27181349/reads/A_NP	1788436
swine_37272	A_NS	data/IRMA/swine_37272_2014-07-17_SRR27181349/reads/A_NS	3202952
swine_37272	A_PA	data/IRMA/swine_37272_2014-07-17_SRR27181349/reads/A_PA	1509508
swine_37272	A_PB1	data/IRMA/swine_37272_2014-07-17_SRR27181349/reads/A_PB1	1639844
swine_37272	A_PB2	data/IRMA/swine_37272_2014-07-17_SRR27181349/reads/A_PB2	1582856
swine_37279	A_HA_H3	data/IRMA/swine_37279_2014-07-12_SRR27181009/reads/A_HA_H3	667392
swine_37279	A_MP	data/IRMA/swine_37279_2014-07-12_SRR27181009/reads/A_MP	1977140
swine_37279	A_NA_N2	data/IRMA/swine_37279_2014-07-12_SRR27181009/reads/A_NA_N2	1927088
swine_37279	A_NP	data/IRMA/swine_37279_2014-07-12_SRR27181009/reads/A_NP	1087636
swine_37279	A_NS	data/IRMA/swine_37279_2014-07-12_SRR27181009/reads/A_NS	1820016
swine_37279	A_PA	data/IRMA/swine_37279_2014-07-12_SRR27181009/reads/A_PA	743140
swine_37279	A_PB1	data/IRMA/swine_37279_2014-07-12_SRR27181009/reads/A_PB1	951592
swine_37279	A_PB2	data/IRMA/swine_37279_2014-07-12_SRR27181009/reads/A_PB2	874096
swine_37279	A_HA_H3	data/IRMA/swine_37279_2014-07-16_SRR27181197/reads/A_HA_H3	61416
swine_37279	A_MP	data/IRMA/swine_37279_2014-07-16_SRR27181197/reads/A_MP	466076
swine_37279	A_NA_N2	data/IRMA/swine_37279_2014-07-16_SRR27181197/reads/A_NA_N2	217992
swine_37279	A_NP	data/IRMA/swine_37279_2014-07-16_SRR27181197/reads/A_NP	199140
swine_37279	A_NS	data/IRMA/swine_37279_2014-07-16_SRR27181197/reads/A_NS	540092
swine_37279	A_PA	data/IRMA/swine_37279_2014-07-16_SRR27181197/reads/A_PA	65968
swine_37279	A_PB1	data/IRMA/swine_37279_2014-07-16_SRR27181197/reads/A_PB1	211464
swine_37279	A_PB2	data/IRMA/swine_37279_2014-07-16_SRR27181197/reads/A_PB2	127376
swine_37280	A_HA_H3	data/IRMA/swine_37280_2014-07-16_SRR27180933/reads/A_HA_H3	498384
swine_37280	A_MP	data/IRMA/swine_37280_2014-07-16_SRR27180933/reads/A_MP	1678820
swine_37280	A_NA_N2	data/IRMA/swine_37280_2014-07-16_SRR27180933/reads/A_NA_N2	1699760
swine_37280	A_NP	data/IRMA/swine_37280_2014-07-16_SRR27180933/reads/A_NP	864972
swine_37280	A_NS	data/IRMA/swine_37280_2014-07-16_SRR27180933/reads/A_NS	1943276
swine_37280	A_PA	data/IRMA/swine_37280_2014-07-16_SRR27180933/reads/A_PA	960452
swine_37280	A_PB1	data/IRMA/swine_37280_2014-07-16_SRR27180933/reads/A_PB1	1374752
swine_37280	A_PB2	data/IRMA/swine_37280_2014-07-16_SRR27180933/reads/A_PB2	875124
swine_37280	A_HA_H3	data/IRMA/swine_37280_2014-07-17_SRR27181366/reads/A_HA_H3	424712
swine_37280	A_MP	data/IRMA/swine_37280_2014-07-17_SRR27181366/reads/A_MP	1554792
swine_37280	A_NA_N2	data/IRMA/swine_37280_2014-07-17_SRR27181366/reads/A_NA_N2	1984308
swine_37280	A_NP	data/IRMA/swine_37280_2014-07-17_SRR27181366/reads/A_NP	1536232
swine_37280	A_NS	data/IRMA/swine_37280_2014-07-17_SRR27181366/reads/A_NS	1932180
swine_37280	A_PA	data/IRMA/swine_37280_2014-07-17_SRR27181366/reads/A_PA	866380
swine_37280	A_PB1	data/IRMA/swine_37280_2014-07-17_SRR27181366/reads/A_PB1	1397760
swine_37280	A_PB2	data/IRMA/swine_37280_2014-07-17_SRR27181366/reads/A_PB2	1729820
swine_37281	A_HA_H3	data/IRMA/swine_37281_2014-07-16_SRR27180932/reads/A_HA_H3	243604
swine_37281	A_MP	data/IRMA/swine_37281_2014-07-16_SRR27180932/reads/A_MP	1257396
swine_37281	A_NA_N2	data/IRMA/swine_37281_2014-07-16_SRR27180932/reads/A_NA_N2	1074012
swine_37281	A_NP	data/IRMA/swine_37281_2014-07-16_SRR27180932/reads/A_NP	578028
swine_37281	A_NS	data/IRMA/swine_37281_2014-07-16_SRR27180932/reads/A_NS	1694676
swine_37281	A_PA	data/IRMA/swine_37281_2014-07-16_SRR27180932/reads/A_PA	766892
swine_37281	A_PB1	data/IRMA/swine_37281_2014-07-16_SRR27180932/reads/A_PB1	1089144
swine_37281	A_PB2	data/IRMA/swine_37281_2014-07-16_SRR27180932/reads/A_PB2	691188
swine_37281	A_HA_H3	data/IRMA/swine_37281_2014-07-17_SRR27181367/reads/A_HA_H3	490820
swine_37281	A_MP	data/IRMA/swine_37281_2014-07-17_SRR27181367/reads/A_MP	1867748
swine_37281	A_NA_N2	data/IRMA/swine_37281_2014-07-17_SRR27181367/reads/A_NA_N2	1720740
swine_37281	A_NP	data/IRMA/swine_37281_2014-07-17_SRR27181367/reads/A_NP	1246144
swine_37281	A_NS	data/IRMA/swine_37281_2014-07-17_SRR27181367/reads/A_NS	2087832
swine_37281	A_PA	data/IRMA/swine_37281_2014-07-17_SRR27181367/reads/A_PA	1379972
swine_37281	A_PB1	data/IRMA/swine_37281_2014-07-17_SRR27181367/reads/A_PB1	1229684
swine_37281	A_PB2	data/IRMA/swine_37281_2014-07-17_SRR27181367/reads/A_PB2	1246760
swine_37284	A_HA_H3	data/IRMA/swine_37284_2014-07-16_SRR27181599/reads/A_HA_H3	85072
swine_37284	A_MP	data/IRMA/swine_37284_2014-07-16_SRR27181599/reads/A_MP	908132
swine_37284	A_NA_N2	data/IRMA/swine_37284_2014-07-16_SRR27181599/reads/A_NA_N2	753368
swine_37284	A_NP	data/IRMA/swine_37284_2014-07-16_SRR27181599/reads/A_NP	448328
swine_37284	A_NS	data/IRMA/swine_37284_2014-07-16_SRR27181599/reads/A_NS	1171064
swine_37284	A_PA	data/IRMA/swine_37284_2014-07-16_SRR27181599/reads/A_PA	536756
swine_37284	A_PB1	data/IRMA/swine_37284_2014-07-16_SRR27181599/reads/A_PB1	538328
swine_37284	A_PB2	data/IRMA/swine_37284_2014-07-16_SRR27181599/reads/A_PB2	606900
swine_37284	A_HA_H3	data/IRMA/swine_37284_2014-07-17_SRR27180918/reads/A_HA_H3	421724
swine_37284	A_MP	data/IRMA/swine_37284_2014-07-17_SRR27180918/reads/A_MP	1929520
swine_37284	A_NA_N2	data/IRMA/swine_37284_2014-07-17_SRR27180918/reads/A_NA_N2	1592848
swine_37284	A_NP	data/IRMA/swine_37284_2014-07-17_SRR27180918/reads/A_NP	1031364
swine_37284	A_NS	data/IRMA/swine_37284_2014-07-17_SRR27180918/reads/A_NS	1877432
swine_37284	A_PA	data/IRMA/swine_37284_2014-07-17_SRR27180918/reads/A_PA	711464
swine_37284	A_PB1	data/IRMA/swine_37284_2014-07-17_SRR27180918/reads/A_PB1	874760
swine_37284	A_PB2	data/IRMA/swine_37284_2014-07-17_SRR27180918/reads/A_PB2	944148
swine_37285	A_HA_H3	data/IRMA/swine_37285_2014-07-16_SRR27181181/reads/A_HA_H3	737760
swine_37285	A_MP	data/IRMA/swine_37285_2014-07-16_SRR27181181/reads/A_MP	2994036
swine_37285	A_NA_N2	data/IRMA/swine_37285_2014-07-16_SRR27181181/reads/A_NA_N2	2064848
swine_37285	A_NP	data/IRMA/swine_37285_2014-07-16_SRR27181181/reads/A_NP	1705612
swine_37285	A_NS	data/IRMA/swine_37285_2014-07-16_SRR27181181/reads/A_NS	2853928
swine_37285	A_PA	data/IRMA/swine_37285_2014-07-16_SRR27181181/reads/A_PA	1081772
swine_37285	A_PB1	data/IRMA/swine_37285_2014-07-16_SRR27181181/reads/A_PB1	1270996
swine_37285	A_PB2	data/IRMA/swine_37285_2014-07-16_SRR27181181/reads/A_PB2	1138948
swine_37285	A_HA_H3	data/IRMA/swine_37285_2014-07-17_SRR27181579/reads/A_HA_H3	275368
swine_37285	A_MP	data/IRMA/swine_37285_2014-07-17_SRR27181579/reads/A_MP	1284480
swine_37285	A_NA_N2	data/IRMA/swine_37285_2014-07-17_SRR27181579/reads/A_NA_N2	1135344
swine_37285	A_NP	data/IRMA/swine_37285_2014-07-17_SRR27181579/reads/A_NP	646584
swine_37285	A_NS	data/IRMA/swine_37285_2014-07-17_SRR27181579/reads/A_NS	1364920
swine_37285	A_PA	data/IRMA/swine_37285_2014-07-17_SRR27181579/reads/A_PA	850108
swine_37285	A_PB1	data/IRMA/swine_37285_2014-07-17_SRR27181579/reads/A_PB1	844652
swine_37285	A_PB2	data/IRMA/swine_37285_2014-07-17_SRR27181579/reads/A_PB2	1052568
swine_37301	A_HA_H1	data/IRMA/swine_37301_2014-07-15_SRR27181438/reads/A_HA_H1	305684
swine_37301	A_MP	data/IRMA/swine_37301_2014-07-15_SRR27181438/reads/A_MP	658076
swine_37301	A_NA_N1	data/IRMA/swine_37301_2014-07-15_SRR27181438/reads/A_NA_N1	250520
swine_37301	A_NP	data/IRMA/swine_37301_2014-07-15_SRR27181438/reads/A_NP	342636
swine_37301	A_NS	data/IRMA/swine_37301_2014-07-15_SRR27181438/reads/A_NS	503348
swine_37301	A_PA	data/IRMA/swine_37301_2014-07-15_SRR27181438/reads/A_PA	404236
swine_37301	A_PB1	data/IRMA/swine_37301_2014-07-15_SRR27181438/reads/A_PB1	296120
swine_37301	A_PB2	data/IRMA/swine_37301_2014-07-15_SRR27181438/reads/A_PB2	577912
swine_37301	A_HA_H1	data/IRMA/swine_37301_2014-07-17_SRR27180923/reads/A_HA_H1	993548
swine_37301	A_MP	data/IRMA/swine_37301_2014-07-17_SRR27180923/reads/A_MP	1350464
swine_37301	A_NA_N1	data/IRMA/swine_37301_2014-07-17_SRR27180923/reads/A_NA_N1	632432
swine_37301	A_NP	data/IRMA/swine_37301_2014-07-17_SRR27180923/reads/A_NP	1283000
swine_37301	A_NS	data/IRMA/swine_37301_2014-07-17_SRR27180923/reads/A_NS	1349348
swine_37301	A_PA	data/IRMA/swine_37301_2014-07-17_SRR27180923/reads/A_PA	806384
swine_37301	A_PB1	data/IRMA/swine_37301_2014-07-17_SRR27180923/reads/A_PB1	210148
swine_37301	A_PB2	data/IRMA/swine_37301_2014-07-17_SRR27180923/reads/A_PB2	475428
swine_37302	A_HA_H3	data/IRMA/swine_37302_2014-07-16_SRR27181601/reads/A_HA_H3	350484
swine_37302	A_MP	data/IRMA/swine_37302_2014-07-16_SRR27181601/reads/A_MP	2161044
swine_37302	A_NA_N2	data/IRMA/swine_37302_2014-07-16_SRR27181601/reads/A_NA_N2	1605212
swine_37302	A_NP	data/IRMA/swine_37302_2014-07-16_SRR27181601/reads/A_NP	750012
swine_37302	A_NS	data/IRMA/swine_37302_2014-07-16_SRR27181601/reads/A_NS	2131536
swine_37302	A_PA	data/IRMA/swine_37302_2014-07-16_SRR27181601/reads/A_PA	1026680
swine_37302	A_PB1	data/IRMA/swine_37302_2014-07-16_SRR27181601/reads/A_PB1	1217352
swine_37302	A_PB2	data/IRMA/swine_37302_2014-07-16_SRR27181601/reads/A_PB2	1138964
swine_37302	A_HA_H3	data/IRMA/swine_37302_2014-07-17_SRR27180919/reads/A_HA_H3	391476
swine_37302	A_MP	data/IRMA/swine_37302_2014-07-17_SRR27180919/reads/A_MP	1633200
swine_37302	A_NA_N2	data/IRMA/swine_37302_2014-07-17_SRR27180919/reads/A_NA_N2	1198476
swine_37302	A_NP	data/IRMA/swine_37302_2014-07-17_SRR27180919/reads/A_NP	186344
swine_37302	A_NS	data/IRMA/swine_37302_2014-07-17_SRR27180919/reads/A_NS	1450816
swine_37302	A_PA	data/IRMA/swine_37302_2014-07-17_SRR27180919/reads/A_PA	586800
swine_37302	A_PB1	data/IRMA/swine_37302_2014-07-17_SRR27180919/reads/A_PB1	915300
swine_37302	A_PB2	data/IRMA/swine_37302_2014-07-17_SRR27180919/reads/A_PB2	591736
swine_37310	A_HA_H3	data/IRMA/swine_37310_2014-07-16_SRR27181614/reads/A_HA_H3	537368
swine_37310	A_MP	data/IRMA/swine_37310_2014-07-16_SRR27181614/reads/A_MP	2606508
swine_37310	A_NA_N2	data/IRMA/swine_37310_2014-07-16_SRR27181614/reads/A_NA_N2	2025112
swine_37310	A_NP	data/IRMA/swine_37310_2014-07-16_SRR27181614/reads/A_NP	1292276
swine_37310	A_NS	data/IRMA/swine_37310_2014-07-16_SRR27181614/reads/A_NS	2801756
swine_37310	A_PA	data/IRMA/swine_37310_2014-07-16_SRR27181614/reads/A_PA	1238132
swine_37310	A_PB1	data/IRMA/swine_37310_2014-07-16_SRR27181614/reads/A_PB1	1671084
swine_37310	A_PB2	data/IRMA/swine_37310_2014-07-16_SRR27181614/reads/A_PB2	1254992
swine_37310	A_HA_H3	data/IRMA/swine_37310_2014-07-17_SRR27180924/reads/A_HA_H3	722396
swine_37310	A_MP	data/IRMA/swine_37310_2014-07-17_SRR27180924/reads/A_MP	1255768
swine_37310	A_NA_N2	data/IRMA/swine_37310_2014-07-17_SRR27180924/reads/A_NA_N2	1151532
swine_37310	A_NP	data/IRMA/swine_37310_2014-07-17_SRR27180924/reads/A_NP	288600
swine_37310	A_NS	data/IRMA/swine_37310_2014-07-17_SRR27180924/reads/A_NS	2041580
swine_37310	A_PA	data/IRMA/swine_37310_2014-07-17_SRR27180924/reads/A_PA	850496
swine_37310	A_PB1	data/IRMA/swine_37310_2014-07-17_SRR27180924/reads/A_PB1	66740
swine_37310	A_PB2	data/IRMA/swine_37310_2014-07-17_SRR27180924/reads/A_PB2	799304
swine_37317	A_HA_H3	data/IRMA/swine_37317_2014-07-14_SRR27181651/reads/A_HA_H3	565268
swine_37317	A_MP	data/IRMA/swine_37317_2014-07-14_SRR27181651/reads/A_MP	1773304
swine_37317	A_NA_N2	data/IRMA/swine_37317_2014-07-14_SRR27181651/reads/A_NA_N2	1574216
swine_37317	A_NP	data/IRMA/swine_37317_2014-07-14_SRR27181651/reads/A_NP	1078260
swine_37317	A_NS	data/IRMA/swine_37317_2014-07-14_SRR27181651/reads/A_NS	1616228
swine_37317	A_PA	data/IRMA/swine_37317_2014-07-14_SRR27181651/reads/A_PA	737276
swine_37317	A_PB1	data/IRMA/swine_37317_2014-07-14_SRR27181651/reads/A_PB1	970524
swine_37317	A_PB2	data/IRMA/swine_37317_2014-07-14_SRR27181651/reads/A_PB2	893272
swine_37317	A_HA_H3	data/IRMA/swine_37317_2014-07-17_SRR27181362/reads/A_HA_H3	495212
swine_37317	A_MP	data/IRMA/swine_37317_2014-07-17_SRR27181362/reads/A_MP	1817512
swine_37317	A_NA_N2	data/IRMA/swine_37317_2014-07-17_SRR27181362/reads/A_NA_N2	1555428
swine_37317	A_NP	data/IRMA/swine_37317_2014-07-17_SRR27181362/reads/A_NP	1087656
swine_37317	A_NS	data/IRMA/swine_37317_2014-07-17_SRR27181362/reads/A_NS	1834836
swine_37317	A_PA	data/IRMA/swine_37317_2014-07-17_SRR27181362/reads/A_PA	836808
swine_37317	A_PB1	data/IRMA/swine_37317_2014-07-17_SRR27181362/reads/A_PB1	959768
swine_37317	A_PB2	data/IRMA/swine_37317_2014-07-17_SRR27181362/reads/A_PB2	1080072
swine_37318	A_HA_H3	data/IRMA/swine_37318_2014-07-16_SRR27180931/reads/A_HA_H3	1004916
swine_37318	A_MP	data/IRMA/swine_37318_2014-07-16_SRR27180931/reads/A_MP	3022616
swine_37318	A_NA_N2	data/IRMA/swine_37318_2014-07-16_SRR27180931/reads/A_NA_N2	2912684
swine_37318	A_NP	data/IRMA/swine_37318_2014-07-16_SRR27180931/reads/A_NP	1638596
swine_37318	A_NS	data/IRMA/swine_37318_2014-07-16_SRR27180931/reads/A_NS	3061892
swine_37318	A_PA	data/IRMA/swine_37318_2014-07-16_SRR27180931/reads/A_PA	2140544
swine_37318	A_PB1	data/IRMA/swine_37318_2014-07-16_SRR27180931/reads/A_PB1	2608764
swine_37318	A_PB2	data/IRMA/swine_37318_2014-07-16_SRR27180931/reads/A_PB2	2334824
swine_37318	A_HA_H3	data/IRMA/swine_37318_2014-07-17_SRR27181359/reads/A_HA_H3	940168
swine_37318	A_MP	data/IRMA/swine_37318_2014-07-17_SRR27181359/reads/A_MP	3380268
swine_37318	A_NA_N2	data/IRMA/swine_37318_2014-07-17_SRR27181359/reads/A_NA_N2	2818364
swine_37318	A_NP	data/IRMA/swine_37318_2014-07-17_SRR27181359/reads/A_NP	2027800
swine_37318	A_NS	data/IRMA/swine_37318_2014-07-17_SRR27181359/reads/A_NS	3123656
swine_37318	A_PA	data/IRMA/swine_37318_2014-07-17_SRR27181359/reads/A_PA	1716920
swine_37318	A_PB1	data/IRMA/swine_37318_2014-07-17_SRR27181359/reads/A_PB1	1951224
swine_37318	A_PB2	data/IRMA/swine_37318_2014-07-17_SRR27181359/reads/A_PB2	2293640
swine_37319	A_HA_H3	data/IRMA/swine_37319_2014-07-16_SRR27181396/reads/A_HA_H3	355112
swine_37319	A_MP	data/IRMA/swine_37319_2014-07-16_SRR27181396/reads/A_MP	1217428
swine_37319	A_NA_N2	data/IRMA/swine_37319_2014-07-16_SRR27181396/reads/A_NA_N2	1084360
swine_37319	A_NP	data/IRMA/swine_37319_2014-07-16_SRR27181396/reads/A_NP	642748
swine_37319	A_NS	data/IRMA/swine_37319_2014-07-16_SRR27181396/reads/A_NS	1214872
swine_37319	A_PA	data/IRMA/swine_37319_2014-07-16_SRR27181396/reads/A_PA	760168
swine_37319	A_PB1	data/IRMA/swine_37319_2014-07-16_SRR27181396/reads/A_PB1	907436
swine_37319	A_PB2	data/IRMA/swine_37319_2014-07-16_SRR27181396/reads/A_PB2	859676
swine_37319	A_HA_H3	data/IRMA/swine_37319_2014-07-17_SRR27181361/reads/A_HA_H3	803912
swine_37319	A_MP	data/IRMA/swine_37319_2014-07-17_SRR27181361/reads/A_MP	3183424
swine_37319	A_NA_N2	data/IRMA/swine_37319_2014-07-17_SRR27181361/reads/A_NA_N2	2883364
swine_37319	A_NP	data/IRMA/swine_37319_2014-07-17_SRR27181361/reads/A_NP	1937576
swine_37319	A_NS	data/IRMA/swine_37319_2014-07-17_SRR27181361/reads/A_NS	3174820
swine_37319	A_PA	data/IRMA/swine_37319_2014-07-17_SRR27181361/reads/A_PA	1308208
swine_37319	A_PB1	data/IRMA/swine_37319_2014-07-17_SRR27181361/reads/A_PB1	1353844
swine_37319	A_PB2	data/IRMA/swine_37319_2014-07-17_SRR27181361/reads/A_PB2	1609648
swine_37321	A_HA_H3	data/IRMA/swine_37321_2014-07-16_SRR27181177/reads/A_HA_H3	540748
swine_37321	A_MP	data/IRMA/swine_37321_2014-07-16_SRR27181177/reads/A_MP	2002072
swine_37321	A_NA_N2	data/IRMA/swine_37321_2014-07-16_SRR27181177/reads/A_NA_N2	1565168
swine_37321	A_NP	data/IRMA/swine_37321_2014-07-16_SRR27181177/reads/A_NP	987440
swine_37321	A_NS	data/IRMA/swine_37321_2014-07-16_SRR27181177/reads/A_NS	2133632
swine_37321	A_PA	data/IRMA/swine_37321_2014-07-16_SRR27181177/reads/A_PA	1179776
swine_37321	A_PB1	data/IRMA/swine_37321_2014-07-16_SRR27181177/reads/A_PB1	1378852
swine_37321	A_PB2	data/IRMA/swine_37321_2014-07-16_SRR27181177/reads/A_PB2	1234420
swine_37329	A_HA_H3	data/IRMA/swine_37329_2014-07-16_SRR27181191/reads/A_HA_H3	1244
swine_37329	A_MP	data/IRMA/swine_37329_2014-07-16_SRR27181191/reads/A_MP	144836
swine_37329	A_NA_N2	data/IRMA/swine_37329_2014-07-16_SRR27181191/reads/A_NA_N2	411164
swine_37329	A_NP	data/IRMA/swine_37329_2014-07-16_SRR27181191/reads/A_NP	575848
swine_37329	A_NS	data/IRMA/swine_37329_2014-07-16_SRR27181191/reads/A_NS	378492
swine_37329	A_PA	data/IRMA/swine_37329_2014-07-16_SRR27181191/reads/A_PA	2336
swine_37329	A_PB1	data/IRMA/swine_37329_2014-07-16_SRR27181191/reads/A_PB1	2168
swine_37329	A_PB2	data/IRMA/swine_37329_2014-07-16_SRR27181191/reads/A_PB2	254428
swine_37330	A_HA_H3	data/IRMA/swine_37330_2014-07-14_SRR27180993/reads/A_HA_H3	426772
swine_37330	A_MP	data/IRMA/swine_37330_2014-07-14_SRR27180993/reads/A_MP	1748984
swine_37330	A_NA_N2	data/IRMA/swine_37330_2014-07-14_SRR27180993/reads/A_NA_N2	1571276
swine_37330	A_NP	data/IRMA/swine_37330_2014-07-14_SRR27180993/reads/A_NP	755320
swine_37330	A_NS	data/IRMA/swine_37330_2014-07-14_SRR27180993/reads/A_NS	1672388
swine_37330	A_PA	data/IRMA/swine_37330_2014-07-14_SRR27180993/reads/A_PA	564036
swine_37330	A_PB1	data/IRMA/swine_37330_2014-07-14_SRR27180993/reads/A_PB1	921200
swine_37330	A_PB2	data/IRMA/swine_37330_2014-07-14_SRR27180993/reads/A_PB2	627276
swine_37330	A_HA_H3	data/IRMA/swine_37330_2014-07-17_SRR27181587/reads/A_HA_H3	293884
swine_37330	A_MP	data/IRMA/swine_37330_2014-07-17_SRR27181587/reads/A_MP	1263600
swine_37330	A_NA_N2	data/IRMA/swine_37330_2014-07-17_SRR27181587/reads/A_NA_N2	1348796
swine_37330	A_NP	data/IRMA/swine_37330_2014-07-17_SRR27181587/reads/A_NP	722176
swine_37330	A_NS	data/IRMA/swine_37330_2014-07-17_SRR27181587/reads/A_NS	1654408
swine_37330	A_PA	data/IRMA/swine_37330_2014-07-17_SRR27181587/reads/A_PA	887600
swine_37330	A_PB1	data/IRMA/swine_37330_2014-07-17_SRR27181587/reads/A_PB1	1183792
swine_37330	A_PB2	data/IRMA/swine_37330_2014-07-17_SRR27181587/reads/A_PB2	889196
swine_37331	A_HA_H3	data/IRMA/swine_37331_2014-07-16_SRR27181389/reads/A_HA_H3	931304
swine_37331	A_MP	data/IRMA/swine_37331_2014-07-16_SRR27181389/reads/A_MP	1577724
swine_37331	A_NA_N2	data/IRMA/swine_37331_2014-07-16_SRR27181389/reads/A_NA_N2	1574712
swine_37331	A_NP	data/IRMA/swine_37331_2014-07-16_SRR27181389/reads/A_NP	1268612
swine_37331	A_NS	data/IRMA/swine_37331_2014-07-16_SRR27181389/reads/A_NS	2312844
swine_37331	A_PA	data/IRMA/swine_37331_2014-07-16_SRR27181389/reads/A_PA	688
swine_37331	A_PB1	data/IRMA/swine_37331_2014-07-16_SRR27181389/reads/A_PB1	1770452
swine_37331	A_PB2	data/IRMA/swine_37331_2014-07-16_SRR27181389/reads/A_PB2	1100720
swine_37331	A_HA_H3	data/IRMA/swine_37331_2014-07-17_SRR27181572/reads/A_HA_H3	325136
swine_37331	A_MP	data/IRMA/swine_37331_2014-07-17_SRR27181572/reads/A_MP	2172592
swine_37331	A_NA_N2	data/IRMA/swine_37331_2014-07-17_SRR27181572/reads/A_NA_N2	1482668
swine_37331	A_NP	data/IRMA/swine_37331_2014-07-17_SRR27181572/reads/A_NP	1163292
swine_37331	A_NS	data/IRMA/swine_37331_2014-07-17_SRR27181572/reads/A_NS	2326820
swine_37331	A_PA	data/IRMA/swine_37331_2014-07-17_SRR27181572/reads/A_PA	507424
swine_37331	A_PB1	data/IRMA/swine_37331_2014-07-17_SRR27181572/reads/A_PB1	762496
swine_37331	A_PB2	data/IRMA/swine_37331_2014-07-17_SRR27181572/reads/A_PB2	1125256
swine_37332	A_HA_H3	data/IRMA/swine_37332_2014-07-17_SRR27181353/reads/A_HA_H3	668712
swine_37332	A_MP	data/IRMA/swine_37332_2014-07-17_SRR27181353/reads/A_MP	1986088
swine_37332	A_NA_N2	data/IRMA/swine_37332_2014-07-17_SRR27181353/reads/A_NA_N2	1857644
swine_37332	A_NP	data/IRMA/swine_37332_2014-07-17_SRR27181353/reads/A_NP	1243440
swine_37332	A_NS	data/IRMA/swine_37332_2014-07-17_SRR27181353/reads/A_NS	2008308
swine_37332	A_PA	data/IRMA/swine_37332_2014-07-17_SRR27181353/reads/A_PA	1091276
swine_37332	A_PB1	data/IRMA/swine_37332_2014-07-17_SRR27181353/reads/A_PB1	1370920
swine_37332	A_PB2	data/IRMA/swine_37332_2014-07-17_SRR27181353/reads/A_PB2	1400096
swine_37333	A_HA_H3	data/IRMA/swine_37333_2014-07-17_SRR27181575/reads/A_HA_H3	507136
swine_37333	A_MP	data/IRMA/swine_37333_2014-07-17_SRR27181575/reads/A_MP	2012708
swine_37333	A_NA_N2	data/IRMA/swine_37333_2014-07-17_SRR27181575/reads/A_NA_N2	1838352
swine_37333	A_NP	data/IRMA/swine_37333_2014-07-17_SRR27181575/reads/A_NP	1168700
swine_37333	A_NS	data/IRMA/swine_37333_2014-07-17_SRR27181575/reads/A_NS	2074152
swine_37333	A_PA	data/IRMA/swine_37333_2014-07-17_SRR27181575/reads/A_PA	918704
swine_37333	A_PB1	data/IRMA/swine_37333_2014-07-17_SRR27181575/reads/A_PB1	915932
swine_37333	A_PB2	data/IRMA/swine_37333_2014-07-17_SRR27181575/reads/A_PB2	1076472
swine_37334	A_HA_H3	data/IRMA/swine_37334_2014-07-16_SRR27181377/reads/A_HA_H3	572476
swine_37334	A_MP	data/IRMA/swine_37334_2014-07-16_SRR27181377/reads/A_MP	1614952
swine_37334	A_NA_N2	data/IRMA/swine_37334_2014-07-16_SRR27181377/reads/A_NA_N2	1466028
swine_37334	A_NP	data/IRMA/swine_37334_2014-07-16_SRR27181377/reads/A_NP	917520
swine_37334	A_NS	data/IRMA/swine_37334_2014-07-16_SRR27181377/reads/A_NS	1783104
swine_37334	A_PA	data/IRMA/swine_37334_2014-07-16_SRR27181377/reads/A_PA	1071960
swine_37334	A_PB1	data/IRMA/swine_37334_2014-07-16_SRR27181377/reads/A_PB1	1391124
swine_37334	A_PB2	data/IRMA/swine_37334_2014-07-16_SRR27181377/reads/A_PB2	1357952
swine_37334	A_HA_H3	data/IRMA/swine_37334_2014-07-17_SRR27181354/reads/A_HA_H3	1395000
swine_37334	A_MP	data/IRMA/swine_37334_2014-07-17_SRR27181354/reads/A_MP	5587440
swine_37334	A_NA_N2	data/IRMA/swine_37334_2014-07-17_SRR27181354/reads/A_NA_N2	4865640
swine_37334	A_NP	data/IRMA/swine_37334_2014-07-17_SRR27181354/reads/A_NP	3301508
swine_37334	A_NS	data/IRMA/swine_37334_2014-07-17_SRR27181354/reads/A_NS	5958092
swine_37334	A_PA	data/IRMA/swine_37334_2014-07-17_SRR27181354/reads/A_PA	2312188
swine_37334	A_PB1	data/IRMA/swine_37334_2014-07-17_SRR27181354/reads/A_PB1	4458980
swine_37334	A_PB2	data/IRMA/swine_37334_2014-07-17_SRR27181354/reads/A_PB2	5035084
swine_37336	A_HA_H3	data/IRMA/swine_37336_2014-07-17_SRR27181372/reads/A_HA_H3	128784
swine_37336	A_MP	data/IRMA/swine_37336_2014-07-17_SRR27181372/reads/A_MP	2347796
swine_37336	A_NA_N2	data/IRMA/swine_37336_2014-07-17_SRR27181372/reads/A_NA_N2	1234572
swine_37336	A_NP	data/IRMA/swine_37336_2014-07-17_SRR27181372/reads/A_NP	747872
swine_37336	A_NS	data/IRMA/swine_37336_2014-07-17_SRR27181372/reads/A_NS	2643852
swine_37336	A_PA	data/IRMA/swine_37336_2014-07-17_SRR27181372/reads/A_PA	613500
swine_37336	A_PB1	data/IRMA/swine_37336_2014-07-17_SRR27181372/reads/A_PB1	911876
swine_37336	A_PB2	data/IRMA/swine_37336_2014-07-17_SRR27181372/reads/A_PB2	1111856
swine_37337	A_HA_H3	data/IRMA/swine_37337_2014-07-16_SRR27180938/reads/A_HA_H3	377024
swine_37337	A_MP	data/IRMA/swine_37337_2014-07-16_SRR27180938/reads/A_MP	1133312
swine_37337	A_NA_N2	data/IRMA/swine_37337_2014-07-16_SRR27180938/reads/A_NA_N2	1065456
swine_37337	A_NP	data/IRMA/swine_37337_2014-07-16_SRR27180938/reads/A_NP	661368
swine_37337	A_NS	data/IRMA/swine_37337_2014-07-16_SRR27180938/reads/A_NS	1205560
swine_37337	A_PA	data/IRMA/swine_37337_2014-07-16_SRR27180938/reads/A_PA	812828
swine_37337	A_PB1	data/IRMA/swine_37337_2014-07-16_SRR27180938/reads/A_PB1	971072
swine_37337	A_PB2	data/IRMA/swine_37337_2014-07-16_SRR27180938/reads/A_PB2	892392
swine_37337	A_HA_H3	data/IRMA/swine_37337_2014-07-17_SRR27180906/reads/A_HA_H3	459260
swine_37337	A_MP	data/IRMA/swine_37337_2014-07-17_SRR27180906/reads/A_MP	2362436
swine_37337	A_NA_N2	data/IRMA/swine_37337_2014-07-17_SRR27180906/reads/A_NA_N2	2071940
swine_37337	A_NP	data/IRMA/swine_37337_2014-07-17_SRR27180906/reads/A_NP	517588
swine_37337	A_NS	data/IRMA/swine_37337_2014-07-17_SRR27180906/reads/A_NS	2148192
swine_37337	A_PA	data/IRMA/swine_37337_2014-07-17_SRR27180906/reads/A_PA	805928
swine_37337	A_PB1	data/IRMA/swine_37337_2014-07-17_SRR27180906/reads/A_PB1	740936
swine_37337	A_PB2	data/IRMA/swine_37337_2014-07-17_SRR27180906/reads/A_PB2	1778620
swine_37340	A_HA_H3	data/IRMA/swine_37340_2014-07-16_SRR27180986/reads/A_HA_H3	1122960
swine_37340	A_MP	data/IRMA/swine_37340_2014-07-16_SRR27180986/reads/A_MP	3311996
swine_37340	A_NA_N2	data/IRMA/swine_37340_2014-07-16_SRR27180986/reads/A_NA_N2	3198260
swine_37340	A_NP	data/IRMA/swine_37340_2014-07-16_SRR27180986/reads/A_NP	1931060
swine_37340	A_NS	data/IRMA/swine_37340_2014-07-16_SRR27180986/reads/A_NS	3675568
swine_37340	A_PA	data/IRMA/swine_37340_2014-07-16_SRR27180986/reads/A_PA	2499296
swine_37340	A_PB1	data/IRMA/swine_37340_2014-07-16_SRR27180986/reads/A_PB1	3704356
swine_37340	A_PB2	data/IRMA/swine_37340_2014-07-16_SRR27180986/reads/A_PB2	2997488
swine_37340	A_HA_H3	data/IRMA/swine_37340_2014-07-17_SRR27181565/reads/A_HA_H3	742460
swine_37340	A_MP	data/IRMA/swine_37340_2014-07-17_SRR27181565/reads/A_MP	2718016
swine_37340	A_NA_N2	data/IRMA/swine_37340_2014-07-17_SRR27181565/reads/A_NA_N2	2488244
swine_37340	A_NP	data/IRMA/swine_37340_2014-07-17_SRR27181565/reads/A_NP	1657892
swine_37340	A_NS	data/IRMA/swine_37340_2014-07-17_SRR27181565/reads/A_NS	2481908
swine_37340	A_PA	data/IRMA/swine_37340_2014-07-17_SRR27181565/reads/A_PA	1254072
swine_37340	A_PB1	data/IRMA/swine_37340_2014-07-17_SRR27181565/reads/A_PB1	1607420
swine_37340	A_PB2	data/IRMA/swine_37340_2014-07-17_SRR27181565/reads/A_PB2	1731160
swine_37341	A_HA_H3	data/IRMA/swine_37341_2014-07-16_SRR27181381/reads/A_HA_H3	624812
swine_37341	A_MP	data/IRMA/swine_37341_2014-07-16_SRR27181381/reads/A_MP	1848708
swine_37341	A_NA_N2	data/IRMA/swine_37341_2014-07-16_SRR27181381/reads/A_NA_N2	1475248
swine_37341	A_NP	data/IRMA/swine_37341_2014-07-16_SRR27181381/reads/A_NP	875892
swine_37341	A_NS	data/IRMA/swine_37341_2014-07-16_SRR27181381/reads/A_NS	2200556
swine_37341	A_PA	data/IRMA/swine_37341_2014-07-16_SRR27181381/reads/A_PA	951660
swine_37341	A_PB1	data/IRMA/swine_37341_2014-07-16_SRR27181381/reads/A_PB1	1647644
swine_37341	A_PB2	data/IRMA/swine_37341_2014-07-16_SRR27181381/reads/A_PB2	1230732
swine_37341	A_HA_H3	data/IRMA/swine_37341_2014-07-17_SRR27181564/reads/A_HA_H3	751200
swine_37341	A_MP	data/IRMA/swine_37341_2014-07-17_SRR27181564/reads/A_MP	2639748
swine_37341	A_NA_N2	data/IRMA/swine_37341_2014-07-17_SRR27181564/reads/A_NA_N2	2292032
swine_37341	A_NP	data/IRMA/swine_37341_2014-07-17_SRR27181564/reads/A_NP	1632068
swine_37341	A_NS	data/IRMA/swine_37341_2014-07-17_SRR27181564/reads/A_NS	2561048
swine_37341	A_PA	data/IRMA/swine_37341_2014-07-17_SRR27181564/reads/A_PA	1283660
swine_37341	A_PB1	data/IRMA/swine_37341_2014-07-17_SRR27181564/reads/A_PB1	1477836
swine_37341	A_PB2	data/IRMA/swine_37341_2014-07-17_SRR27181564/reads/A_PB2	1533504
swine_37345	A_HA_H1	data/IRMA/swine_37345_2014-07-14_SRR27181460/reads/A_HA_H1	3659332
swine_37345	A_MP	data/IRMA/swine_37345_2014-07-14_SRR27181460/reads/A_MP	1402184
swine_37345	A_NA_N2	data/IRMA/swine_37345_2014-07-14_SRR27181460/reads/A_NA_N2	668076
swine_37345	A_NP	data/IRMA/swine_37345_2014-07-14_SRR27181460/reads/A_NP	623060
swine_37345	A_NS	data/IRMA/swine_37345_2014-07-14_SRR27181460/reads/A_NS	1586624
swine_37345	A_PA	data/IRMA/swine_37345_2014-07-14_SRR27181460/reads/A_PA	280220
swine_37345	A_PB1	data/IRMA/swine_37345_2014-07-14_SRR27181460/reads/A_PB1	452540
swine_37345	A_PB2	data/IRMA/swine_37345_2014-07-14_SRR27181460/reads/A_PB2	482236
swine_37345	A_HA_H3	data/IRMA/swine_37345_2014-07-15_SRR27181641/reads/A_HA_H3	791312
swine_37345	A_MP	data/IRMA/swine_37345_2014-07-15_SRR27181641/reads/A_MP	2708092
swine_37345	A_NA_N2	data/IRMA/swine_37345_2014-07-15_SRR27181641/reads/A_NA_N2	2100572
swine_37345	A_NP	data/IRMA/swine_37345_2014-07-15_SRR27181641/reads/A_NP	1620212
swine_37345	A_NS	data/IRMA/swine_37345_2014-07-15_SRR27181641/reads/A_NS	2671668
swine_37345	A_PA	data/IRMA/swine_37345_2014-07-15_SRR27181641/reads/A_PA	922988
swine_37345	A_PB1	data/IRMA/swine_37345_2014-07-15_SRR27181641/reads/A_PB1	1124304
swine_37345	A_PB2	data/IRMA/swine_37345_2014-07-15_SRR27181641/reads/A_PB2	1248828
swine_37349	A_HA_H1	data/IRMA/swine_37349_2014-07-13_SRR27180994/reads/A_HA_H1	264784
swine_37349	A_MP	data/IRMA/swine_37349_2014-07-13_SRR27180994/reads/A_MP	1046184
swine_37349	A_NA_N2	data/IRMA/swine_37349_2014-07-13_SRR27180994/reads/A_NA_N2	516036
swine_37349	A_NP	data/IRMA/swine_37349_2014-07-13_SRR27180994/reads/A_NP	490332
swine_37349	A_NS	data/IRMA/swine_37349_2014-07-13_SRR27180994/reads/A_NS	1343532
swine_37349	A_PA	data/IRMA/swine_37349_2014-07-13_SRR27180994/reads/A_PA	155072
swine_37349	A_PB1	data/IRMA/swine_37349_2014-07-13_SRR27180994/reads/A_PB1	785928
swine_37349	A_PB2	data/IRMA/swine_37349_2014-07-13_SRR27180994/reads/A_PB2	558944
swine_37349	A_HA_H3	data/IRMA/swine_37349_2014-07-15_SRR27181629/reads/A_HA_H3	380424
swine_37349	A_MP	data/IRMA/swine_37349_2014-07-15_SRR27181629/reads/A_MP	1285444
swine_37349	A_NA_N2	data/IRMA/swine_37349_2014-07-15_SRR27181629/reads/A_NA_N2	1233884
swine_37349	A_NP	data/IRMA/swine_37349_2014-07-15_SRR27181629/reads/A_NP	657792
swine_37349	A_NS	data/IRMA/swine_37349_2014-07-15_SRR27181629/reads/A_NS	1301976
swine_37349	A_PA	data/IRMA/swine_37349_2014-07-15_SRR27181629/reads/A_PA	736584
swine_37349	A_PB1	data/IRMA/swine_37349_2014-07-15_SRR27181629/reads/A_PB1	1191412
swine_37349	A_PB2	data/IRMA/swine_37349_2014-07-15_SRR27181629/reads/A_PB2	894368
swine_37351	A_HA_H3	data/IRMA/swine_37351_2014-07-16_SRR27180956/reads/A_HA_H3	364596
swine_37351	A_MP	data/IRMA/swine_37351_2014-07-16_SRR27180956/reads/A_MP	1562800
swine_37351	A_NA_N2	data/IRMA/swine_37351_2014-07-16_SRR27180956/reads/A_NA_N2	1501748
swine_37351	A_NP	data/IRMA/swine_37351_2014-07-16_SRR27180956/reads/A_NP	817092
swine_37351	A_NS	data/IRMA/swine_37351_2014-07-16_SRR27180956/reads/A_NS	1710816
swine_37351	A_PA	data/IRMA/swine_37351_2014-07-16_SRR27180956/reads/A_PA	1057440
swine_37351	A_PB1	data/IRMA/swine_37351_2014-07-16_SRR27180956/reads/A_PB1	1398856
swine_37351	A_PB2	data/IRMA/swine_37351_2014-07-16_SRR27180956/reads/A_PB2	1024008
swine_37352	A_HA_H3	data/IRMA/swine_37352_2014-07-16_SRR27180954/reads/A_HA_H3	311172
swine_37352	A_MP	data/IRMA/swine_37352_2014-07-16_SRR27180954/reads/A_MP	1497488
swine_37352	A_NA_N2	data/IRMA/swine_37352_2014-07-16_SRR27180954/reads/A_NA_N2	1092168
swine_37352	A_NP	data/IRMA/swine_37352_2014-07-16_SRR27180954/reads/A_NP	561824
swine_37352	A_NS	data/IRMA/swine_37352_2014-07-16_SRR27180954/reads/A_NS	1328792
swine_37352	A_PA	data/IRMA/swine_37352_2014-07-16_SRR27180954/reads/A_PA	676732
swine_37352	A_PB1	data/IRMA/swine_37352_2014-07-16_SRR27180954/reads/A_PB1	1145848
swine_37352	A_PB2	data/IRMA/swine_37352_2014-07-16_SRR27180954/reads/A_PB2	735956
swine_37353	A_HA_H3	data/IRMA/swine_37353_2014-07-16_SRR27180955/reads/A_HA_H3	671572
swine_37353	A_MP	data/IRMA/swine_37353_2014-07-16_SRR27180955/reads/A_MP	1878336
swine_37353	A_NA_N2	data/IRMA/swine_37353_2014-07-16_SRR27180955/reads/A_NA_N2	2049320
swine_37353	A_NP	data/IRMA/swine_37353_2014-07-16_SRR27180955/reads/A_NP	1027592
swine_37353	A_NS	data/IRMA/swine_37353_2014-07-16_SRR27180955/reads/A_NS	1881996
swine_37353	A_PA	data/IRMA/swine_37353_2014-07-16_SRR27180955/reads/A_PA	1284028
swine_37353	A_PB1	data/IRMA/swine_37353_2014-07-16_SRR27180955/reads/A_PB1	1722932
swine_37353	A_PB2	data/IRMA/swine_37353_2014-07-16_SRR27180955/reads/A_PB2	1567728
swine_37355	A_HA_H3	data/IRMA/swine_37355_2014-07-13_SRR27181001/reads/A_HA_H3	266408
swine_37355	A_MP	data/IRMA/swine_37355_2014-07-13_SRR27181001/reads/A_MP	777352
swine_37355	A_NA_N2	data/IRMA/swine_37355_2014-07-13_SRR27181001/reads/A_NA_N2	1196404
swine_37355	A_NP	data/IRMA/swine_37355_2014-07-13_SRR27181001/reads/A_NP	682360
swine_37355	A_NS	data/IRMA/swine_37355_2014-07-13_SRR27181001/reads/A_NS	2246960
swine_37355	A_PA	data/IRMA/swine_37355_2014-07-13_SRR27181001/reads/A_PA	407992
swine_37355	A_PB1	data/IRMA/swine_37355_2014-07-13_SRR27181001/reads/A_PB1	607392
swine_37355	A_PB2	data/IRMA/swine_37355_2014-07-13_SRR27181001/reads/A_PB2	623344
swine_37355	A_HA_H3	data/IRMA/swine_37355_2014-07-16_SRR27180952/reads/A_HA_H3	298340
swine_37355	A_MP	data/IRMA/swine_37355_2014-07-16_SRR27180952/reads/A_MP	1590616
swine_37355	A_NA_N2	data/IRMA/swine_37355_2014-07-16_SRR27180952/reads/A_NA_N2	1554804
swine_37355	A_NP	data/IRMA/swine_37355_2014-07-16_SRR27180952/reads/A_NP	738372
swine_37355	A_NS	data/IRMA/swine_37355_2014-07-16_SRR27180952/reads/A_NS	1896696
swine_37355	A_PA	data/IRMA/swine_37355_2014-07-16_SRR27180952/reads/A_PA	838240
swine_37355	A_PB1	data/IRMA/swine_37355_2014-07-16_SRR27180952/reads/A_PB1	1100072
swine_37355	A_PB2	data/IRMA/swine_37355_2014-07-16_SRR27180952/reads/A_PB2	926052
swine_37356	A_HA_H3	data/IRMA/swine_37356_2014-07-15_SRR27181632/reads/A_HA_H3	616532
swine_37356	A_MP	data/IRMA/swine_37356_2014-07-15_SRR27181632/reads/A_MP	2706448
swine_37356	A_NA_N2	data/IRMA/swine_37356_2014-07-15_SRR27181632/reads/A_NA_N2	2103092
swine_37356	A_NP	data/IRMA/swine_37356_2014-07-15_SRR27181632/reads/A_NP	1342956
swine_37356	A_NS	data/IRMA/swine_37356_2014-07-15_SRR27181632/reads/A_NS	2683028
swine_37356	A_PA	data/IRMA/swine_37356_2014-07-15_SRR27181632/reads/A_PA	1414344
swine_37356	A_PB1	data/IRMA/swine_37356_2014-07-15_SRR27181632/reads/A_PB1	1809944
swine_37356	A_PB2	data/IRMA/swine_37356_2014-07-15_SRR27181632/reads/A_PB2	1463344
swine_37356	A_HA_H3	data/IRMA/swine_37356_2014-07-17_SRR27181563/reads/A_HA_H3	670576
swine_37356	A_MP	data/IRMA/swine_37356_2014-07-17_SRR27181563/reads/A_MP	2652912
swine_37356	A_NA_N2	data/IRMA/swine_37356_2014-07-17_SRR27181563/reads/A_NA_N2	2371744
swine_37356	A_NP	data/IRMA/swine_37356_2014-07-17_SRR27181563/reads/A_NP	1475228
swine_37356	A_NS	data/IRMA/swine_37356_2014-07-17_SRR27181563/reads/A_NS	2570644
swine_37356	A_PA	data/IRMA/swine_37356_2014-07-17_SRR27181563/reads/A_PA	1263900
swine_37356	A_PB1	data/IRMA/swine_37356_2014-07-17_SRR27181563/reads/A_PB1	1567084
swine_37356	A_PB2	data/IRMA/swine_37356_2014-07-17_SRR27181563/reads/A_PB2	1460076
swine_37357	A_HA_H3	data/IRMA/swine_37357_2014-07-14_SRR27181649/reads/A_HA_H3	504000
swine_37357	A_MP	data/IRMA/swine_37357_2014-07-14_SRR27181649/reads/A_MP	2062860
swine_37357	A_NA_N2	data/IRMA/swine_37357_2014-07-14_SRR27181649/reads/A_NA_N2	1737500
swine_37357	A_NP	data/IRMA/swine_37357_2014-07-14_SRR27181649/reads/A_NP	1058672
swine_37357	A_NS	data/IRMA/swine_37357_2014-07-14_SRR27181649/reads/A_NS	2101976
swine_37357	A_PA	data/IRMA/swine_37357_2014-07-14_SRR27181649/reads/A_PA	630224
swine_37357	A_PB1	data/IRMA/swine_37357_2014-07-14_SRR27181649/reads/A_PB1	937060
swine_37357	A_PB2	data/IRMA/swine_37357_2014-07-14_SRR27181649/reads/A_PB2	1127748
swine_37360	A_HA_H3	data/IRMA/swine_37360_2014-07-15_SRR27180984/reads/A_HA_H3	312916
swine_37360	A_MP	data/IRMA/swine_37360_2014-07-15_SRR27180984/reads/A_MP	1529552
swine_37360	A_NA_N2	data/IRMA/swine_37360_2014-07-15_SRR27180984/reads/A_NA_N2	1203288
swine_37360	A_NP	data/IRMA/swine_37360_2014-07-15_SRR27180984/reads/A_NP	671732
swine_37360	A_NS	data/IRMA/swine_37360_2014-07-15_SRR27180984/reads/A_NS	1596672
swine_37360	A_PA	data/IRMA/swine_37360_2014-07-15_SRR27180984/reads/A_PA	718272
swine_37360	A_PB1	data/IRMA/swine_37360_2014-07-15_SRR27180984/reads/A_PB1	879148
swine_37360	A_PB2	data/IRMA/swine_37360_2014-07-15_SRR27180984/reads/A_PB2	730200
swine_37361	A_HA_H3	data/IRMA/swine_37361_2014-07-15_SRR27180987/reads/A_HA_H3	407756
swine_37361	A_MP	data/IRMA/swine_37361_2014-07-15_SRR27180987/reads/A_MP	1803288
swine_37361	A_NA_N2	data/IRMA/swine_37361_2014-07-15_SRR27180987/reads/A_NA_N2	1541452
swine_37361	A_NP	data/IRMA/swine_37361_2014-07-15_SRR27180987/reads/A_NP	933008
swine_37361	A_NS	data/IRMA/swine_37361_2014-07-15_SRR27180987/reads/A_NS	1871084
swine_37361	A_PA	data/IRMA/swine_37361_2014-07-15_SRR27180987/reads/A_PA	1053920
swine_37361	A_PB1	data/IRMA/swine_37361_2014-07-15_SRR27180987/reads/A_PB1	1496772
swine_37361	A_PB2	data/IRMA/swine_37361_2014-07-15_SRR27180987/reads/A_PB2	1145416
swine_37363	A_HA_H3	data/IRMA/swine_37363_2014-07-15_SRR27181627/reads/A_HA_H3	261412
swine_37363	A_MP	data/IRMA/swine_37363_2014-07-15_SRR27181627/reads/A_MP	667320
swine_37363	A_NA_N2	data/IRMA/swine_37363_2014-07-15_SRR27181627/reads/A_NA_N2	662172
swine_37363	A_NP	data/IRMA/swine_37363_2014-07-15_SRR27181627/reads/A_NP	434696
swine_37363	A_NS	data/IRMA/swine_37363_2014-07-15_SRR27181627/reads/A_NS	967196
swine_37363	A_PA	data/IRMA/swine_37363_2014-07-15_SRR27181627/reads/A_PA	276436
swine_37363	A_PB1	data/IRMA/swine_37363_2014-07-15_SRR27181627/reads/A_PB1	620076
swine_37363	A_PB2	data/IRMA/swine_37363_2014-07-15_SRR27181627/reads/A_PB2	549828
swine_37364	A_HA_H3	data/IRMA/swine_37364_2014-07-13_SRR27181011/reads/A_HA_H3	592652
swine_37364	A_MP	data/IRMA/swine_37364_2014-07-13_SRR27181011/reads/A_MP	1743000
swine_37364	A_NA_N2	data/IRMA/swine_37364_2014-07-13_SRR27181011/reads/A_NA_N2	1476548
swine_37364	A_NP	data/IRMA/swine_37364_2014-07-13_SRR27181011/reads/A_NP	1116824
swine_37364	A_NS	data/IRMA/swine_37364_2014-07-13_SRR27181011/reads/A_NS	2105944
swine_37364	A_PA	data/IRMA/swine_37364_2014-07-13_SRR27181011/reads/A_PA	492660
swine_37364	A_PB1	data/IRMA/swine_37364_2014-07-13_SRR27181011/reads/A_PB1	662292
swine_37364	A_PB2	data/IRMA/swine_37364_2014-07-13_SRR27181011/reads/A_PB2	479940
swine_37364	A_HA_H3	data/IRMA/swine_37364_2014-07-16_SRR27181194/reads/A_HA_H3	367704
swine_37364	A_MP	data/IRMA/swine_37364_2014-07-16_SRR27181194/reads/A_MP	1645648
swine_37364	A_NA_N2	data/IRMA/swine_37364_2014-07-16_SRR27181194/reads/A_NA_N2	1319564
swine_37364	A_NP	data/IRMA/swine_37364_2014-07-16_SRR27181194/reads/A_NP	920672
swine_37364	A_NS	data/IRMA/swine_37364_2014-07-16_SRR27181194/reads/A_NS	1723396
swine_37364	A_PA	data/IRMA/swine_37364_2014-07-16_SRR27181194/reads/A_PA	493416
swine_37364	A_PB1	data/IRMA/swine_37364_2014-07-16_SRR27181194/reads/A_PB1	674780
swine_37364	A_PB2	data/IRMA/swine_37364_2014-07-16_SRR27181194/reads/A_PB2	566488
swine_37365	A_HA_H3	data/IRMA/swine_37365_2014-07-14_SRR27181454/reads/A_HA_H3	679992
swine_37365	A_MP	data/IRMA/swine_37365_2014-07-14_SRR27181454/reads/A_MP	2328496
swine_37365	A_NA_N2	data/IRMA/swine_37365_2014-07-14_SRR27181454/reads/A_NA_N2	1994224
swine_37365	A_NP	data/IRMA/swine_37365_2014-07-14_SRR27181454/reads/A_NP	1409284
swine_37365	A_NS	data/IRMA/swine_37365_2014-07-14_SRR27181454/reads/A_NS	2162532
swine_37365	A_PA	data/IRMA/swine_37365_2014-07-14_SRR27181454/reads/A_PA	744900
swine_37365	A_PB1	data/IRMA/swine_37365_2014-07-14_SRR27181454/reads/A_PB1	1050656
swine_37365	A_PB2	data/IRMA/swine_37365_2014-07-14_SRR27181454/reads/A_PB2	710424
swine_37365	A_HA_H3	data/IRMA/swine_37365_2014-07-17_SRR27181590/reads/A_HA_H3	394556
swine_37365	A_MP	data/IRMA/swine_37365_2014-07-17_SRR27181590/reads/A_MP	1457560
swine_37365	A_NA_N2	data/IRMA/swine_37365_2014-07-17_SRR27181590/reads/A_NA_N2	1461412
swine_37365	A_NP	data/IRMA/swine_37365_2014-07-17_SRR27181590/reads/A_NP	786620
swine_37365	A_NS	data/IRMA/swine_37365_2014-07-17_SRR27181590/reads/A_NS	1689152
swine_37365	A_PA	data/IRMA/swine_37365_2014-07-17_SRR27181590/reads/A_PA	1281856
swine_37365	A_PB1	data/IRMA/swine_37365_2014-07-17_SRR27181590/reads/A_PB1	1261048
swine_37365	A_PB2	data/IRMA/swine_37365_2014-07-17_SRR27181590/reads/A_PB2	1278256
test_test	A_HA_H3	data/IRMA/test/reads/A_HA_H3	2533148
test_test	A_MP	data/IRMA/test/reads/A_MP	2043060
test_test	A_NA_N2	data/IRMA/test/reads/A_NA_N2	1454548
test_test	A_NP	data/IRMA/test/reads/A_NP	2098248
test_test	A_NS	data/IRMA/test/reads/A_NS	546108
test_test	A_PA	data/IRMA/test/reads/A_PA	2119868
test_test	A_PB1	data/IRMA/test/reads/A_PB1	1595452
test_test	A_PB2	data/IRMA/test/reads/A_PB2	1973316
test_small	A_HA_H3	data/IRMA/test_small/reads/A_HA_H3	164
test_small	A_MP	data/IRMA/test_small/reads/A_MP	144
test_small	A_NA_N2	data/IRMA/test_small/reads/A_NA_N2	72
test_small	A_NP	data/IRMA/test_small/reads/A_NP	156
test_small	A_NS	data/IRMA/test_small/reads/A_NS	40
test_small	A_PA	data/IRMA/test_small/reads/A_PA	136
test_small	A_PB1	data/IRMA/test_small/reads/A_PB1	88
test_small	A_PB2	data/IRMA/test_small/reads/A_PB2	124
